organization_id,email_value,use,is_valid,validation_error,sequence,organization_original_id,created_at
5c0aa2c6-8578-583d-ac18-026fe2c46fd1,support@aarista.com,,True,,0,idFA6NjJ01p.WnqGN2lfXufQ,2025-10-27T22:34:50.112411
374c4b9d-0a3f-57df-8415-611f25928f68,admin@dynamichealthit.com,,True,,1,idQNdE67ik-xDG8Lhbhat7fw,2025-10-28T01:44:38.457335
ec2c1d4f-002c-5330-b46e-2a0c4f4a8fa8,cloudcraftsupport@naiacorp.net,,True,,0,BasePractice,2025-10-28T01:49:33.085105
64a7b442-9558-51ad-9f78-33e5fab18fca,cloudcraftsupport@naiacorp.net,,True,,0,2741665924,2025-10-28T01:49:33.177586
c81f6d00-0d2a-5625-afd9-080a39bc7c69,salernopediatric@gmail.com,,True,,2,CMD-CM0CX-Organization-2,2025-10-28T01:50:18.666790
6152dbac-23e6-5106-bbcc-185be8058912,info@endocrinenyc.com,,True,,2,CMD-CMDUI-Organization-3,2025-10-28T01:50:19.392286
2e36b627-771e-51b3-94c6-e06ac89ca29e,t.s.windassociates@verizon.net,,True,,2,CMD-CMZCC-Organization-2,2025-10-28T01:50:19.656708
0a6cea4f-5d04-57c0-ba5b-2e59ad7384de,m.orbuch@icloud.com,,True,,2,CMD-CM09M-Organization-3,2025-10-28T01:50:19.744853
714208cb-5fbe-5856-842d-9a079ae73d0c,pohfm2020@gmail.com,,True,,2,CMD-CMDPN-Organization-2,2025-10-28T01:50:19.925700
ba744787-3ac2-521f-b144-e341f0cb542f,info@physicianstoyou.com,,True,,2,CMD-CM0LK-Organization-2,2025-10-28T01:50:20.277419
254ed587-8685-52d5-9710-b9a983106cd8,rdarrison@fwperinatal.com,,True,,2,CMD-CM07P-Organization-2,2025-10-28T01:50:20.984251
6a5d024b-6d4a-5101-8867-29be9816f9a9,syono@premierneurologycenter.com,,True,,2,CMD-CM0GA-Organization-2,2025-10-28T01:50:21.249778
71869c83-5ae9-56e9-b7a6-015a8659c2bc,dririsorbuch@drorbuch.com,,True,,2,CMD-CM09J-Organization-2,2025-10-28T01:50:21.514808
40dc0eaa-5f7a-5a46-8f41-1fe92fc5ecfc,metroanklefoot@gmail.com,,True,,2,CMD-CM0A7-Organization-2,2025-10-28T01:50:21.669389
d236e518-daa0-5722-b4fc-eb608eadbbc9,advdermmichael@gmail.com,,True,,2,CMD-CM0HB-Organization-2,2025-10-28T01:50:21.756847
3ce0a135-8a3e-5f4b-ab75-5c3fdcf66b22,office@regenpainclinic.com,,True,,2,CMD-CM0LZ-Organization-2,2025-10-28T01:50:21.847162
064197f1-b4ec-554a-a8ec-0c572973c02c,footanklecenterfl@comcast.net,,True,,2,CMD-CM0SU-Organization-2,2025-10-28T01:50:22.621504
9e7d0067-18ed-59de-823b-2052058fc2b1,ilana_bilik@hotmail.com,,True,,2,CMD-CM0FK-Organization-2,2025-10-28T01:50:22.885125
54ec3256-cf10-5533-b2c0-85089f836263,Staff@CurrentNYDoctor.com,,True,,2,CMD-CM001-Organization-9,2025-10-28T01:50:23.924235
bac55e7a-00bc-5474-9ce7-95a2768c229b,beasow7@gmail.com,,True,,2,CMD-CM10T-Organization-2,2025-10-28T01:50:24.186085
15263b46-09f6-59b9-a0e9-160b0abd6cae,info@brivaderm.com,,True,,1,CMD-CM0SW-Organization-2,2025-10-28T01:50:24.957420
2e1498d4-23f6-57fb-a21c-95c05975e907,frontdesk@stevenschnippermd.com,,True,,2,CMD-CMZLE-Organization-3,2025-10-28T01:50:25.706983
57004088-6f02-537e-b089-f9c60f2cbb9a,advancemedical795@gmail.com,,True,,2,CMD-CMDAN-Organization-3,2025-10-28T01:50:26.250868
0561b0fd-5a08-50e2-a051-d76fb819a7e1,loriselander829@aol.com,,True,,2,CMD-CMAWS-Organization-2,2025-10-28T01:50:26.519351
4dbc7114-bf49-541d-a14f-899385b4b134,joshweinstein@aol.com,,True,,2,CMD-CMDUJ-Organization-3,2025-10-28T01:50:26.607265
34b7eeb3-28ea-55bf-bcc3-d0d6fca066e3,jania.diaz@nyumc.org,,True,,2,CMD-CMZJJ-Organization-6,2025-10-28T01:50:27.835583
9f598186-8436-56ce-a3d4-3d72a62ddff7,asnawellnessobgyn@gmail.com,,True,,2,CMD-CM03J-Organization-3,2025-10-28T01:50:27.926038
cd59e767-88c5-51dd-b95c-0d799f132897,contact@compobgynnj.com,,True,,2,CMD-CMZME-Organization-4,2025-10-28T01:50:28.016292
49484db4-af03-5bb2-bffe-731cdf4e46f0,EliteNephrology@icloud.com,,True,,2,CMD-CM0WY-Organization-2,2025-10-28T01:50:28.370949
46433ef2-76c4-5f07-9ced-07959dc9bfae,drbowers@pivotalinjury.com,,True,,2,CMD-CM0Z4-Organization-2,2025-10-28T01:50:28.723959
926d5c64-261e-5c44-a7d5-02310187f453,info@valkyrieclinicaltrials.com,,True,,2,CMD-CM14K-Organization-2,2025-10-28T01:50:29.064092
36ebf44e-7be8-5b8d-afe8-5f8b505501c0,info@pearlhealth.org,,True,,2,CMD-CM0HF-Organization-2,2025-10-28T01:50:29.217858
268f3983-bb9b-5afe-93e8-0dac664df92e,Bridgeportfamilymedicine@gmail.com,,True,,2,CMD-CM0GE-Organization-2,2025-10-28T01:50:29.713330
99fb2906-a2a3-5287-85a5-a5980e66635b,Info@morledgemedical.com,,True,,2,CMD-CM0BD-Organization-2,2025-10-28T01:50:30.084088
fc7abac7-2f28-5536-a26e-987293ccaa63,admin@primarycareanywhere.com,,True,,2,CMD-CM0XK-Organization-2,2025-10-28T01:50:30.262694
347f702c-f5e3-52ed-82f1-011fb382d805,kellie@pcspineandsports.com,,True,,2,CMD-CMZCW-Organization-2,2025-10-28T01:50:30.511957
c3cdf041-db9a-5c8e-bccc-b4dab434db19,ccchiro146@outlook.com,,True,,2,CMD-CMZGO-Organization-2,2025-10-28T01:50:30.598350
d44cccac-e14c-57ad-9e75-c27639f7d7f7,MD@MYFAMILYDOCTORPA.COM,,True,,2,CMD-CM0SP-Organization-2,2025-10-28T01:50:30.685466
fea34cdd-0e05-5cb8-a71b-94527410ca2a,qms.slodha@gmail.com,,True,,2,CMD-CMOVT-Organization-3,2025-10-28T01:50:31.111895
2a866db2-6cc8-5756-a674-c069e3752552,info@gaffneyhealthservices.com,,True,,2,CMD-CM0J9-Organization-2,2025-10-28T01:50:31.443942
bd42061a-7bf7-5691-97a9-bde5677595e3,Deb8Riv@aol.com,,True,,2,CMD-CMZFF-Organization-2,2025-10-28T01:50:32.065820
f3ae3763-0ce6-54b6-b07e-8e930d532dc7,cspm@cspmvb.com,,True,,2,CMD-CM0P4-Organization-2,2025-10-28T01:50:32.954461
e151799b-9f66-5177-9ed2-3813ad97b9e3,pkprahalad@comcast.net,,True,,2,CMD-CMZFE-Organization-2,2025-10-28T01:50:33.132864
6afca65c-1ac0-555f-95f5-ccc383a42ae6,info@brooklynveindoc.com,,True,,2,CMD-CMDZM-Organization-3,2025-10-28T01:50:33.219793
95e1251d-47ee-5f4b-ad11-ef737401a697,jpc.drshukla@janiceprimecare.org,,True,,2,CMD-CMDJA-Organization-3,2025-10-28T01:50:33.746186
27a70111-1ab3-5aaa-8a07-22b7682049f5,cothrend@mychoicehousecalls.com,,True,,2,CMD-CMOVW-Organization-3,2025-10-28T01:50:34.009299
f4d68af5-78a3-5763-909e-fa2c253c8a20,michellemelanie@comcast.net,,True,,2,CMD-CM0E9-Organization-2,2025-10-28T01:50:34.373123
384cb83d-dceb-5a4d-85fd-779d8efdd52b,info@emshousecall.com,,True,,2,CMD-CM0LL-Organization-2,2025-10-28T01:50:34.707382
b1725040-e331-5213-a13b-1cf5168b832f,info@mxbowenppc.com,,True,,2,CMD-CM0N3-Organization-2,2025-10-28T01:50:35.335493
44c9c14e-1708-5d07-9199-8c4599214990,AKKILALI_MDPA@YAHOO.COM,,True,,2,CMD-CMDAK-Organization-3,2025-10-28T01:50:35.789473
20d2a481-b32e-5ce2-8ce0-fc68b4e5357b,MFOX@VNASTL.ORG,,True,,2,CMD-CM0MT-Organization-2,2025-10-28T01:50:36.322165
773b1eac-b3e1-541f-96b4-b961e5ac4938,prbh21@outlook.com,,True,,2,CMD-CM11Y-Organization-2,2025-10-28T01:50:36.411906
351b6385-d031-582f-a47e-2cadc5408ad1,qmg2916161@yahoo.com,,True,,2,CMD-CMDQG-Organization-3,2025-10-28T01:50:36.764572
ef565f05-b99e-595c-a7dd-b8ae9cd33703,ginadchappie@comcast.net,,True,,2,CMD-CMDH8-Organization-2,2025-10-28T01:50:37.033005
4f81dcb1-ac13-5721-97c0-433e5b97ab27,linhnguyen3432@att.net,,True,,2,CMD-CMZGM-Organization-2,2025-10-28T01:50:37.121327
48317a96-c97a-551c-8656-2122622a3748,subbaraomd@yahoo.com,,True,,2,CMD-CMZCU-Organization-2,2025-10-28T01:50:37.299041
8033a1b9-262c-5640-892a-36f249495779,footdoctor@barrettfootandleg.com,,True,,2,CMD-CM0O7-Organization-2,2025-10-28T01:50:37.390056
dbcd2ff4-bd6d-5aa9-a691-e558c67607d8,robbrown421@gmail.com,,True,,2,CMD-CMZFY-Organization-2,2025-10-28T01:50:38.126996
e092d5a6-7244-5d41-88e5-0a21e2c7c7a8,drmartocci@gmail.com,,True,,2,CMD-CM0T0-Organization-2,2025-10-28T01:50:38.215453
3e7ef832-a319-5e73-b684-098f8f601147,skang6714@gmail.com,,True,,2,CMD-CM0U9-Organization-2,2025-10-28T01:50:38.392835
132a67a8-9dda-5d92-9056-ecbd1014c51f,cjafary@stanafordmedicalclinic.com,,True,,2,CMD-CMDNS-Organization-2,2025-10-28T01:50:38.482692
3c5dbd79-9fee-52ea-bb8d-d763a1dbffbd,marihealth4121@gmail.com,,True,,2,CMD-CMZFI-Organization-2,2025-10-28T01:50:38.929657
17e2694a-bce2-5698-876c-9c5b533e7138,DRTJCONTEMDPA@OUTLOOK.COM,,True,,2,CMD-CMZGA-Organization-2,2025-10-28T01:50:39.857009
e2ac2507-3e27-55f9-b644-30f435d6da09,melissarileydc@yahoo.com,,True,,2,CMD-CMZFX-Organization-2,2025-10-28T01:50:40.035144
b4847542-b516-5c60-9af6-32951cf2d79e,DrWeissNY@gmail.com,,True,,2,CMD-CM0FS-Organization-2,2025-10-28T01:50:41.082316
0656a499-1960-5607-b9e4-c8ec5ad7a5c1,office@pffcpc.com,,True,,2,CMD-CMDPT-Organization-2,2025-10-28T01:50:41.415768
3fb77406-18ef-5ab8-96bb-17adf221b803,contact@alcancercare.com,,True,,2,CMD-CM0MH-Organization-2,2025-10-28T01:50:41.506479
ed098ac6-a69d-5e8c-bf13-c63ff7cfa98c,joetta.shepherd@parentingpath.org,,True,,2,CMD-CM1AT-Organization-2,2025-10-28T01:50:41.683161
dde2bbb5-2d4d-5890-8b6c-9cb0b552bd4a,oldbergenpeds@gmail.com,,True,,2,CMD-CMZGQ-Organization-2,2025-10-28T01:50:42.191882
24741054-a185-55f3-abb3-2a24beb2b214,info@fortbendurology.com,,True,,2,CMD-CM0HJ-Organization-2,2025-10-28T01:50:42.544823
455c447d-10dc-51f5-9c8f-c1a290772039,donn@cnypain.com,,True,,2,CMD-CM0CQ-Organization-2,2025-10-28T01:50:43.079346
5c5529c3-b8f9-5ad0-9744-05a5a13fafe0,caringpediatric@yahoo.com,,True,,2,CMD-CMDPA-Organization-3,2025-10-28T01:50:43.255110
e37155a6-5a20-512e-a9ae-d20492ca77df,manhattancenters@manhattancenters.com,,True,,2,CMD-CM049-Organization-3,2025-10-28T01:50:43.342881
563dc10c-5fc2-5c7c-a91e-7380f322e12b,quickcareclinic@scottsboro.org,,True,,2,CMD-CM050-Organization-3,2025-10-28T01:50:43.606404
13e3a957-eb13-570c-b3e2-e63b974fbeb6,contact@portlandurgentcare.com,,True,,2,CMD-CM0J4-Organization-2,2025-10-28T01:50:43.874244
c1652de8-b032-517e-9b23-8006662bea75,erickolodin@aol.com,,True,,2,CMD-CMDEK-Organization-2,2025-10-28T01:50:44.904777
d255608d-3ade-50f9-a950-96eb5c816924,Drejbulan@gmail.com,,True,,2,CMD-CM048-Organization-3,2025-10-28T01:50:44.993042
40a59a86-33a8-5b07-917c-c810325f711a,info@sleepny.com,,True,,2,CMD-CMDV6-Organization-3,2025-10-28T01:50:45.165320
0f5768e3-ff8b-5ced-ac94-d55492b14cd0,info@lakesdermatology.com,,True,,2,CMD-CM0E6-Organization-2,2025-10-28T01:50:46.294873
841b40e5-af0b-539a-8eb1-8080e927f11b,rshahid.uctx@outlook.com,,True,,2,CMD-CM0LC-Organization-2,2025-10-28T01:50:46.469525
4ba89be2-77f9-543c-a328-b7207ce4b477,info@thepulmspecs.com,,True,,2,CMD-CM0T3-Organization-2,2025-10-28T01:50:47.321794
88b033bf-27d9-5728-9806-020ad0fb7197,dr.c@solas.health,,True,,2,CMD-CMDYV-Organization-48,2025-10-28T01:50:47.756407
bdca0094-9704-5ed2-8bf9-420586900de9,leonardsternmd@gmail.com,,True,,1,CMD-CM1JK-Organization-2,2025-10-28T01:50:48.194512
00328dc7-99e1-5d15-9b31-cef4fffc3b43,allergyasthmacare@gmail.com,,True,,2,CMD-CMDAU-Organization-2,2025-10-28T01:50:48.697119
2f6c0279-c19f-5f55-be59-1fe6b8b5fbe1,info@tovbacare.com,,True,,2,CMD-CMDZT-Organization-3,2025-10-28T01:50:48.874333
89a15c15-925e-519e-ab4f-75b36381b3f9,rosedermnyc@gmail.com,,True,,1,CMD-CMD5Z-Organization-3,2025-10-28T01:50:49.755563
3dcb70ab-99f8-5d7e-98f2-ea5d06e734c6,SENeurology@gmail.com,,True,,2,CMD-CM0WS-Organization-2,2025-10-28T01:50:49.933431
807b11bc-0382-5d21-9f79-515045e0dcd2,austell@avantpsychiatry.com,,True,,2,CMD-CM0XP-Organization-2,2025-10-28T01:50:50.195936
9c1ab0ec-cfd8-52fa-8d8a-e37abcfe33ee,west11office@gmail.com,,True,,2,CMD-CMZZ3-Organization-3,2025-10-28T01:50:50.282877
76d7eeca-c573-5511-952f-2581560f6c60,liveliteim@gmail.com,,True,,2,CMD-CM0IU-Organization-2,2025-10-28T01:50:50.725621
cce4a674-4351-5e96-b985-b23bf471b580,elbert@joshuahealthcare.com,,True,,2,CMD-CM0FF-Organization-2,2025-10-28T01:50:51.687059
3e2c5998-4667-5be7-98c6-598205a4b5cc,Southgeorgiafive@outlook.com,,True,,2,CMD-CM0O3-Organization-2,2025-10-28T01:50:51.774815
99335c1e-bc02-53e3-9239-5ea5383eccee,bhaskermedical@yahoo.com,,True,,2,CMD-CMZBF-Organization-2,2025-10-28T01:50:52.477721
d80b5345-566f-5c03-b212-abc15af29485,dbajada3@verizon.net,,True,,2,CMD-CMZFN-Organization-2,2025-10-28T01:50:53.180734
0e927848-a26b-57a0-a664-fdd034ced0e1,CustomerService@STFPHC.org,,True,,2,CMD-CM1DS-Organization-2,2025-10-28T01:50:53.704379
85bcba8f-3026-513f-a437-a26d78aa89f7,dapnj13@gmail.com,,True,,2,CMD-CM002-Organization-2,2025-10-28T01:50:53.791222
e538bf28-fbe1-5d19-ad0c-5986cffccb02,info@virginiaprimecare.com,,True,,2,CMD-CM0LF-Organization-2,2025-10-28T01:50:54.943646
2b306b7d-76aa-54cf-90e7-67914d5a30c7,zmoser@dentcohealth.org,,True,,2,CMD-CM174-Organization-2,2025-10-28T01:50:55.733181
199b4b49-9983-5e76-947e-d82eaab13ac6,comprehensivefamilyhealth@gmail.com,,True,,2,CMD-CM0BL-Organization-2,2025-10-28T01:50:55.821967
c9bbda4b-1ffa-5f1f-8f49-8a55eacc7ba7,billing@ayercolemd.com,,True,,2,CMD-CM0MO-Organization-2,2025-10-28T01:50:55.913197
6e72c3cd-10ce-5d9e-946a-f8034400824b,amirrasheed@aarmdpa.com,,True,,2,CMD-CM0IW-Organization-2,2025-10-28T01:50:56.443333
f24040db-d7e9-5726-b338-53089db58e88,seniorxpresscare@verizon.net,,True,,2,CMD-CMDZG-Organization-3,2025-10-28T01:50:56.798384
769cd575-8109-5a2d-af22-506291f443d7,esurgeon2004@yahoo.com,,True,,2,CMD-CMDPE-Organization-3,2025-10-28T01:50:56.888908
77417c19-d7b9-547e-98e2-776c3d078084,compliance@co.black-hawk.ia.us,,True,,2,CMD-CM0YK-Organization-2,2025-10-28T01:50:56.975404
85b4f049-4abd-5344-9bd8-86e05ee7b159,relief@dryeyedoctor.com,,True,,2,CMD-CMDRL-Organization-3,2025-10-28T01:50:57.322866
31658574-4aa1-53bf-b5ad-0836c498587d,dixie.melton@ignfam.com,,True,,2,CMD-CM18P-Organization-2,2025-10-28T01:50:57.498351
0003005c-7483-545a-b9c9-c16aa4b08e90,frontdesk@manhattanendocrinologist.com,,True,,2,CMD-CMZKS-Organization-3,2025-10-28T01:50:57.739858
eb7f793e-0753-5fff-95e4-2a43f3a9199b,annah@wellnessoncology.com,,True,,2,CMD-CM0F3-Organization-2,2025-10-28T01:50:58.264570
19712d18-8140-53ad-8fa1-2e22412b126d,senior.psychiatry@gmail.com,,True,,2,CMD-CM0KN-Organization-2,2025-10-28T01:50:58.964932
53e478b5-c5f6-529d-afeb-60ac4269f00f,aqphr1@gmail.com,,True,,2,CMD-CMZJZ-Organization-3,2025-10-28T01:50:59.228078
f6e66d39-9134-5242-9d37-c0a1c165a3ba,bcpavlas@gmail.com,,True,,2,CMD-CMDBV-Organization-2,2025-10-28T01:50:59.996623
27a17427-3093-5d65-b167-3f9752af9161,rezasaffarimdpa@gmail.com,,True,,2,CMD-CM0OG-Organization-2,2025-10-28T01:51:00.088931
564d3916-7948-5ee6-ae5b-cce3df5fdf8a,drpammer@carbonhw.com,,True,,2,CMD-CM1IY-Organization-2,2025-10-28T01:51:00.620387
4776f324-d09f-524c-8d10-e6d3401b0db3,andalusia_neurology@yahoo.com,,True,,2,CMD-CM18X-Organization-4,2025-10-28T01:51:00.777468
41f752a5-c8a5-5c94-b906-a8b590538f70,tnaeemmd@hotmail.com,,True,,2,CMD-CM0W7-Organization-2,2025-10-28T01:51:01.456646
f39a954c-d66d-5e44-b5aa-73878ddb8b9c,krystalvisioneyecare@gmail.com,,True,,1,CMD-CM026-Organization-9,2025-10-28T01:51:01.809249
d2ef5975-2510-51a7-a7cb-aea9b70bd455,jhuangmd2009@gmail.com,,True,,2,CMD-CMDZ1-Organization-3,2025-10-28T01:51:02.337478
11dea7ab-ddbf-592d-874a-60ffebd23f01,shari@pmrcfl.com,,True,,2,CMD-CM00M-Organization-8,2025-10-28T01:51:04.894470
44273eff-b363-5ae4-be4e-b69b39a4bbc4,olak2@yahoo.com,,True,,2,CMD-CMDLH-Organization-3,2025-10-28T01:51:04.981046
acddc9a5-326f-5aaf-bb45-c04377f696ac,drpaulehrlich@aol.com,,True,,2,CMD-CM0KJ-Organization-3,2025-10-28T01:51:05.585455
da3be723-9133-5f2b-84af-236a9202312a,basmith815@yahoo.com,,True,,2,CMD-CMZAE-Organization-2,2025-10-28T01:51:05.671666
f08cfaeb-0c52-532f-a930-75162bdbd306,moonfamilypractice@gmail.com,,True,,2,CMD-CMDMF-Organization-2,2025-10-28T01:51:07.150007
183d0eea-6642-503a-b8f8-dc8f72a2dea4,ccpediatrics@ymail.com,,True,,2,CMD-CMDCJ-Organization-2,2025-10-28T01:51:08.371000
83d76e01-67c5-5456-99d4-131fe3a7865a,drlubitz@nycallergydoctor.com,,True,,2,CMD-CMZKF-Organization-3,2025-10-28T01:51:09.081792
b9b0cf50-9f44-567f-b0ee-8e915e486865,eastsideclinic97@gmail.com,,True,,2,CMD-CM18U-Organization-2,2025-10-28T01:51:09.260017
0d7f3ea0-7e7a-5f61-938d-6362952c6d82,csmanter@comcast.net,,True,,1,CMD-CMDFM-Organization-3,2025-10-28T01:51:09.433214
a098f278-7355-5880-afc4-3e9ffaf433de,smorelli2@verizon.net,,True,,2,CMD-CMZDC-Organization-2,2025-10-28T01:51:09.607366
48a7e8d8-85a3-5357-9a91-5f697cee1aca,atlurimedical@gmail.com,,True,,2,CMD-CMDRI-Organization-3,2025-10-28T01:51:09.878165
30518e6d-f26b-5745-8d06-7c977b71e03c,rjsuleman@aol.com,,True,,2,CMD-CM00G-Organization-3,2025-10-28T01:51:09.967369
51c01a78-1ad0-59ad-bc20-696c013695d8,Lakhanimd@Gmail.com,,True,,2,CMD-CMDSW-Organization-2,2025-10-28T01:51:10.230582
74a96d0e-9347-50a6-989d-a3de622df937,qazihaidermd@gmail.com,,True,,2,CMD-CMDk1-Organization-3,2025-10-28T01:51:10.670564
ac4a5cfb-923e-58c3-be61-f4102b475b10,camberhealth@gmail.com,,True,,2,CMD-CM1BW-Organization-2,2025-10-28T01:51:11.095691
08b181f7-b5b6-5d68-8032-0c5dbab360c5,drmoakes@yahoo.com,,True,,2,CMD-CMZEK-Organization-2,2025-10-28T01:51:11.250310
eed94d0d-6425-5dbe-925f-d10b9d72ff96,dabab1963@gmail.com,,True,,2,CMD-CM0OB-Organization-2,2025-10-28T01:51:12.382504
a83c58b0-91ae-5b24-9ce4-2c7e977f2d36,cprb48@gmail.com,,True,,2,CMD-CMD3I-Organization-2,2025-10-28T01:51:13.518356
8a2c4d11-1a2f-5b19-b1e4-42d8a7e276e7,frontoffice@ardentfamilycare.com,,True,,2,CMD-CM0DZ-Organization-2,2025-10-28T01:51:13.877648
bc257b72-247e-52e5-8c84-eefe776a29dd,info@fmacenters.com,,True,,2,CMD-CM034-Organization-2,2025-10-28T01:51:14.742521
cc2f670a-59f1-5f9f-9a5e-1a4638319151,info@pain.bm,,True,,2,CMD-CM112-Organization-2,2025-10-28T01:51:15.201938
905efcbc-9424-5168-a85d-071abe408eff,indianapainandspine@gmail.com,,True,,2,CMD-CM096-Organization-2,2025-10-28T01:51:15.697710
ead4844a-79ae-5a05-a2cb-39cdf1b1a891,drfrembgen@gmail.com,,True,,2,CMD-CMZDQ-Organization-2,2025-10-28T01:51:15.967443
b17c1cfc-222f-5535-bb38-35ce98240bbe,fuse@mcleancountyil.gov,,True,,2,CMD-CM19O-Organization-2,2025-10-28T01:51:16.607568
7e884bda-1a3f-5194-bc3c-00a2ca978a3a,mkalavar@gmail.com,,True,,2,CMD-CMDMU-Organization-3,2025-10-28T01:51:16.946592
ca5fdd86-d172-59f4-845a-68bbf78a1658,habibahealthservice@yahoo.com,,True,,2,CMD-CMDHB-Organization-2,2025-10-28T01:51:17.830005
740ba1ba-aa63-588c-9301-8e481adbfb57,kayla@advancedintpain.com,,True,,2,CMD-CM0R1-Organization-2,2025-10-28T01:51:17.919842
96c6923d-705f-5435-ab62-c8475d5eafd7,bruceshaffer@msn.com,,True,,2,CMD-CMD6I-Organization-2,2025-10-28T01:51:18.012635
9290bf86-c5d3-5be2-85b0-f859dff8b03f,doctorgockeoffice@gmail.com,,True,,2,CMD-CM0NI-Organization-2,2025-10-28T01:51:18.632214
0cba14a2-2f06-526f-9605-b16dafeb000a,imsmtmd@gmail.com,,True,,2,CMD-CM17E-Organization-2,2025-10-28T01:51:19.068736
dd7499a0-f083-51cc-b5b4-c6d415f51377,admin@silverlanemedical.org,,True,,2,CMD-CMDSX-Organization-2,2025-10-28T01:51:19.792143
2316d820-22d7-5d1b-9060-11bfccbbff9d,STEFFI@ANIMASSPINE.COM,,True,,2,CMD-CM1BH-Organization-2,2025-10-28T01:51:20.525828
e2907237-b819-5fae-8519-45bda246df7c,info@vidaoncology.com,,True,,2,CMD-CM12Y-Organization-2,2025-10-28T01:51:20.771724
b645fc3e-8191-5570-abc8-7c2ab0d74504,office@lakemarypsych.com,,True,,2,CMD-CM0G7-Organization-3,2025-10-28T01:51:20.955192
c75e1858-f73b-5459-be1e-b80c5b1f0b57,drmoongi@gmail.com,,True,,2,CMD-CMDMN-Organization-2,2025-10-28T01:51:21.136006
b0a5c0bc-15fc-5aee-81d0-2a37f725814d,jallanmd@yahoo.com,,True,,2,CMD-CM04Q-Organization-3,2025-10-28T01:51:21.227717
dd6fd5aa-c7b6-5089-97b7-c5a32bb16605,familywalkinclinic@cofwic.com,,True,,2,CMD-CM0QZ-Organization-2,2025-10-28T01:51:22.212423
15c71efd-b26e-5bc4-bda9-5f2be1e86f57,skhurana@healthyheart.md,,True,,2,CMD-CMDYM-Organization-3,2025-10-28T01:51:22.394671
651ebb82-fb47-5850-81b8-d3b7170ccec4,dedrasmith@tcpsonline.com,,True,,2,CMD-CM0DW-Organization-2,2025-10-28T01:51:23.124868
a06ab2b5-79da-5ba7-8781-bf20646f82a0,Lakhanimd@gmail.com,,True,,2,CMD-CMDIT-Organization-2,2025-10-28T01:51:23.304894
8c8770a1-7ed5-5ac3-91f1-e180881aee8c,alliancefammed@gmail.com,,True,,2,CMD-CM072-Organization-2,2025-10-28T01:51:23.939438
9530d626-9192-5888-b1fc-18e466a8a1f8,jhall11050@yahoo.com,,True,,2,CMD-CM0UG-Organization-3,2025-10-28T01:51:24.031500
b66cbe6f-7e1c-5bb3-a86b-87725a95b2ea,office@correctionalhealthmanagement.com,,True,,2,CMD-CMIZL-Organization-14,2025-10-28T01:51:24.391166
7363f2fa-7a43-5c3f-aa01-3a913653b361,drislam@sbcglobal.net,,True,,2,CMD-CMD3Q-Organization-3,2025-10-28T01:51:24.728801
75c1d941-30ea-594f-8918-a5621e353e17,porterhealth@porterco.org,,True,,2,CMD-CM19P-Organization-2,2025-10-28T01:51:25.003063
38b4052b-0219-51eb-a778-efad32af6576,frag49@aol.com,,True,,2,CMD-CMDLS-Organization-3,2025-10-28T01:51:25.281209
1047cc1d-7c85-5dac-a54f-8ce0bd6fdf30,reception@slenzomd.com,,True,,2,CMD-CMDSL-Organization-3,2025-10-28T01:51:25.823243
d1e2baf0-db1c-5b79-8ecc-61c1a953228a,health@brunscountync.gov,,True,,2,CMD-CM05A-Organization-9,2025-10-28T01:51:25.916324
2b48861f-9f2d-5f38-98ac-ed7555499b4d,louise@mekhailmd.com,,True,,2,CMD-CM0EL-Organization-2,2025-10-28T01:51:26.778224
f2e2e952-1bb5-5f16-9f47-89499a0aab20,docjim10@yahoo.com,,True,,2,CMD-CMDQ3-Organization-3,2025-10-28T01:51:27.222537
5991a157-d32f-526c-995e-4ecb944cde13,ruthjohnsonmd@gmail.com,,True,,2,CMD-CM00L-Organization-2,2025-10-28T01:51:28.179996
581828ce-7d3e-5544-a67b-9e842d31684a,rizwanhameedid@gmail.com,,True,,2,CMD-CMD2Y-Organization-3,2025-10-28T01:51:28.447270
00f8a97b-0804-5da5-962f-3f9efffe44b8,mail@mindnbodymd.com,,True,,2,CMD-CM0R9-Organization-2,2025-10-28T01:51:28.627612
5bed7fdf-8771-56b9-89c8-2e18bc82fbd3,alejand@sbcglobal.net,,True,,2,CMD-CM0KP-Organization-2,2025-10-28T01:51:29.516963
f100b0fe-e3c1-5f2b-bd91-556035026e6f,CareTeam@AllergyCleveland.com,,True,,2,CMD-CMDGO-Organization-3,2025-10-28T01:51:29.942779
015d0e3d-c1c7-5b15-afcf-60d81b0089f3,phvisits@gmail.com,,True,,2,CMD-CMDCW-Organization-3,2025-10-28T01:51:30.124050
8557d13b-18d7-54b4-999b-1d8fd71968e7,info@barrycountyhealth.com,,True,,2,CMD-CM16T-Organization-2,2025-10-28T01:51:30.303805
150fbf3b-4187-5764-a952-6a2bcdd7c816,frontdesk@txelitehealth.com,,True,,2,CMD-CMDGY-Organization-2,2025-10-28T01:51:30.899485
23b45e01-18af-589c-849a-34fe55041280,thefootdoctor18954@yahoo.com,,True,,1,CMD-CMDBX-Organization-2,2025-10-28T01:51:31.165244
66b7b724-898f-56b4-bebf-543121ff7293,DOWNTOWNDERMATOLOGYNYC@GMAIL.COM,,True,,2,CMD-CM0JH-Organization-2,2025-10-28T01:51:31.342199
49fb3dc7-4454-5207-862f-604609b7b488,edtc560@aol.com,,True,,1,CMD-CM01Y-Organization-8,2025-10-28T01:51:31.672859
09ad5039-c3ed-5510-b3f9-9bfdaedfa9e3,Medicaldentalbilling@c-uphd.org,,True,,2,CMD-CM0W9-Organization-2,2025-10-28T01:51:32.026442
e99ddb3b-d49e-5388-a92d-4213033b03b5,contact@jrkmedicals.com,,True,,2,CMD-CM0UW-Organization-2,2025-10-28T01:51:32.293013
621e4668-8e55-5893-89be-01e31adf82bc,info@heartsmartcentre.com,,True,,2,CMD-CMIZJ-Organization-2,2025-10-28T01:51:32.732693
ac78cae4-457c-540f-8b9b-7186d5cad206,clinic.covington@gmail.com,,True,,2,CMD-CMDCV-Organization-3,2025-10-28T01:51:33.869650
3680b784-56b4-5d25-bc5e-a151af8ae687,drayazrasool@yahoo.com,,True,,2,CMD-CMOB2-Organization-3,2025-10-28T01:51:33.959605
ea99151c-1c47-5ccd-a9d4-19447b74f30a,support@goldengateobgyn.org,,True,,2,CMD-CM01G-Organization-3,2025-10-28T01:51:34.054985
c0079ec2-683f-5c0b-bb1f-19ce3a8884dc,ph@nashuanh.gov,,True,,2,CMD-CM151-Organization-2,2025-10-28T01:51:35.648026
a247763a-4c91-55c7-a5c0-1c2877ae4034,info@my-womantowomanobgyn.com,,True,,2,CMD-CMDWW-Organization-2,2025-10-28T01:51:35.918071
aa39720f-dcc9-5a89-8977-ad3c3d860465,valleybillingaz@yahoo.com,,True,,2,CMD-CM0KR-Organization-2,2025-10-28T01:51:36.096603
26d25aa1-92a1-5974-9b75-1612dad2b401,info@urgentway.com,,True,,2,CMD-CM0H3-Organization-3,2025-10-28T01:51:36.270982
c77b5cf9-1a97-5817-8739-6f26af22f815,sharon@deedwardsmd.net,,True,,2,CMD-CM0JZ-Organization-2,2025-10-28T01:51:36.977539
583c9304-9d55-5b36-8e7c-e98760b47fa3,fvurgentcare@gmail.com,,True,,2,CMD-CM0S3-Organization-2,2025-10-28T01:51:37.333946
b420f02b-b89b-5dd5-9ef9-50aa7fd88316,silverathomemedicalgrp@gmail.com,,True,,1,idfZeFbSqEiecIVMxznSjkKQ,2025-10-28T01:58:22.239700
fc9af19d-cebb-5293-a0fe-27b1254de425,billing@syrspine.com,,True,,1,ide0PDT9QQPL7ojUGu0dZ1Ew,2025-10-28T01:58:22.576962
57a74321-1ca8-58a8-9c3c-bd97a64f7292,Mehuldaulat@gmail.com,,True,,1,iddjI6RbhUm-zgKTspYeCuew,2025-10-28T01:58:22.754148
93bf7564-24df-57d9-a110-9aac2b7d576c,drsaini@drsainigi.com,,True,,1,idh6EEJ6GjP1uUzstIJMLU4Q,2025-10-28T01:58:22.923470
33f02605-4513-5bd4-ba39-73dde5d78395,Pechersm1@gmail.com,,True,,1,idH.B1eK4hkgyhlNEt9pM6Cg,2025-10-28T01:58:23.087963
1e32fe23-49f5-5dac-aac2-206dba44711d,gina.hunter@cicavd.com,,True,,1,idcHFzrQCb4u61EGb6lfHBdA,2025-10-28T01:58:23.246923
3581306d-311f-5b53-8479-3ca11440a9cd,ravitzmd@modernmigrainemd.com,,True,,1,idQ0DnN7oseGv3LGbZY8wpag,2025-10-28T01:58:23.413456
8a7f0470-e5c4-58a2-b0ac-e670b35195d7,wajde.dabah@painhelp.com,,True,,1,idjvUrI7FS4.Of4XimwCMuGg,2025-10-28T01:58:23.577588
03cfebc3-01f0-5901-a6cf-ea7bd5652253,4boys0609@gmail.com,,True,,1,idsUEVHOHj3FvntZssQjfkpA,2025-10-28T01:58:23.750567
26628046-46b2-5ebb-8a69-8dcddf275355,main@pacificpaingroup.com,,True,,1,idZM3Vpklzhz3nHAC-tUi05g,2025-10-28T01:58:23.921883
14e5d933-8818-511e-8b5a-6f271b172c4d,Nima.yazdanpanah@ahba.com,,True,,1,idc.qNJJu94.jOdtU1FExM9g,2025-10-28T01:58:24.078329
40b19122-8ce8-505e-9841-8bbc84025781,m.moreno@medluxrehab.com,,True,,1,idKQSnr.s8tAYnCUm.ayDGPQ,2025-10-28T01:58:24.236800
898a2e61-9f6a-54f1-a454-8c61a934fb8c,kymebennet@aol.com,,True,,1,idx46DApLKSQPSKrgt7HepiQ,2025-10-28T01:58:24.403601
422e99d9-0513-583b-b7e7-d9570d2daf04,luke@ramosmdpc.com,,True,,1,idfsayTaElXouuvSjNZa2X9Q,2025-10-28T01:58:24.570844
2844b73b-ad98-5994-943e-5cef77f532e6,AgyemanMD@gmail.com,,True,,1,idNDYQMRxBlGvXJPQ7qPQtbw,2025-10-28T01:58:24.737776
22b3401c-be0c-5b79-81ad-536bb5c91d7b,getintouch@ericrothschildmd.com,,True,,1,idxqTw-6RCF97fM5CI.tz-zg,2025-10-28T01:58:24.905993
0450d696-70f3-5f20-9ac2-fe0a3eaea79f,Jenni@jlfwellnesshaven.com,,True,,1,idfHUU4be9kXthwqWRaXd0bw,2025-10-28T01:58:25.075056
1bc47774-4f6f-5fc1-9a36-a6ea20cf40e6,dr.gpharvey@gmail.com,,True,,1,idbCYD-LlkV.zto.jvKGdkYQ,2025-10-28T01:58:25.240917
2807cab0-046e-5b74-9c9a-692b982d2450,srh@completeveincare.com,,True,,1,idw0RT7IUx25geEqyAIE-WgA,2025-10-28T01:58:25.407615
535d07fc-2869-509b-a686-1152f9b242ef,cleanheartdr@gmail.com,,True,,1,id4CluUgfovie4wXD84SmGNw,2025-10-28T01:58:25.573505
1e0bd79a-a671-50e9-bef6-7c8fcb52b4c1,carbonfootandanklecenters@gmail.com,,True,,1,idPGpEBqGXN1Jl4d0CsuaFQA,2025-10-28T01:58:25.734117
65c95862-04d3-561d-90ff-8ea2305a6bbb,Info@mobilewoundcure.com,,True,,1,id.gWvnv5E15R4Ru7GLX63sA,2025-10-28T01:58:25.906818
3b56ccdf-095f-5d0b-b0a6-f2b780b17704,kashpatel07@yahoo.com,,True,,1,idqVOZVK8qSxFkTGYSBOkoXg,2025-10-28T01:58:26.077185
7b3d2716-5a80-5b68-b31b-c1fd4575f702,e@mail.com,,True,,1,idsd7h3k-bkw-thU08mnnBtg,2025-10-28T01:58:26.253029
113756f0-200b-5e02-bc75-44af0ba477c2,tocarri@gmail.com,,True,,1,id3FsWiKxikI8t9h2VS6xU1w,2025-10-28T01:58:26.583834
3a1a9189-fcc4-5d4f-88a0-9d620680938c,morgan.pollard@outlook.com,,True,,1,idwdB76KYRJNYdEwyP0GhWTg,2025-10-28T01:58:26.750824
4ec07800-e606-5597-9c2b-887d57e9d86e,michaelmerkley@gmail.com,,True,,1,id-Pu58bIL3kPBCmpno.xgbg,2025-10-28T01:58:26.917817
593fa60e-75b5-5c8b-b646-c743d1be5000,alexk@manhattanfaceandeye.com,,True,,1,idZL2GfH6jvYP1ULn2F3XYyQ,2025-10-28T01:58:27.080861
e09b8238-4b68-5da0-a0cc-6de68dbbc2fd,office@spcmoon.com,,True,,1,idig.6kmn9QSoJ-3pi5cX9pw,2025-10-28T01:58:27.250099
b6470328-bc23-5317-a8e6-699124a72297,facialplasticsurgeon@hotmail.com,,True,,1,idW2va.kWwlsZDAjKuQjFYZg,2025-10-28T01:58:27.418059
dc10f289-8a14-5709-8c67-069a58c19d9d,Danielle@DCEMED.COM,,True,,1,idbJBf8TyBLGBsmmapnCdIPQ,2025-10-28T01:58:27.575694
06e8c692-645d-5449-92de-57f0a7c111e2,radiologist@3dbreastultrasound.com,,True,,1,idTx2MgY8d7q9ZUZouDyEokg,2025-10-28T01:58:27.737628
8b0071bc-c4d0-5b0c-8fcc-3619a9c107fd,contact@pennpedsfl.com,,True,,1,idDSW1Ml2HCLudUrV6zBuhTQ,2025-10-28T01:58:27.906826
d8265a03-cece-5460-bf9a-2bc104805870,dailey@painandrestorativehealth.com,,True,,1,idB4Ya-XD7MO7gMWI8tPKIvA,2025-10-28T01:58:28.067890
2f9d869f-319e-51c7-ba34-53467186cad6,team@doctorretina.com,,True,,1,idBJbtmwJY0dfJJz9ciAk4xw,2025-10-28T01:58:28.226649
c842795f-296c-5951-b207-c66820bfe93d,dr.c@yakimainjurycenter.com,,True,,1,idDDY1pIyZuorzg7eDQWNIzw,2025-10-28T01:58:28.385657
2cc7248d-9f6b-5acc-a104-80859c5d6ad5,beewellclinicpueblo@outlook.com,,True,,1,id1nIuIRLgyE2iM04iHsyd6Q,2025-10-28T01:58:28.541544
cdc9f931-3ab4-5bb3-a960-7eff7777c074,staff@acneurology.com,,True,,1,idj0YLi-sZmt7Yqf2cnoZogw,2025-10-28T01:58:28.701454
8ad3e27a-576b-57c1-a0a5-4c35ab9f8da5,evan.manos@hynesmemorial.org,,True,,1,idGrR0H5Vg9Il8anmt6wyOnQ,2025-10-28T01:58:28.877500
05bfe3f8-b3e0-5b65-b7fd-0001236933db,latif@georgiapainassociates.com,,True,,1,idV9pQIdfwcVT9u2hah3n4gQ,2025-10-28T01:58:29.045735
a0be47a7-8ec7-54b6-a5eb-5033e66bd5fd,pleon@rmlotusgroup.com,,True,,1,idLzIWCsdKgqndk8sT2RDjXQ,2025-10-28T01:58:29.213285
6e79b24c-324d-5e5b-b493-2f4e4d6ff2d7,admin@thebelovedmedicineclinic.com,,True,,1,idjldJIvUr9oy-vq4d8sziCQ,2025-10-28T01:58:29.380031
84ee040d-de64-55f8-8b78-d2b4ab64f14b,winifred_besong@yahoo.com,,True,,1,idq1TI-.M-QYz3QfM6TNrACg,2025-10-28T01:58:29.543360
ffa8ed21-ee6c-53eb-883a-dd016d89214a,drrachellerandall@gmail.com,,True,,1,iduf89aNmx2t8lSDTgzTs58Q,2025-10-28T01:58:29.707134
2584b651-3a4b-52d1-a65a-ef22fc60bae7,drosbornelewis@generationalcare.org,,True,,1,idqEq7irxqswNJ3b9uYe4FSg,2025-10-28T01:58:29.872590
0f4ffda0-4a26-5880-98c0-fc40e9a5b33a,rsnepar@navesinksurgical.com,,True,,1,idCdUCFOzuxzLjQBQXHOcotQ,2025-10-28T01:58:30.038413
563f7209-1000-5346-95f8-c1cb97040a8c,admin@vistawound.com,,True,,1,idSwdzckM0Bd7I8S0G7cgDXQ,2025-10-28T01:58:30.212501
27e25506-8b1f-5e5b-b03c-470d9f42afb0,chapmandpmoffice@yahoo.com,,True,,1,idrxmLmevNVhtG13P3AIGPwA,2025-10-28T01:58:30.377366
4969a6b4-f424-5a69-9c67-54dfdff38d54,Christina@jctprimarycare.com,,True,,1,idrfhlcqI13jEdMcQL7DzWMw,2025-10-28T01:58:30.532561
da7dc7a7-0ecc-5106-8c7a-1f37a53f5465,parrfoot@gmail.com,,True,,1,idvwsosg2f8mJIeFZJsBuVDQ,2025-10-28T01:58:30.689251
41fd2b91-ab78-59aa-bbc1-5d1b4acaae1e,dr.lukumonadisa@gmail.com,,True,,1,idNnkjOJOjZn8A0WkphFMEfQ,2025-10-28T01:58:30.850626
1eec3be7-77b6-5c5d-a5f9-52a21d367a71,drrami@orellahealth.com,,True,,1,id46K13VD.9PUPY8hd1iITTg,2025-10-28T01:58:31.008043
74664e4e-6384-5478-9177-8be84ac4082c,neurologywesthills@gmail.com,,True,,1,idjQFnCegFGXY5RgknRAeCuQ,2025-10-28T01:58:31.162650
8fc6636c-2074-58a9-b767-89df8447804d,westernwellnessllc@outlook.com,,True,,1,idkBj4bNiWykI1K9Q4Z34fyA,2025-10-28T01:58:31.319110
70461548-875b-52a1-b222-ea99b2b6394f,mydirecthealth@gmail.com,,True,,1,id2JhRRdIiy4r5D5j8QDwd7Q,2025-10-28T01:58:31.475195
fa96a47e-98d4-5140-95e9-c1deee323f35,info@shayahealth.com,,True,,1,idrc9gw0ZxZrz5-dGuesD3AQ,2025-10-28T01:58:31.631377
5c5ced13-00a7-556c-9f24-574b0f04a8b1,Drskylarstone@gmail.com,,True,,1,idfYXoDAyvOwGPQvGGlV8v1Q,2025-10-28T01:58:31.787299
2578420f-1374-54d4-87f4-535aa6470fb6,premierchoicecardiology@gmail.com,,True,,1,idKxv7v3etRwWqSpWz5ZHFbg,2025-10-28T01:58:31.944665
a6849cb8-f9ce-518e-8986-7dcc2af07f72,jenny.yu@bayareapod.com,,True,,1,idqgh5w5qVXzyKu0LrW5tnbg,2025-10-28T01:58:32.108865
7faf4132-28ce-56ec-b889-f79f7b3674d7,info@mhpsv.com,,True,,1,id.aCaekZVSLbEX7ZifRSQ.Q,2025-10-28T01:58:32.274970
b7859427-ff7f-5e1c-9f56-7959fdb182da,Ngoldman@crhatlanta.com,,True,,1,iduSfgAXrokRUlGlasiOOHuA,2025-10-28T01:58:32.431734
1f608177-cc83-51d9-a241-f77796f82c28,asica@sicadermatology.com,,True,,1,id-Vq8xFoVAOlOUq4oRpfWaA,2025-10-28T01:58:32.587838
7a0c8e38-becd-56aa-9e3c-c41eab7a4acd,contact@greatplainsmhp.org,,True,,1,idsc8i81B80SQHkt5oBtMXnA,2025-10-28T01:58:32.747536
907a549b-ec3f-5062-a2df-ae161f0700ca,connect@eyeplasticsmk.com,,True,,1,idxF9M8vreTRziOhoijNEPRg,2025-10-28T01:58:32.917043
c9cee0cf-c6bf-5778-839b-ad3ede0aa78a,hateem.siddiqui@gmail.com,,True,,1,id.5N.ntEpy.cNVFhVhYeKAQ,2025-10-28T01:58:33.075996
80182d77-f57c-5f64-b6c5-e8f7f9af74c1,lhuguley@restoringhealthmobile.com,,True,,1,idNaJDCp43pL25zMbkq5SjaA,2025-10-28T01:58:33.231476
6fccf793-0b1f-5d94-89d7-4069cc70e098,martha@sunshinestatemedical.net,,True,,1,idadgTyNx2cuOMRcJFNFi7og,2025-10-28T01:58:33.391892
94b97f12-c105-5764-a4c3-1210d991a9d7,luzfamilymedical@gmail.com,,True,,1,idPGMd91qUnVrZcMNjq80MBQ,2025-10-28T01:58:33.557388
696e34da-d788-5401-a638-6878df9b42c0,flowers.westsidewellness@gmail.com,,True,,1,idUZS9f515dbxSdWqQkBZ9NQ,2025-10-28T01:58:33.727052
e0508422-991b-583c-8e8b-14a694b3d08e,info@capitolpaindocs.com,,True,,1,idEeoWC7jSDiI062xu9FkHDQ,2025-10-28T01:58:33.896828
ffee5c30-643c-52ec-a544-f4f5d55a70ee,admin@casadesaludnv.com,,True,,1,idA90lzNW6WCRJ2Lcmhp5tzw,2025-10-28T01:58:34.063848
3ffaf8d9-ef40-5ec8-80bc-4a9da6a61f56,LIFELINEFAMILYCLINIC381@GMAIL.COM,,True,,1,idRtobaEZScCto6CRC4iFd1g,2025-10-28T01:58:34.228122
1fa08842-415d-5a83-9516-d71a50226ccc,info@timberlinepod.com,,True,,1,idRG1sgZBlhbMKMZEFYAaerA,2025-10-28T01:58:34.389842
11ded8c0-55ea-547e-9f1d-d62712761784,info@citychirocenter.com,,True,,1,id19vJVQKMJ5rrlxIuH0qtQw,2025-10-28T01:58:34.559960
a8f38630-20c4-5b3f-9a4c-8dab0ad72f60,bburdett@neurospinellc.com,,True,,1,idiLyekRkqEepSCkx5H50k7Q,2025-10-28T01:58:34.727729
c48f1895-cfde-5590-b9b3-4a94bc5274b6,kbrown@jaxpsychology.com,,True,,1,idJMajiPMn2OJ1Mnc7Vk0tcQ,2025-10-28T01:58:34.892828
acabb898-d25f-5bfa-93a3-483b2a6b1963,PAINFREE@PAINCENTERNY.COM,,True,,1,idC6H.-D1FzPl8KCyaDfVtdg,2025-10-28T01:58:35.060336
e7648b10-bc47-5f0a-95d6-f11037e2bafd,dr.olteanuod@gmail.com,,True,,1,id6iwcun.z7uOFVPWtFm7qIQ,2025-10-28T01:58:35.228528
92bb6d60-d242-5fa7-8859-eda434dc4834,eyusupov@azbsc.com,,True,,1,idzqGgMix3N.Mr4mVJ49t0KA,2025-10-28T01:58:35.396862
f14997e4-b8d3-5b3c-899a-eed94127a37e,rflores@txveinexperts.com,,True,,1,idA-COo1xen2xZHg68q39-uA,2025-10-28T01:58:35.575491
2d89797b-044b-5f68-a36e-ba39bfe7532d,admin@dynamichealthit.com,,True,,1,idG8A6fhGQPPyxlqWYfSXHIA,2025-10-28T01:58:37.768481
bbebf5ab-262b-5ec8-afc2-96ae708e7cd5,info@dynamichealthit.com,,True,,1,idcE-Fj1d8z1Ipn5Tw0Fy0QQ,2025-10-28T01:58:37.930124
b53ec4e7-4712-5f6a-a701-f58d7d2c0b80,admin@dynamichealthit.com,,True,,1,idw4MaCAai-MTMZFFVaeXNJA,2025-10-28T01:58:38.024900
115eb7b5-266a-58ca-b221-f9d94afe6c9a,admin@dynamichealthit.com,,True,,1,id3R5W7tHBDmWWLKjvBl71IA,2025-10-28T01:58:38.194095
fe3a6314-0498-5b09-9625-74339de803ff,admin@dynamichealthit.com,,True,,1,idIUd0j8O6wl7CFKbJ1Tt5AQ,2025-10-28T01:58:38.364068
97fb036f-3f99-5bd9-9079-3f994071dbd5,admin@dynamichealthit.com,,True,,1,idR3d3bbKT4IgfTwEJB4RBdw,2025-10-28T01:58:38.532263
09752427-b332-5137-9fcf-57cd223bc629,admin@dynamichealthit.com,,True,,1,id7VRAQ60H8HcQIFn44k-rUA,2025-10-28T01:58:38.700157
9368fb10-2b04-516b-a5ab-d78fe254f0dc,admin@dynamichealthit.com,,True,,1,id8M5SbP.GXkmluERwYC1qzA,2025-10-28T01:58:38.860381
272f65b8-19be-5388-acb0-a7daeb588aa8,admin@dynamichealthit.com,,True,,1,id3MypWa24g1tiP2QO8vIjrA,2025-10-28T01:58:39.034338
4c08d807-ae08-5118-8827-d8e9058aa1bb,neo@avomd.io,,True,,1,idg2J6lYdhTp66lDp75MFJyA,2025-10-28T01:58:39.204875
1fde9fc9-1cef-5a6b-9627-3f06c98bac3f,admin@dynamichealthit.com,,True,,1,idLQeRXwYoPae6qYrxJoTPiA,2025-10-28T01:58:39.373126
a3d24226-3aea-55a8-b539-ba109b46cf35,support@ehiconnect.com,,True,,1,id1fcoxOhf4FsSWKkuaqfw8Q,2025-10-28T02:17:35.397873
9425c645-6a06-533d-9488-8462ad731518,cardiologyoncology@gmail.com,,True,,1,idohTMHcy9IE-SkLeKxZdorQ,2025-10-28T02:17:35.564233
30f0173e-a543-5dc6-a960-51488c12a62d,Glenridgedoc@gmail.com,,True,,1,idFlPr4vdncTvEq1HJ7EGpHg,2025-10-28T02:17:35.730088
e51c1451-9632-51f5-ba25-41f1c84fa410,shielaragunath@yahoo.com,,True,,1,idBulkRLZAxiEIXM.zAOb3Jw,2025-10-28T02:17:35.898110
9cb3a17b-5f69-5acc-92e4-79512964a4e3,nikkibajaj@hopeoncologynj.com,,True,,1,idkPhoxoTRb20EbNxL28Cd.w,2025-10-28T02:17:36.074034
170cfcd9-3baa-5db2-abf2-660311385f8c,queensmedicalsvc@yahoo.com,,True,,1,idPwisj5XhUJBZs0L8XTrs3g,2025-10-28T02:17:36.244961
2f5bd64e-5ab7-570b-9db8-2f53ae77d96c,ibemedical@aol.com,,True,,1,id2yemWmR.KAPtlYAPHhZWOA,2025-10-28T02:17:36.420759
6fdc6c33-ea21-56cb-9cef-5057e88e1b20,drjayp@maomhealth.com,,True,,1,id5xffB7zs-dUFc7M-sIHtEQ,2025-10-28T02:17:36.582412
0467db1b-6d81-5d7b-b673-7d84ce2784a7,rbajaj@optonline.net,,True,,1,idxO0hiA0btCsT7UTdiezM4g,2025-10-28T02:17:36.750273
9ae3bf96-08c0-5292-bdfa-e3b393d61b9b,mesfins@aol.com,,True,,1,idAe4xl-7tusSwIjqOF3cV7Q,2025-10-28T02:17:36.919047
470b048f-32f9-5882-84f5-35cfab05840d,monroe.ent@gmail.com,,True,,1,idkIV1EAurb44r7FJI5No.ig,2025-10-28T02:17:37.087389
803df1de-d457-5c3e-b68f-5430e3708e4c,Metropod@aol.com,,True,,1,idGiIj2obIX-afg.D4Dg-W8g,2025-10-28T02:17:37.251531
43902fba-61bd-56ba-9736-af4537867f62,ssivananda@yahoo.com,,True,,1,id8RYlxrSgV8jMna2s6nUMIA,2025-10-28T02:17:37.416904
36be9440-1d1c-5bdf-be11-868fcb7c33e2,adoshi906@hotmail.com,,True,,1,idMQvvn5BjYTIj30pxw6yaxg,2025-10-28T02:17:37.581566
23af3bb2-f65f-5ab1-8735-ad0b52b201e8,dhayamedicalpc@yahoo.com,,True,,1,idj7g.YogVGVl6rWVZPc8eVg,2025-10-28T02:17:37.753673
62df4298-f52b-5b17-b428-ab6753d422be,info@rrsurgicalassociates.com,,True,,1,idrDDjMgMwG9RowYc0yUdMYw,2025-10-28T02:17:37.948851
df3880d8-1bbb-5825-9064-cc730392333d,dr.ramaraju@yahoo.com,,True,,1,id9IgPrmHRh62I.7faA9gA-A,2025-10-28T02:17:38.119313
cda69305-f9c4-5b6f-b384-09304891ca41,support@ehiehr.com,,True,,1,idl2-HDkC96uyLCBu9Z4yU4Q,2025-10-28T02:17:38.288162
4ad1cc04-88a9-55be-bbff-b6cea830121f,triantafilloumd@aol.com,,True,,1,id2Df4yKyYDJUL7WNpEYA4aw,2025-10-28T02:17:38.389915
7cef2984-28ab-5f72-bc25-fc9dd9263faa,giliyar66@hotmail.com,,True,,1,idBJtLt7866CNovItIRQOEow,2025-10-28T02:17:38.554375
61a46547-9e97-5ab5-840a-4037e843315f,careclinic911@gmail.com,,True,,1,idd34FKDq0RTHv77A9nZScYA,2025-10-28T02:17:38.723311
0fc489be-1ab4-5298-a88b-e59cfe116a2b,franklininternistscare@gmail.com,,True,,1,idZogWA08aGJHGvhMqwtlsKA,2025-10-28T02:17:38.891968
9dec2228-e4de-5292-b447-88566d539f55,hudsonpain@yahoo.com,,True,,1,id6ohpe0Y5bVwfmLpAMLpiYw,2025-10-28T02:17:39.063340
d954cfd6-fb38-51d5-adf7-d54eae06f4f2,dhillonpediatrics@gmail.com,,True,,1,idvzHkOcyeuYnveN8LB1ecrA,2025-10-28T02:17:39.225669
56e00554-dddf-58b9-a4c0-0929ce308014,raji.ayinla@msn.com,,True,,1,idtX1IYsPohfdSnDJILNUBdg,2025-10-28T02:17:39.393590
5e22fd63-0936-5826-9017-5cb57ef8ca4c,support@ehiehr.com,,True,,1,idwBaiQSnlt67.YgskGTjgPQ,2025-10-28T02:17:39.556055
6232e395-0676-523c-94d4-d82b5f990897,betty@freedombiotech.com,,True,,1,idaa6KxkolBK.J2rzGWWbl3Q,2025-10-28T02:17:39.718458
2410bf73-59a8-5d00-8036-f3591a5b43f8,dr.ramosobgyn@yahoo.com,,True,,1,idHBDYWWHkGQv6f7p9lrk4Tw,2025-10-28T02:17:39.884697
acc0eb57-e050-5828-a26c-cf150f763fdb,mpatel63@gmail.com,,True,,1,idfkhiQ7UBduuQ20-f0ZqzDg,2025-10-28T02:17:40.049464
21e7c943-79fd-5b2b-a44b-0c44cc3c85dd,sternm22@gmail.com,,True,,1,id0Kyqv6LDs.wH2yovyNjEgw,2025-10-28T02:17:40.211453
c91e91c6-7551-5756-a87c-ecb9b2d0f835,schanr@aol.com,,True,,1,id46FwqDmyH7Zi1D6afVdDuA,2025-10-28T02:17:40.374011
6459e497-bfd6-5956-a0b9-f52c8fb9987f,niru28@hotmail.com,,True,,1,idqssgzhDz537plpxIMy.SYg,2025-10-28T02:17:40.537043
6f5554e2-7dd6-5ef5-8169-0606bb974c94,aygoldman@hotmail.com,,True,,1,idF.vdnzLIv1o1scy0aOXoEA,2025-10-28T02:17:40.697760
33fc5756-95d3-59ff-816a-b57f10004b6f,DOCSHAHS@GMAIL.COM,,True,,1,idMyDFn2PLBnClGl39Fyjslg,2025-10-28T02:17:40.868856
942af72d-56a9-5d06-a426-901387bba72f,yehararu@gmail.com,,True,,1,id.cX..gNb-ZDaBNrsDRSYTQ,2025-10-28T02:17:41.035387
033815a8-f303-5c24-8dca-9103447fcba2,karishmans@aol.com,,True,,1,idhexFXpbJRNPruW3NoZAVBw,2025-10-28T02:17:41.200132
d0172c59-3d1d-512e-836c-f017f26b6ebc,baysidemd21616@gmail.com,,True,,1,idghSTY7Zsks-356mBcu0pyA,2025-10-28T02:17:41.363999
6dd32fc3-a98f-50d8-a122-ef460be0c5b8,cardiacareofny.manager@gmail.com,,True,,1,idNzMbAdw-0v4Uy1K9SNCipA,2025-10-28T02:17:41.524357
275fa485-9a5a-5527-8730-f6f8c2f5e009,IPATELMD@YAHOO.COM,,True,,1,idm9Is7vDuSGFum7qMQMVX-g,2025-10-28T02:17:41.686040
4725a8a8-c14c-5f3f-8f2e-d006e7b307d5,etroulakismd@aol.com,,True,,1,ids0FX.5DI7kazWuTD9eME7Q,2025-10-28T02:17:41.850822
a178341b-8c7b-5ad3-946c-7b41530a0b3a,JS_pena8@hotmail.com,,True,,1,id0ARE5JJfZ.OfR6bSHtHVWQ,2025-10-28T02:17:42.013269
97a60ee1-bf84-57b2-850d-c2e85c868c2e,vinu50@hotmail.com,,True,,1,idiTCmM5pn1frWiC8WGiKe8Q,2025-10-28T02:17:42.175751
dadde22b-9658-546a-9304-f0d54866ac69,934bmfa@gmail.com,,True,,1,idwaqX.exKzbiR9hcp06W0sQ,2025-10-28T02:17:42.341809
f6a4d0b6-9d50-5e4b-8274-4c796eadc3fe,henryryngel@yahoo.com,,True,,1,id8vnxRnCRr0Vmk5DZ6v092Q,2025-10-28T02:17:42.514595
dca2fbd4-1d63-5653-acd8-3451939bb0b7,govind.k.mehta@gmail.com,,True,,1,idoQYMj3CfPsOTv5r9Sef60w,2025-10-28T02:17:42.681230
31640122-ea32-5786-8641-8dafdf6b11fa,hazarianmedical@yahoo.com,,True,,1,ids0jvdDCoifuG6EvKWqA6Jg,2025-10-28T02:17:42.857137
bdfe7269-3255-5cc0-8221-bb5682c9f72f,kmapatel@optonline.net,,True,,1,idJ7uYtncz7Z5Gw-IOpjPyBQ,2025-10-28T02:17:43.025079
ddfc64cb-0b08-520e-8cac-e64bbe8eed12,sally.cjss@gmail.com,,True,,1,idOhPZXg7jVHlgG5R4rNg3uw,2025-10-28T02:17:43.185319
e86b8a48-b5d0-57e9-9b8e-9f237ff8156a,mcruzmpa@gmail.com,,True,,1,id0THVRMQRvzO0.cxHje-yRw,2025-10-28T02:17:43.348161
577d5f36-200e-5835-afc1-aa0c841d0c59,ahamletmdpllc@yahoo.com,,True,,1,idxJmqp-9tcY0fueKtF1MlMg,2025-10-28T02:17:43.508425
988555f4-0272-560f-aeea-e107e303bef0,mirassiran@aol.com,,True,,1,idgrXbKQ7CJC4BCe2VXhfqdA,2025-10-28T02:17:43.666289
38d82cf8-2d25-5520-9de2-ee295ef05798,support@ambsi.com,,True,,1,idmf2Y8nh9zJ8HbhNRiSfOCg,2025-10-28T02:17:43.847712
39e1ffca-6bde-5551-99a6-d51aa3d49ad0,ram.vis03@gmail.com,,True,,1,idUEcw7VjUDCVdVpSzmyqD2A,2025-10-28T02:17:44.014936
e93ceb0f-f7c1-5b87-85e2-b6da9d463f1f,vinobdoc@gmail.com,,True,,1,idEjvBqRTC-i75uE6JoRJQ.Q,2025-10-28T02:17:44.176059
2d29f822-45b6-57c8-97bf-91a30b882aa9,jgrietsell@gmail.com,,True,,1,idL5EATZPwxs7ZMuXJnFIinA,2025-10-28T02:17:44.340287
9abf756c-3f67-5a5e-977e-a6173934b931,haddadspc@aol.com,,True,,1,idUPRDlhQMOz.UZyhrT2cCOw,2025-10-28T02:17:44.501748
448982be-693e-5c4d-ab73-e9a297171164,badia.alba@yahoo.com,,True,,1,idyrD7gMne-jL9qnWQotH2wg,2025-10-28T02:17:44.670544
825fdd46-162f-5be1-ab4d-33a5b32cdf0a,passaicpcp@yahoo.com,,True,,1,idZLI4xnAt43PPA4pbGEBk3w,2025-10-28T02:17:44.838113
264123a0-0c26-58b0-a956-e89deaf7ce38,rajbirchopra@aol.com,,True,,1,idgWfUpK8cjD4GGtnPIGEJtQ,2025-10-28T02:17:45.000086
d31dbb5c-fbf4-53e4-b8ee-98bc7d80d7a3,monicayanino@yahoo.com,,True,,1,id18UY85fdHlH95ECIoizjLA,2025-10-28T02:17:45.164391
1eb4207d-b397-5677-882c-a92f60c9214e,vishnuarjun4@gmail.com,,True,,1,idVbHKtimz2MsXuepgs.0klg,2025-10-28T02:17:45.323634
a790960b-a004-52db-bded-ef87c87151a3,physiciangi@gmail.com,,True,,1,idIZivt8nG19ax3NwHLVIumQ,2025-10-28T02:17:45.483199
ac32a06d-105b-56ec-aa83-0b863164e29a,nehabangia2014@gmail.com,,True,,1,id5ewjdzmKHQ1R4unG3UvzJQ,2025-10-28T02:17:45.641456
daa58d28-e116-5192-9db0-7e2c296477d8,support@ehiehr.com,,True,,1,idcFzmzx0mtHYUnWpFLKm0hQ,2025-10-28T02:17:45.802612
254209cf-3304-5760-96ba-3f2ca99ae33c,pfp1527@gmail.com,,True,,1,id0m4PfuAU4rKNGLwzvXGI6g,2025-10-28T02:17:45.961089
beeb3fea-8ac0-5417-99bc-c1d64c020fc4,montoyaedward@hotmail.com,,True,,1,idmb9rgBgfsg2TEzdC9zRZFQ,2025-10-28T02:17:46.120070
4d815fc6-cc34-5acd-80b5-c378f417ca99,CortesMedicalCare@yahoo.com,,True,,1,id9jZf7qX4L00mZFnqwkyINg,2025-10-28T02:17:46.294853
9ecd3e09-1647-5799-83db-08044a7f25e5,bahkami@yahoo.com,,True,,1,id7Zf6SfOrcEB-7uInJX1mhw,2025-10-28T02:17:46.456574
607c9aea-7adf-5633-b3a9-dc59c302f732,pedoffice@gmail.com,,True,,1,idofRm21ks6PvsUiuarktKyQ,2025-10-28T02:17:46.618415
32e25922-d4fc-5eac-ba17-744b7dc86123,grg250@cs.com,,True,,1,idl2141ngnjDNlXMWtv6kTdw,2025-10-28T02:17:46.779455
436fdd9a-8411-5a8d-b33d-e811c7b19f50,edilma.qm@me.com,,True,,1,idmZK1GNE331DEb7VTaI93Ig,2025-10-28T02:17:46.938983
dba67720-1011-527e-87ab-6282d6809d58,support@ehiehr.com,,True,,1,iduzitE30F0yqrYoiPNW4zKg,2025-10-28T02:17:47.099032
1d94a667-115c-5541-a291-04601c1a4b6d,mty1990@gmail.com,,True,,1,idjJAU0iUqxaCwto7SFisO1Q,2025-10-28T02:17:47.257910
05ab2471-1871-5e42-9826-ba565514c4c6,tthanjan@yahoo.com,,True,,1,idiDTR-xHUPbaAXhJKcYazTA,2025-10-28T02:17:47.416774
e8ac1f31-cdf3-5f55-ac52-d69ca00cba04,kims@cardioshoals.com,,True,,1,idOfvNiZQ3eWlpm.O1gHephw,2025-10-28T02:17:47.578822
2d36e06e-aa25-509c-96c3-21d13e446a85,drsofnj@yahoo.com,,True,,1,idzUG7w112MNV14JPamxd2XA,2025-10-28T02:17:47.736821
2f9ee407-54ec-5c67-bac0-9b25e548600e,primaryhealthcarellc@gmail.com,,True,,1,idVDGaITBUW9eTucOcIGCgLg,2025-10-28T02:17:47.875108
0dc1ebaa-0083-5051-a8ee-28c35a481a18,ewongd@hotmail.com,,True,,1,idhMhMJ7PVve3EJBrDUH.2ig,2025-10-28T02:17:48.035461
63f354e4-514d-5497-82c3-97988818f686,myfootandankledr@yahoo.com,,True,,1,idvWfMxoKYLusUcgXWihFhHw,2025-10-28T02:17:48.197120
02b5608c-21c3-5689-a5b1-21ba3efb4cdb,cymedicalcare@gmail.com,,True,,1,id9MWvi-e0CcLbAac0n2wvAA,2025-10-28T02:17:48.353391
b1accd42-96ad-52d1-a364-1dfc7b42a6a4,golali@netzero.com,,True,,1,idXxigcSPkXN-EDZjIvPhqHw,2025-10-28T02:17:48.512589
1e0ac425-0bb2-5063-8066-6d7c4a662aa6,drfocazio@gmail.com,,True,,1,idvVtXVb1lBzmRNQlju3NkTw,2025-10-28T02:17:48.670529
eac2e660-5f3d-51ff-a711-ef401121020c,kunyve@yahoo.com,,True,,1,idNLzTkzAux6pgZbKtL1wqdg,2025-10-28T02:17:48.829283
8f238d2a-4bdf-515c-bdfa-8c630ace0f20,harshasahni@aol.com,,True,,1,idcaTQfR-9OCtAy9bF3oWGGA,2025-10-28T02:17:48.990781
047721e3-7c46-5667-89d3-017f7c84dbf2,jnobgyn1@gmail.com,,True,,1,idcNQWF3797Z7UCPE.VomVRA,2025-10-28T02:17:49.153860
213ff6cc-db74-5da4-a2f5-53895ce53a95,greenburgpeds@gmail.com,,True,,1,idTKuQlBfYiHDFVej4E2USHA,2025-10-28T02:17:49.312930
b7350580-cdfe-51d9-be73-25ba63001c0a,ranazariomd@hotmail.com,,True,,1,idD5qQ-14Xyj5ynFyzULLY1g,2025-10-28T02:17:49.474360
87fd6b9a-773a-59dd-9e18-4817572c3818,indaramoffice@gmail.com,,True,,1,idDzaBhtibB.5yRa6gqTlf9w,2025-10-28T02:17:49.633825
eb961771-7037-508a-acf0-5cbc15815611,devellameena@yahoo.com,,True,,1,idYffSBltvqTRiukSeLk7Xjg,2025-10-28T02:17:49.792632
1c8dc6f5-b24c-5e50-8482-d61969b39368,kmzrmalik@yahoo.com,,True,,1,idSSYDKjvhIcyxRjpLTBy2NA,2025-10-28T02:17:49.952057
65f83cad-e696-57dd-80c4-e3c55cf078e7,lblake@multivizhealth.com,,True,,1,idBD.pkoTrJF6Lz6vNQYZyRQ,2025-10-28T02:17:50.109623
64218740-a5fd-5fda-a313-8e1ba211603b,drobuz@gmail.com,,True,,1,idJV9g06qMjrHpjYUUbk37YA,2025-10-28T02:17:50.268994
814306b5-cca7-50e9-8090-c10ebeaa4552,fehanna91@gmail.com,,True,,1,idhv7Op1JuohIDiyFAbrkrXw,2025-10-28T02:17:50.430938
7d1124f8-a989-5998-bb82-5e3a16d5e0e1,jdeantonio1@gmail.com,,True,,1,idyLekQDWBXAbhkF76Sryfxw,2025-10-28T02:17:50.589933
1a8acd04-6d77-5269-a78d-644234930767,parkslopemedical1@gmail.com,,True,,1,idXEMn9LaJh6owN8.WmSiC1A,2025-10-28T02:17:50.750160
393395dc-5e88-5259-94ac-62cbbe5be031,vasudevanr@aol.com,,True,,1,idfUYJeWsk6sb-E31fSivmRg,2025-10-28T02:17:50.906846
ff53cc2c-6365-5f64-afdf-00c914f3fb47,sa-mediical@hotmail.com,,True,,1,idkREVLFezeBUQn24dINqksA,2025-10-28T02:17:51.064221
10a3d559-2962-561e-9c2a-0aede5cd566d,etchuigoua@sdmonestop.com,,True,,1,idKtDoLUydS4g0oXc-Px9jyQ,2025-10-28T02:17:51.227560
6eea232e-7c07-51e3-b53d-3b62a76d7ee6,cr-106@att.net,,True,,1,idWcsaPrpdAgz2rHHjNhKg.g,2025-10-28T02:17:51.394468
57e0b4aa-4b65-590d-ac54-6ec9262f400e,MAHADKARMD@AOL.COM,,True,,1,idowZOmJEQMqV31QsD.De95w,2025-10-28T02:17:51.558364
a20cb719-607a-5ec0-9e51-7cc1a21c36b1,endony1@gmail.com,,True,,1,idU376KiH2rZeNQlmM.zrTxQ,2025-10-28T02:17:51.724157
1e286ddf-24f2-5c07-a35f-14ca803c57c3,drjeereddy@gmail.com,,True,,1,idvkmOu2XyobPAs5pdRx6Vpw,2025-10-28T02:17:51.886682
aad2f9e1-49da-5859-bca2-f20dcd52c5a9,modernnephro@hotmail.com,,True,,1,idjHBJl7uwLpm7Wj5KLck8fQ,2025-10-28T02:17:52.052511
8cbf360a-432a-5fa7-ad60-ed43736a8a43,roselandpediatrics@comcast.net,,True,,1,idcA7P3vq3r4eTg9Yvo9WPXA,2025-10-28T02:17:52.211440
7e664cdd-bc03-592b-bd2b-466e29c98b21,prasu1@aol.com,,True,,1,idx14llk0s7NTKp1AGMihXZQ,2025-10-28T02:17:52.373125
8e7439e9-2f98-54c1-be34-ee6261d8ae45,info@crossroadsmedgroup.com,,True,,1,id.oMBJm7TUati5txqYu9Qmw,2025-10-28T02:17:52.538171
69cb0169-8736-55dc-822e-2f67fd59051f,stacylee99@ymail.com,,True,,1,id-IW4bBghJ2yntJrz3mxq-w,2025-10-28T02:17:52.699614
7a8f8d3e-dc69-53fd-aed6-30b73b2e1cd7,drkaye3619@gmail.com,,True,,1,ideocKplrkjGoSgotq45pfeA,2025-10-28T02:17:52.863467
fe101fa9-9655-5241-9a37-37ddf8d125b1,rbaskharoun@yahoo.com,,True,,1,id5wEoJNxInFOUMwx9GhgRxQ,2025-10-28T02:17:53.028042
40297124-3de8-5169-9a40-d9a8547cbda7,M13SARAIYA@YAHOO.COM,,True,,1,idOXHeNyp.g2G.z0fNOl0ZJQ,2025-10-28T02:17:53.194142
70a99d06-d8e7-53ee-9937-eb780889fd66,support@ehiehr.com,,True,,1,idjdcuCZ-QqvYqgm90zqJEwQ,2025-10-28T02:17:53.361748
1a59792f-bca9-5739-b13f-95b049de5c8e,binita24@gmail.com,,True,,1,id13bfQlHF51xI0EEg5.7LXQ,2025-10-28T02:17:53.526853
666b1b87-e51e-5102-911a-376b726eb1cc,lw2100@aol.com,,True,,1,idtvGaGGCYBnkmJJ1YHbVr9w,2025-10-28T02:17:53.688500
a5c32b5c-a1da-5f7c-a725-02a957242dbc,marlboromedical@gmail.com,,True,,1,idx9mtMhpww0pUbiaM0lGTgA,2025-10-28T02:17:53.847812
be410d86-3177-50ec-aff6-a8b3ffb9dc65,edward@cmcmed.org,,True,,1,idPYNb27FzwU6PI5KgXejvbQ,2025-10-28T02:17:54.012052
1896761f-4efe-5a97-8e00-ecba72c54259,crosslanes@hotmail.com,,True,,1,idakAmpAEQde-Eq0wAgQW7fg,2025-10-28T02:17:54.172940
9446f7b8-f8d0-53d7-9413-9bbde39f6403,rafiq_chaudhry@yahoo.com,,True,,1,id6yEojs3TVMUaztRRgmrTTQ,2025-10-28T02:17:54.334542
e257ee0a-248f-59fa-baec-dbb8ebe2e7ef,mabdel8433@yahoo.com,,True,,1,ida3JQjCspbgq1TN5LF8dlqg,2025-10-28T02:17:54.495090
8d2ed8c1-7b24-5b59-a309-3f593b57debe,tinahuynh_2000@yahoo.com,,True,,1,idvoqKmK6c5W5D6auyc4EtBg,2025-10-28T02:17:54.654708
5197fe51-bded-5145-a9dc-ee638b67a9b8,mnannamd@cardiovascularcare.org,,True,,1,id6f0.Y0d5caCw4NFpyAfVbA,2025-10-28T02:17:54.823772
85a9c62f-01d2-5ee1-8458-600bb2574c14,bpr0620@verizon.net,,True,,1,iddMJEN-lXzbS8CQdZOHb0dA,2025-10-28T02:17:54.987186
6b3681c7-89aa-512b-840f-48312def0897,staff@cjmedcare.com,,True,,1,idJTSMMJwTh-lH.ZILv.Ltqw,2025-10-28T02:17:55.147764
976dc3f5-b75b-5bfc-8d27-7daa71e7eadd,ksmeena4@gmail.com,,True,,1,idY41IccprIIf82Htb7jpgtg,2025-10-28T02:17:55.314587
43bb5d61-6146-5a9b-9803-ed0ac51de92d,tejeiromd@verizon.net,,True,,1,idNB1auivM8DaepKdw8fXJNQ,2025-10-28T02:17:55.474057
c10d123a-9877-52dc-a805-b0e4828ea5a9,docwaw@aol.com,,True,,1,id0bjP.CVla93YLg7jc81qEQ,2025-10-28T02:17:55.634820
e2fec621-553f-5d82-94da-1ca13e1f0446,heightsobgyn@optonline.net,,True,,1,idQ1aL7RoDLWcbcS3PthyDsg,2025-10-28T02:17:55.794668
4028208d-53db-5917-bdc4-84f5e8ac2c0c,okyeniba@aol.com,,True,,1,ida3mOZVcGauRSw6OkrtR1Xg,2025-10-28T02:17:55.954388
a87cefbf-f91a-5267-aa16-48f16efe66f7,nmnaqui@gmail.com,,True,,1,idDhrWjJmHbvGNr6uTpuVKhw,2025-10-28T02:17:56.112691
43813666-c2ff-5e58-873a-4a2462e1a340,talallasmd@gmail.com,,True,,1,idHwXHw5SInp6PxjshQ2t32A,2025-10-28T02:17:56.270130
0cb74c6e-7e5b-541b-9276-338492eb219f,salilmarfatia@hotmail.com,,True,,1,ido85erThZSg-69BvR5303bg,2025-10-28T02:17:56.430174
e597956b-377f-5541-97a2-9ae76ea3a366,zasfaw@aol.com,,True,,1,idN.f4Tg5RkGtFFW-6-hPe.A,2025-10-28T02:17:56.595016
e254959a-0180-558e-bd98-310f9e2ce02b,dermacosmedica@aol.com,,True,,1,idMXKHehrbNOxYCam-oqUIog,2025-10-28T02:17:56.754599
90066b34-1267-5202-8b50-f8899fe60aa6,bevd1745@gmail.com,,True,,1,idG3Urwepc5T3tFlXb2d681w,2025-10-28T02:17:56.917354
17404653-1c33-5f78-b6e9-0886cb7ac29a,sgebremichael1@yahoo.com,,True,,1,idIw80Ufy-Fey-v7XCV7xgCw,2025-10-28T02:17:57.077506
8dcea8e0-23d3-5bc0-a1e0-329092b87968,wmedical1@gmail.com,,True,,1,idbXgolfUgzit2W1.W5EsfVw,2025-10-28T02:17:57.238935
2edfdb93-7bd9-5bcb-98c0-18c6c5aac468,support@ehiehr.com,,True,,1,idcT53HcDCh7Aej1ZsmN-D.Q,2025-10-28T02:17:57.397457
eb751e97-a0d8-5d4c-b587-a6956e248dc3,debbienci@windstream.net,,True,,1,idxxw1SW4NMQeWAqVxeiVPwA,2025-10-28T02:17:57.556428
5a4dd024-f44c-5696-9de5-a815e9839dc4,patersonmedical@gmail.com,,True,,1,idOOQHccI8XGLfmWDD8OqhiA,2025-10-28T02:17:57.714459
c2d11732-fbc5-5f05-8c35-4128ec0ffed1,tmcguire2@windstream.net,,True,,1,idz8Kj.19DGiivLSCxrLaurg,2025-10-28T02:17:57.876918
5b9ef405-d2ce-5afa-9c51-832102afa374,drajay50@gmail.com,,True,,1,idm76EE01oDL3mjEQ.pPaVvQ,2025-10-28T02:17:58.040568
15ab2784-fb5e-5f66-acfc-f417c8fce752,audi0413@aol.com,,True,,1,idL4H9bk-qKsDfJ4TqmQuKAg,2025-10-28T02:17:58.200842
54581126-3133-57d3-be6e-1593f483e2af,gbpeds@gmail.com,,True,,1,idCqcmYyLdCeDVD6OkWk-gvg,2025-10-28T02:17:58.358476
a34366a9-cf7c-5599-ada3-e44a8561f27d,drmblaise@live.com,,True,,1,idKFAfSVZM-YVkrw0Esehmyg,2025-10-28T02:17:58.517404
7bfb3141-e23f-5e39-8192-adfdd8ac216a,drmichaelplokamakis@gmail.com,,True,,1,idt6KtPvVauCYCh5oy7kubCw,2025-10-28T02:17:58.674193
1448c553-0a00-55fc-8869-604719673102,randy7@pablamd.com,,True,,1,id9xt4nJ5OZ.u4OCgzqGWwsQ,2025-10-28T02:17:58.833412
fbddeca9-4e28-580d-b19b-3573cebf321b,sujathashankar@comcast.net,,True,,1,idaQ9VrQH0AyIB-KPfyv-QSQ,2025-10-28T02:17:59.006570
3bd6e5fc-7c97-5597-9553-4a628f44f084,rbhatnagarmd@yahoo.com,,True,,1,id2E7nvuEHDxS1H-uN4PYoqw,2025-10-28T02:17:59.174502
4f3c89e3-43d2-5e26-a4c6-0a1f6216cb76,mlopez@ppucc.com,,True,,1,idmK3PFCFKqvA5l7bT6WVxGA,2025-10-28T02:17:59.339721
ca4791c0-d209-5ae4-ab99-2dc3e87881d9,annpawl@gmail.com,,True,,1,idysftPPxGzoM6bVvDQ4l5cg,2025-10-28T02:17:59.500636
f2d7f39e-3c1e-5045-b674-facb669121cb,intake@kare.io,,True,,1,idQUbNhBIe9zH2JMoROwwYGA,2025-10-28T02:17:59.660986
46914bc4-b4c5-5daa-aba9-7b9326499b7a,lazomdpc@gmail.com,,True,,1,idbj5P.vJN7cTctOdBuwSlRw,2025-10-28T02:17:59.822569
995d8c0a-9ea8-53cc-9d4d-109b9d17e5d0,mbhingardrive@ihealth-solutions.com,,True,,1,idBPxk2ny8PeoxddrqqQqDTg,2025-10-28T02:17:59.988912
22485dbb-cedb-5d2c-b766-b1da32ff3d05,mercerbuckspulmonary@yahoo.com,,True,,1,idqcz-rwLAETrYrSb35mzjwQ,2025-10-28T02:18:00.167772
58410840-5895-5663-b188-aa495f32eeb3,xluo66@gmail.com,,True,,1,idVMLj.z171r66QvB9I2WgKw,2025-10-28T02:18:00.331624
9d7ed885-9cb0-5bc6-9d5b-7c66c88d93b1,anabelasimonlee@aol.com,,True,,1,idHy2gSbiXJj9CD6hlbS.bAw,2025-10-28T02:18:00.495680
faf807e9-9a54-5c4b-a831-0df2983154e4,nmehta5455@aol.com,,True,,1,idd-7N38lt0QevKpMz1seGCA,2025-10-28T02:18:00.657452
5c8abe99-abfb-5615-9d62-4e5b001c1e52,hishamhajjar@hotmail.com,,True,,1,idnkxrMttoWCKEiD9H3uPKfQ,2025-10-28T02:18:00.818058
d525008d-2513-5c7e-a2f0-ee223387f58f,newagegastroenterologybusiness@gmail.com,,True,,1,idecb7qSbf6nTIzm7gvnzOQQ,2025-10-28T02:18:00.978477
ea75066a-d6ec-589d-ae3e-d6e9cb801a39,scharleston13@gmail.com,,True,,1,id5lQl2FjG2pDcckHxrc21FQ,2025-10-28T02:18:01.143736
a9464caa-7275-527c-94cf-0777f1f3ee3f,bestmedicalcenter@hotmail.com,,True,,1,id9GhP.1p5okxfpCdu0QqBNQ,2025-10-28T02:18:01.309352
e837152d-0bec-5c2c-9679-2de8551e7a21,essexrenal@gmail.com,,True,,1,id.roCak7u5xlZiFNuC7WTTw,2025-10-28T02:18:01.474700
acb67828-415c-570f-8b7b-8cfb8d4d1a16,zahidaakram@msn.com,,True,,1,idYX-X76P9vR-EyRhDWCUSYA,2025-10-28T02:18:01.643415
81219344-cd04-5ea8-b269-448506e3fd8c,doctormensah@hotmail.com,,True,,1,idjR4OUqT5z3cwy0i6r0MXxg,2025-10-28T02:18:01.810891
f7648532-aff7-5fa8-b20c-e3222ef71888,dr_vtpatel@yahoo.com,,True,,1,ide22Ibbg3pD.quKQgQywaNQ,2025-10-28T02:18:01.973059
77fe62d7-bc3c-51c5-99b0-ac83f99eceee,footdoc82@aol.com,,True,,1,ideko3KQUrGJFWQmDynWLtkw,2025-10-28T02:18:02.134629
c893c497-863b-5881-a489-597d46c2f8d3,ashikraval@yahoo.com,,True,,1,id3fbzFmsAIEnZgFkxrh4fzg,2025-10-28T02:18:02.295450
a3d2365d-47b8-53f2-bddb-254fbb2de4f2,anjanadravid@yahoo.com,,True,,1,idGMTPdTkdxMH9YPqFTw7N.w,2025-10-28T02:18:02.456091
721ed890-181f-58be-841f-bb4c39264d6d,cliftonpediatrics@gmail.com,,True,,1,idVeYlzoXNrnMtOXbNEnHcAw,2025-10-28T02:18:02.616723
ff7be79a-c2ac-5e18-8dad-615459f081e7,dpatel0816@gmail.com,,True,,1,idyx-49C-ZjdwUrV5GZN4Sow,2025-10-28T02:18:02.781560
b234347e-72c5-52ab-8007-d64928222351,sjurogyn@gmail.com,,True,,1,idlPxRl.e.Le9rVu2IpYkz-A,2025-10-28T02:18:02.971095
1e8cfe53-09b0-5a9b-b554-d8182e7bf9de,boiseybarnes@aol.com,,True,,1,idKa-eNh6BA5INuy9Sbhfh8A,2025-10-28T02:18:03.140619
926c29a6-5c1a-5ea9-9bb2-9012995db89c,cedarbrookcardiology902@gmail.com,,True,,1,id8ibkPai89ImQ7mPTiTBqRg,2025-10-28T02:18:03.303327
c660719e-6368-5965-849f-b724a6df166b,support@ehiehr.com,,True,,1,id-5mF26f84nJpSgF8h6Ce4g,2025-10-28T02:18:03.473213
c9ab303b-ea70-56fd-b87a-adb97653d82f,arshadalichatha@yahoo.com,,True,,1,id3xnnkXT1yAzgr1PToWAl8g,2025-10-28T02:18:03.633584
fa883973-cfd7-5aa7-880b-41a4470510ee,etag50@yahoo.com,,True,,1,idIBOVl5qabiXZBC8ak.DcVw,2025-10-28T02:18:03.793523
529b61f4-c26a-5d49-9464-8c3d4db0a532,drahinds@aol.com,,True,,1,idmV15rXjoQxwV7XF1XZqdng,2025-10-28T02:18:03.954262
a2b8f049-442e-5caa-ab20-763e78a53af7,SSAHNIMD@YAHOO.COM,,True,,1,idAznC.XdebAtFsWHbsdaOnQ,2025-10-28T02:18:04.116773
0a55e268-270b-5c8c-88da-59ba391f4556,pedspluspediatrics@gmail.com,,True,,1,idHVERzQ0s5LsQk9JI5x29oA,2025-10-28T02:18:04.281611
3c7163b9-9318-59b9-ab0b-7a744f200ea0,genellanos@verizon.net,,True,,1,idEQKTckPmRnXesvHeBKxAoA,2025-10-28T02:18:04.505271
f608bf85-41f2-5c5a-a15b-ab41cbeb383a,info@DanielCameronMD.com,,True,,1,idyjHdOdK6AGDM0qJhlNEkJA,2025-10-28T02:18:04.675886
2056b616-5f6b-55cd-a46c-25551d2651a9,drmahbubahmed@gmail.com,,True,,1,idwjHiLgC.-7DlKxShHmlscg,2025-10-28T02:18:04.842316
1262cf5d-3882-5bb4-a05f-e3ad2887d680,ravicp1@hotmail.com,,True,,1,idAW5SMRyoJ8eN76NKFyrULA,2025-10-28T02:18:05.019545
a5ec4b4e-230b-584b-8963-f03f4356d586,dr.awad599@yahoo.com,,True,,1,idoUt-nGTJB6n6HLA4IgD0xg,2025-10-28T02:18:05.187163
2af0189d-5c37-5577-87a7-396cce5a87dc,ervido.mejia@gmail.com,,True,,1,ido7T8lQO.rke526q2V2tp7g,2025-10-28T02:18:05.351976
f06f4668-9340-53af-88a4-2b7895496d17,drhemantpatel@gmail.com,,True,,1,idVD6VAXSyKMH7E3-GSEylNQ,2025-10-28T02:18:05.518460
5c21ea9b-5ee5-507e-98f4-76ae03c796cd,drrhodes@alliedsupporttech.com,,True,,1,idKHQDBbSRdQmM6vv8nIBBsQ,2025-10-28T02:18:05.681831
dfc7d635-eae3-5304-adec-a8e1158d5f1a,neuro631@gmail.com,,True,,1,idt3OtfrQZxzy4vbjGmmaXZw,2025-10-28T02:18:05.847805
bf7fb850-7569-59c1-a3f8-f962927ad43d,geomedicalcarepc@yahoo.com,,True,,1,id8eiEqlRnruEy.OgEwPwYYg,2025-10-28T02:18:06.010639
5992d8a8-4c6d-5647-9e9c-0468edb5a441,ffm1225@ymail.com,,True,,1,iddPGmZU5GEf-pj09.DCwSxw,2025-10-28T02:18:06.175612
cbe81acb-d52c-52ee-9d9f-d25a93fd6b5a,a1medicalcare@yahoo.com,,True,,1,idLIFrZVyDOx6mGNcpWUOz1Q,2025-10-28T02:18:06.339320
6854e807-2459-563b-98ff-793d0348d95a,cityphysicianspc@gmail.com,,True,,1,idnSqhjany480NOROE9hvpyg,2025-10-28T02:18:06.500955
6e17500f-4c78-5749-815b-5322d915a595,NEIGHCLINIC@GMAIL.COM,,True,,1,idca4ZFWPbHpGNNdWEeSfn4w,2025-10-28T02:18:06.664321
452b6ac3-00b7-5a92-9174-3b8155ee109a,ogoloc@aol.com,,True,,1,idpoxhHlrJYkWQ5g1QzD5hKg,2025-10-28T02:18:06.836618
bb114300-46f1-5594-814a-4ba202f8c67f,jacquelynafari@yahoo.com,,True,,1,id2fl9w1dYn6VdV4fxIXsgSw,2025-10-28T02:18:07.010635
b1f79fca-2319-50f8-8ca4-480c7f2a90c5,tytelsophia@yahoo.com,,True,,1,idKFmRyjbgdNMN1PbGAlP0Cg,2025-10-28T02:18:07.174609
62301d58-c23a-54cd-abb2-0c143a7c00dc,newmedicalmermaid@gmail.com,,True,,1,idE8dsb6qrtzi-p0s2L3rF4A,2025-10-28T02:18:07.338766
709e4e9b-3803-513f-bec3-76be6d27d46f,support@ehiehr.com,,True,,1,idMq9Z46TxEhyFec-.wOyWOA,2025-10-28T02:18:07.503891
58c146ec-779c-5be9-af16-a6f792d8b8d8,707southorange@gmail.com,,True,,1,idy3RqyRqIyjNz9LMfMdGFkA,2025-10-28T02:18:07.665504
23120ec6-a012-5202-b0a8-dc3fd0cf0e92,support@ehiehr.com,,True,,1,idLfdWLjCXXHVPBQqb.y7Gwg,2025-10-28T02:18:07.835657
612586ae-7f87-5ef8-948d-ba1736bf0dcd,natmd2017@gmail.com,,True,,1,idK5E-bXleclF4m-Xdl6BYuw,2025-10-28T02:18:07.998632
6b300a84-a9f1-522a-b426-3b7147688d34,mzbasta@hotmail.com,,True,,1,idOb-JHh41gE-VJjuBr5SlOA,2025-10-28T02:18:08.162824
724713cb-39ac-50a9-8dd3-6dfa639f70b0,mezgebehaile@cox.net,,True,,1,idIYVIewub0AHUL--wh4Mw4g,2025-10-28T02:18:08.326631
fc7b514a-4a1a-580e-9d64-6fb022244b60,mtariq1948@yahoo.com,,True,,1,idhJFMEC.S6OwxTbo05aoIgA,2025-10-28T02:18:08.488915
afd43c87-1bb6-5e1e-8cb9-4eb1b2bcc0f5,ghalibacha@yahoo.com,,True,,1,idoN5JvjaTDzm4LP4YmnuQFA,2025-10-28T02:18:08.655933
86b976cb-93b7-5302-b38d-29a16238031d,dramolshah@gmail.com,,True,,1,idrnAdKaNYW1gbHpS92.8BIg,2025-10-28T02:18:08.820414
74c39d9d-80a1-5fab-921e-63df18849fe8,aliafz44@gmail.com,,True,,1,idTIof8wjORSPXxsJ-gvytqQ,2025-10-28T02:18:08.991573
f75193a2-8789-516f-813c-29fb7229eea7,arvind48@gmail.com,,True,,1,idhbXqMe66cAFbSgwkWH7Qsw,2025-10-28T02:18:09.155753
6aea80d7-7b6c-5490-b52a-3ad390a59e96,mmyanni@gmail.com,,True,,1,idqYKSnoxJVLDEAF5ehxYruQ,2025-10-28T02:18:09.321930
a44c59b6-254a-5aab-b9f0-9ce6686512c9,sapna.nambiar@gmail.com,,True,,1,idjJXMalZ-h9PRezegdbc6DA,2025-10-28T02:18:09.490562
15bf65f4-136b-5b9e-8866-68442ffbe28d,mmessite@progressivecaresolutions.com,,True,,1,idKKvQTTTGE.1z-QrhkRP44w,2025-10-28T02:18:09.653270
44c42116-28b2-5682-b7f7-96b139d956be,customersupport@revolutionehr.com,,True,,0,id.LR12yedZb-RNmWZ9udyDg,2025-10-28T05:35:53.924350
fa1eed62-46c8-5c6c-91a9-0c1675ac725c,customersupport@revolutionehr.com,,True,,0,idkTRCM1itJbSf.0g0jTRUDg,2025-10-28T05:35:54.177884
57be2012-9067-59ae-9dd3-5bde613684f4,customersupport@revolutionehr.com,,True,,0,idE0ey9Y2Da-UAxpUaappGcA,2025-10-28T05:35:54.422342
8180247b-d8fe-537a-8c9f-094b09807b59,customersupport@revolutionehr.com,,True,,0,idnUUj.nwdLisYw8LoEUIr8g,2025-10-28T05:35:54.641169
245cc989-7200-5684-b983-2ef9f421f531,customersupport@revolutionehr.com,,True,,0,id7D5MbYWVnHZgNitqqpgiyA,2025-10-28T05:35:54.898246
c339b963-2b69-5803-aa16-30f0a4691f96,customersupport@revolutionehr.com,,True,,0,idhjbyygbQPuMMOex6r7weuA,2025-10-28T05:35:55.124546
0860e1d5-bd23-5405-90a8-c898fd296a64,customersupport@revolutionehr.com,,True,,0,idyekvFA.nsj03FW8CUYaONg,2025-10-28T05:35:55.359547
f52a13c5-9bac-5180-b394-9a008c0519c3,customersupport@revolutionehr.com,,True,,0,idDxmh-KeEMfuvRdou-FR3pg,2025-10-28T05:35:55.592305
bdbfc339-d62e-574b-a1dd-f96ffdc5640d,customersupport@revolutionehr.com,,True,,0,id0YS8CU6FxcuJxYdfs6Id8A,2025-10-28T05:35:55.952470
e36ae736-a1bf-5474-90ff-e03bb9100930,customersupport@revolutionehr.com,,True,,0,idaiiizl3TQdo.iN83AZhKUA,2025-10-28T05:35:56.176896
4299a7dc-b6c6-5492-977c-54a7d794c701,customersupport@revolutionehr.com,,True,,0,idGtpOtTvtjKrkTa2Vf.ONXg,2025-10-28T05:35:56.395001
0ed0a0bb-17ee-5e7c-b15a-1910b2f54ce2,customersupport@revolutionehr.com,,True,,0,id8fddE0QDJA9FoXC1KceFZQ,2025-10-28T05:35:56.615841
8aa9ec36-344a-5a85-a174-f1a62d9193af,customersupport@revolutionehr.com,,True,,0,idY.OgxvGt5CCKFA948j8sCg,2025-10-28T05:35:56.896022
cc72efbd-f240-575d-b6e8-7e2667bbafe3,customersupport@revolutionehr.com,,True,,0,idLyFxhzyRlnX.CtNxRsMZyg,2025-10-28T05:35:57.120313
866f79e0-38ba-52f7-895c-e82032fdb224,customersupport@revolutionehr.com,,True,,0,idtob9f8uet433KpIhfUBDzg,2025-10-28T05:35:57.343246
9f3dd369-5d40-52c5-a260-6db73d483a92,customersupport@revolutionehr.com,,True,,0,idZuwWcYxPHTHyxdsLmwnDww,2025-10-28T05:35:57.576658
38a015e0-7573-573c-9f37-f1375f425b79,customersupport@revolutionehr.com,,True,,0,idq4JuhLDgI1.fWIaeEj1isA,2025-10-28T05:35:57.820149
c49d9d0c-a590-5fdb-8c71-a0638a30f6f7,customersupport@revolutionehr.com,,True,,0,idB5ReJIa4hE4PRutOQw-ppQ,2025-10-28T05:35:58.061109
b13602dd-5911-5255-94ba-7005cd8a97aa,customersupport@revolutionehr.com,,True,,0,id-kj-1GxBNKCFgzAXPdZdCw,2025-10-28T05:35:58.272207
a8ff0e40-683a-5879-aa88-20bc7bd81840,customersupport@revolutionehr.com,,True,,0,idKxzjvJ-ouV073thZVm6Yhw,2025-10-28T05:35:58.480449
18956859-2414-5639-bcc6-0f95a681919f,customersupport@revolutionehr.com,,True,,0,id1J.sq96r.9bJUHrx0tu43g,2025-10-28T05:35:58.690466
e1550da4-341b-5b41-b22c-585a3c786365,customersupport@revolutionehr.com,,True,,0,idyimW.VUcONsB352NIotnxQ,2025-10-28T05:35:58.900724
4fa49b18-2591-5e86-bf1e-c3c6482e37d3,customersupport@revolutionehr.com,,True,,0,idJbJJ6vAkDlNd9K8DP4WeAQ,2025-10-28T05:35:59.108100
d88e86be-12e4-52e8-8379-11b2b2c9547f,customersupport@revolutionehr.com,,True,,0,idejaSOMvahEZetiNL46RjNQ,2025-10-28T05:35:59.321318
5dd5ec2e-9b47-59fc-bc79-a08cfda6620c,customersupport@revolutionehr.com,,True,,0,id.NwgQYZjCKsg8MCuPcD3ow,2025-10-28T05:35:59.529032
ae398e25-8f34-5273-ac62-43d82d4eaf7c,customersupport@revolutionehr.com,,True,,0,idRwmSqZtv1RBpqfuPzjtEwQ,2025-10-28T05:35:59.737380
54078326-ea83-5736-926d-a2c1b0603efc,customersupport@revolutionehr.com,,True,,0,idvYBGIKaCteb6wU0uW1JBSQ,2025-10-28T05:35:59.984001
cec5713a-73cd-57bb-908e-ba86f267bd63,customersupport@revolutionehr.com,,True,,0,idW7UqWDel6TTZWpBLn.ASzQ,2025-10-28T05:36:00.238273
67570fae-18de-50fc-9082-dc2185d2b16d,customersupport@revolutionehr.com,,True,,0,idBOINswNGUkN3jDnWS.HqGQ,2025-10-28T05:36:00.455364
6bef2d57-f55d-55b4-ae79-bbdba46377f4,customersupport@revolutionehr.com,,True,,0,idQ3AmfFZSDBe8lpqmavcE8A,2025-10-28T05:36:00.669151
0576d048-7cad-549a-862f-11de50984f26,customersupport@revolutionehr.com,,True,,0,idrDakwQKOXPyebNOn6gLOUA,2025-10-28T05:36:00.880909
58e3bb2d-4f68-560b-9781-ad15e76a845e,customersupport@revolutionehr.com,,True,,0,id8eKZFHgzQuvJQfxap868Zw,2025-10-28T05:36:01.102579
3ab4b54d-542b-59cf-b5d1-1427dcbede97,customersupport@revolutionehr.com,,True,,0,idpiD5A4hv7EwBTPdgAaBX.Q,2025-10-28T05:36:01.318512
66962d28-2062-5ad9-9292-ad478924a039,customersupport@revolutionehr.com,,True,,0,idqaK9A1vIHtYWTC-0MwcKVw,2025-10-28T05:36:01.542307
30d1e99e-e800-513d-b756-488a061bc8b3,customersupport@revolutionehr.com,,True,,0,idTDBzm3uhgmhCI0kIaACSag,2025-10-28T05:36:01.779425
3555ea38-9cfd-50f3-ab4f-3ca2f5978b8a,customersupport@revolutionehr.com,,True,,0,idBjmFETO4oUv0VXPBQw2LKQ,2025-10-28T05:36:02.011103
6de5bb41-7e6a-50a7-b95e-34813145c8e5,customersupport@revolutionehr.com,,True,,0,idWqg0-pKSm8CnNI0WQmRrKQ,2025-10-28T05:36:02.250313
6db84fc6-10e1-55ec-bb47-dc43e33511dc,customersupport@revolutionehr.com,,True,,0,idtd-Rx.7.4Y3n4EBSFIFFfg,2025-10-28T05:36:02.470933
2d121085-38ea-5230-b1c2-4e8d46be53b4,customersupport@revolutionehr.com,,True,,0,idBWxzpUeILIm90CDR3JcTeA,2025-10-28T05:36:02.685183
1d4de699-c39b-5264-865c-0b457f30574a,customersupport@revolutionehr.com,,True,,0,id.lhOcRHFBYaQzaAlnQMZJA,2025-10-28T05:36:02.898573
f6466e32-ec6f-5a78-a40b-1854b632cb9f,customersupport@revolutionehr.com,,True,,0,idqBscHvDDjpVtuD8yItw2HA,2025-10-28T05:36:03.115648
002b8c9b-d5c0-5dbd-b348-fd8bf292de7b,customersupport@revolutionehr.com,,True,,0,idOb9O73D97f9pIgbhjL9zMw,2025-10-28T05:36:03.343407
92b14efa-8ba3-5de1-9eb7-a9a127c27497,customersupport@revolutionehr.com,,True,,0,id.1KSkNLcGdnWoNnHeBJeYA,2025-10-28T05:36:03.571482
973b144e-e555-55f8-b4c3-f1897b6a5798,customersupport@revolutionehr.com,,True,,0,idlHzgP9EUz8bMzXRk5EvQPg,2025-10-28T05:36:03.781801
876bd20a-8f25-5271-8035-bb22c5da7e5b,customersupport@revolutionehr.com,,True,,0,id33.3UsXZE-No2Wg5DRz27A,2025-10-28T05:36:03.990412
f11c5bcb-f5ae-573e-9cf0-b231560e9f35,customersupport@revolutionehr.com,,True,,0,idKBexBAuycKk-aKqdWbvdww,2025-10-28T05:36:04.198910
c97be202-c2b6-5192-9e7d-265feb702e17,customersupport@revolutionehr.com,,True,,0,idXqbTBiUA0XuaD0VgqrbS-g,2025-10-28T05:36:04.417751
45ecdc28-203f-5ec5-bb42-296f0ec3cc8d,customersupport@revolutionehr.com,,True,,0,id0IXT51fnYklw7ii4oqQfjw,2025-10-28T05:36:04.644246
47f8146c-287c-57a7-91b9-97d78ab97580,customersupport@revolutionehr.com,,True,,0,idPKP0bZPSdDso9ZEKCzud1A,2025-10-28T05:36:04.862363
0d08a756-5f27-5aee-88c5-40ba56b5cc69,customersupport@revolutionehr.com,,True,,0,idzC4cm9y.uCpWNs6sTOxesw,2025-10-28T05:36:05.089163
e2f45367-e9bf-52d8-a8c2-5aee0fb67c1f,customersupport@revolutionehr.com,,True,,0,idE85qHJIYsvXbnMb2b0YZxg,2025-10-28T05:36:05.306878
ff3a840c-4163-5dae-ab7b-81ecc81a2459,customersupport@revolutionehr.com,,True,,0,idvLbK4wWIbM9OpyZG68pzVQ,2025-10-28T05:36:05.518950
e181dda4-7160-5613-8b9f-caf4c200bf14,customersupport@revolutionehr.com,,True,,0,iduI-XOyH9ts09lFxkEmyhwA,2025-10-28T05:36:05.728302
14f4fa76-ca2d-5af4-9893-4982ca9ef86b,customersupport@revolutionehr.com,,True,,0,ida01JjV4E0xBubr.nK8.Zyg,2025-10-28T05:36:05.938952
1ef12f5a-6912-561f-be22-cdb9dc5ea679,customersupport@revolutionehr.com,,True,,0,idOhfMNmBbs8UlLkZ-UcKzag,2025-10-28T05:36:06.156375
6a99abb2-16bd-53ea-a659-37d07724507d,customersupport@revolutionehr.com,,True,,0,idlM7M1yEmJMYC5shasFFTrQ,2025-10-28T05:36:06.392620
5df2a71b-98c4-56e5-9079-689b85ed0970,customersupport@revolutionehr.com,,True,,0,id-T6MRFbJaEcPQw36KxdoBA,2025-10-28T05:36:06.629835
90c1f58b-3061-565d-bbed-ffc02f9e9d73,customersupport@revolutionehr.com,,True,,0,id7VuLSx74QcxnkUB164HgWw,2025-10-28T05:36:06.858696
0b817ae2-7511-561b-8a3b-b2778ed59e1b,customersupport@revolutionehr.com,,True,,0,idMmnKqVoYFb41h2xKiHpRTg,2025-10-28T05:36:07.103141
2ccacb48-f39d-5c99-a6f0-d500bc903709,customersupport@revolutionehr.com,,True,,0,idr8har5b3UIOlt79H355N.g,2025-10-28T05:36:07.335632
65d38e52-0b4b-510b-a335-25d813e615a3,customersupport@revolutionehr.com,,True,,0,idTHepTk6V9HZsiIuyKrvv9A,2025-10-28T05:36:07.555614
f18df541-85ad-5c21-9ee5-e4a2e55b34f1,customersupport@revolutionehr.com,,True,,0,idpnCWHtTB0E3FD0JJVfi1VA,2025-10-28T05:36:07.768627
8137abed-92cd-5ddf-bbe4-756eb88bca79,customersupport@revolutionehr.com,,True,,0,idSxXlJcjYOPMBjaUtcsI7WQ,2025-10-28T05:36:07.982202
d00a545d-f6da-5f04-a05d-765a699b787c,customersupport@revolutionehr.com,,True,,0,idrsePwRTZVLQZZQmljsgt3Q,2025-10-28T05:36:08.198758
b5dcb5f4-b366-5328-8ec2-916ab6b7694c,customersupport@revolutionehr.com,,True,,0,idY6Cn.ODd5XB9SEwJ0PivrQ,2025-10-28T05:36:08.414435
b2cabcc4-f868-589f-9c66-3079f6ebdf7a,customersupport@revolutionehr.com,,True,,0,idYGqrumZfkOPugPwMErZ6wQ,2025-10-28T05:36:08.626349
2cc8abcc-c3a8-581a-bcf1-220a63da1a24,customersupport@revolutionehr.com,,True,,0,idBXwQWJ7Tup85jpwrNHKecg,2025-10-28T05:36:08.832539
26c80800-188b-560a-ba9d-1fba54813714,customersupport@revolutionehr.com,,True,,0,idqs93YF2nPFf9OithFWIzEQ,2025-10-28T05:36:09.046032
8cab7484-c442-52ce-aa93-f8d621950d2f,customersupport@revolutionehr.com,,True,,0,id28dzSwPImcCGBnFA2NIwFw,2025-10-28T05:36:09.257934
f2224c95-9d27-5ecf-bbec-f1bde8d6f0f4,customersupport@revolutionehr.com,,True,,0,idL6BKLBirEuJwLuu39jE.TA,2025-10-28T05:36:09.466551
33e8cde0-083c-5e56-962e-22747da1f7d0,customersupport@revolutionehr.com,,True,,0,idp5INVzaBfIqi0HNJN68OJw,2025-10-28T05:36:09.668383
f5418666-f824-541e-ab58-969c57db0fd2,customersupport@revolutionehr.com,,True,,0,idGsMaxaMmUA6VRwUVnFoaXA,2025-10-28T05:36:09.882484
3fd1d3c1-b97e-563a-b9c0-3a5fd890e791,customersupport@revolutionehr.com,,True,,0,idoQpedfFD6pYP9sczkN2eDg,2025-10-28T05:36:10.092076
3cb63763-7a0b-59d3-8087-1ba9a89a7741,customersupport@revolutionehr.com,,True,,0,idtIsrUti22eKmfhiOyfFCfg,2025-10-28T05:36:10.331133
61e9beb9-18dc-5cde-9015-be4568cc9a2e,customersupport@revolutionehr.com,,True,,0,idwdsR5jWTxCd-kuzWGgHUPw,2025-10-28T05:36:10.541406
ae6b9373-2d53-5482-a4dc-a3a304e69fbe,customersupport@revolutionehr.com,,True,,0,idcHUbNjaQ4l-b.g7yasY1-w,2025-10-28T05:36:10.751395
005bc196-b8bc-54bf-bcaf-a91fcdec811e,customersupport@revolutionehr.com,,True,,0,idYkXUjCE-LH44stUx5aZCUQ,2025-10-28T05:36:10.956769
9077ed0a-bdeb-5c28-9943-7e1ce4f694c3,customersupport@revolutionehr.com,,True,,0,idf24bC-oGmzlxZcUBKfx1Xg,2025-10-28T05:36:11.165674
1144b892-1ced-5f15-b532-1ef7954c4afc,customersupport@revolutionehr.com,,True,,0,idaQLf41oWc7GmyFqQdvzEJQ,2025-10-28T05:36:11.371228
45f22a52-baed-543b-9d09-4249ff4c7131,customersupport@revolutionehr.com,,True,,0,id73p67ovKJrpgXkMfKarrrg,2025-10-28T05:36:11.574632
4471e231-af65-5d1c-bf8f-598a3c0974bd,customersupport@revolutionehr.com,,True,,0,idnJOwmc37mWooGRRv7zPUYg,2025-10-28T05:36:11.800158
deb25f49-046e-5719-b2f1-5e13c29a7671,customersupport@revolutionehr.com,,True,,0,iduToQvFc5Zw3g2od5v-Kiqg,2025-10-28T05:36:12.097402
9031937a-d54e-5c44-ad88-7e42ad24b081,customersupport@revolutionehr.com,,True,,0,id3UHlPfBRaGjBI9cy91Rw5A,2025-10-28T05:36:12.347233
890b8bed-8d2a-5063-9f24-910b75adff8d,customersupport@revolutionehr.com,,True,,0,idJbVneYcWIgXyCD3juEjfCg,2025-10-28T05:36:12.576787
3ba5e5d3-3b3e-561a-8f75-5b1094e8c780,customersupport@revolutionehr.com,,True,,0,idqTq9fAlMWT0MUjgBGWtaXQ,2025-10-28T05:36:13.104915
3eee1d60-6cfe-5682-85e8-25bf0a2a4aa7,customersupport@revolutionehr.com,,True,,0,id0ep87RPet3Xx3w9IIfyGWA,2025-10-28T05:36:13.389654
3d80a6b9-6b8d-51b0-a3ad-9fb5a79559fc,customersupport@revolutionehr.com,,True,,0,idAVGxYYbdMIT2oeAlMB7oJA,2025-10-28T05:36:13.606831
6429e1d5-e677-5231-909b-2c376012f9c7,customersupport@revolutionehr.com,,True,,0,idrmGChu8mAp4wBjRterVcOA,2025-10-28T05:36:13.824909
a1c2f9e9-0ca4-5384-92d6-e2f981a0fb85,customersupport@revolutionehr.com,,True,,0,idUYLeQoKyVRX2vhYRfuFTTQ,2025-10-28T05:36:14.046096
5a1db872-d43b-53a6-8663-68b1f29714ef,customersupport@revolutionehr.com,,True,,0,idEGLbCx50frileOynU3kAiQ,2025-10-28T05:36:14.259159
67d04184-8012-552a-ac5b-46add58650db,customersupport@revolutionehr.com,,True,,0,id3V1ZqAMaXzmnXx1AJBi3ZA,2025-10-28T05:36:14.478633
cb52bead-a592-5616-8c1e-4ac0d75e3690,customersupport@revolutionehr.com,,True,,0,idGkZFenHy7ZgTKWHKIlthmA,2025-10-28T05:36:14.713443
8d2bf3e5-acff-5efa-8d5f-15b9413e1662,customersupport@revolutionehr.com,,True,,0,idKPO1TPC1P.hPffdh7WwwJA,2025-10-28T05:36:14.940206
a422ad13-971c-59db-ab15-ca3723e0c069,customersupport@revolutionehr.com,,True,,0,idNMh9RxXztuWT0lzXigNxtw,2025-10-28T05:36:15.160540
6ef088ee-1b8e-57aa-82d5-f48be86ce748,customersupport@revolutionehr.com,,True,,0,idiB22BqWbvBjCBLsTsPw1BA,2025-10-28T05:36:15.390985
69794953-74dc-54e4-9f58-efd8988cc9fd,customersupport@revolutionehr.com,,True,,0,idGJ-AEUYEQjZBnmiz.N-vVg,2025-10-28T05:36:16.216850
478c0ced-6056-5769-94b0-e09c4c680d26,customersupport@revolutionehr.com,,True,,0,id31pqoVGm5omTRS2BBxk3TA,2025-10-28T05:36:16.508962
0e086a3d-f3b4-5d48-b677-11d571e06e0b,customersupport@revolutionehr.com,,True,,0,idRAtuvILGgTXc5XBFGUeibQ,2025-10-28T05:36:16.732883
a3950c51-8c57-5dc4-92a3-241736e7f8ac,customersupport@revolutionehr.com,,True,,0,id.crDzfSj05IW-pcju.uXZg,2025-10-28T05:36:16.954657
1c67c341-f950-5d37-aacd-f1d8b6926730,customersupport@revolutionehr.com,,True,,0,idAcldTPRjkKKlJFVkADYcyg,2025-10-28T05:36:17.169937
7910d4c8-4026-50e9-b5c0-6068fa3ba783,customersupport@revolutionehr.com,,True,,0,idqXQIW1e79HhhnDJhtKafuw,2025-10-28T05:36:17.392828
8930c459-c283-5324-8057-d67a05d0440a,customersupport@revolutionehr.com,,True,,0,idPGj0oHrEdEWb5QsP6d11GA,2025-10-28T05:36:17.620337
c86bcf58-e7e0-56e0-b5d9-d951b385792a,customersupport@revolutionehr.com,,True,,0,idRJdn5oHCLdyNXw6n4pm2Rw,2025-10-28T05:36:17.857380
03e1b47d-0e6b-5ef6-9952-d77b8dde7297,customersupport@revolutionehr.com,,True,,0,idqoqef796EUzDR0Rj7EuApA,2025-10-28T05:36:18.078938
0154464b-23c0-5ebb-827e-f027f8acf445,customersupport@revolutionehr.com,,True,,0,idEubtorVx-pTuDuoFECFtOg,2025-10-28T05:36:18.294896
3915c3dd-a4b4-5e10-806f-e02eff6286a8,customersupport@revolutionehr.com,,True,,0,id3Z6bdpG9tNSSOCDhX3i0qg,2025-10-28T05:36:18.520439
5ca6eb58-e911-51b0-be61-43916f7e7688,customersupport@revolutionehr.com,,True,,0,id6E6FA4aHvJ4Dm1BJirGwlA,2025-10-28T05:36:18.778615
0a40b3ae-d334-5501-a361-2bf2d09c7fe4,customersupport@revolutionehr.com,,True,,0,idtEoPUYKjger4AIkJFAIhrg,2025-10-28T05:36:19.040941
aa516f2d-b8d9-5e1f-b2c0-b433b5d68592,customersupport@revolutionehr.com,,True,,0,idtWaajEL8e4BW3mquxYaoCA,2025-10-28T05:36:19.281891
26a32502-7f8e-54d0-ba30-4e4c99bae699,customersupport@revolutionehr.com,,True,,0,idVQ6CYIi.4TkCZ7KuJzK3OQ,2025-10-28T05:36:19.551213
beec7075-e9fa-5090-a0b5-5b8a4c17e51d,customersupport@revolutionehr.com,,True,,0,id931LzoXubueJQoyCWWZoWQ,2025-10-28T05:36:19.799767
3d403405-4b7e-50fe-be31-92519631e539,customersupport@revolutionehr.com,,True,,0,idyH1qTwyl2TWJrI-K1p2TwA,2025-10-28T05:36:20.027174
3c8f2db6-dba5-5c14-ba20-447258929286,customersupport@revolutionehr.com,,True,,0,idKL63-kMxxnt1VnjYcjRZCw,2025-10-28T05:36:20.245533
eb01dca4-1243-549f-9e49-07870b08048e,customersupport@revolutionehr.com,,True,,0,id7ZBomUQmf0u1NiOn6FE38w,2025-10-28T05:36:20.494285
ff0330a8-d4a6-5b94-90e0-b883f704a559,customersupport@revolutionehr.com,,True,,0,idEBaTPy2hyHxjTGiHdLPk9Q,2025-10-28T05:36:20.729300
03bdeda5-ae66-5bee-b8d0-81158b0d2601,customersupport@revolutionehr.com,,True,,0,iddTQ7o.XSGK3GxIuBhiQCYQ,2025-10-28T05:36:20.959041
cb768d2d-7ca1-5333-a1c0-dd37848edc66,customersupport@revolutionehr.com,,True,,0,idGE-hRLUYrBwGhGNvEl-Gmw,2025-10-28T05:36:21.202614
52c9a3ce-f168-5236-9fa0-183097922490,customersupport@revolutionehr.com,,True,,0,idDS0r0xux.DicYGjzYVS4Ow,2025-10-28T05:36:21.440713
b3f4b87e-0e46-54c9-9870-c99e4bd2ac3e,customersupport@revolutionehr.com,,True,,0,idYyFXM7.v-wEhtC-ei2CDTA,2025-10-28T05:36:21.671757
3772b41d-b5f9-5c35-92cb-5c733e65a493,customersupport@revolutionehr.com,,True,,0,idmgHBVtVkkdIn7W6ND5T7gA,2025-10-28T05:36:21.835340
54b27215-0432-5c96-a4d0-471d01a43b3d,customersupport@revolutionehr.com,,True,,0,idrI5BKCWvwhU2ElVP4QbrDQ,2025-10-28T05:36:22.098781
eb9cc231-f7aa-5e7b-8cab-92cd698f4915,customersupport@revolutionehr.com,,True,,0,idyMG9Npfem6lP7vIQYNTWgA,2025-10-28T05:36:22.348072
e8b8e2ed-1f18-5e97-a993-a1a8074af052,customersupport@revolutionehr.com,,True,,0,idsYfEyg3fWRHuPikxTojKbQ,2025-10-28T05:36:22.582217
12c7b6e0-55d7-54e5-a5ce-d173bbcde207,customersupport@revolutionehr.com,,True,,0,idygFXmUzxkxg0S47q9K9URA,2025-10-28T05:36:22.816373
653f6709-03a4-54b0-92f2-b6fe74f364f3,customersupport@revolutionehr.com,,True,,0,idRNOqnWx7pAPP1fd2DYgwXw,2025-10-28T05:36:23.038372
6df5b054-5755-53e8-a5cb-220199a5d5be,customersupport@revolutionehr.com,,True,,0,idM5k6sHl-jzOPY71AwzEE0Q,2025-10-28T05:36:23.254998
085d0bd8-2704-5322-b818-5012b276cf50,customersupport@revolutionehr.com,,True,,0,idIplDao5tVJ1qnKZ7h5UdjA,2025-10-28T05:36:23.479556
7b3e759b-6c06-5480-bae3-307d5345b564,customersupport@revolutionehr.com,,True,,0,idjzC4gNCnwsiYn54EBuPAJQ,2025-10-28T05:36:23.695696
b9faffc2-0043-54d5-b4ba-e595803a46ca,customersupport@revolutionehr.com,,True,,0,idg3rlShpoU7qF4lcXoJ2C7w,2025-10-28T05:36:23.917570
8eccf557-277e-5633-86f9-64726c2f8239,customersupport@revolutionehr.com,,True,,0,iddIGKw6eH32SBagfksH1QAg,2025-10-28T05:36:24.160549
cfd863c7-aeb9-5658-8232-c6f8c5eedc9a,customersupport@revolutionehr.com,,True,,0,idJD82GH1peEg-LEM9VZ3Awg,2025-10-28T05:36:24.389249
a539f7ca-1b22-57d4-839e-62784ff5cfb3,customersupport@revolutionehr.com,,True,,0,idHZH2OWRvDfoZtdWNRAHNew,2025-10-28T05:36:24.617492
1866dd48-91a8-55d4-ae02-db52956b5f5d,customersupport@revolutionehr.com,,True,,0,idmd0RBB8proUeEVAMGKawUQ,2025-10-28T05:36:24.836953
d384df89-4aa3-552e-8387-303ac2596f28,customersupport@revolutionehr.com,,True,,0,idueoSt9vFKzN5-7i8ZvTeqA,2025-10-28T05:36:25.045382
616e08b6-c319-55e9-bfd9-a092be223423,customersupport@revolutionehr.com,,True,,0,id4p4MW.Pn8ffkzlqFx74uVQ,2025-10-28T05:36:25.253088
46f7bad4-858c-52e0-a119-7957ff3a1111,customersupport@revolutionehr.com,,True,,0,idxfNPQfAYi5QccaQlMSM9dw,2025-10-28T05:36:25.461266
047eb1fb-42cf-588f-8e12-01d813fef376,customersupport@revolutionehr.com,,True,,0,idsJ9o5vKcIiAnpGduvuNdWA,2025-10-28T05:36:25.667306
8e3ef606-0685-544a-a9ae-3183a34449f1,customersupport@revolutionehr.com,,True,,0,idWqv8GUDO-duMCh0yQqVE8g,2025-10-28T05:36:25.880354
0900d6e2-d44e-5dde-a0d4-d76462a5f041,customersupport@revolutionehr.com,,True,,0,id7oZtL.Mi68r7Rvqchyz.kQ,2025-10-28T05:36:26.087815
5cd8a5ba-205f-54fb-b632-256a34646679,customersupport@revolutionehr.com,,True,,0,idzaqE5oxrJ1bsGmC8NNK2Wg,2025-10-28T05:36:26.297005
ed984c8c-c426-5a74-87c1-1da55cb7a6d2,customersupport@revolutionehr.com,,True,,0,idtXcWxi1qAog0seakUAX9Pw,2025-10-28T05:36:26.504214
d2eeee23-d0cd-598b-9fd4-6ac152e5354a,customersupport@revolutionehr.com,,True,,0,id0Gjnrjb09bRz6KFDt2f8lQ,2025-10-28T05:36:26.711940
e4198023-2f77-5e7a-846d-29dd2a301305,customersupport@revolutionehr.com,,True,,0,id7kq6wIDiVIJcIU8HLMCvZg,2025-10-28T05:36:26.917923
fe4cad3e-cd32-50bf-b5a4-3dbab45149a2,customersupport@revolutionehr.com,,True,,0,idthtoMlkWmQgt.FuPx2p90A,2025-10-28T05:36:27.123386
faa4ec7f-2731-529b-b86c-1a93fe1ab025,customersupport@revolutionehr.com,,True,,0,id8S0pYkLGl4emIFU1cCdErQ,2025-10-28T05:36:27.332249
cdf0c25c-ac35-5200-8b2f-d92882288bc1,customersupport@revolutionehr.com,,True,,0,idpF7qgTchjyCkWx8nCvdeGg,2025-10-28T05:36:27.539580
0e267a89-d66b-5ed7-a213-c1429293372b,customersupport@revolutionehr.com,,True,,0,idyQczm38bx3f01Di4q41umQ,2025-10-28T05:36:27.748652
fa2bfa1e-63e9-55c5-a579-c43b97c4f2ee,customersupport@revolutionehr.com,,True,,0,idfmn23IoaHs19uPWV3trcfA,2025-10-28T05:36:27.964728
6a785143-635f-5e9f-a877-54876e3a84e5,customersupport@revolutionehr.com,,True,,0,idreSD7q7dlE0Z.vEhv-gmCg,2025-10-28T05:36:28.182132
89d29dfb-8fb9-5eaf-a93b-5f57e074a410,customersupport@revolutionehr.com,,True,,0,id7pFNj04vcAqPPDvOw2LGOw,2025-10-28T05:36:28.387517
fa32f157-3d66-509f-8253-4b50af6b36c5,customersupport@revolutionehr.com,,True,,0,idI5m7HH0B3kFWib0YtyrPyw,2025-10-28T05:36:28.596736
96a453a2-bc67-59c4-a30e-4dafdbf242dd,customersupport@revolutionehr.com,,True,,0,idnu31bouuuZCZJI5ln9RcPQ,2025-10-28T05:36:28.808107
06d8f207-b5a5-5c8b-92df-36dbe6c7d3cd,customersupport@revolutionehr.com,,True,,0,idlJd-0nAplWUmfkrcl4DjQQ,2025-10-28T05:36:29.023839
305076ad-9dbf-5afd-9c38-655a67790603,customersupport@revolutionehr.com,,True,,0,idUIciU5Rsf3vaxyfnYIUdZA,2025-10-28T05:36:29.237093
6674184b-c849-5c04-b027-de53a2dafa7e,customersupport@revolutionehr.com,,True,,0,iddDkPbPpBYKlAbCKwID5yUg,2025-10-28T05:36:29.450039
2869d77d-cb49-54c3-b0f9-7919d4e50ce6,customersupport@revolutionehr.com,,True,,0,id2i-eXWSdYF1VsK-lWy3Wqw,2025-10-28T05:36:29.661068
55d73d11-c013-5e68-a52b-ff4d9429daf9,customersupport@revolutionehr.com,,True,,0,idor8K44EXWBJVCIIq8vYxNw,2025-10-28T05:36:29.875233
e8671bec-ccba-509f-80ac-0fb7624ab94d,customersupport@revolutionehr.com,,True,,0,idYE6T5SEgG8a-M1.OCoFtcA,2025-10-28T05:36:30.484309
4c4f276c-0b96-5687-a0e3-c06fed40d2f7,customersupport@revolutionehr.com,,True,,0,idTMyD9gkkRBKKJKCj91hFEw,2025-10-28T05:36:30.764716
a1e71d23-53f9-5c58-823b-c32121e088d5,customersupport@revolutionehr.com,,True,,0,idc6vr94CadJ8Baxn-QHDVmA,2025-10-28T05:36:31.041482
867e1403-323f-59c7-a0e2-93e2ed401dae,customersupport@revolutionehr.com,,True,,0,id9GPenh3ULWHOfnkk.X6AvQ,2025-10-28T05:36:31.275468
84d922f5-646e-5abb-be7c-ead296beff15,customersupport@revolutionehr.com,,True,,0,idDabIGnb4PgISzcM.R4wOsQ,2025-10-28T05:36:31.492486
edf415e5-fa06-5779-8c79-f598129c1782,customersupport@revolutionehr.com,,True,,0,idPqPHN5zFnx9g5q5ev7sofA,2025-10-28T05:36:31.740345
4cea52a5-afac-5c54-a00b-71397405ac6b,customersupport@revolutionehr.com,,True,,0,idF5f-FPS4poBvIBYb-jrE5g,2025-10-28T05:36:31.993400
5c29ee17-a6ef-54d8-9fdc-d43b43388b15,customersupport@revolutionehr.com,,True,,0,iden.4yqHMxiz7w9-3l7SxFA,2025-10-28T05:36:32.221784
9f7aaa00-a046-5385-a889-ada6d1b603c4,customersupport@revolutionehr.com,,True,,0,idKuz4ObTpLrh9I5MHKZ25PQ,2025-10-28T05:36:32.441761
8c551562-a73d-5bdf-a97c-0bf49a7e4e55,customersupport@revolutionehr.com,,True,,0,idOVrFdNbc7ed7LY37ua2CXw,2025-10-28T05:36:32.650490
e12f64b0-5c68-5256-b192-89d7374a391f,customersupport@revolutionehr.com,,True,,0,id4I0D8553v5UTm6xITEHaxw,2025-10-28T05:36:32.886432
99ee033b-05a3-54a1-988c-ea7164035d4a,customersupport@revolutionehr.com,,True,,0,id.W0hx2J3OcEJNwjxXA8Spw,2025-10-28T05:36:33.137727
4d0c1134-c78c-568c-9d35-cfae286eb8e7,customersupport@revolutionehr.com,,True,,0,idBqIgJcCqbnn6juj7g0p4UA,2025-10-28T05:36:33.351059
fe61dc8b-2d80-5569-b970-b2c74a7f3587,customersupport@revolutionehr.com,,True,,0,idOTkmlmhlCSfWvc-TYjjANA,2025-10-28T05:36:33.572021
0f1f3d46-444d-54bf-990d-ecf4a2448c19,customersupport@revolutionehr.com,,True,,0,idSwlHwquy78ZWXd8Jx146aw,2025-10-28T05:36:33.788598
57df5d2e-75d6-583b-a01f-16098017efc8,customersupport@revolutionehr.com,,True,,0,idNjU42uwqj4oB9IITaqcGnQ,2025-10-28T05:36:34.001853
a85c5bc1-845f-5594-9ccd-e2ab97830a2b,customersupport@revolutionehr.com,,True,,0,idDUNwHdoyTAmLcSd28fH.LA,2025-10-28T05:36:34.225686
f46059d7-5bc1-579b-be73-e616f9200628,customersupport@revolutionehr.com,,True,,0,idodmN1SP7BFcYhSoulDqfww,2025-10-28T05:36:34.444547
85da4a38-f172-5040-994b-a1b6c61df5cd,customersupport@revolutionehr.com,,True,,0,idhc-I.mwhiPrgYgkNOwC58g,2025-10-28T05:36:34.659799
1068d0ad-c7cf-5af3-8e33-3ced4a6e94d0,customersupport@revolutionehr.com,,True,,0,idETu4NET5.E.RYxnajHSqJw,2025-10-28T05:36:34.872013
3c01f2bb-aab0-5030-88de-73044f8a9156,customersupport@revolutionehr.com,,True,,0,idDAWoPUa9uQG7pdqD5YoYyQ,2025-10-28T05:36:35.095894
972f8b4c-28de-5044-8e8b-febc60b7c87f,customersupport@revolutionehr.com,,True,,0,idAXbyOzF3PwEgscc.UWFw6g,2025-10-28T05:36:35.310619
4b50e4d0-aaea-50fb-b6f4-cd503adcdf9c,customersupport@revolutionehr.com,,True,,0,idiYjaNTtn.Nf6ljFaknutMw,2025-10-28T05:36:35.530479
b2b9616b-c7d9-5202-8bdd-398e7a07afe9,customersupport@revolutionehr.com,,True,,0,idk9SW5YUjQpCgbqHdssNntg,2025-10-28T05:36:35.738184
713f70ff-6545-59a7-8004-542b2a22ae5f,customersupport@revolutionehr.com,,True,,0,idPN8c8M1ZdtDa0t7NgbVmSA,2025-10-28T05:36:35.975928
5496832b-516f-50c9-926a-b2810ae88baa,customersupport@revolutionehr.com,,True,,0,id8rxill8ewWWR9AX1mp9irw,2025-10-28T05:36:36.252420
f1f83417-b620-5b1d-b32c-6bfe442ec751,customersupport@revolutionehr.com,,True,,0,idFrY5uL44dtNFPiuJGEaGQg,2025-10-28T05:36:36.484121
74cdadd0-5b38-5ebb-a3f8-71747ecf62e3,customersupport@revolutionehr.com,,True,,0,id6iQk.a5ZEamktSy13g7qNA,2025-10-28T05:36:36.702787
1de8e5c4-ce39-595b-b826-f2e784ba57a1,customersupport@revolutionehr.com,,True,,0,idkOCsUrtML8rmrGyzl.wuCQ,2025-10-28T05:36:36.918001
19911c60-7bec-5bcf-b81b-47bf36a57226,customersupport@revolutionehr.com,,True,,0,idSsmdBAtAXG2IWnj09a7JLQ,2025-10-28T05:36:37.124314
75bd4437-c079-5f04-b8fd-0b0198ff0559,customersupport@revolutionehr.com,,True,,0,idkkRU.a0iXHXmdIUy3sYIyA,2025-10-28T05:36:37.330105
205168f6-e7a8-5e99-9007-400f58d7f1d0,customersupport@revolutionehr.com,,True,,0,idYkSYHlOMNH0D7dcPsUkqUQ,2025-10-28T05:36:37.537355
9e8b2f9c-de80-593e-b199-4a23d06100d4,customersupport@revolutionehr.com,,True,,0,idy4Mfh9spJ6OWo0-NWICAHA,2025-10-28T05:36:37.746427
c58414fa-7f37-56c7-84f2-cbafeae5b4b0,customersupport@revolutionehr.com,,True,,0,idSDSOsc7EskNCLvai.Ubyiw,2025-10-28T05:36:37.979058
57a48816-487e-51bd-ad1e-35a589bf2897,customersupport@revolutionehr.com,,True,,0,idkDIMare-7Bp6eaRt2dajCQ,2025-10-28T05:36:38.198081
2bfbf208-a4a3-56f2-94c5-ae7b27130ec5,customersupport@revolutionehr.com,,True,,0,idzMNL0pFJ5pjpyAmQqHJw.g,2025-10-28T05:36:38.414732
feb3c1fc-ee42-5d6e-89cd-1b00a5ede2c9,customersupport@revolutionehr.com,,True,,0,idQAJe1l32m.zgzUpSsecF7Q,2025-10-28T05:36:38.622697
056852d9-5380-5ceb-95ac-750512611ea7,customersupport@revolutionehr.com,,True,,0,idw.8oM5w0teUm0D3yV5trQQ,2025-10-28T05:36:38.841769
107de1f2-e524-5ef0-9e0c-79632c4948ca,customersupport@revolutionehr.com,,True,,0,idHQLYv5IMt.ktsTg4bOe60Q,2025-10-28T05:36:39.068593
64b5fb3c-8495-576b-8789-7a431d517420,customersupport@revolutionehr.com,,True,,0,idUjg4Os0IWY16TaYY7D9FxQ,2025-10-28T05:36:39.293227
80fd9950-222c-5dc9-b9df-909798ec7243,customersupport@revolutionehr.com,,True,,0,id-0yEgDxCIy8rSnrPzLuQXg,2025-10-28T05:36:39.510342
93daadbf-d83b-5156-9b08-b2a7dddb2b2a,customersupport@revolutionehr.com,,True,,0,idlM3ZQHuYcbWcbBJyv5B1XA,2025-10-28T05:36:39.720440
d70ed305-191e-5f39-b1c5-55968fa6bab5,customersupport@revolutionehr.com,,True,,0,idpV9P06e3LoOWrv7AHa6jBA,2025-10-28T05:36:39.929722
9b5c1fdb-af22-5df4-82e0-92814abaf2b4,customersupport@revolutionehr.com,,True,,0,id5hNuluIvOCKcWeyy-jzovg,2025-10-28T05:36:40.133829
a8193fbc-92a9-5173-b0ed-2e777844119f,customersupport@revolutionehr.com,,True,,0,idT4DozZe.KUpnlHZem6jRCQ,2025-10-28T05:36:40.341027
004a5563-c740-562c-a0aa-a9a86a78d302,customersupport@revolutionehr.com,,True,,0,idnh3N3lO0cMLlI9DllCH49g,2025-10-28T05:36:40.549406
0d4567de-14cc-5b60-ad4c-2ddc8c8388cc,customersupport@revolutionehr.com,,True,,0,idg392th0NNQn5sa7yniZqig,2025-10-28T05:36:40.753306
5cca9c39-11bd-59ec-aeca-ed91cff8e3b5,customersupport@revolutionehr.com,,True,,0,id1yp4PJfclrkkDrci2uSpgw,2025-10-28T05:36:40.977057
4ccad5e1-ea6f-5b51-bc42-6ab08908d823,customersupport@revolutionehr.com,,True,,0,idv2kVQ2e.v06EJdE1peqInQ,2025-10-28T05:36:41.189084
f5d2e381-1d63-5613-878c-3b56ef5f08d9,customersupport@revolutionehr.com,,True,,0,idXGL8BWSudvbk6FE3fRfoBQ,2025-10-28T05:36:41.407664
797c5acd-9aa7-550b-9a1c-3cf38c12268e,customersupport@revolutionehr.com,,True,,0,idtNvder7L2JQe2D8ehc69kg,2025-10-28T05:36:41.617175
203591ae-055f-55ac-aa37-87d652316771,customersupport@revolutionehr.com,,True,,0,idKcut6ltKtMVgRKiscRqFIA,2025-10-28T05:36:41.827343
47cbdd5d-e872-58e6-b66d-0bdea694719d,customersupport@revolutionehr.com,,True,,0,idE3tuDERIHdCVjgumKsdKcg,2025-10-28T05:36:42.034342
b18ad5f1-919a-55f8-a19c-bae7e07ea2aa,customersupport@revolutionehr.com,,True,,0,idtU.8ZeWaNmQjCBo8.Ir.4Q,2025-10-28T05:36:42.244373
2b5db1c9-cd05-510e-9f3d-8c99e3bd6197,customersupport@revolutionehr.com,,True,,0,id8C7yYpbZO-dMpsqaRIofew,2025-10-28T05:36:42.458464
fb887819-9299-5cdd-b815-0ea4c03fe64a,customersupport@revolutionehr.com,,True,,0,idxXxISDNiBIHK0sEF0xsLjw,2025-10-28T05:36:42.666649
c7b6077a-3176-5f81-bbdc-7fd08cdeeb75,customersupport@revolutionehr.com,,True,,0,idMFB9L6FIJpSRL4TDuAe.cg,2025-10-28T05:36:42.877415
760b942e-deb2-55e8-a999-fccd4e51c54d,customersupport@revolutionehr.com,,True,,0,idX1a1MUJX93ZJX53FrgUnHQ,2025-10-28T05:36:43.088935
61ee1406-ab7d-54c0-b71a-6b00f93e4e68,customersupport@revolutionehr.com,,True,,0,id3sTZoXyteC1rhxMizRgxIw,2025-10-28T05:36:43.297293
b6cdb62c-71a7-55ed-ac7c-996a98e1b878,customersupport@revolutionehr.com,,True,,0,iddEOn8o5Nf4ZvKCob3Xm4Yg,2025-10-28T05:36:43.514812
2ea48655-8dcf-5b81-96b7-296f7e329a3c,customersupport@revolutionehr.com,,True,,0,idrKr.-FOyr594R0J4XzEBkQ,2025-10-28T05:36:43.724529
939180ea-f370-5c5b-a482-34b74ae1dd92,customersupport@revolutionehr.com,,True,,0,id-s-318RK1P-NQ3MUoMk.Dw,2025-10-28T05:36:43.941859
5a087a5b-564a-54a4-a347-5454475f17b4,customersupport@revolutionehr.com,,True,,0,idhB0JlBQGz-bmoBikVVvs9w,2025-10-28T05:36:44.165688
918a2196-0e09-5f04-8327-cb6af2de3a10,customersupport@revolutionehr.com,,True,,0,id.sp.QUrXlSrsTUa1pJiaEw,2025-10-28T05:36:44.397365
e4f0145d-dbfe-5f7f-afc5-c4ba7d1f0cb1,customersupport@revolutionehr.com,,True,,0,idWKhyMzI-h4cmkI-EVFjIuw,2025-10-28T05:36:44.621218
e79bae13-073c-5023-a9bb-c065851bbbff,customersupport@revolutionehr.com,,True,,0,idgY9mEZ.oFdOLREu65TUXzQ,2025-10-28T05:36:44.833863
6f393a5b-dccf-5a3e-9ee1-68c6b0f6a92a,customersupport@revolutionehr.com,,True,,0,idjfQO2RaRDwpWWBi3mKKWAg,2025-10-28T05:36:45.042823
1ca784cc-38ec-5d9c-983e-a92bb90cd829,customersupport@revolutionehr.com,,True,,0,idu5OT67M0Sx0UMDmDmSAACA,2025-10-28T05:36:45.263347
cfbdadd0-753a-5e64-8205-329dd0e5c448,customersupport@revolutionehr.com,,True,,0,idpaS9WIBCcv-s4jRRH6rX7A,2025-10-28T05:36:45.473046
83fa5b6f-0e8c-5620-908b-18b3256019cc,customersupport@revolutionehr.com,,True,,0,idQaKEQ99Qb1h-lLQmAXe6nA,2025-10-28T05:36:45.938167
c34dc929-c307-5bd1-a5ea-6ba653e3c466,customersupport@revolutionehr.com,,True,,0,idVa64tVrCTIyDLhpC4GsHHQ,2025-10-28T05:36:46.164419
2c73c1aa-6ce7-53ea-9b02-8549eeeeb245,api-support@helixbeat.com,work,True,,0,helixbeat,2025-10-28T05:36:56.190511
962c10c2-cd13-53cc-a7e4-9de31b4b91d7,requests@meadowbrookpediatrics.com,work,True,,0,108205094031163184188131104078072142164104122144,2025-10-28T05:37:06.963193
e3ef36d5-2fff-5526-b227-c2f4d7dc5010,kidsfirstdyer@kidsfirstnwi.com,work,True,,0,079088143082223080101033117155083027119116110231,2025-10-28T05:37:07.210278
1f5ca8bd-f7c1-51e1-bb72-d892fdd74c0d,info@smartstartelp.com,work,True,,0,106129006007234195100003118042129199166216170139,2025-10-28T05:37:09.524004
1d8d18c1-12fe-54af-aba8-d97d890a8e7d,imcneace@districtortho.com,work,True,,0,199013050187063116122223035020222024084255105248,2025-10-28T05:37:12.331122
cb46b8a8-728b-5cdf-bf47-6ba031b906cd,socrdoc@gmail.com,work,True,,0,013136179253089017248053080107223094058127075035,2025-10-28T05:37:13.532131
203ae2ae-4794-5890-a8d7-2764fb2eb172,nssportal@neurosurg.org,work,True,,0,246201016177233252080041147179046121173117119037,2025-10-28T05:37:16.429578
debc3239-5266-5cca-91e3-4d09d139df6d,ossrportal@neurosurg.org,work,True,,0,234225135215108128217196170211204032122188131251,2025-10-28T05:37:16.705435
28dd3924-3882-5420-ba7e-9e55239559b1,info@nassonhealthcare.org,work,True,,0,019029122217110044203140089253121103099109059171,2025-10-28T05:37:19.852457
a255891a-5970-5598-8ece-3ab7c359dc2f,info@pineconepediatrics.com,work,True,,0,012151182197136011176001129216228169174214159250,2025-10-28T05:37:20.572847
9487f9c8-5265-5ed4-addd-32b5e7d70f4c,drbhatia@neuropain.com,work,True,,0,024161073181178113188108182138041101206234097066,2025-10-28T05:37:26.900398
3444a347-177b-52a7-8144-ca7932eb6278,FrontOffice@johnstonfamilymed.com,work,True,,0,098116038112123131091210242063161207043251144124,2025-10-28T05:37:28.620582
1fc9aa4c-76c4-529b-bf6e-cec406f69952,drglancey@byerspeakfm.com,work,True,,0,028060220180140228063017187181220240078054094240,2025-10-28T05:37:38.661387
2c33ba09-36de-5fda-8dc4-454d9dc1013d,eyecare@eyespecialistsonline.com,work,True,,0,160148034037020028242158114077095167066021192204,2025-10-28T05:37:39.265466
cc0e7abc-2873-5159-843e-9c5802b2a5bf,algerped@algerpediatrics.com,work,True,,0,110017206006204026166155114248051124098028169018,2025-10-28T05:37:46.039031
4f341863-2396-5671-b51d-9efc17a12f56,info@blueribbon-ent.com,work,True,,0,185191042134148144137094107033006022168046238212,2025-10-28T05:37:46.343166
c89cd5d9-8333-5693-a600-ac576f46b729,cchci@cchci.org,work,True,,0,101025103140027006138118013032156189048051092166,2025-10-28T05:37:47.229610
dc26afea-4f08-5f64-9722-fc7536dcba07,hspeds@myhspediatrics.com,work,True,,0,110206200163242062202126192110079033090087205154,2025-10-28T05:37:51.709992
dffb34d0-425b-5027-9e99-77155b9495fd,patient@bravopediatrics.com,work,True,,0,100219187236215193048037057053142094044077135020,2025-10-28T05:37:51.860529
4d12b22c-594d-59e9-9850-7acd0231af6c,epodiatry@cfl.rr.com,work,True,,0,222210089150175167007029081065045091191038108033,2025-10-28T05:37:52.082920
a2b789d1-9676-520a-bf06-a5309d81d1eb,patientportal@grhc.org,work,True,,0,249131038066145198020076235002020137065021104104,2025-10-28T05:37:52.499094
19d48dc7-1b5a-57a4-91d6-a11904abe962,info@sevamedcare.com,work,True,,0,025229193098056207210160181170224042061085086004,2025-10-28T05:38:00.692727
33c70dbc-0b51-52d0-8daa-883769d68ab4,lucedalepediatrics@gmail.com,work,True,,0,143173190156021064158053023045247207231025109107,2025-10-28T05:38:08.099740
d1afa59a-f1ea-5642-b2a7-bfe737045a8f,urgentcare@railyardurgentcare.com,work,True,,0,074255140015042089169202162233073028226234233155,2025-10-28T05:38:15.723660
6382611a-e79d-5cbc-91a8-3fc2fe8605c5,office@trinity4kids.com,work,True,,0,131224160228060026062193114195086159205054079150,2025-10-28T05:38:17.385315
6c224e8b-b436-564d-8ebf-8fcc553b8717,info@phamckinney.com,work,True,,0,061178082052171052134174053216000009013169019046,2025-10-28T05:38:18.122459
85b9021a-cb27-5189-a682-a9c4efdda8c6,info@ppvkids.com,work,True,,0,086075049222194220175104157076213115198001251137,2025-10-28T05:38:21.775982
886f4267-eb7d-5052-b81d-9a0a303cda7f,portal@vistareye.com,work,True,,0,027038061035089205079116145169245078245082226184,2025-10-28T05:38:25.270465
c8828c4d-06fc-5512-ae89-e560d3fb219c,info@daytonskincare.com,work,True,,0,173101219078049062068132035199091211087000175042,2025-10-28T05:38:28.692023
8b0cd5b0-00c7-5fd1-8b59-a4012d30664e,patientportal@grhc.org,work,True,,0,177151239083134249210244143202215022031040151183,2025-10-28T05:38:33.036313
afbf27b9-c21d-555b-8b0e-57a6986f732c,babyydoc@gmail.com,work,True,,0,137144246220110054166255244053032033192059133210,2025-10-28T05:38:33.469749
93f21e23-0b2d-547b-91e1-9a873885099a,info@goldenstateortho.com,work,True,,0,114145182052033222118121253016236182084132211247,2025-10-28T05:38:37.179581
d5a2856c-13d1-59af-bbf7-a71dcb17e087,sacoto-secure@sacotopediatrics.net,work,True,,0,072190132033067235175239092224003092162052205182,2025-10-28T05:38:44.616672
4b08ca84-24a1-524b-8d57-254783b96a64,patientportalhelp@joi.net,work,True,,0,069164000140025031077228128130133246235150146052,2025-10-28T05:38:48.624410
5c3d9ac8-fa83-5b52-a2f3-ff1db2361901,lcabrera@northpointpediatrics.net,work,True,,0,185078177030121183121245049036181112207193054031,2025-10-28T05:38:51.056295
83dd8796-0231-5f0d-bbc7-478eab94901e,admin@communityhealthclinic.org,work,True,,0,048116226012006081034027243154029166022039052238,2025-10-28T05:38:51.725736
fff3bd68-4757-58de-be3b-3eab28a42de2,medrecs@hocopeds.com,work,True,,0,033017114148126196102037125014041009118090130101,2025-10-28T05:38:52.290761
5c059a3b-8830-545d-86ce-7601a1c6cca0,resource@chattersmd.com,work,True,,0,250144221033187059209249141098173210076072058050,2025-10-28T05:38:56.078629
44fc9e2a-c2b6-59ca-9b42-46cbe22a285c,rfsp4kids@gmail.com,work,True,,0,112185042217193040019074071191081119079088007069,2025-10-28T05:38:56.625215
66436369-f5a8-5d90-bd9b-700020cfabc9,info@rkmcare.org,work,True,,0,095161138018180200103225246117049230077045047180,2025-10-28T05:38:56.925734
00f3100e-fca6-51e4-afa6-5054d667e9a6,info@pediatricsunlimited.biz,work,True,,0,137229072247183089154214038105149251205105033088,2025-10-28T05:38:57.163637
763f9989-7474-5802-8317-8476dd03dd09,office@foresthillpediatrics.com,work,True,,0,179199233157058047063185115182240145078156250110,2025-10-28T05:38:57.690900
5b49ed7e-6fdd-5d07-9425-38f92b9fcd60,ICTest@gmail.com,work,True,,0,232224245204063107034163102159215025091148188055,2025-10-28T05:39:00.017513
a3f7b66d-5a21-5a72-80d0-d5faea5919a7,info@performanceorthonj.com,work,True,,0,132142146112093081085088153152215001044251071169,2025-10-28T05:39:00.183748
969ddcde-9e65-5be6-b4e9-f1970153dfe2,mycare@juliabarrigamd.com,work,True,,0,251025155130012068064220246040119122072098018100,2025-10-28T05:39:00.594121
a9705fca-ac4e-5e8a-bafc-1a86089fc0a4,reception@jbjcalaska.com,work,True,,0,086073183019224042165212205208232175158235172096,2025-10-28T05:39:04.522568
8acaf98d-e1d6-54da-beb7-abc43ab879b0,frontdesk@sandhillpeds.info,work,True,,0,055036005086090100033005141199137076028045045013,2025-10-28T05:39:07.317747
23e2b0c9-2b8b-5a0a-8bc3-6e557ef3d02d,Frontoffice@mykidsnepa.com,work,True,,0,054226184201023240034243254162233018039010218122,2025-10-28T05:39:14.072187
c2359df1-96ad-52bb-8ee7-49e86d3ff93e,front@orangegrovepeds.com,work,True,,0,131157131115009163221037170252242139130249177156,2025-10-28T05:39:15.375640
d6322c76-a6aa-5819-ad23-99f28bb59c83,admin@4cornerschildrensclinic.com,work,True,,0,046147207233075156141253246225116103213193138108,2025-10-28T05:39:16.120021
d45f52a3-8512-5cca-b751-26acc753f7a8,info@fairhopepeds.com,work,True,,0,247098149198048196128155235156089055010066043242,2025-10-28T05:39:20.201126
bdc6ebad-60bc-5008-a8a2-77aa85aa6218,socrdoc@gmail.com,work,True,,0,137140199221207188213152027124210234161235223050,2025-10-28T05:39:22.466463
450029ca-7dc6-5a8e-b80d-64045dc7ba0f,admin@communityhealthclinic.org,work,True,,0,010047054222173083238107071082174196049113065092,2025-10-28T05:39:26.943085
b5659da7-4e17-5c26-b2c3-059db1415b90,frontdesk@nicolasrich.com,work,True,,0,131162194156156075153118241063195034034175092218,2025-10-28T05:39:29.288671
d5494cde-d633-5553-b28d-02fd289d60ff,info@southpointepeds.com,work,True,,0,021200235107006040091113170056025071026140133074,2025-10-28T05:39:33.593809
9b4b48f1-9946-5579-9ab0-c2004403b8c8,avedmedpeds@gmail.com,work,True,,0,023185170027207213145043146031126246009131103030,2025-10-28T05:39:35.251589
7bc7f5d2-0b59-549b-a248-cf48a0d025d2,admin@wingped.com,work,True,,0,125082231234157047028011166235171200222190052144,2025-10-28T05:39:35.467777
4a3ec2ff-7096-5a50-9972-f500cd7b524a,info@activeorthoweb.com,work,True,,0,001018159188174077089149027065161015114011122043,2025-10-28T05:39:38.801443
263384a1-fa48-5634-967b-f78bda4c3a24,medrecords@ecdhd.ne.gov,work,True,,0,112141121133184220190103220077100157081055166177,2025-10-28T05:39:40.604572
8c12b830-15e8-5c98-84fe-df37f1c42a1e,mcallenprimarycareclinic@gmail.com,work,True,,0,200251157135122056250195121221077068203051052146,2025-10-28T05:39:41.911929
d0f89668-cd31-5553-9780-00d215a0e734,TOSC@imail.org,work,True,,0,003127159102076211140020207091065022204210136165,2025-10-28T05:39:43.882556
1fe661c6-f3d1-5f09-b937-4b565dc9c20e,secure@swcclinic.net,work,True,,0,246098163210018028108213065073092219049042026123,2025-10-28T05:39:44.883822
e2e5e410-61a3-5775-9b7d-870721a65b62,patientportal@cfhcinc.org,work,True,,0,233232118050180247149235045113111143065073121109,2025-10-28T05:39:46.450879
542b3d58-5871-5af6-81bb-a614ac5ce36d,info@texasregionaleye.com,work,True,,0,164038165246250211146013086027124161164106000012,2025-10-28T05:39:56.055822
7570922e-89ae-51fa-9f6e-049f2e385885,info@gwinnettchildren.org,work,True,,0,033193102215125008161168247106164254121109229044,2025-10-28T05:39:57.992518
b45cc8a7-4d7f-532f-b3d8-c42ff699f0d1,mycare@juliabarrigamd.com,work,True,,0,105181074142013048024221129191117186057159116137,2025-10-28T05:39:59.672701
59d8a86d-0430-57cb-9ba6-f977586f039e,ossrportal@neurosurg.org,work,True,,0,134229115104013090011177130173221032211177118076,2025-10-28T05:40:02.824275
82f020ca-934b-5465-8f50-8f43b9495073,info@avalonphysicianservices.com,work,True,,0,127217211204112252195127165095156009105238112041,2025-10-28T05:40:03.770296
4d4f0871-00e2-582f-95dd-d9138324ebcb,Support@goodmancampbell.com,work,True,,0,140103221052216056160229251197056071166094104076,2025-10-28T05:40:08.163459
f9430a84-d153-5bb3-a237-05e353ff357e,info@nmcdallas.com,work,True,,0,253186165240082255202130006070177000007250231219,2025-10-28T05:40:18.086723
8e508c22-34c1-5044-8c01-81f87a570e8a,info@waggonerpediatrics.org,work,True,,0,001171219130172125098071020202086143163185187164,2025-10-28T05:40:23.227961
d16f9704-2357-5e4b-94ff-1b8dcc181530,ictestportal@gmail.com,work,True,,0,242001072217081247192219030190015104000018008117,2025-10-28T05:40:24.744841
f25ef9b1-0057-5689-9b11-ae787089de0c,patientportal@chesi.org,work,True,,0,196218088215026070100230118104203170213107125162,2025-10-28T05:40:26.865697
fd4ea476-3bfb-5d54-a45f-6cbe0d9fbcfc,carevillepediatrics@gmail.com,work,True,,0,042233006179177134234071101163212181219176126115,2025-10-28T05:40:28.313899
750f402a-2b76-5b87-bcf2-d6dc64c33e80,info@compasscommunityhealth.org,work,True,,0,109092067108220035096039175015135165167141115146,2025-10-28T05:40:34.691344
0b0ed494-0a72-5159-ad1b-663fd96bebdc,lettrickm@gmail.com,work,True,,0,172067211089196238255196175044205061151084205094,2025-10-28T05:40:34.952186
030364ee-2977-5f57-ac66-9873347973c3,office@pediatricpartnerskc.com,work,True,,0,191111207177143036024018103104173083062073191148,2025-10-28T05:40:38.307703
47aee908-7a04-5183-9a06-2a33d11ae728,KTHFSNextGenSupport@klamathtribalhealth.org,work,True,,0,028004018080098168187163248017023157008116107102,2025-10-28T05:40:41.104841
8e77359a-0ce8-582c-8bb0-981d2f3c49c7,ictestportal@gmail.com,work,True,,0,077119193205010225142126147048223058113194206160,2025-10-28T05:40:42.463675
1f84c6a3-d1ac-5b4c-a4b1-a7ce32e089d8,info@premier-pediatrics.com,work,True,,0,048120084043217235011051114159138225190067005003,2025-10-28T05:40:49.796469
b97c11a7-f97d-52fc-bf39-72fa7ec9c078,info@texasregionaleye.com,work,True,,0,151010238163213201039029064068193064203206211251,2025-10-28T05:40:51.245306
bca9c68c-9f32-5304-8caa-6f9b7e06f0ee,nss@neurosurg.org,work,True,,0,165164003228020224092030250081185140191234064058,2025-10-28T05:40:53.245663
b218bb96-bcc6-5b40-918c-9dde16c1e762,mdurst@fronterahn.org,work,True,,0,174154128146188011014074008196180112183184169111,2025-10-28T05:40:57.610000
ce911d9f-da04-5b34-b76b-da5ede82dd6f,mharrelson@pedakc.com,work,True,,0,248073110248047052138060065014237145036030192251,2025-10-28T05:40:58.453776
02c08782-08aa-5bcf-ad89-12072c569056,info@handsurgical.com,work,True,,0,092138209101115052056059034144129035122090163217,2025-10-28T05:40:58.732072
4e182d20-e289-507c-b9ce-6496f70583e7,info@handsurgical.com,work,True,,0,029091212242206237176242012010193120135101205129,2025-10-28T05:41:02.708526
045083e6-ae58-5b90-86ec-e45d4e5354b2,patientportal@ebcap.org,work,True,,0,066234069192060175008079085146148198033149120210,2025-10-28T05:41:05.058159
756fdf92-2f15-5094-aa0c-47603e359d4f,info@islandpediatricsvi.com,work,True,,0,216153056090234071090236100009219065230162237059,2025-10-28T05:41:08.893106
fe6ac265-7b7e-58af-9efd-9c90a6cf5213,medinfo@adagiohealth.org,work,True,,0,131181004218119079102149145072076086066087108188,2025-10-28T05:41:09.155572
9959d362-2ec7-5e52-922d-8f162cd785b6,info@coastaleyeassociates.com,work,True,,0,203176100020144101038022048202004232206123216156,2025-10-28T05:41:10.182301
ed086d0e-45ca-57ba-844b-1b86c9b2a035,portalhelp@poamd.com,work,True,,0,247046221071065105074195203071124080140134142041,2025-10-28T05:41:11.641830
749635f8-5117-5b31-803d-cfda6c9535c5,OKPEDS2018@GMAIL.COM,work,True,,0,160068105074254193095125149065101148113135166080,2025-10-28T05:41:13.560340
f067b86c-16bf-5e0d-8d80-0d51bf8bcd46,barespeds@aol.com,work,True,,0,117248141203018032221216040075241062109155108076,2025-10-28T05:41:14.762710
70bb736e-5f2e-55b1-a188-b26f82f80c08,3riversportal@perrymedcenter.org,work,True,,0,068108056059201090173234181168235039211035008137,2025-10-28T05:41:18.467773
1e191114-8d7e-5b89-9cc1-ea831f2f1548,portal@vistareye.com,work,True,,0,101038043003219077232218083166036226008173166138,2025-10-28T05:41:18.985407
ba478c35-cdc9-55c8-b556-85c0887b03f5,laurel@doctorschramm.com,work,True,,0,194150040229146139240022213146096150136196060219,2025-10-28T05:41:19.857238
34419bbf-85cd-5ae5-874e-b4b1c717a73b,paragonclinics@beaconhealthsystem.org,work,True,,0,054117151079087119181051081096192038184106149242,2025-10-28T05:41:20.152180
e893a658-78a8-5d50-9497-15cc4e33b72c,dr.gianna.suyunova@gmail.com,work,True,,0,089195048122000150244063020190201099196238010232,2025-10-28T05:41:21.429580
333f5b2c-fa39-523b-b0f6-3094d1aaf63c,PatientPortalSupport@rcms-healthcare.org,work,True,,0,081173037062021251184159059141251135204004138121,2025-10-28T05:41:25.112068
d834468b-6b22-5ec8-8d24-b7fcefddbbe2,office@drrichardhays.com,work,True,,0,004247126175047153226214215065067059003171081036,2025-10-28T05:41:25.930959
abfa9602-f0f4-5060-8cec-9e9282e42ef3,ictestportal@gmail.com,work,True,,0,145153226084107189225138249254135162006236234077,2025-10-28T05:41:26.662260
4a90598c-25e2-5d09-8e7e-f761b00aad71,info@ogaidaho.com,work,True,,0,177130224232055218087166221022096117154141128183,2025-10-28T05:41:29.695375
4447ea9f-bbdd-5dbe-ba2b-c61ecf69938a,nssportal@neurosurg.org,work,True,,0,177097127053025138087062203124014077072068091148,2025-10-28T05:41:31.067149
85ed9f60-ea4a-543a-afec-2ccb682a5efb,FrontOffice@medderm.net,work,True,,0,218047136232228012076203027202052122154205200126,2025-10-28T05:41:36.696067
6ae3dbb6-7565-5d10-bbf8-853a04745a9e,frontdesk@beittelbecker.com,work,True,,0,219091006218075255135130120218255043062189096163,2025-10-28T05:41:37.033722
91746ad9-61dd-5b8c-88db-cf5a59eee732,admin@entirelykidspediatrics.com,work,True,,0,141048183099128249114115173213022143023071075005,2025-10-28T05:41:38.278671
6fa93650-6856-5ff8-a47f-c8bfa0002ee0,Brandon.tupper@klamathtribalhealth.org,work,True,,0,031158140152183089113218246092080085005070071235,2025-10-28T05:41:39.981268
1bd832ad-4aa1-5e54-bd6a-6343c1ffc6b4,mfmkeller@gmail.com,work,True,,0,076191254188076120095121134117228242026238222163,2025-10-28T05:41:43.213031
902224fb-05fe-5f48-9c2d-c60abb08737b,srav@lydigpediatrics.com,work,True,,0,051174214124171237225131238015165028088170207171,2025-10-28T05:41:43.666135
ff1649d4-4db9-5319-8fcc-954ebf80183d,info@pinnacelvein.com,work,True,,0,038093030181131090179252049140073247056064041208,2025-10-28T05:41:45.898691
f34ad1ae-54ea-5ce9-9a68-620a09a138e2,krista.shelton@riversidepedstulsa.com,work,True,,0,001097184166038244222009068146243139044229171245,2025-10-28T05:41:52.521252
4778caaf-a406-58db-9648-a6faf2fddda6,ehrhelp@mvipa.org,work,True,,0,187177099221167032081136055143203067163049148240,2025-10-28T05:41:54.051562
e886a9c1-a3f6-5488-867b-550162b4dc64,portal@osc-ortho.com,work,True,,0,136023196129200173129025101202225173198092147142,2025-10-28T05:42:01.713471
d5896551-b6b6-539f-b45b-f76a9c772812,receptionist@kionpeds.com,work,True,,0,010248097204059154182222218148028014066030100178,2025-10-28T05:42:04.108620
b7408a6c-53a0-52ee-9b9a-488befbd04b4,contact@hhcne.org,work,True,,0,148199080058252045067169121004112116242234193129,2025-10-28T05:42:04.375760
e6df5825-0d41-578e-ba5d-22b8ab440eb7,medinfo@adagiohealth.org,work,True,,0,104133137096020182146047158190048092101025178014,2025-10-28T05:42:06.729313
3e7a7313-2853-5be3-9a46-f04a22215da1,h4lteam@health4lifenv.com,work,True,,0,224194005099169061221175087090220186013159130099,2025-10-28T05:42:11.970699
26fb82ec-7a1a-5960-ab9a-471e823b7749,patientcare@pediatricspringfield.com,work,True,,0,146017141226189079156191087171082076004093146038,2025-10-28T05:42:12.235777
03ea996e-81e0-5f9c-8208-7b2fbb9f88b2,wecare@vapg.com,work,True,,0,118059045057062149143252165136025182195092102055,2025-10-28T05:42:12.930422
850dd468-fac5-5dbd-bfb0-79167bafaad1,sofia@clinicsofia.com,work,True,,0,166162199010015134253015186093226069078177179066,2025-10-28T05:42:13.960594
de8c4120-54f3-5961-95a4-3d7837545ab0,info@suburbanortho.com,work,True,,0,251097034092107013121184167174001078253153207103,2025-10-28T05:42:18.668560
7e6a060d-57bc-556d-b321-02f15a97d095,frontdesk@unionmillpediatrics.com,work,True,,0,099099035012010114064232041175090058119005153071,2025-10-28T05:42:20.891995
45706558-f68f-5cd4-a9ce-9e9386abed1e,info@northlandchc.org,work,True,,0,013024074052196123220002052062207216145154076040,2025-10-28T05:42:24.538098
f1d10ad8-449d-565f-b994-95803cacfc17,patientcare@premierboneandjoint.com,work,True,,0,255004103075032133231238041045123054240152060057,2025-10-28T05:42:26.067411
00153227-00c3-5e2b-97ca-fd7cfe4ef973,cchci@cchci.org,work,True,,0,071146205014033195098203175012078029216181068206,2025-10-28T05:42:26.223117
c462c23f-e7ec-52f1-9268-55e7f5623126,patientportal@grhc.org,work,True,,0,076241147038078007203118243058099098221035020058,2025-10-28T05:42:34.658160
6daef68c-a400-5b60-9d54-ad89a00b3175,info@sevamedcare.com,work,True,,0,055247038114173127032140129195043002189096019161,2025-10-28T05:42:36.369627
0b29c3bf-af59-54e6-a6e0-eaafb3c20175,patientportal@grhc.org,work,True,,0,105127101018001215029233187143172127121098047070,2025-10-28T05:42:37.079602
6fe0c667-f89b-510a-b027-2a0219623b8f,support@drskiskids.com,work,True,,0,206153130188207136251018010105157142053051113214,2025-10-28T05:42:37.801132
4b3fcb84-538a-5319-bd0a-69727ddba19b,info@goldenstateortho.com,work,True,,0,159023024163229085199157040121025124067075190165,2025-10-28T05:42:43.933810
2f721eaf-740c-5baa-b29c-d8c0c0ba5173,contact@hhcne.org,work,True,,0,208164254087067191074040122179245051207071197177,2025-10-28T05:42:48.474363
cf32bd8c-a6ad-5c7c-aeda-bac9a61de2bc,office@cbpm.us,work,True,,0,028132141141113111106108106157243058181173031066,2025-10-28T05:42:56.819527
a9a9a1e1-4c09-5767-9c6a-a50a57d3c05f,pediatricpartners@vvh.org,work,True,,0,037103223236202210081125079083014238131108094185,2025-10-28T05:43:01.772484
89cddef9-c322-5033-a104-335073538213,sofia@clinicsofia.com,work,True,,0,167204156076185151033234255155207235230035126019,2025-10-28T05:43:02.918415
ad3a02e7-7428-5106-90d0-0aee118134f9,patientportal@cgmhs.org,work,True,,0,024240061122195182008255137020140249015000091075,2025-10-28T05:43:05.043440
78ae4733-ff22-5818-ab61-2768bbf106a2,contact@rheumatologyandosteoporosis.com,work,True,,0,175000254064196005022223051014158192182238010047,2025-10-28T05:43:06.351273
71c3c651-86f2-5ad6-8379-bcdfd68728c4,myclinicasupport@clinica.org,work,True,,0,165101065228253226249064053132036048036233230097,2025-10-28T05:43:08.305231
acd2ad62-a10f-560e-bdee-134dfb4fa53f,abcpedijackie@sbcglobal.net,work,True,,0,231030181042019085149035135151201142233026029109,2025-10-28T05:43:08.643723
75e27b00-1dbd-535a-a2a4-183b404126f0,office@murraypediatrics.com,work,True,,0,053144107168110238057114127159114088221048049015,2025-10-28T05:43:11.851544
8f52c506-5f86-5000-b98a-2edc555481d6,mdurst@fronterahn.org,work,True,,0,029199190019247231245250019122204161216245075072,2025-10-28T05:43:13.342445
0651208d-2c46-50ca-a839-1abf6a35da3c,contactus@rbkpediatrics.com,work,True,,0,048088216084251243147081247096184020111126130205,2025-10-28T05:43:15.384451
9d47d622-8ee8-5d5b-8e29-ee0fb18cbd66,information@norwoodpediatrics.org,work,True,,0,001094021069229147247120120123211165140083190044,2025-10-28T05:43:17.006135
f22c19d8-e5ec-50ed-90f3-91e2606b0973,info@sevamedcare.com,work,True,,0,126106197062213121207078225138091057039073221105,2025-10-28T05:43:19.125949
8160ef7d-fca8-5a0d-81d2-6ea4a74e2d5d,portalhelp@olypeds.com,work,True,,0,014029021189130158234034191218157047039186223184,2025-10-28T05:43:23.195481
1d7686a3-ec5f-5e45-b407-595f668b7457,ictestportal@gmail.com,work,True,,0,160186170249001242050199065039016183238074116075,2025-10-28T05:43:23.711973
7e0c02cf-bb5e-52b9-b814-e4674b4d0353,faxmachine@pediatricarec.com,work,True,,0,227099103121236075252048174249085004129041194218,2025-10-28T05:43:25.011748
69261ef0-833f-5ae5-ba08-9330ab789c57,info@rkmcare.org,work,True,,0,054006115029183065070019013113226159160246001062,2025-10-28T05:43:27.356152
f6e9f32d-fdfe-5f3a-ae58-7acc15e2fdc0,feedback@oneworldomaha.org,work,True,,0,194095175011076243110192001155162102048171164008,2025-10-28T05:43:29.313174
62aa20eb-da41-5d65-9b27-ddf4ede7d758,info@lasalamd.com,work,True,,0,092072158195206130186173098065179020064199185130,2025-10-28T05:43:29.795289
49a0e40d-0c98-5d54-9c95-e9a87c75b4fc,medrecords@ecdhd.ne.gov,work,True,,0,060233160084113132203139091091122100231203030142,2025-10-28T05:43:33.595605
eb70d3be-199c-55e9-8425-cf5eed287a9d,info@spbh.org,work,True,,0,168162058216149204036211070022058158176154143038,2025-10-28T05:43:38.650905
f41dad9c-d659-5b7b-bf50-9e5c2adf73c5,alamedadesk@abcpeds.net,work,True,,0,112156069135206116229163121160050224182046128255,2025-10-28T05:43:41.786691
13cfad65-c5df-54d6-b44d-7d5b2d6a2fad,ictestportal@gmail.com,work,True,,0,174239243075152016163053247013142039199115022119,2025-10-28T05:43:42.356887
922687e4-d679-5cec-b0c7-daf10ba77ffc,info@heightspediatrics.com,work,True,,0,018109065105114084093183050044179252008115204209,2025-10-28T05:43:43.032712
e51f78a0-a529-52ea-a010-4d2a4cd512f3,info@cosmeticbham.com,work,True,,0,112150191229098072234069060252252239226254233024,2025-10-28T05:43:44.877723
f4b0414d-21e3-571f-817f-7aa184962cea,touchpointpedsmd@gmail.com,work,True,,0,049158186159153157016099133049116063192165228225,2025-10-28T05:43:46.200247
746afd02-945b-5468-9d38-20fe9c76d179,team@ihsmd.org,work,True,,0,153188058242125150179020121088163244090024053120,2025-10-28T05:43:51.519311
9caa507f-2f88-5d1c-8c90-b568bd906673,manager@highlandpedsfr.com,work,True,,0,054113235251176121241065232197165008107008248088,2025-10-28T05:43:56.472361
72bbd275-3419-5fc9-80de-8763934d2942,midlandhealth@midlandtexas.gov,work,True,,0,096149002134032247049201130226141221148189159074,2025-10-28T05:43:56.719323
7a395e9f-7947-5ba5-93b3-ba88f0b0229c,manager@augustpediatrics.com,work,True,,0,029032212130008252020225149137229225016139044225,2025-10-28T05:44:09.610984
80b8ce40-0ef8-59d6-9f19-d94deed138f2,website@nadalpediatrics.com,work,True,,0,223103082165125011061072056026231072110037134109,2025-10-28T05:44:14.566399
7b0ac244-20f1-5022-aa31-1baf491ebbaf,cbidwell@snakeriverpediatrics.com,work,True,,0,205076225015115060007200073047187084125072113204,2025-10-28T05:44:18.017055
6be677c7-60b2-5bf3-ae54-7b55cc732885,info@premierforkids.com,work,True,,0,172238181013183189242159147247179130218115210154,2025-10-28T05:44:20.596930
dc45e634-1d2c-519e-97f9-dd3e8a4bd187,info@happyandhealthypediatrics.com,work,True,,0,034060240134125102080215149178029012064083183097,2025-10-28T05:44:27.653196
277f861b-149b-5bb7-9aa1-7d9b1525ff0a,general@alvaradoandassociates.com,work,True,,0,211174165008134079200206057049134247228152118028,2025-10-28T05:44:28.571434
c5f29b6b-e152-58e7-9c19-1398b06993c6,contact@chicopediatrics.com,work,True,,0,106204156021248071209048154113248174158219086014,2025-10-28T05:44:29.672084
62b3795d-c3d9-5cd6-9473-48b8a44a6d56,abcspediatrics1@gmail.com,work,True,,0,158206201199227031172147061106115132077081034024,2025-10-28T05:44:35.447518
b8b0047f-322a-54e8-a48a-521ea050d807,info@sevamedcare.com,work,True,,0,093178104191131025183119134036165026168044055128,2025-10-28T05:44:44.413314
b00f2685-300e-51cc-b0a8-fccedfcd7098,raybonpeds@yahoo.com,work,True,,0,103157186141063252244087255236048086007100024102,2025-10-28T05:44:45.418557
35e25d73-9503-53e9-a714-185cf75558c5,contact@pathwaypeds.com,work,True,,0,060084219012153116221036042028029074171177175245,2025-10-28T05:44:47.147759
7d58b22d-4d68-5ac7-8ce7-e2a2acac558d,watchemsprout@gmail.com,work,True,,0,094002082213015245240058082224117074173228008023,2025-10-28T05:44:48.564546
453feabf-a6c3-553a-8b70-fe341b080fb9,ascend@ascend-pediatrics.com,work,True,,0,241255180072013091135079186096200046255216057043,2025-10-28T05:44:48.906589
515ef92b-83bd-5fa6-b9a9-09945836e34a,contactus@sportsmedltd.com,work,True,,0,083068070116118011253115168177224198052167176122,2025-10-28T05:44:51.376560
cfa96435-7236-5ceb-b92b-f71fb70bf040,customer.service@gardenpediatrics.com,work,True,,0,218213088053170235113214011029111050238082065002,2025-10-28T05:44:53.160522
a0f263d4-5f45-541a-8044-3b1f88f92881,christian.encarnacion@assertus.com,,True,,1,id-QAE5up.LN56zyZ8nOZixg,2025-10-28T06:07:48.271096
c0dc68a7-eeee-5d0f-b54e-b23d166c5613,support@micromd.com,,True,,0,id53TtyeAgHWFuWp6FY1HhYQ,2025-10-28T06:07:52.126298
7e74bca1-871f-5461-9d5a-e3f5e2b56715,lumenCardiology@gmail.com,work,True,,0,5427,2025-10-28T06:49:35.832736
7e74bca1-871f-5461-9d5a-e3f5e2b56715,lumenCardiology@gmail.com,work,True,,1,5427,2025-10-28T06:49:35.832737
7e74bca1-871f-5461-9d5a-e3f5e2b56715,lumenCardiology@gmail.com,work,True,,2,5427,2025-10-28T06:49:35.832738
7e74bca1-871f-5461-9d5a-e3f5e2b56715,lumenCardiology@gmail.com,work,True,,3,5427,2025-10-28T06:49:35.832739
fc66ead1-c2de-5aaf-a621-26f007d3d309,ZVeerula@gmail.com,,True,,2,2460007704,2025-10-28T07:20:49.188234
bee971cf-b47a-5765-a3ff-7c754928ce68,MD@apcpaincare.com,,True,,2,2460025038,2025-10-28T07:20:54.090965
fc36b5ce-a4f0-50eb-b3ff-fe3d12282ee0,hmtharwani@gmail.com,,True,,2,2460001926,2025-10-28T07:20:54.279617
db2bca52-35c4-57d8-9c51-e6204665ea6d,midlandmd@gmail.com,,True,,3,2460028890,2025-10-28T07:20:58.581547
783262c9-4a2b-5962-ad03-786d4c209912,shaypathare@yahoo.com,,True,,1,2460021828,2025-10-28T07:20:59.338807
91095f58-19bc-5de5-ac27-ad8ab48582f6,info@heidiwinklermd.com,,True,,2,2460002568,2025-10-28T07:21:03.565048
5e2732b5-f08e-5579-9373-ceeaf5ed0b32,smartcare-fhir@streamlinehealthcare.com,,True,,1,1942250303,2025-10-28T07:21:13.230790
c5184f52-ea12-534d-a4e7-5e204e88ca9c,smartcare-fhir@streamlinehealthcare.com,,True,,1,1437510047,2025-10-28T07:21:13.457631
32f04448-4f25-5a99-8aa5-159922df4025,FHIRAPI@calmhsa.org,,True,,0,1215028931,2025-10-28T07:21:13.678720
584fefea-cc1b-571b-860b-3348aaaa53cb,smartcare-fhir@streamlinehealthcare.com,,True,,1,1700861242,2025-10-28T07:21:13.898705
05966518-3cde-5e37-8229-e3d76edfaaf2,smartcare-fhir@streamlinehealthcare.com,,True,,1,1386845915,2025-10-28T07:21:14.121136
31e4f4f8-e5b0-562d-b9d2-bb649e848fcd,FHIRAPI@calmhsa.org,,True,,0,1538266911,2025-10-28T07:21:14.341800
1783abd1-219f-5690-9ab5-1f81ab758a25,smartcare-fhir@streamlinehealthcare.com,,True,,0,1407872575,2025-10-28T07:21:14.564485
1bb23559-e680-5bae-8552-75fe2e8b7e70,smartcare-fhir@streamlinehealthcare.com,,True,,1,1871576835,2025-10-28T07:21:14.785654
ba306e46-6d1e-54a9-932f-230052ab2e26,smartcare-fhir@streamlinehealthcare.com,,True,,1,1427464759,2025-10-28T07:21:15.009590
88f45c2e-0404-5a9f-afee-e9f81fc4c617,smartcare-fhir@streamlinehealthcare.com,,True,,1,1528108057,2025-10-28T07:21:15.229433
cc8aa0a6-92f1-5345-9672-b0b4120fda0a,Smartcare-fhir@streamlinehealthcare.com,,True,,1,1609077353,2025-10-28T07:21:15.453485
b8f22f66-0d31-5463-9e76-0e56c13ab1a5,smartcare-fhir@streamlinehealthcare.com,,True,,1,1962825695,2025-10-28T07:21:15.676396
d922a40e-500e-5243-8424-692277f11e40,smartcare-Fhir@streamlinehealthcare.com,,True,,1,1073548640,2025-10-28T07:21:15.900119
d154d40e-61df-53f9-ad80-09ab1afb7f80,FHIRAPI@calmhsa.org,,True,,0,1487857405,2025-10-28T07:21:16.122591
38fb994a-b69a-5ebd-a89f-b3fdd0a2dd5e,smartcare-fhir@streamlinehealthcare.com,,True,,1,1669488029,2025-10-28T07:21:16.346580
caf3540a-6c47-56d2-b176-8d452f086ccb,smartcare-fhir@streamlinehealthcare.com,,True,,1,1609943794,2025-10-28T07:21:16.569756
5379046d-d374-5562-ac5a-233c8c770067,smartcare-fhir@streamlinehealthcare.com,,True,,1,1760811848,2025-10-28T07:21:16.795004
5f090f2b-9afe-5640-88f7-4cc0aac66d12,smartcare-fhir@streamlinehealthcare.com,,True,,1,1841988433,2025-10-28T07:21:17.016927
f5d0f1b3-9495-527d-ad35-1fb847f34df7,FHIRAPI@calmhsa.org,,True,,0,1831221974,2025-10-28T07:21:17.240004
321cb3ec-b62e-5a95-9f73-215347943d6e,smartcare-fhir@streamlinehealthcare.com,,True,,1,1205135589,2025-10-28T07:21:17.463102
9a76f05a-883e-5c67-a7c8-15ea6c75fc27,smartcare-fhir@streamlinehealthcare.com,,True,,1,1770588444,2025-10-28T07:21:17.686196
aba84065-5b0f-5b7f-82cc-6de305ea8ca5,FHIRAPI@calmhsa.org,,True,,1,1427196617,2025-10-28T07:21:17.908663
df1dafaa-2101-5232-9349-8e5006125f03,FHIRAPI@calmhsa.org,,True,,0,1568525699,2025-10-28T07:21:18.131666
bafce0dd-68e9-5efc-a3b2-5cb81aeea9e6,smartcare-fhir@streamlinehealthcare.com,,True,,1,1649507831,2025-10-28T07:21:18.355759
a0a31c5f-349b-536a-882c-829befdbeb90,smartcare-fhir@streamlinehealthcare.com,,True,,1,1033108766,2025-10-28T07:21:18.582270
aaf91348-62d1-56af-b31b-cd92fd57c872,FHIRAPI@calmhsa.org,,True,,0,1982620399,2025-10-28T07:21:18.807783
0617fd8d-67e1-5236-bf62-e452772d0f5a,smartcare-fhir@streamlinehealthcare.com,,True,,1,1760460653,2025-10-28T07:21:19.029068
e8f82e7b-df99-5ccb-a014-7bfa3f2adb68,smartcare-fhir@streamlinehealthcare.com,,True,,1,1891885901,2025-10-28T07:21:19.253263
484bba2b-3aa8-5123-979b-74d7243176ee,smartcare-fhir@streamlinehealthcare.com,,True,,1,1508033416,2025-10-28T07:21:19.476297
4dff393e-517a-563d-ac0e-9c4737ddc7a0,smartcare-fhir@streamlinehealthcare.com,,True,,1,1679677215,2025-10-28T07:21:19.697683
0627daf8-c655-5d71-a90d-1963438f7a61,smartcare-fhir@streamlinehealthcare.com,,True,,1,1972689370,2025-10-28T07:21:19.921039
c52340e0-75ff-59d8-9fcf-edac841de278,Smartcare-Fhir@streamlinehealthcare.com,,True,,1,1699101618,2025-10-28T07:21:20.143615
e9b8abc4-a363-5f92-b71e-227b5335449c,smartcare-fhir@streamlinehealthcare.com,,True,,1,1699745794,2025-10-28T07:21:20.367535
d44c6428-9c42-5212-81d0-56cd639acd28,smartcare-fhir@streamlinehealthcare.com,,True,,0,1427192038,2025-10-28T07:21:20.592015
c3712ea8-2cea-547b-9b9d-c077b13a8245,smartcare-fhir@streamlinehealthcare.com,,True,,1,1649230236,2025-10-28T07:21:20.814677
2427c402-cf56-584b-ad4c-c435adcca574,FHIRAPI@calmhsa.org,,True,,0,1255461471,2025-10-28T07:21:21.039908
709545a6-ab63-5f6b-aa6a-0383cb701117,smartcare-fhir@streamlinehealthcare.com,,True,,1,1881957587,2025-10-28T07:21:21.258678
1e0f9f06-21ad-5069-aa3a-3de796f4851c,Smartcare-fhir@streamlinehealthcare.com,,True,,1,1629898689,2025-10-28T07:21:21.482134
f6186683-4a92-5dc6-a839-a2069ef7a249,smartcare-fhir@streamlinehealthcare.com,,True,,1,1316982408,2025-10-28T07:21:21.707907
9d950cd4-ed04-548b-96f2-1d7d6f04230e,FHIRAPI@calmhsa.org,,True,,1,1568658841,2025-10-28T07:21:21.932042
de545fe5-2b81-588b-92b0-d6b0cb879c31,smartcare-fhir@streamlinehealthcare.com,,True,,1,1235365487,2025-10-28T07:21:22.154473
3b7bb8c3-e8e3-5ce0-b13a-1f9784ae5e45,smartcare-fhir@streamlinehealthcare.com,,True,,1,1295878122,2025-10-28T07:21:22.377641
3aeee859-f3d9-5e57-b77d-e02eb6928557,smartcare-fhir@streamlinehealthcare.com,,True,,1,1851315535,2025-10-28T07:21:22.601869
7c7adde8-760e-50bf-af84-7f7fcc11734a,Smartcare-Fhir@streamlinehealthcare.com,,True,,1,1003961277,2025-10-28T07:21:22.826732
45b4954e-920e-57d2-bdf2-dfd29d06e79c,smartcare-fhir@streamlinehealthcare.com,,True,,1,1134347586,2025-10-28T07:21:23.051268
c1e9deb6-d8ef-5093-ad2b-d311f02f0ccc,smartcare-fhir@streamlinehealthcare.com,,True,,1,1578961900,2025-10-28T07:21:23.276628
573aec83-f609-5788-8e7a-194dfceeda89,FHIRAPI@calmhsa.org,,True,,0,1043386659,2025-10-28T07:21:23.507321
313e2930-26df-56c9-abad-63cda569049c,smartcare-fhir@streamlinehealthcare.com,,True,,1,1255415907,2025-10-28T07:21:23.728864
9a808bb6-3e66-58cf-8ff6-1da2164f5cb0,smartcare-fhir@streamlinehealthcare.com,,True,,1,1356441323,2025-10-28T07:21:23.953781
2da7bc90-8139-536f-bb3b-a038e95c388d,smartcare-fhir@streamlinehealthcare.com,,True,,1,1336328020,2025-10-28T07:21:24.176573
40ab42ae-6f35-5932-b28d-9a263ceb0f9c,smartcare-fhir@streamlinehealthcare.com,,True,,1,1861534612,2025-10-28T07:21:24.401490
4c15201e-2e09-5656-86f0-7acf9ee4eeed,smartcare-fhir@streamlinehealthcare.com,,True,,1,1720140908,2025-10-28T07:21:24.624109
148c1480-aa33-5088-b0dc-c2badcf8030b,smartcare-fhir@streamlinehealthcare.com,,True,,1,1639343320,2025-10-28T07:21:24.848572
f06dceaf-b620-5674-a630-e37d7814d7dd,FHIRAPI@calmhsa.org,,True,,1,1427138726,2025-10-28T07:21:25.070868
86034abf-1530-58c2-9063-c58823c8ddf9,FHIRAPI@calmhsa.org,,True,,1,1275938722,2025-10-28T07:21:25.292850
a8726147-3394-5f78-a331-c77c545ba19f,smartcare-fhir@streamlinehealthcare.com,,True,,1,1194720656,2025-10-28T07:21:25.516748
78620618-383f-5785-bb44-fa78fc65165d,smartcare-fhir@streamlinehealthcare.com,,True,,1,1063686897,2025-10-28T07:21:25.737447
37e5ecc0-60c9-5dd1-8c82-96c2ba734a4b,smartcare-fhir@streamlinehealthcare.com,,True,,1,1912639576,2025-10-28T07:21:25.960649
05a842df-a93c-5d4c-8926-b514dd787e73,smartcare-fhir@streamlinehealthcare.com,,True,,1,1003031436,2025-10-28T07:21:26.184837
fd7d36e1-f2e2-543e-952e-1439128e619a,smartcare-fhir@streamlinehealthcare.com,,True,,1,1558325050,2025-10-28T07:21:26.411366
3dfa4cdb-38dd-5b68-943f-587ccf9d9eab,FHIRAPI@calmhsa.org,,True,,1,1225258841,2025-10-28T07:21:26.634007
8e168c34-387b-56f7-907a-c1e5a8f7596b,smartcare-fhir@streamlinehealthcare.com,,True,,1,1962536821,2025-10-28T07:21:26.855318
db8929ff-a328-50c7-8ade-9a0bf97d3fae,smartcare-fhir@streamlinehealthcare.com,,True,,1,1659613776,2025-10-28T07:21:27.079727
e760d6c8-3cde-5a6b-9260-00b41041247d,smartcare-fhir@streamlinehealthcare.com,,True,,1,1467449157,2025-10-28T07:21:27.303982
7522d750-144b-54d9-86e3-651e544e9414,smartcare-fhir@streamlinehealthcare.com,,True,,1,1659402303,2025-10-28T07:21:27.527798
2585df8d-4182-503e-9ce6-fc6d24abb496,smartcare-fhir@streamlinehealthcare.com,,True,,1,1467720037,2025-10-28T07:21:27.751279
0cd6747d-bd22-5970-8aa6-9cadcf00a517,smartcare-fhir@streamlinehealthcare.com,,True,,1,1578560249,2025-10-28T07:21:27.977231
cd949f61-a132-52b3-bb1c-9c325c3cbe9b,smartcare-fhir@streamlinehealthcare.com,,True,,1,1891458477,2025-10-28T07:21:28.199743
2e5cfdf1-3dd3-5859-aa3a-121588a67d9d,smartcare-fhir@streamlinehealthcare.com,,True,,1,1992923361,2025-10-28T07:21:28.424375
fc46de30-57de-5fb0-b22a-5dda4532604b,smartcare-fhir@streamlinehealthcare.com,,True,,1,1114145752,2025-10-28T07:21:28.664716
dba5252a-f3be-5c42-935f-092639e461ac,smartcare-fhir@streamlinehealthcare.com,,True,,1,1962851253,2025-10-28T07:21:28.891953
32587220-fb10-5394-b6b5-1e5b4cd7d8a7,FHIRAPI@calmhsa.org,,True,,1,1750715801,2025-10-28T07:21:29.117160
051b9adb-b47c-5c18-aab0-751d546acd5d,smartcare-fhir@streamlinehealthcare.com,,True,,1,1841289733,2025-10-28T07:21:29.340619
98188952-d2ee-57d9-9f07-e06df7169c01,Smartcare-fhir@streamlinehealthcare.com,,True,,1,1184052102,2025-10-28T07:21:29.563531
6dc40dfa-1a8c-5d0e-9aa2-c998c9e7869b,smartcare-fhir@streamlinehealthcare.com,,True,,1,1376735282,2025-10-28T07:21:29.787266
b58a04f8-2e49-50af-a8e7-f64bdc639282,smartcare-fhir@streamlinehealthcare.com,,True,,1,1093033367,2025-10-28T07:21:30.010763
e2f73aac-81bf-5986-ac98-a7d88d0aa498,Smartcare-fhir@streamlinehealthcare.com,,True,,1,1801937495,2025-10-28T07:21:30.231893
c1c24487-d936-512e-80b1-b7d46e2cab17,smartcare-fhir@streamlinehealthcare.com,,True,,1,1558679944,2025-10-28T07:21:30.454253
17b85848-2600-5d99-9a85-785c4e60fc25,smartcare-fhir@streamlinehealthcare.com,,True,,1,1578640298,2025-10-28T07:21:30.684154
5a31a9bf-6d17-561f-98ba-fc1a1760f41a,FHIRAPI@calmhsa.org,,True,,0,1508199258,2025-10-28T07:21:30.912652
4055972d-cbfb-502a-bc88-7942a565f808,smartcare-fhir@streamlinehealthcare.com,,True,,1,1740481084,2025-10-28T07:21:31.133851
a8b0d8a2-2dac-5a27-b017-b0ef0e45a1ab,smartcare-fhir@streamlinehealthcare.com,,True,,1,1841413879,2025-10-28T07:21:31.357084
c5d4abfe-eac1-5d59-9ce1-2c406b0c2c8a,smartcare-fhir@streamlinehealthcare.com,,True,,1,1053008276,2025-10-28T07:21:31.581939
889daff6-a5b0-57bb-b15a-f49a10ddf7af,smartcare-fhir@streamlinehealthcare.com,,True,,1,1720345556,2025-10-28T07:21:31.805032
95e9d804-0bc4-5e53-b320-953ae11bd3b8,Smartcare-fhir@streamlinehealthcare.com,,True,,1,1689629990,2025-10-28T07:21:32.030621
f45d69b1-5d83-5cd4-a3f8-5733d13aae06,smartcare-fhir@streamlinehealthcare.com,,True,,1,1427018209,2025-10-28T07:21:32.256263
5447148d-5ee0-5ca4-982f-f270eef4db1d,smartcare-fhir@streamlinehealthcare.com,,True,,1,1457305302,2025-10-28T07:21:32.492485
359145d2-b940-5ef4-b90e-e384b17dcb56,FHIRAPI@calmhsa.org,,True,,1,1073501870,2025-10-28T07:21:32.718739
5ac9bc61-5d66-5e38-952d-eda464eda366,smartcare-fhir@streamlinehealthcare.com,,True,,1,1366184228,2025-10-28T07:21:32.943659
d466fa99-9ae8-5bf9-b7f0-845fce6c3540,smartcare-fhir@streamlinehealthcare.com,,True,,1,1366744054,2025-10-28T07:21:33.167932
61be7441-c350-5074-969c-7b944ec44f97,smartcare-fhir@streamlinehealthcare.com,,True,,1,1386603348,2025-10-28T07:21:33.390349
0ae51337-6dca-5be8-ba9e-0ce468ce8566,smartcare-fhir@streamlinehealthcare.com,,True,,1,1083733364,2025-10-28T07:21:33.612561
d778fec3-80ed-5870-b2f6-8b842cc89793,smartcare-fhir@streamlinehealthcare.com,,True,,1,1134443294,2025-10-28T07:21:33.843120
d68d50b4-f6a6-570d-bff9-f8ae80a43b89,FHIRAPI@calmhsa.org,,True,,1,1780803239,2025-10-28T07:21:34.065017
9e894483-f393-56cf-8a77-3d39f6468df1,smartcare-fhir@streamlinehealthcare.com,,True,,1,1992708705,2025-10-28T07:21:34.289204
4722f651-5ae6-5ffb-b506-f1815c7d4b93,Smartcare-fhir@streamlinehealthcare.com,,True,,1,1740673417,2025-10-28T07:21:34.515084
a183b862-6295-514a-93c4-17aa2c4e6cfa,smartcare-fhir@streamlinehealthcare.com,,True,,1,1972557197,2025-10-28T07:21:34.738041
7bd8136f-c80d-5351-9de8-1ad0c2161b4f,Smartcare-fhir@streamlinehealthcare.com,,True,,1,1750500237,2025-10-28T07:21:34.962940
4fbb4cd3-9175-5be8-8d8a-e9a224abc210,FHIRAPI@calmhsa.org,,True,,0,1871647115,2025-10-28T07:21:35.189221
3421071f-e014-5df3-9c45-a58729c43b7d,smartcare-fhir@streamlinehealthcare.com,,True,,1,1457596678,2025-10-28T07:21:35.407293
dc32a30f-9cb2-582b-9e6a-85be90152216,Smartcare-fhir@streamlinehealthcare.com,,True,,1,1457479511,2025-10-28T07:21:35.629193
4cb23801-ef03-5a70-ab08-2052a0ffd4db,smartcare-fhir@streamlinehealthcare.com,,True,,1,1942638515,2025-10-28T07:21:35.855120
3cb9c9a0-d69c-565b-9cce-4909bf98e10e,smartcare-fhir@streamlinehealthcare.com,,True,,1,1952371403,2025-10-28T07:21:36.081682
36d0b00e-71dd-5642-a500-d12a3e6be303,smartcare-fhir@streamlinehealthcare.com,,True,,1,1528443074,2025-10-28T07:21:36.308948
018b4dd4-597d-52a0-89e2-6de56f9e19c0,smartcare-fhir@streamlinehealthcare.com,,True,,1,1033761713,2025-10-28T07:21:36.531430
e704ebac-56a2-5dd9-8ed2-0abcc58421dd,smartcare-fhir@streamlinehealthcare.com,,True,,1,1538155882,2025-10-28T07:21:36.754168
27dd1ac3-92de-5ef9-8e36-0661e7c11ad2,smartcare-fhir@streamlinehealthcare.com,,True,,1,1326536004,2025-10-28T07:21:36.981841
3a0ab087-b0ac-5a0f-a667-7be9c7b53cf1,smartcare-fhir@streamlinehealthcare.com,,True,,1,1831861293,2025-10-28T07:21:37.209010
6f527c45-fcbf-5a1d-96f6-2a0623d0aa17,smartcare-fhir@streamlinehealthcare.com,,True,,1,1578683991,2025-10-28T07:21:37.433294
4982212a-c2bc-503d-94f9-2716d89af9a7,smartcare-fhir@streamlinehealthcare.com,,True,,1,1881621225,2025-10-28T07:21:37.655944
76a3393e-0bd7-587b-affe-946d7da037f8,Smartcare-fhir@streamlinehealthcare.com,,True,,1,1639460793,2025-10-28T07:21:37.882539
a28d4175-7f17-57d1-bbf4-f4afd7f04455,smartcare-fhir@streamlinehealthcare.com,,True,,1,1235901141,2025-10-28T07:21:38.107889
d616f8f0-0e90-5a17-937d-abcc5579d02c,smartcare-fhir@streamlinehealthcare.com,,True,,1,1740591163,2025-10-28T07:21:38.332207
4b045a53-da10-5447-8905-89271885840e,FHIRAPI@calmhsa.org,,True,,1,1770538001,2025-10-28T07:21:38.554267
1a7fec26-f15a-5c6d-9f43-e53caca62cab,smartcare-fhir@streamlinehealthcare.com,,True,,1,1093771230,2025-10-28T07:21:38.777579
5189a50d-0039-5ee1-90f0-d50067b22d32,smartcare-fhir@streamlinehealthcare.com,,True,,1,1306013644,2025-10-28T07:21:39.009573
8d205c7f-9b41-5a62-b703-7d1aac09b472,smartcare-fhir@streamlinehealthcare.com,,True,,1,1649271636,2025-10-28T07:21:39.232704
ebaa3e24-e239-56b1-a1f6-4ea00ee61dba,smartcare-fhir@streamlinehealthcare.com,,True,,1,1235337916,2025-10-28T07:21:39.457723
0bf17ad1-62b1-504c-a497-62294b0aa6b4,smartcare-fhir@streamlinehealthcare.com,,True,,1,1083826606,2025-10-28T07:21:39.683707
91cdcbc7-9282-5a72-8221-822e5de90d5a,smartcare-fhir@streamlinehealthcare.com,,True,,1,1760424980,2025-10-28T07:21:39.907430
a6a8bba6-8fbb-53d0-b7bc-af5eba191e20,SmartCare-FHIR@streamlinehealthcare.com,,True,,1,1295752137,2025-10-28T07:21:40.129743
075374c4-cd97-57e0-934f-5aaafa70a1e5,FHIRAPI@calmhsa.org,,True,,1,1033300306,2025-10-28T07:21:40.349709
f60dff23-45b6-5b0a-98f3-bba8c258086b,smartcare-fhir@streamlinehealthcare.com,,True,,1,1881064897,2025-10-28T07:21:40.573799
9d10cade-de6f-50ce-9c03-10c1baa48089,Smartcare-fhir@streamlinehealthcare.com,,True,,1,1467434399,2025-10-28T07:21:40.797301
91087e5b-3c65-5631-8225-dfb3711b01c8,smartcare-fhir@streamlinehealthcare.com,,True,,1,1013184258,2025-10-28T07:21:41.019869
b79113cb-842e-5503-a2ca-dcc1ee4427e2,smartcare-fhir@streamlinehealthcare.com,,True,,1,1881736122,2025-10-28T07:21:41.242424
7b0d50ad-8357-5ad5-a5ca-620984ab06ea,FHIRAPI@calmhsa.org,,True,,0,1528105558,2025-10-28T07:21:41.464545
0c55445e-a5be-5d76-8e27-77b74ca17a79,smartcare-fhir@streamlinehealthcare.com,,True,,1,1003156118,2025-10-28T07:21:41.682658
5c2537ef-7b3e-5284-ae84-20e53350daf3,smartcare-fhir@streamlinehealthcare.com,,True,,1,1427693902,2025-10-28T07:21:41.907405
d356ee4d-47da-5d06-9142-d38b3929b223,smartcare-fhir@streamlinehealthcare.com,,True,,1,1003314733,2025-10-28T07:21:42.131515
877e30de-e77c-5b3c-b870-ea3a1a589905,smartcare-fhir@streamlinehealthcare.com,,True,,1,1972568996,2025-10-28T07:21:42.359427
eeee1e39-948b-55fc-aa18-013fdcd7be0f,smartcare-fhir@streamlinehealthcare.com,,True,,1,1942566468,2025-10-28T07:21:42.582886
ef696b8b-f521-582a-a551-0f4ee2c8f0ac,smartcare-fhir@streamlinehealthcare.com,,True,,0,1063944585,2025-10-28T07:21:42.807031
e7cb7682-43f6-5805-bf0a-2cae91351f3a,smartcare-fhir@streamlinehealthcare.com,,True,,1,1710971429,2025-10-28T07:21:43.028893
2634425c-b89f-5187-b420-c968e7c145c3,smartcare-fhir@streamlinehealthcare.com,,True,,1,1700201563,2025-10-28T07:21:43.252869
82e2ff9b-7224-542d-af6a-466713725846,smartcare-fhir@streamlinehealthcare.com,,True,,1,1053619528,2025-10-28T07:21:43.477988
6c700984-561f-5f0d-9ff1-8f6db3532119,FHIRAPI@calmhsa.org,,True,,0,1750408514,2025-10-28T07:21:43.703501
a625a7f8-6531-5f40-86f7-337fbaf40bcd,smartcare-fhir@streamlinehealthcare.com,,True,,1,1700976453,2025-10-28T07:21:43.935976
86da708d-3d78-50dc-a45f-3cf8e9de08d0,smartcare-fhir@streamlinehealthcare.com,,True,,1,1659197416,2025-10-28T07:21:44.169703
593744aa-f844-5865-8e25-519899bd9809,smartcare-fhir@streamlinehealthcare.com,,True,,1,1215500954,2025-10-28T07:21:44.396194
76116163-109e-585e-a8fd-3ab0a4961c7e,smartcare-fhir@streamlinehealthcare.com,,True,,1,1780805762,2025-10-28T07:21:44.623964
db15728b-81c6-5489-940b-e130441f8758,smartcare-fhir@streamlinehealthcare.com,,True,,1,1568599397,2025-10-28T07:21:44.846310
e1f5f89e-1c61-50d7-93da-fbcdecad4e08,smartcare-fhir@streamlinehealthcare.com,,True,,1,1932721388,2025-10-28T07:21:45.070788
4b17a5f5-7cfb-50e9-b09a-af0964b4a958,Smartcare-fhir@streamlinehealthcare.com,,True,,1,1952370561,2025-10-28T07:21:45.295289
a996d0e3-f913-57ea-8a38-92bf08e6c85f,FHIRAPI@calmhsa.org,,True,,0,1215140066,2025-10-28T07:21:45.525375
616bd9eb-6189-5fb9-bc95-f406c2f86c33,support@systemedx.com,work,True,,1,systemedx,2025-10-28T07:21:52.150802
67f2495f-e190-5f43-8367-a5d527808cc7,CCA@Test.com,,True,,1,idZPi87yAlfaCCJtb5DInDOQ,2025-10-28T07:21:54.822504
aae6cca0-6434-5915-9ae4-04a8b631b381,test@email.com,,True,,1,idsxB-cyewBv-yDx9JjDFnvg,2025-10-28T07:21:54.984704
f899a483-bd4a-5d4e-bbd0-d9a806cf7ecc,test@123.com,,True,,1,id11v0Xk6XdYKYWLJcGB06kQ,2025-10-28T07:21:55.141283
e2e075cc-c53b-55bb-83f9-874905a376b0,abc@xyz.zzz,,True,,1,98e5232b-0640-4240-95eb-7265e26f2adb,2025-10-28T07:22:00.773210
0a74ed97-7dce-5760-9130-1c5761f09275,support@varian.com,,True,,1,id4RuGBx9NgSyfDyY1AQo1UA,2025-10-28T07:23:39.058464
f133c105-1c9b-5b9a-a42e-3df03dd57468,joseph.stull@ahps.k12.va.us,,True,,0,idEyi-QlPzYerWznrSafzy5w,2025-10-28T07:29:20.451182
96378b9f-e9f0-5595-a625-8a429aff51f8,jtelesco@waitingroomsolutions.com,work,True,,0,983285,2025-10-28T07:29:21.339097
aec526c2-769e-5469-9a3e-768f60066a09,nomail@waitingroomsolutions.com,work,True,,0,983315,2025-10-28T07:29:21.564887
e34f1be3-c750-5c51-be55-3cd518b77498,nomail@wrshealth.com,work,True,,0,1832367,2025-10-28T07:29:21.794910
1063c5e0-89ac-55ba-afba-6d3a860dd5f6,nomail@waitingroomsolutions.com,work,True,,0,1832370,2025-10-28T07:29:22.401609
dfb54430-4a63-51e6-8fba-9fb429d61673,jtelesco@wrshealth.com,work,True,,0,983271,2025-10-28T07:29:22.629877
15789cb9-f0be-526a-910a-9caaa4756299,jtelesco@wrshealth.com,work,True,,0,983302,2025-10-28T07:29:22.854931
5b919f31-dda1-51c0-bbca-a91468af9519,cjchkahn@gmail.com,work,True,,0,1832405,2025-10-28T07:29:23.083960
ecf41869-d743-5248-8315-123ef744459d,jtelescowrs@gmail.com,work,True,,0,983292,2025-10-28T07:29:23.308887
16f16e84-93b9-5dcc-aaed-9f07f395ec73,nomail@wrshealth.com,work,True,,0,1832382,2025-10-28T07:29:23.759520
00a0e776-d2a4-5b8d-a7e4-688ed153bc18,nomail@waitingroomsolutions.com,work,True,,0,983329,2025-10-28T07:29:23.983688
9ae5ca13-d56a-5722-84f7-ac42b7d9971c,noemail@waitingroomsolutions.com,work,True,,0,983283,2025-10-28T07:29:24.206772
4c60c092-15d0-5a08-8ebb-f949ebc2f8db,nomail@warhealth.com,work,True,,0,1832357,2025-10-28T07:29:24.435065
b609c5f7-bd27-5109-ada4-973d88656369,lhgaulden@hotmail.com,work,True,,0,1832317,2025-10-28T07:29:24.850577
27e372ea-693e-5fa7-b335-3e70819dd28f,lortonurgentcare@msn.com,work,True,,0,1832403,2025-10-28T07:29:25.075768
de0b5b69-6175-593b-b734-fb2192fc5f71,drobuz@gmail.com,work,True,,0,1832395,2025-10-28T07:29:25.301980
0c765c22-994c-50fe-830e-5296aa694830,nomail@wrshealth.com,work,True,,0,1832376,2025-10-28T07:29:25.528020
3311bed8-0d10-59ac-9627-12ec1f833c03,nomail@wrshealth.com,work,True,,0,1832360,2025-10-28T07:29:25.751321
4aeb320b-4c02-5f13-a0a2-3f1f3b9d3446,jennifertelly70@yahoo.com,work,True,,0,983277,2025-10-28T07:29:25.979558
edf01a91-5b99-55ae-8a18-42465987d624,nomail@waitingroomsolutions.com,work,True,,0,1832314,2025-10-28T07:29:26.394923
2fdf9193-0768-5511-83dc-0fc56c82561c,clgiblin@gmail.com,work,True,,0,1832396,2025-10-28T07:29:26.586651
ece3995b-86e9-5114-a04c-dce0675a5ed3,setup@waitingroomsolutions.com,work,True,,0,983278,2025-10-28T07:29:26.812707
a061437c-fe9c-55fe-a471-709175f33b06,jtelescowrs@gmail.com,work,True,,0,983280,2025-10-28T07:29:27.039610
8ab0ff0f-499a-5255-b3fc-425662578db1,edwarddoc@aol.com,work,True,,0,1832354,2025-10-28T07:29:27.265618
7f3c853d-d1c7-5d91-9e9a-9775a81aac38,nomail@waitingroomsolutuons.com,work,True,,0,1832342,2025-10-28T07:29:27.716309
dc52ed09-75b1-58b0-94e7-163454ce824b,nomail@waitingroomsolutions.com,work,True,,0,983310,2025-10-28T07:29:27.940419
ff5aa606-4b49-5003-970f-9471a6879210,sandra.izenman@verizon.net,work,True,,0,983263,2025-10-28T07:29:28.169547
d8e3d713-4bc4-5234-8486-ff5ea374bb0f,drjehrio@yahoo.com,work,True,,0,1832323,2025-10-28T07:29:28.394310
de5799da-fa92-5208-8bcd-00727eecb3f1,bergj@cox.net,work,True,,0,1832345,2025-10-28T07:29:28.619343
efe615e2-3390-5276-8f54-eb3aab2b0eb3,nomail@waitingroomsolutions.com,work,True,,0,1832312,2025-10-28T07:29:28.845181
12f33ff2-6ee5-5125-8f49-56082ce9b6cb,jtelesco@wrshealth.com,work,True,,0,983301,2025-10-28T07:29:29.071292
1bebf2c7-2c41-5789-99de-f5340db980ba,nomail@wrshealth.com,work,True,,0,1832328,2025-10-28T07:29:29.294355
775b7fac-1065-5cba-8f69-0254fe673bc0,nomalley@wellnessassociatesofkaty.com,work,True,,0,1832390,2025-10-28T07:29:29.520879
c981f917-f83c-5770-977a-8491aeb3e726,nomail@wrshealth.com,work,True,,0,1832369,2025-10-28T07:29:29.970679
c3ddecd3-63d8-5024-b0ff-c225712fe45b,cmanalo@pol.net,work,True,,0,1832386,2025-10-28T07:29:30.194192
7fd8bc21-0198-54ef-8d9c-53c21a6a8c75,NOMAIL@WAITINGROOMSOLUTIONS.COM,work,True,,0,1832325,2025-10-28T07:29:30.645970
831d6d12-4c18-5f2a-83f7-a549c22fd640,nomail@wrshealth.com,work,True,,0,1832368,2025-10-28T07:29:31.062257
ca2e9c30-6f99-51a7-8bba-df64ff38542d,ttumban@yahoo.com,work,True,,0,1832387,2025-10-28T07:29:31.285464
44fc3614-a74b-57ae-8bc4-09b8416c008b,setup@waitingroomsolutions.com,work,True,,0,983286,2025-10-28T07:29:31.511662
cdadc43a-0221-508f-bc85-5f815db690aa,mnwokike96@yahoo.com,work,True,,0,1832352,2025-10-28T07:29:31.736688
41174a43-fea5-5468-8989-78a6729b0e45,nomail@waitingroomsolutions.com,work,True,,0,1832313,2025-10-28T07:29:31.965513
0d3be614-39e6-54eb-bc99-53066da6c39f,drmines@gmail.com,work,True,,0,1832344,2025-10-28T07:29:32.155494
