vendor_name,resource_type,total_fields_seen,fields_processed,fields_ignored,coverage_percentage,ignored_fields_json,created_at
1life_healthcare_inc_b8bf6b68b0098021b1122dda499a9ab0,Mixed,41,26,15,63.41463414634146,"['extension', 'extension[0].url', 'extension[0].valueCode', 'id', 'managingOrganization', 'managingOrganization.reference', 'resourceType', 'text', 'text.div', 'text.status', 'type', 'type[0].coding', 'type[0].coding[0].code', 'type[0].coding[0].display', 'type[0].coding[0].system']",2025-10-27T04:44:28.927973
1life_healthcare_inc_e2a16a6a73d6e80212dc18becacfe05c,Mixed,41,26,15,63.41463414634146,"['extension', 'extension[0].url', 'extension[0].valueCode', 'id', 'managingOrganization', 'managingOrganization.reference', 'resourceType', 'text', 'text.div', 'text.status', 'type', 'type[0].coding', 'type[0].coding[0].code', 'type[0].coding[0].display', 'type[0].coding[0].system']",2025-10-27T04:44:28.928331
aarista_technology_llc_98dd118c306868b25684644c95fe4c75,Mixed,29,27,2,93.10344827586206,"['id', 'resourceType']",2025-10-27T04:44:28.929588
abeo_solutions_inc_87133ed24a4073af176beaf74cd27a1e,Mixed,28,26,2,92.85714285714286,"['id', 'resourceType']",2025-10-27T04:44:28.929886
adaptamed_llc_47d439f4130f7692caea161fa0b4d2bd,Mixed,24,19,5,79.16666666666666,"['id', 'managingOrganization', 'managingOrganization.reference', 'payloadType[0].coding[0].display', 'resourceType']",2025-10-27T04:44:28.930129
advanced_data_systems_corporation_39bf6843af633b73ecc1a2a375a3e6c8,Mixed,20,18,2,90.0,"['id', 'resourceType']",2025-10-27T04:44:28.930382
advanced_data_systems_corporation_d0e6e74cb628cb528c7324b830c583a6,Mixed,20,18,2,90.0,"['id', 'resourceType']",2025-10-27T04:44:28.930614
advancedmd_e00d17d2867b01b204becffa2224ee67,Mixed,36,26,10,72.22222222222221,"['id', 'managingOrganization', 'managingOrganization.reference', 'resourceType', 'type', 'type[0].coding', 'type[0].coding[0].code', 'type[0].coding[0].display', 'type[0].coding[0].system', 'type[0].text']",2025-10-27T04:44:28.930849
agastha_inc_4862c4d21b8eef0e4d5753d395a7fdb5,Mixed,41,26,15,63.41463414634146,"['extension', 'extension[0].url', 'extension[0].valueCode', 'id', 'managingOrganization', 'managingOrganization.reference', 'resourceType', 'text', 'text.div', 'text.status', 'type', 'type[0].coding', 'type[0].coding[0].code', 'type[0].coding[0].display', 'type[0].coding[0].system']",2025-10-27T04:44:28.931100
allegiancemd_software_inc_0803e5ad7f364d7f21a2a186f38a1bd6,Mixed,24,22,2,91.66666666666666,"['id', 'resourceType']",2025-10-27T04:44:28.931338
altera_digital_health_inc_7fe8700d09f67caebfa9fcb284271f4b,Mixed,570,560,10,98.24561403508771,"['contained', 'contained[0].id', 'contained[0].name', 'contained[0].resourceType', 'id', 'managingOrganization', 'managingOrganization.reference', 'period', 'period.start', 'resourceType']",2025-10-27T04:44:28.931692
applied_research_works_inc_e130ae1503043614c79616b1c76e8c78,Mixed,31,20,11,64.51612903225806,"['address[0].text', 'id', 'managingOrganization', 'managingOrganization.reference', 'period', 'period.start', 'resourceType', 'type', 'type[0].coding', 'type[0].coding[0].code', 'type[0].coding[0].system']",2025-10-27T04:44:28.931938
asp_md_inc_9df16d11b49c5b90c112da2a2e42bf30,Mixed,26,19,7,73.07692307692307,"['address[0].use', 'id', 'managingOrganization', 'managingOrganization.reference', 'period', 'period.start', 'resourceType']",2025-10-27T04:44:28.932180
athenahealth_inc_53f1f907e6919c0dd81ced0591b93f43,Mixed,6247,6237,10,99.8399231631183,"['extension', 'extension[0].url', 'extension[0].valueReference', 'extension[0].valueReference.reference', 'extension[1].url', 'extension[1].valueReference', 'extension[1].valueReference.reference', 'id', 'payloadType[0].text', 'resourceType']",2025-10-27T04:44:28.933817
athenahealth_inc_f1b780522ffbe342f269535c880f2840,Mixed,39,30,9,76.92307692307693,"['id', 'managingOrganization', 'managingOrganization.reference', 'payloadType[0].coding[0].display', 'payloadType[0].text', 'resourceType', 'text', 'text.div', 'text.status']",2025-10-27T04:44:28.934177
avon_health_7dea953ca318857d4a35319758ff8387,Mixed,28,22,6,78.57142857142857,"['address[0].text', 'id', 'managingOrganization', 'managingOrganization.reference', 'payloadType[0].coding[0].display', 'resourceType']",2025-10-27T04:44:28.934472
axxess_4deb3f42dd83fc5926ac754e65438d5d,Mixed,32,30,2,93.75,"['id', 'resourceType']",2025-10-27T04:44:28.934735
azalea_health_431baf9cf4a84b1f9865df363dcd5e35,Mixed,42,19,23,45.23809523809524,"['address[0].text', 'address[0].use', 'alias', 'endpoint[0].display', 'endpoint[0].type', 'id', 'identifier', 'identifier[0].system', 'identifier[0].value', 'managingOrganization', 'managingOrganization.display', 'managingOrganization.id', 'managingOrganization.reference', 'managingOrganization.type', 'meta', 'meta.lastUpdated', 'meta.profile', 'payloadType[0].coding[0].display', 'payloadType[0].text', 'resourceType', 'text', 'text.div', 'text.status']",2025-10-27T04:44:28.934995
azalea_health_ab5783b7bda76708800d03e01f6405c3,Mixed,40,19,21,47.5,"['address[0].text', 'address[0].use', 'alias', 'endpoint[0].display', 'endpoint[0].type', 'id', 'managingOrganization', 'managingOrganization.display', 'managingOrganization.id', 'managingOrganization.reference', 'managingOrganization.type', 'meta', 'meta.lastUpdated', 'meta.profile', 'meta.versionId', 'payloadType[0].coding[0].display', 'payloadType[0].text', 'resourceType', 'text', 'text.div', 'text.status']",2025-10-27T04:44:28.935254
azalea_health_baafbdde70f210751a2164da4148ee3b,Mixed,34,26,8,76.47058823529412,"['contact', 'contact[0].system', 'contact[0].value', 'extension', 'extension[0].url', 'extension[0].valueCode', 'id', 'resourceType']",2025-10-27T04:44:28.935496
benchmark_systems_c300eadadd71257b89c4d2c8c3a8ee5e,Mixed,31,23,8,74.19354838709677,"['contained', 'contained[0].id', 'contained[0].name', 'contained[0].resourceType', 'id', 'managingOrganization', 'managingOrganization.reference', 'resourceType']",2025-10-27T04:44:28.935729
braintree_health_1dfe916cd12ba20816fbaaec5f025002,Mixed,26,19,7,73.07692307692307,"['address[0].use', 'id', 'managingOrganization', 'managingOrganization.reference', 'period', 'period.start', 'resourceType']",2025-10-27T04:44:28.935955
bridge_patient_portal_inc_4246df56579a09ed63e475106341e51a,Mixed,38,26,12,68.42105263157895,"['extension', 'extension[0].url', 'extension[0].valueCode', 'id', 'managingOrganization', 'managingOrganization.reference', 'resourceType', 'type', 'type[0].coding', 'type[0].coding[0].code', 'type[0].coding[0].display', 'type[0].coding[0].system']",2025-10-27T04:44:28.936181
brilogy_corporation_eacfe6f7f96185b6fe2a23bc66caab8c,Mixed,24,22,2,91.66666666666666,"['id', 'resourceType']",2025-10-27T04:44:28.936407
broadstreet_health_llc_437e96dbe9e2f4de3bea44b99304788f,Mixed,21,19,2,90.47619047619048,"['id', 'resourceType']",2025-10-27T04:44:28.936619
canvas_medical_inc_ac9d025266a298190ac28296d0db345d,Mixed,22,19,3,86.36363636363636,"['id', 'payloadType[0].text', 'resourceType']",2025-10-27T04:44:28.936840
carecloud_health_inc_6301f3eb4ca8b39856c253e9a38405d6,Mixed,36,26,10,72.22222222222221,"['id', 'managingOrganization', 'managingOrganization.reference', 'resourceType', 'type', 'type[0].coding', 'type[0].coding[0].code', 'type[0].coding[0].display', 'type[0].coding[0].system', 'type[0].text']",2025-10-27T04:44:28.937061
careexpand_llc_21266654b34690cfa7b4f3d257a479dd,Mixed,35,20,15,57.14285714285714,"['address[0].text', 'address[0].type', 'address[0].use', 'id', 'managingOrganization', 'managingOrganization.reference', 'payloadType[0].coding[0].display', 'period', 'period.start', 'resourceType', 'type', 'type[0].coding', 'type[0].coding[0].code', 'type[0].coding[0].display', 'type[0].coding[0].system']",2025-10-27T04:44:28.937277
carepaths_inc_0a2a2f3518dcc71c7b5f2aaaa1f1bb3b,Mixed,23,20,3,86.95652173913044,"['id', 'payloadType[0].text', 'resourceType']",2025-10-27T04:44:28.937517
caretracker_inc_fb608e9a6189e731e15d57f8357e46b7,Mixed,28,20,8,71.42857142857143,"['contained', 'contained[0].id', 'contained[0].name', 'contained[0].resourceType', 'id', 'managingOrganization', 'managingOrganization.reference', 'resourceType']",2025-10-27T04:44:28.937736
chartpath_llc_8a1ff8d86a0f7e239027bcdc7cce6231,Mixed,20,18,2,90.0,"['id', 'resourceType']",2025-10-27T04:44:28.937951
chn_tech_solutions_llc_c64cfc09414f4bf9a08d97560bc44dcc,Mixed,24,22,2,91.66666666666666,"['id', 'resourceType']",2025-10-27T04:44:28.938165
citiustech_inc_dddab3b714c651b71131540f5d1afbaf,Mixed,48,32,16,66.66666666666666,"['id', 'managingOrganization', 'managingOrganization.reference', 'meta', 'meta.lastUpdated', 'meta.profile', 'meta.versionId', 'period', 'period.start', 'resourceType', 'type', 'type[0].coding', 'type[0].coding[0].code', 'type[0].coding[0].display', 'type[0].coding[0].system', 'type[0].text']",2025-10-27T04:44:28.938387
cloudcraft_llc_2c802de9c62a23436e42dee1c9c5c11d,Mixed,29,27,2,93.10344827586206,"['id', 'resourceType']",2025-10-27T04:44:28.938604
compulink_healthcare_solutions_31e2dca501c3c99eec617a4485b1cdca,Mixed,23,21,2,91.30434782608695,"['id', 'resourceType']",2025-10-27T04:44:28.938818
comtron_inc_f01e42d0827587b196c551883d7a0df3,Mixed,24,22,2,91.66666666666666,"['id', 'resourceType']",2025-10-27T04:44:28.939037
criterions_software_inc_9c24b1a0a478f516cff6b716372c8328,Mixed,24,21,3,87.5,"['id', 'payloadType[0].text', 'resourceType']",2025-10-27T04:44:28.939254
curemd_com_inc_3e771a3e2122c9fa913e71a26259cca2,Mixed,53,36,17,67.9245283018868,"['address[0].district', 'address[0].text', 'id', 'managingOrganization', 'managingOrganization.reference', 'meta', 'meta.profile', 'meta.tag', 'meta.tag[0].code', 'meta.tag[0].system', 'payloadType[0].coding[0].display', 'resourceType', 'type', 'type[0].coding', 'type[0].coding[0].code', 'type[0].coding[0].display', 'type[0].coding[0].system']",2025-10-27T04:44:28.939478
cyfluent_2215746cbe645d2173db0dbf5abfaf55,Mixed,24,22,2,91.66666666666666,"['id', 'resourceType']",2025-10-27T04:44:28.939696
darena_solutions_llc_dba_darena_health_a0c85e28c2806a7206f4cbbbfb1189ca,Mixed,20,18,2,90.0,"['id', 'resourceType']",2025-10-27T04:44:28.939906
dexter_solutions_inc_a370867500300df443a029de89040c71,Mixed,24,21,3,87.5,"['id', 'payloadType[0].text', 'resourceType']",2025-10-27T04:44:28.940119
digidms_inc_30456e7288539fc09764f0eccb211d28,Mixed,41,26,15,63.41463414634146,"['extension', 'extension[0].url', 'extension[0].valueCode', 'id', 'managingOrganization', 'managingOrganization.reference', 'resourceType', 'text', 'text.div', 'text.status', 'type', 'type[0].coding', 'type[0].coding[0].code', 'type[0].coding[0].display', 'type[0].coding[0].system']",2025-10-27T04:44:28.940345
doc_tor_com_b68b4c28f29e2e96a4d736097bb2f78c,Mixed,28,20,8,71.42857142857143,"['contained', 'contained[0].id', 'contained[0].name', 'contained[0].resourceType', 'id', 'managingOrganization', 'managingOrganization.reference', 'resourceType']",2025-10-27T04:44:28.940577
dox_emr_e0e949f8576ab287f26ce968a70a07b2,Mixed,24,22,2,91.66666666666666,"['id', 'resourceType']",2025-10-27T04:44:28.940791
drchrono_inc_c0aaacb243932a2f36f36a7152b14262,Mixed,32,30,2,93.75,"['id', 'resourceType']",2025-10-27T04:44:28.941005
dynamic_health_it_inc_c43fec58c84d685cff61e6cd00e22462,Mixed,32,30,2,93.75,"['id', 'resourceType']",2025-10-27T04:44:28.941223
eclinicalworks_llc_d70e323ca0db4d32bea4f7c8a76686a8,Mixed,22,17,5,77.27272727272727,"['id', 'payloadType[0].text', 'period', 'period.start', 'resourceType']",2025-10-27T04:44:28.941439
ederm_systems_llc_196bf4817fc43e153211dc7a2292d532,Mixed,28,26,2,92.85714285714286,"['id', 'resourceType']",2025-10-27T04:44:28.941654
edvak_technologies_inc_112272f30cf07498c24b6431718a8a2a,Mixed,26,23,3,88.46153846153845,"['id', 'payloadType[0].text', 'resourceType']",2025-10-27T04:44:28.941857
ehnote_inc_3b88f0d9fbde66478d7d7f7fc538ad57,Mixed,24,19,5,79.16666666666666,"['id', 'managingOrganization', 'managingOrganization.reference', 'payloadType[0].coding[0].display', 'resourceType']",2025-10-27T04:44:28.942069
elation_health_inc_01e07016b78ca3b99dce8bcfb8da7ce0,Mixed,24,22,2,91.66666666666666,"['id', 'resourceType']",2025-10-27T04:44:28.942287
elekta_inc_76fa5e9bb0d90635456243e1f2ac98d5,Mixed,22,20,2,90.9090909090909,"['id', 'resourceType']",2025-10-27T04:44:28.942504
emedpractice_llc_cf9ccf01f01bc74049d23a67166b0123,Mixed,42,31,11,73.80952380952381,"['address[0].use', 'id', 'managingOrganization', 'managingOrganization.reference', 'payloadType[0].text', 'resourceType', 'type', 'type[0].coding', 'type[0].coding[0].code', 'type[0].coding[0].system', 'type[0].text']",2025-10-27T04:44:28.942726
enable_healthcare_inc_4a62dcf3b9383479b002d7d5af3094fc,Mixed,35,33,2,94.28571428571428,"['id', 'resourceType']",2025-10-27T04:44:28.942951
enabledoc_llc_92741a8ea0b235e588e3ed4f61a0b888,Mixed,24,22,2,91.66666666666666,"['id', 'resourceType']",2025-10-27T04:44:28.943167
ensoftek_inc_da96204b76c2ca461f772291b86d518c,Mixed,41,26,15,63.41463414634146,"['extension', 'extension[0].url', 'extension[0].valueCode', 'id', 'managingOrganization', 'managingOrganization.reference', 'resourceType', 'text', 'text.div', 'text.status', 'type', 'type[0].coding', 'type[0].coding[0].code', 'type[0].coding[0].display', 'type[0].coding[0].system']",2025-10-27T04:44:28.943387
epic_systems_corporation_2468aac39569c35f5a9ddcd6b71f7b86,Mixed,276,248,28,89.85507246376811,"['address[0].extension', 'address[0].extension[0].url', 'address[0].extension[0].valueCode', 'address[0].text', 'address[0].type', 'contact', 'contact[0].system', 'contact[0].value', 'extension', 'extension[0].url', 'extension[0].valueCode', 'id', 'managingOrganization', 'managingOrganization.display', 'managingOrganization.identifier', 'managingOrganization.identifier.system', 'managingOrganization.identifier.value', 'meta', 'meta.lastUpdated', 'partOf', 'partOf.reference', 'period', 'period.start', 'resourceType', 'type', 'type[0].coding', 'type[0].coding[0].code', 'type[0].coding[0].system']",2025-10-27T04:44:28.943664
eyefinity_inc_7f49a3ffd9754854012a649ba6df4325,Mixed,62,48,14,77.41935483870968,"['endpoint[0].type', 'id', 'identifier[0].type', 'identifier[0].type.coding', 'identifier[0].type.coding[0].code', 'identifier[0].type.coding[0].display', 'identifier[0].type.coding[0].system', 'managingOrganization', 'managingOrganization.reference', 'managingOrganization.type', 'meta', 'meta.lastUpdated', 'meta.source', 'resourceType']",2025-10-27T04:44:28.943899
eyemd_emr_healthcare_systems_inc_dbb2c800b0c9f414238366c576603535,Mixed,49,29,20,59.183673469387756,"['extension', 'extension[0].url', 'extension[0].valueString', 'extension[1].url', 'extension[1].valueString', 'id', 'identifier[0].type', 'identifier[0].type.coding', 'identifier[0].type.coding[0].code', 'identifier[0].type.coding[0].system', 'meta', 'meta.lastUpdated', 'meta.versionId', 'payloadType[0].text', 'resourceType', 'type', 'type[0].coding', 'type[0].coding[0].code', 'type[0].coding[0].system', 'type[0].text']",2025-10-27T04:44:28.944130
ezcaretech_co_ltd_79b955557c8d9821f8d0117a47d82b11,Mixed,26,23,3,88.46153846153845,"['id', 'payloadType[0].coding[0].display', 'resourceType']",2025-10-27T04:44:28.944347
ezemrx_inc_365eacfb1d24738bb7c7b9d52988f115,Mixed,24,22,2,91.66666666666666,"['id', 'resourceType']",2025-10-27T04:44:28.944557
firely_usa_inc_9095790ca5ad973a3d6d48c427fea1b8,Mixed,30,20,10,66.66666666666666,"['address[0].type', 'address[0].use', 'id', 'payloadType[0].coding[0].display', 'resourceType', 'type', 'type[0].coding', 'type[0].coding[0].code', 'type[0].coding[0].display', 'type[0].coding[0].system']",2025-10-27T04:44:28.944772
first_insight_corporation_4fe6ddbb6b3fd36d7b6f13690175e5be,Mixed,24,22,2,91.66666666666666,"['id', 'resourceType']",2025-10-27T04:44:28.944981
flatiron_health_8fae89a0ebb741d8264bbb38419c03a0,Mixed,16821,13266,3555,78.86570358480472,"['address[0].type', 'address[0].use', 'address[1000].type', 'address[1000].use', 'address[1001].type', 'address[1001].use', 'address[1002].type', 'address[1002].use', 'address[1003].type', 'address[1003].use', 'address[1004].type', 'address[1004].use', 'address[1005].type', 'address[1005].use', 'address[1006].type', 'address[1006].use', 'address[1007].type', 'address[1007].use', 'address[1008].type', 'address[1008].use', 'address[1009].type', 'address[1009].use', 'address[100].type', 'address[100].use', 'address[1010].type', 'address[1010].use', 'address[1011].type', 'address[1011].use', 'address[1012].type', 'address[1012].use', 'address[1013].type', 'address[1013].use', 'address[1014].type', 'address[1014].use', 'address[1015].type', 'address[1015].use', 'address[1016].type', 'address[1016].use', 'address[1017].type', 'address[1017].use', 'address[1018].type', 'address[1018].use', 'address[1019].type', 'address[1019].use', 'address[101].type', 'address[101].use', 'address[1020].type', 'address[1020].use', 'address[1021].type', 'address[1021].use', 'address[1022].type', 'address[1022].use', 'address[1023].type', 'address[1023].use', 'address[1024].type', 'address[1024].use', 'address[1025].type', 'address[1025].use', 'address[1026].type', 'address[1026].use', 'address[1027].type', 'address[1027].use', 'address[1028].type', 'address[1028].use', 'address[1029].type', 'address[1029].use', 'address[102].type', 'address[102].use', 'address[1030].type', 'address[1030].use', 'address[1031].type', 'address[1031].use', 'address[1032].type', 'address[1032].use', 'address[1033].type', 'address[1033].use', 'address[1034].type', 'address[1034].use', 'address[1035].type', 'address[1035].use', 'address[1036].type', 'address[1036].use', 'address[1037].type', 'address[1037].use', 'address[1038].type', 'address[1038].use', 'address[1039].type', 'address[1039].use', 'address[103].type', 'address[103].use', 'address[1040].type', 'address[1040].use', 'address[1041].type', 'address[1041].use', 'address[1042].type', 'address[1042].use', 'address[1043].type', 'address[1043].use', 'address[1044].type', 'address[1044].use', 'address[1045].type', 'address[1045].use', 'address[1046].type', 'address[1046].use', 'address[1047].type', 'address[1047].use', 'address[1048].type', 'address[1048].use', 'address[1049].type', 'address[1049].use', 'address[104].type', 'address[104].use', 'address[1050].type', 'address[1050].use', 'address[1051].type', 'address[1051].use', 'address[1052].type', 'address[1052].use', 'address[1053].type', 'address[1053].use', 'address[1054].type', 'address[1054].use', 'address[1055].type', 'address[1055].use', 'address[1056].type', 'address[1056].use', 'address[1057].type', 'address[1057].use', 'address[1058].type', 'address[1058].use', 'address[1059].type', 'address[1059].use', 'address[105].type', 'address[105].use', 'address[1060].type', 'address[1060].use', 'address[1061].type', 'address[1061].use', 'address[1062].type', 'address[1062].use', 'address[1063].type', 'address[1063].use', 'address[1064].type', 'address[1064].use', 'address[1065].type', 'address[1065].use', 'address[1066].type', 'address[1066].use', 'address[1067].type', 'address[1067].use', 'address[1068].type', 'address[1068].use', 'address[1069].type', 'address[1069].use', 'address[106].type', 'address[106].use', 'address[1070].type', 'address[1070].use', 'address[1071].type', 'address[1071].use', 'address[1072].type', 'address[1072].use', 'address[1073].type', 'address[1073].use', 'address[1074].type', 'address[1074].use', 'address[1075].type', 'address[1075].use', 'address[1076].type', 'address[1076].use', 'address[1077].type', 'address[1077].use', 'address[1078].type', 'address[1078].use', 'address[1079].type', 'address[1079].use', 'address[107].type', 'address[107].use', 'address[1080].type', 'address[1080].use', 'address[1081].type', 'address[1081].use', 'address[1082].type', 'address[1082].use', 'address[1083].type', 'address[1083].use', 'address[1084].type', 'address[1084].use', 'address[1085].type', 'address[1085].use', 'address[1086].type', 'address[1086].use', 'address[1087].type', 'address[1087].use', 'address[1088].type', 'address[1088].use', 'address[1089].type', 'address[1089].use', 'address[108].type', 'address[108].use', 'address[1090].type', 'address[1090].use', 'address[1091].type', 'address[1091].use', 'address[1092].type', 'address[1092].use', 'address[1093].type', 'address[1093].use', 'address[1094].type', 'address[1094].use', 'address[1095].type', 'address[1095].use', 'address[1096].type', 'address[1096].use', 'address[1097].type', 'address[1097].use', 'address[1098].type', 'address[1098].use', 'address[1099].type', 'address[1099].use', 'address[109].type', 'address[109].use', 'address[10].type', 'address[10].use', 'address[1100].type', 'address[1100].use', 'address[1101].type', 'address[1101].use', 'address[1102].type', 'address[1102].use', 'address[1103].type', 'address[1103].use', 'address[1104].type', 'address[1104].use', 'address[1105].type', 'address[1105].use', 'address[1106].type', 'address[1106].use', 'address[1107].type', 'address[1107].use', 'address[1108].type', 'address[1108].use', 'address[1109].type', 'address[1109].use', 'address[110].type', 'address[110].use', 'address[1110].type', 'address[1110].use', 'address[1111].type', 'address[1111].use', 'address[1112].type', 'address[1112].use', 'address[1113].type', 'address[1113].use', 'address[1114].type', 'address[1114].use', 'address[1115].type', 'address[1115].use', 'address[1116].type', 'address[1116].use', 'address[1117].type', 'address[1117].use', 'address[1118].type', 'address[1118].use', 'address[1119].type', 'address[1119].use', 'address[111].type', 'address[111].use', 'address[1120].type', 'address[1120].use', 'address[1121].type', 'address[1121].use', 'address[1122].type', 'address[1122].use', 'address[1123].type', 'address[1123].use', 'address[1124].type', 'address[1124].use', 'address[1125].type', 'address[1125].use', 'address[1126].type', 'address[1126].use', 'address[1127].type', 'address[1127].use', 'address[1128].type', 'address[1128].use', 'address[1129].type', 'address[1129].use', 'address[112].type', 'address[112].use', 'address[1130].type', 'address[1130].use', 'address[1131].type', 'address[1131].use', 'address[1132].type', 'address[1132].use', 'address[1133].type', 'address[1133].use', 'address[1134].type', 'address[1134].use', 'address[1135].type', 'address[1135].use', 'address[1136].type', 'address[1136].use', 'address[1137].type', 'address[1137].use', 'address[1138].type', 'address[1138].use', 'address[1139].type', 'address[1139].use', 'address[113].type', 'address[113].use', 'address[1140].type', 'address[1140].use', 'address[1141].type', 'address[1141].use', 'address[1142].type', 'address[1142].use', 'address[1143].type', 'address[1143].use', 'address[1144].type', 'address[1144].use', 'address[1145].type', 'address[1145].use', 'address[1146].type', 'address[1146].use', 'address[1147].type', 'address[1147].use', 'address[1148].type', 'address[1148].use', 'address[1149].type', 'address[1149].use', 'address[114].type', 'address[114].use', 'address[1150].type', 'address[1150].use', 'address[1151].type', 'address[1151].use', 'address[1152].type', 'address[1152].use', 'address[1153].type', 'address[1153].use', 'address[1154].type', 'address[1154].use', 'address[1155].type', 'address[1155].use', 'address[1156].type', 'address[1156].use', 'address[1157].type', 'address[1157].use', 'address[1158].type', 'address[1158].use', 'address[1159].type', 'address[1159].use', 'address[115].type', 'address[115].use', 'address[1160].type', 'address[1160].use', 'address[1161].type', 'address[1161].use', 'address[1162].type', 'address[1162].use', 'address[1163].type', 'address[1163].use', 'address[1164].type', 'address[1164].use', 'address[1165].type', 'address[1165].use', 'address[1166].type', 'address[1166].use', 'address[1167].type', 'address[1167].use', 'address[1168].type', 'address[1168].use', 'address[1169].type', 'address[1169].use', 'address[116].type', 'address[116].use', 'address[1170].type', 'address[1170].use', 'address[1171].type', 'address[1171].use', 'address[1172].type', 'address[1172].use', 'address[1173].type', 'address[1173].use', 'address[1174].type', 'address[1174].use', 'address[1175].type', 'address[1175].use', 'address[1176].type', 'address[1176].use', 'address[1177].type', 'address[1177].use', 'address[1178].type', 'address[1178].use', 'address[1179].type', 'address[1179].use', 'address[117].type', 'address[117].use', 'address[1180].type', 'address[1180].use', 'address[1181].type', 'address[1181].use', 'address[1182].type', 'address[1182].use', 'address[1183].type', 'address[1183].use', 'address[1184].type', 'address[1184].use', 'address[1185].type', 'address[1185].use', 'address[1186].type', 'address[1186].use', 'address[1187].type', 'address[1187].use', 'address[1188].type', 'address[1188].use', 'address[1189].type', 'address[1189].use', 'address[118].type', 'address[118].use', 'address[1190].type', 'address[1190].use', 'address[1191].type', 'address[1191].use', 'address[1192].type', 'address[1192].use', 'address[1193].type', 'address[1193].use', 'address[1194].type', 'address[1194].use', 'address[1195].type', 'address[1195].use', 'address[1196].type', 'address[1196].use', 'address[1197].type', 'address[1197].use', 'address[1198].type', 'address[1198].use', 'address[1199].type', 'address[1199].use', 'address[119].type', 'address[119].use', 'address[11].type', 'address[11].use', 'address[1200].type', 'address[1200].use', 'address[1201].type', 'address[1201].use', 'address[1202].type', 'address[1202].use', 'address[1203].type', 'address[1203].use', 'address[1204].type', 'address[1204].use', 'address[1205].type', 'address[1205].use', 'address[1206].type', 'address[1206].use', 'address[1207].type', 'address[1207].use', 'address[1208].type', 'address[1208].use', 'address[1209].type', 'address[1209].use', 'address[120].type', 'address[120].use', 'address[1210].type', 'address[1210].use', 'address[1211].type', 'address[1211].use', 'address[1212].type', 'address[1212].use', 'address[1213].type', 'address[1213].use', 'address[1214].type', 'address[1214].use', 'address[1215].type', 'address[1215].use', 'address[1216].type', 'address[1216].use', 'address[1217].type', 'address[1217].use', 'address[1218].type', 'address[1218].use', 'address[1219].type', 'address[1219].use', 'address[121].type', 'address[121].use', 'address[1220].type', 'address[1220].use', 'address[1221].type', 'address[1221].use', 'address[1222].type', 'address[1222].use', 'address[1223].type', 'address[1223].use', 'address[1224].type', 'address[1224].use', 'address[1225].type', 'address[1225].use', 'address[1226].type', 'address[1226].use', 'address[1227].type', 'address[1227].use', 'address[1228].type', 'address[1228].use', 'address[1229].type', 'address[1229].use', 'address[122].type', 'address[122].use', 'address[1230].type', 'address[1230].use', 'address[1231].type', 'address[1231].use', 'address[1232].type', 'address[1232].use', 'address[1233].type', 'address[1233].use', 'address[1234].type', 'address[1234].use', 'address[1235].type', 'address[1235].use', 'address[1236].type', 'address[1236].use', 'address[1237].type', 'address[1237].use', 'address[1238].type', 'address[1238].use', 'address[1239].type', 'address[1239].use', 'address[123].type', 'address[123].use', 'address[1240].type', 'address[1240].use', 'address[1241].type', 'address[1241].use', 'address[1242].type', 'address[1242].use', 'address[1243].type', 'address[1243].use', 'address[1244].type', 'address[1244].use', 'address[1245].type', 'address[1245].use', 'address[1246].type', 'address[1246].use', 'address[1247].type', 'address[1247].use', 'address[1248].type', 'address[1248].use', 'address[1249].type', 'address[1249].use', 'address[124].type', 'address[124].use', 'address[1250].type', 'address[1250].use', 'address[1251].type', 'address[1251].use', 'address[1252].type', 'address[1252].use', 'address[1253].type', 'address[1253].use', 'address[1254].type', 'address[1254].use', 'address[1255].type', 'address[1255].use', 'address[1256].type', 'address[1256].use', 'address[1257].type', 'address[1257].use', 'address[1258].type', 'address[1258].use', 'address[1259].type', 'address[1259].use', 'address[125].type', 'address[125].use', 'address[1260].type', 'address[1260].use', 'address[1261].type', 'address[1261].use', 'address[1262].type', 'address[1262].use', 'address[1263].type', 'address[1263].use', 'address[1264].type', 'address[1264].use', 'address[1265].type', 'address[1265].use', 'address[1266].type', 'address[1266].use', 'address[1267].type', 'address[1267].use', 'address[1268].type', 'address[1268].use', 'address[1269].type', 'address[1269].use', 'address[126].type', 'address[126].use', 'address[1270].type', 'address[1270].use', 'address[1271].type', 'address[1271].use', 'address[1272].type', 'address[1272].use', 'address[1273].type', 'address[1273].use', 'address[1274].type', 'address[1274].use', 'address[1275].type', 'address[1275].use', 'address[1276].type', 'address[1276].use', 'address[1277].type', 'address[1277].use', 'address[1278].type', 'address[1278].use', 'address[1279].type', 'address[1279].use', 'address[127].type', 'address[127].use', 'address[1280].type', 'address[1280].use', 'address[1281].type', 'address[1281].use', 'address[1282].type', 'address[1282].use', 'address[1283].type', 'address[1283].use', 'address[1284].type', 'address[1284].use', 'address[1285].type', 'address[1285].use', 'address[1286].type', 'address[1286].use', 'address[1287].type', 'address[1287].use', 'address[1288].type', 'address[1288].use', 'address[1289].type', 'address[1289].use', 'address[128].type', 'address[128].use', 'address[1290].type', 'address[1290].use', 'address[1291].type', 'address[1291].use', 'address[1292].type', 'address[1292].use', 'address[1293].type', 'address[1293].use', 'address[1294].type', 'address[1294].use', 'address[1295].type', 'address[1295].use', 'address[1296].type', 'address[1296].use', 'address[1297].type', 'address[1297].use', 'address[1298].type', 'address[1298].use', 'address[1299].type', 'address[1299].use', 'address[129].type', 'address[129].use', 'address[12].type', 'address[12].use', 'address[1300].type', 'address[1300].use', 'address[1301].type', 'address[1301].use', 'address[1302].type', 'address[1302].use', 'address[1303].type', 'address[1303].use', 'address[1304].type', 'address[1304].use', 'address[1305].type', 'address[1305].use', 'address[1306].type', 'address[1306].use', 'address[1307].type', 'address[1307].use', 'address[1308].type', 'address[1308].use', 'address[1309].type', 'address[1309].use', 'address[130].type', 'address[130].use', 'address[1310].type', 'address[1310].use', 'address[1311].type', 'address[1311].use', 'address[1312].type', 'address[1312].use', 'address[1313].type', 'address[1313].use', 'address[1314].type', 'address[1314].use', 'address[1315].type', 'address[1315].use', 'address[1316].type', 'address[1316].use', 'address[1317].type', 'address[1317].use', 'address[1318].type', 'address[1318].use', 'address[1319].type', 'address[1319].use', 'address[131].type', 'address[131].use', 'address[1320].type', 'address[1320].use', 'address[1321].type', 'address[1321].use', 'address[1322].type', 'address[1322].use', 'address[1323].type', 'address[1323].use', 'address[1324].type', 'address[1324].use', 'address[1325].type', 'address[1325].use', 'address[1326].type', 'address[1326].use', 'address[1327].type', 'address[1327].use', 'address[1328].type', 'address[1328].use', 'address[1329].type', 'address[1329].use', 'address[132].type', 'address[132].use', 'address[1330].type', 'address[1330].use', 'address[1331].type', 'address[1331].use', 'address[1332].type', 'address[1332].use', 'address[1333].type', 'address[1333].use', 'address[1334].type', 'address[1334].use', 'address[1335].type', 'address[1335].use', 'address[1336].type', 'address[1336].use', 'address[1337].type', 'address[1337].use', 'address[1338].type', 'address[1338].use', 'address[1339].type', 'address[1339].use', 'address[133].type', 'address[133].use', 'address[1340].type', 'address[1340].use', 'address[1341].type', 'address[1341].use', 'address[1342].type', 'address[1342].use', 'address[1343].type', 'address[1343].use', 'address[1344].type', 'address[1344].use', 'address[1345].type', 'address[1345].use', 'address[1346].type', 'address[1346].use', 'address[1347].type', 'address[1347].use', 'address[1348].type', 'address[1348].use', 'address[1349].type', 'address[1349].use', 'address[134].type', 'address[134].use', 'address[1350].type', 'address[1350].use', 'address[1351].type', 'address[1351].use', 'address[1352].type', 'address[1352].use', 'address[1353].type', 'address[1353].use', 'address[1354].type', 'address[1354].use', 'address[1355].type', 'address[1355].use', 'address[1356].type', 'address[1356].use', 'address[1357].type', 'address[1357].use', 'address[1358].type', 'address[1358].use', 'address[1359].type', 'address[1359].use', 'address[135].type', 'address[135].use', 'address[1360].type', 'address[1360].use', 'address[1361].type', 'address[1361].use', 'address[1362].type', 'address[1362].use', 'address[1363].type', 'address[1363].use', 'address[1364].type', 'address[1364].use', 'address[1365].type', 'address[1365].use', 'address[1366].type', 'address[1366].use', 'address[1367].type', 'address[1367].use', 'address[1368].type', 'address[1368].use', 'address[1369].type', 'address[1369].use', 'address[136].type', 'address[136].use', 'address[1370].type', 'address[1370].use', 'address[1371].type', 'address[1371].use', 'address[1372].type', 'address[1372].use', 'address[1373].type', 'address[1373].use', 'address[1374].type', 'address[1374].use', 'address[1375].type', 'address[1375].use', 'address[1376].type', 'address[1376].use', 'address[1377].type', 'address[1377].use', 'address[1378].type', 'address[1378].use', 'address[1379].type', 'address[1379].use', 'address[137].type', 'address[137].use', 'address[1380].type', 'address[1380].use', 'address[1381].type', 'address[1381].use', 'address[1382].type', 'address[1382].use', 'address[1383].type', 'address[1383].use', 'address[1384].type', 'address[1384].use', 'address[1385].type', 'address[1385].use', 'address[1386].type', 'address[1386].use', 'address[1387].type', 'address[1387].use', 'address[1388].type', 'address[1388].use', 'address[1389].type', 'address[1389].use', 'address[138].type', 'address[138].use', 'address[1390].type', 'address[1390].use', 'address[1391].type', 'address[1391].use', 'address[1392].type', 'address[1392].use', 'address[1393].type', 'address[1393].use', 'address[1394].type', 'address[1394].use', 'address[1395].type', 'address[1395].use', 'address[1396].type', 'address[1396].use', 'address[1397].type', 'address[1397].use', 'address[1398].type', 'address[1398].use', 'address[1399].type', 'address[1399].use', 'address[139].type', 'address[139].use', 'address[13].type', 'address[13].use', 'address[1400].type', 'address[1400].use', 'address[1401].type', 'address[1401].use', 'address[1402].type', 'address[1402].use', 'address[1403].type', 'address[1403].use', 'address[1404].type', 'address[1404].use', 'address[1405].type', 'address[1405].use', 'address[1406].type', 'address[1406].use', 'address[1407].type', 'address[1407].use', 'address[1408].type', 'address[1408].use', 'address[1409].type', 'address[1409].use', 'address[140].type', 'address[140].use', 'address[1410].type', 'address[1410].use', 'address[1411].type', 'address[1411].use', 'address[1412].type', 'address[1412].use', 'address[1413].type', 'address[1413].use', 'address[1414].type', 'address[1414].use', 'address[1415].type', 'address[1415].use', 'address[1416].type', 'address[1416].use', 'address[1417].type', 'address[1417].use', 'address[1418].type', 'address[1418].use', 'address[1419].type', 'address[1419].use', 'address[141].type', 'address[141].use', 'address[1420].type', 'address[1420].use', 'address[1421].type', 'address[1421].use', 'address[1422].type', 'address[1422].use', 'address[1423].type', 'address[1423].use', 'address[1424].type', 'address[1424].use', 'address[1425].type', 'address[1425].use', 'address[1426].type', 'address[1426].use', 'address[1427].type', 'address[1427].use', 'address[1428].type', 'address[1428].use', 'address[1429].type', 'address[1429].use', 'address[142].type', 'address[142].use', 'address[1430].type', 'address[1430].use', 'address[1431].type', 'address[1431].use', 'address[1432].type', 'address[1432].use', 'address[1433].type', 'address[1433].use', 'address[1434].type', 'address[1434].use', 'address[1435].type', 'address[1435].use', 'address[1436].type', 'address[1436].use', 'address[1437].type', 'address[1437].use', 'address[1438].type', 'address[1438].use', 'address[1439].type', 'address[1439].use', 'address[143].type', 'address[143].use', 'address[1440].type', 'address[1440].use', 'address[1441].type', 'address[1441].use', 'address[1442].type', 'address[1442].use', 'address[1443].type', 'address[1443].use', 'address[1444].type', 'address[1444].use', 'address[1445].type', 'address[1445].use', 'address[1446].type', 'address[1446].use', 'address[1447].type', 'address[1447].use', 'address[1448].type', 'address[1448].use', 'address[1449].type', 'address[1449].use', 'address[144].type', 'address[144].use', 'address[1450].type', 'address[1450].use', 'address[1451].type', 'address[1451].use', 'address[1452].type', 'address[1452].use', 'address[1453].type', 'address[1453].use', 'address[1454].type', 'address[1454].use', 'address[1455].type', 'address[1455].use', 'address[1456].type', 'address[1456].use', 'address[1457].type', 'address[1457].use', 'address[1458].type', 'address[1458].use', 'address[1459].type', 'address[1459].use', 'address[145].type', 'address[145].use', 'address[1460].type', 'address[1460].use', 'address[1461].type', 'address[1461].use', 'address[1462].type', 'address[1462].use', 'address[1463].type', 'address[1463].use', 'address[1464].type', 'address[1464].use', 'address[1465].type', 'address[1465].use', 'address[1466].type', 'address[1466].use', 'address[1467].type', 'address[1467].use', 'address[1468].type', 'address[1468].use', 'address[1469].type', 'address[1469].use', 'address[146].type', 'address[146].use', 'address[1470].type', 'address[1470].use', 'address[1471].type', 'address[1471].use', 'address[1472].type', 'address[1472].use', 'address[1473].type', 'address[1473].use', 'address[1474].type', 'address[1474].use', 'address[1475].type', 'address[1475].use', 'address[1476].type', 'address[1476].use', 'address[1477].type', 'address[1477].use', 'address[1478].type', 'address[1478].use', 'address[1479].type', 'address[1479].use', 'address[147].type', 'address[147].use', 'address[1480].type', 'address[1480].use', 'address[1481].type', 'address[1481].use', 'address[1482].type', 'address[1482].use', 'address[1483].type', 'address[1483].use', 'address[1484].type', 'address[1484].use', 'address[1485].type', 'address[1485].use', 'address[1486].type', 'address[1486].use', 'address[1487].type', 'address[1487].use', 'address[1488].type', 'address[1488].use', 'address[1489].type', 'address[1489].use', 'address[148].type', 'address[148].use', 'address[1490].type', 'address[1490].use', 'address[1491].type', 'address[1491].use', 'address[1492].type', 'address[1492].use', 'address[1493].type', 'address[1493].use', 'address[1494].type', 'address[1494].use', 'address[1495].type', 'address[1495].use', 'address[1496].type', 'address[1496].use', 'address[1497].type', 'address[1497].use', 'address[1498].type', 'address[1498].use', 'address[1499].type', 'address[1499].use', 'address[149].type', 'address[149].use', 'address[14].type', 'address[14].use', 'address[1500].type', 'address[1500].use', 'address[1501].type', 'address[1501].use', 'address[1502].type', 'address[1502].use', 'address[1503].type', 'address[1503].use', 'address[1504].type', 'address[1504].use', 'address[1505].type', 'address[1505].use', 'address[1506].type', 'address[1506].use', 'address[1507].type', 'address[1507].use', 'address[1508].type', 'address[1508].use', 'address[1509].type', 'address[1509].use', 'address[150].type', 'address[150].use', 'address[1510].type', 'address[1510].use', 'address[1511].type', 'address[1511].use', 'address[1512].type', 'address[1512].use', 'address[1513].type', 'address[1513].use', 'address[1514].type', 'address[1514].use', 'address[1515].type', 'address[1515].use', 'address[1516].type', 'address[1516].use', 'address[1517].type', 'address[1517].use', 'address[1518].type', 'address[1518].use', 'address[1519].type', 'address[1519].use', 'address[151].type', 'address[151].use', 'address[1520].type', 'address[1520].use', 'address[1521].type', 'address[1521].use', 'address[1522].type', 'address[1522].use', 'address[1523].type', 'address[1523].use', 'address[1524].type', 'address[1524].use', 'address[1525].type', 'address[1525].use', 'address[1526].type', 'address[1526].use', 'address[1527].type', 'address[1527].use', 'address[1528].type', 'address[1528].use', 'address[1529].type', 'address[1529].use', 'address[152].type', 'address[152].use', 'address[1530].type', 'address[1530].use', 'address[1531].type', 'address[1531].use', 'address[1532].type', 'address[1532].use', 'address[1533].type', 'address[1533].use', 'address[1534].type', 'address[1534].use', 'address[1535].type', 'address[1535].use', 'address[1536].type', 'address[1536].use', 'address[1537].type', 'address[1537].use', 'address[1538].type', 'address[1538].use', 'address[1539].type', 'address[1539].use', 'address[153].type', 'address[153].use', 'address[1540].type', 'address[1540].use', 'address[1541].type', 'address[1541].use', 'address[1542].type', 'address[1542].use', 'address[1543].type', 'address[1543].use', 'address[1544].type', 'address[1544].use', 'address[1545].type', 'address[1545].use', 'address[1546].type', 'address[1546].use', 'address[1547].type', 'address[1547].use', 'address[1548].type', 'address[1548].use', 'address[1549].type', 'address[1549].use', 'address[154].type', 'address[154].use', 'address[1550].type', 'address[1550].use', 'address[1551].type', 'address[1551].use', 'address[1552].type', 'address[1552].use', 'address[1553].type', 'address[1553].use', 'address[1554].type', 'address[1554].use', 'address[1555].type', 'address[1555].use', 'address[1556].type', 'address[1556].use', 'address[1557].type', 'address[1557].use', 'address[1558].type', 'address[1558].use', 'address[1559].type', 'address[1559].use', 'address[155].type', 'address[155].use', 'address[1560].type', 'address[1560].use', 'address[1561].type', 'address[1561].use', 'address[1562].type', 'address[1562].use', 'address[1563].type', 'address[1563].use', 'address[1564].type', 'address[1564].use', 'address[1565].type', 'address[1565].use', 'address[1566].type', 'address[1566].use', 'address[1567].type', 'address[1567].use', 'address[1568].type', 'address[1568].use', 'address[1569].type', 'address[1569].use', 'address[156].type', 'address[156].use', 'address[1570].type', 'address[1570].use', 'address[1571].type', 'address[1571].use', 'address[1572].type', 'address[1572].use', 'address[1573].type', 'address[1573].use', 'address[1574].type', 'address[1574].use', 'address[1575].type', 'address[1575].use', 'address[1576].type', 'address[1576].use', 'address[1577].type', 'address[1577].use', 'address[1578].type', 'address[1578].use', 'address[1579].type', 'address[1579].use', 'address[157].type', 'address[157].use', 'address[1580].type', 'address[1580].use', 'address[1581].type', 'address[1581].use', 'address[1582].type', 'address[1582].use', 'address[1583].type', 'address[1583].use', 'address[1584].type', 'address[1584].use', 'address[1585].type', 'address[1585].use', 'address[1586].type', 'address[1586].use', 'address[1587].type', 'address[1587].use', 'address[1588].type', 'address[1588].use', 'address[1589].type', 'address[1589].use', 'address[158].type', 'address[158].use', 'address[1590].type', 'address[1590].use', 'address[1591].type', 'address[1591].use', 'address[1592].type', 'address[1592].use', 'address[1593].type', 'address[1593].use', 'address[1594].type', 'address[1594].use', 'address[1595].type', 'address[1595].use', 'address[1596].type', 'address[1596].use', 'address[1597].type', 'address[1597].use', 'address[1598].type', 'address[1598].use', 'address[1599].type', 'address[1599].use', 'address[159].type', 'address[159].use', 'address[15].type', 'address[15].use', 'address[1600].type', 'address[1600].use', 'address[1601].type', 'address[1601].use', 'address[1602].type', 'address[1602].use', 'address[1603].type', 'address[1603].use', 'address[1604].type', 'address[1604].use', 'address[1605].type', 'address[1605].use', 'address[1606].type', 'address[1606].use', 'address[1607].type', 'address[1607].use', 'address[1608].type', 'address[1608].use', 'address[1609].type', 'address[1609].use', 'address[160].type', 'address[160].use', 'address[1610].type', 'address[1610].use', 'address[1611].type', 'address[1611].use', 'address[1612].type', 'address[1612].use', 'address[1613].type', 'address[1613].use', 'address[1614].type', 'address[1614].use', 'address[1615].type', 'address[1615].use', 'address[1616].type', 'address[1616].use', 'address[1617].type', 'address[1617].use', 'address[1618].type', 'address[1618].use', 'address[1619].type', 'address[1619].use', 'address[161].type', 'address[161].use', 'address[1620].type', 'address[1620].use', 'address[1621].type', 'address[1621].use', 'address[1622].type', 'address[1622].use', 'address[1623].type', 'address[1623].use', 'address[1624].type', 'address[1624].use', 'address[1625].type', 'address[1625].use', 'address[1626].type', 'address[1626].use', 'address[1627].type', 'address[1627].use', 'address[1628].type', 'address[1628].use', 'address[1629].type', 'address[1629].use', 'address[162].type', 'address[162].use', 'address[1630].type', 'address[1630].use', 'address[1631].type', 'address[1631].use', 'address[1632].type', 'address[1632].use', 'address[1633].type', 'address[1633].use', 'address[1634].type', 'address[1634].use', 'address[1635].type', 'address[1635].use', 'address[1636].type', 'address[1636].use', 'address[1637].type', 'address[1637].use', 'address[1638].type', 'address[1638].use', 'address[1639].type', 'address[1639].use', 'address[163].type', 'address[163].use', 'address[1640].type', 'address[1640].use', 'address[1641].type', 'address[1641].use', 'address[1642].type', 'address[1642].use', 'address[1643].type', 'address[1643].use', 'address[1644].type', 'address[1644].use', 'address[1645].type', 'address[1645].use', 'address[1646].type', 'address[1646].use', 'address[1647].type', 'address[1647].use', 'address[1648].type', 'address[1648].use', 'address[1649].type', 'address[1649].use', 'address[164].type', 'address[164].use', 'address[1650].type', 'address[1650].use', 'address[1651].type', 'address[1651].use', 'address[1652].type', 'address[1652].use', 'address[1653].type', 'address[1653].use', 'address[1654].type', 'address[1654].use', 'address[1655].type', 'address[1655].use', 'address[1656].type', 'address[1656].use', 'address[1657].type', 'address[1657].use', 'address[1658].type', 'address[1658].use', 'address[1659].type', 'address[1659].use', 'address[165].type', 'address[165].use', 'address[1660].type', 'address[1660].use', 'address[1661].type', 'address[1661].use', 'address[1662].type', 'address[1662].use', 'address[1663].type', 'address[1663].use', 'address[1664].type', 'address[1664].use', 'address[1665].type', 'address[1665].use', 'address[1666].type', 'address[1666].use', 'address[1667].type', 'address[1667].use', 'address[1668].type', 'address[1668].use', 'address[1669].type', 'address[1669].use', 'address[166].type', 'address[166].use', 'address[1670].type', 'address[1670].use', 'address[1671].type', 'address[1671].use', 'address[1672].type', 'address[1672].use', 'address[1673].type', 'address[1673].use', 'address[1674].type', 'address[1674].use', 'address[1675].type', 'address[1675].use', 'address[1676].type', 'address[1676].use', 'address[1677].type', 'address[1677].use', 'address[1678].type', 'address[1678].use', 'address[1679].type', 'address[1679].use', 'address[167].type', 'address[167].use', 'address[1680].type', 'address[1680].use', 'address[1681].type', 'address[1681].use', 'address[1682].type', 'address[1682].use', 'address[1683].type', 'address[1683].use', 'address[1684].type', 'address[1684].use', 'address[1685].type', 'address[1685].use', 'address[1686].type', 'address[1686].use', 'address[1687].type', 'address[1687].use', 'address[1688].type', 'address[1688].use', 'address[1689].type', 'address[1689].use', 'address[168].type', 'address[168].use', 'address[1690].type', 'address[1690].use', 'address[1691].type', 'address[1691].use', 'address[1692].type', 'address[1692].use', 'address[1693].type', 'address[1693].use', 'address[1694].type', 'address[1694].use', 'address[1695].type', 'address[1695].use', 'address[1696].type', 'address[1696].use', 'address[1697].type', 'address[1697].use', 'address[1698].type', 'address[1698].use', 'address[1699].type', 'address[1699].use', 'address[169].type', 'address[169].use', 'address[16].type', 'address[16].use', 'address[1700].type', 'address[1700].use', 'address[1701].type', 'address[1701].use', 'address[1702].type', 'address[1702].use', 'address[1703].type', 'address[1703].use', 'address[1704].type', 'address[1704].use', 'address[1705].type', 'address[1705].use', 'address[1706].type', 'address[1706].use', 'address[1707].type', 'address[1707].use', 'address[1708].type', 'address[1708].use', 'address[1709].type', 'address[1709].use', 'address[170].type', 'address[170].use', 'address[1710].type', 'address[1710].use', 'address[1711].type', 'address[1711].use', 'address[1712].type', 'address[1712].use', 'address[1713].type', 'address[1713].use', 'address[1714].type', 'address[1714].use', 'address[1715].type', 'address[1715].use', 'address[1716].type', 'address[1716].use', 'address[1717].type', 'address[1717].use', 'address[1718].type', 'address[1718].use', 'address[1719].type', 'address[1719].use', 'address[171].type', 'address[171].use', 'address[1720].type', 'address[1720].use', 'address[1721].type', 'address[1721].use', 'address[1722].type', 'address[1722].use', 'address[1723].type', 'address[1723].use', 'address[1724].type', 'address[1724].use', 'address[1725].type', 'address[1725].use', 'address[1726].type', 'address[1726].use', 'address[1727].type', 'address[1727].use', 'address[1728].type', 'address[1728].use', 'address[1729].type', 'address[1729].use', 'address[172].type', 'address[172].use', 'address[1730].type', 'address[1730].use', 'address[1731].type', 'address[1731].use', 'address[1732].type', 'address[1732].use', 'address[1733].type', 'address[1733].use', 'address[1734].type', 'address[1734].use', 'address[1735].type', 'address[1735].use', 'address[1736].type', 'address[1736].use', 'address[1737].type', 'address[1737].use', 'address[1738].type', 'address[1738].use', 'address[1739].type', 'address[1739].use', 'address[173].type', 'address[173].use', 'address[1740].type', 'address[1740].use', 'address[1741].type', 'address[1741].use', 'address[1742].type', 'address[1742].use', 'address[1743].type', 'address[1743].use', 'address[1744].type', 'address[1744].use', 'address[1745].type', 'address[1745].use', 'address[1746].type', 'address[1746].use', 'address[1747].type', 'address[1747].use', 'address[1748].type', 'address[1748].use', 'address[1749].type', 'address[1749].use', 'address[174].type', 'address[174].use', 'address[1750].type', 'address[1750].use', 'address[1751].type', 'address[1751].use', 'address[1752].type', 'address[1752].use', 'address[1753].type', 'address[1753].use', 'address[1754].type', 'address[1754].use', 'address[1755].type', 'address[1755].use', 'address[1756].type', 'address[1756].use', 'address[1757].type', 'address[1757].use', 'address[1758].type', 'address[1758].use', 'address[1759].type', 'address[1759].use', 'address[175].type', 'address[175].use', 'address[1760].type', 'address[1760].use', 'address[1761].type', 'address[1761].use', 'address[1762].type', 'address[1762].use', 'address[1763].type', 'address[1763].use', 'address[1764].type', 'address[1764].use', 'address[1765].type', 'address[1765].use', 'address[1766].type', 'address[1766].use', 'address[1767].type', 'address[1767].use', 'address[1768].type', 'address[1768].use', 'address[1769].type', 'address[1769].use', 'address[176].type', 'address[176].use', 'address[1770].type', 'address[1770].use', 'address[1771].type', 'address[1771].use', 'address[1772].type', 'address[1772].use', 'address[1773].type', 'address[1773].use', 'address[1774].type', 'address[1774].use', 'address[177].type', 'address[177].use', 'address[178].type', 'address[178].use', 'address[179].type', 'address[179].use', 'address[17].type', 'address[17].use', 'address[180].type', 'address[180].use', 'address[181].type', 'address[181].use', 'address[182].type', 'address[182].use', 'address[183].type', 'address[183].use', 'address[184].type', 'address[184].use', 'address[185].type', 'address[185].use', 'address[186].type', 'address[186].use', 'address[187].type', 'address[187].use', 'address[188].type', 'address[188].use', 'address[189].type', 'address[189].use', 'address[18].type', 'address[18].use', 'address[190].type', 'address[190].use', 'address[191].type', 'address[191].use', 'address[192].type', 'address[192].use', 'address[193].type', 'address[193].use', 'address[194].type', 'address[194].use', 'address[195].type', 'address[195].use', 'address[196].type', 'address[196].use', 'address[197].type', 'address[197].use', 'address[198].type', 'address[198].use', 'address[199].type', 'address[199].use', 'address[19].type', 'address[19].use', 'address[1].type', 'address[1].use', 'address[200].type', 'address[200].use', 'address[201].type', 'address[201].use', 'address[202].type', 'address[202].use', 'address[203].type', 'address[203].use', 'address[204].type', 'address[204].use', 'address[205].type', 'address[205].use', 'address[206].type', 'address[206].use', 'address[207].type', 'address[207].use', 'address[208].type', 'address[208].use', 'address[209].type', 'address[209].use', 'address[20].type', 'address[20].use', 'address[210].type', 'address[210].use', 'address[211].type', 'address[211].use', 'address[212].type', 'address[212].use', 'address[213].type', 'address[213].use', 'address[214].type', 'address[214].use', 'address[215].type', 'address[215].use', 'address[216].type', 'address[216].use', 'address[217].type', 'address[217].use', 'address[218].type', 'address[218].use', 'address[219].type', 'address[219].use', 'address[21].type', 'address[21].use', 'address[220].type', 'address[220].use', 'address[221].type', 'address[221].use', 'address[222].type', 'address[222].use', 'address[223].type', 'address[223].use', 'address[224].type', 'address[224].use', 'address[225].type', 'address[225].use', 'address[226].type', 'address[226].use', 'address[227].type', 'address[227].use', 'address[228].type', 'address[228].use', 'address[229].type', 'address[229].use', 'address[22].type', 'address[22].use', 'address[230].type', 'address[230].use', 'address[231].type', 'address[231].use', 'address[232].type', 'address[232].use', 'address[233].type', 'address[233].use', 'address[234].type', 'address[234].use', 'address[235].type', 'address[235].use', 'address[236].type', 'address[236].use', 'address[237].type', 'address[237].use', 'address[238].type', 'address[238].use', 'address[239].type', 'address[239].use', 'address[23].type', 'address[23].use', 'address[240].type', 'address[240].use', 'address[241].type', 'address[241].use', 'address[242].type', 'address[242].use', 'address[243].type', 'address[243].use', 'address[244].type', 'address[244].use', 'address[245].type', 'address[245].use', 'address[246].type', 'address[246].use', 'address[247].type', 'address[247].use', 'address[248].type', 'address[248].use', 'address[249].type', 'address[249].use', 'address[24].type', 'address[24].use', 'address[250].type', 'address[250].use', 'address[251].type', 'address[251].use', 'address[252].type', 'address[252].use', 'address[253].type', 'address[253].use', 'address[254].type', 'address[254].use', 'address[255].type', 'address[255].use', 'address[256].type', 'address[256].use', 'address[257].type', 'address[257].use', 'address[258].type', 'address[258].use', 'address[259].type', 'address[259].use', 'address[25].type', 'address[25].use', 'address[260].type', 'address[260].use', 'address[261].type', 'address[261].use', 'address[262].type', 'address[262].use', 'address[263].type', 'address[263].use', 'address[264].type', 'address[264].use', 'address[265].type', 'address[265].use', 'address[266].type', 'address[266].use', 'address[267].type', 'address[267].use', 'address[268].type', 'address[268].use', 'address[269].type', 'address[269].use', 'address[26].type', 'address[26].use', 'address[270].type', 'address[270].use', 'address[271].type', 'address[271].use', 'address[272].type', 'address[272].use', 'address[273].type', 'address[273].use', 'address[274].type', 'address[274].use', 'address[275].type', 'address[275].use', 'address[276].type', 'address[276].use', 'address[277].type', 'address[277].use', 'address[278].type', 'address[278].use', 'address[279].type', 'address[279].use', 'address[27].type', 'address[27].use', 'address[280].type', 'address[280].use', 'address[281].type', 'address[281].use', 'address[282].type', 'address[282].use', 'address[283].type', 'address[283].use', 'address[284].type', 'address[284].use', 'address[285].type', 'address[285].use', 'address[286].type', 'address[286].use', 'address[287].type', 'address[287].use', 'address[288].type', 'address[288].use', 'address[289].type', 'address[289].use', 'address[28].type', 'address[28].use', 'address[290].type', 'address[290].use', 'address[291].type', 'address[291].use', 'address[292].type', 'address[292].use', 'address[293].type', 'address[293].use', 'address[294].type', 'address[294].use', 'address[295].type', 'address[295].use', 'address[296].type', 'address[296].use', 'address[297].type', 'address[297].use', 'address[298].type', 'address[298].use', 'address[299].type', 'address[299].use', 'address[29].type', 'address[29].use', 'address[2].type', 'address[2].use', 'address[300].type', 'address[300].use', 'address[301].type', 'address[301].use', 'address[302].type', 'address[302].use', 'address[303].type', 'address[303].use', 'address[304].type', 'address[304].use', 'address[305].type', 'address[305].use', 'address[306].type', 'address[306].use', 'address[307].type', 'address[307].use', 'address[308].type', 'address[308].use', 'address[309].type', 'address[309].use', 'address[30].type', 'address[30].use', 'address[310].type', 'address[310].use', 'address[311].type', 'address[311].use', 'address[312].type', 'address[312].use', 'address[313].type', 'address[313].use', 'address[314].type', 'address[314].use', 'address[315].type', 'address[315].use', 'address[316].type', 'address[316].use', 'address[317].type', 'address[317].use', 'address[318].type', 'address[318].use', 'address[319].type', 'address[319].use', 'address[31].type', 'address[31].use', 'address[320].type', 'address[320].use', 'address[321].type', 'address[321].use', 'address[322].type', 'address[322].use', 'address[323].type', 'address[323].use', 'address[324].type', 'address[324].use', 'address[325].type', 'address[325].use', 'address[326].type', 'address[326].use', 'address[327].type', 'address[327].use', 'address[328].type', 'address[328].use', 'address[329].type', 'address[329].use', 'address[32].type', 'address[32].use', 'address[330].type', 'address[330].use', 'address[331].type', 'address[331].use', 'address[332].type', 'address[332].use', 'address[333].type', 'address[333].use', 'address[334].type', 'address[334].use', 'address[335].type', 'address[335].use', 'address[336].type', 'address[336].use', 'address[337].type', 'address[337].use', 'address[338].type', 'address[338].use', 'address[339].type', 'address[339].use', 'address[33].type', 'address[33].use', 'address[340].type', 'address[340].use', 'address[341].type', 'address[341].use', 'address[342].type', 'address[342].use', 'address[343].type', 'address[343].use', 'address[344].type', 'address[344].use', 'address[345].type', 'address[345].use', 'address[346].type', 'address[346].use', 'address[347].type', 'address[347].use', 'address[348].type', 'address[348].use', 'address[349].type', 'address[349].use', 'address[34].type', 'address[34].use', 'address[350].type', 'address[350].use', 'address[351].type', 'address[351].use', 'address[352].type', 'address[352].use', 'address[353].type', 'address[353].use', 'address[354].type', 'address[354].use', 'address[355].type', 'address[355].use', 'address[356].type', 'address[356].use', 'address[357].type', 'address[357].use', 'address[358].type', 'address[358].use', 'address[359].type', 'address[359].use', 'address[35].type', 'address[35].use', 'address[360].type', 'address[360].use', 'address[361].type', 'address[361].use', 'address[362].type', 'address[362].use', 'address[363].type', 'address[363].use', 'address[364].type', 'address[364].use', 'address[365].type', 'address[365].use', 'address[366].type', 'address[366].use', 'address[367].type', 'address[367].use', 'address[368].type', 'address[368].use', 'address[369].type', 'address[369].use', 'address[36].type', 'address[36].use', 'address[370].type', 'address[370].use', 'address[371].type', 'address[371].use', 'address[372].type', 'address[372].use', 'address[373].type', 'address[373].use', 'address[374].type', 'address[374].use', 'address[375].type', 'address[375].use', 'address[376].type', 'address[376].use', 'address[377].type', 'address[377].use', 'address[378].type', 'address[378].use', 'address[379].type', 'address[379].use', 'address[37].type', 'address[37].use', 'address[380].type', 'address[380].use', 'address[381].type', 'address[381].use', 'address[382].type', 'address[382].use', 'address[383].type', 'address[383].use', 'address[384].type', 'address[384].use', 'address[385].type', 'address[385].use', 'address[386].type', 'address[386].use', 'address[387].type', 'address[387].use', 'address[388].type', 'address[388].use', 'address[389].type', 'address[389].use', 'address[38].type', 'address[38].use', 'address[390].type', 'address[390].use', 'address[391].type', 'address[391].use', 'address[392].type', 'address[392].use', 'address[393].type', 'address[393].use', 'address[394].type', 'address[394].use', 'address[395].type', 'address[395].use', 'address[396].type', 'address[396].use', 'address[397].type', 'address[397].use', 'address[398].type', 'address[398].use', 'address[399].type', 'address[399].use', 'address[39].type', 'address[39].use', 'address[3].type', 'address[3].use', 'address[400].type', 'address[400].use', 'address[401].type', 'address[401].use', 'address[402].type', 'address[402].use', 'address[403].type', 'address[403].use', 'address[404].type', 'address[404].use', 'address[405].type', 'address[405].use', 'address[406].type', 'address[406].use', 'address[407].type', 'address[407].use', 'address[408].type', 'address[408].use', 'address[409].type', 'address[409].use', 'address[40].type', 'address[40].use', 'address[410].type', 'address[410].use', 'address[411].type', 'address[411].use', 'address[412].type', 'address[412].use', 'address[413].type', 'address[413].use', 'address[414].type', 'address[414].use', 'address[415].type', 'address[415].use', 'address[416].type', 'address[416].use', 'address[417].type', 'address[417].use', 'address[418].type', 'address[418].use', 'address[419].type', 'address[419].use', 'address[41].type', 'address[41].use', 'address[420].type', 'address[420].use', 'address[421].type', 'address[421].use', 'address[422].type', 'address[422].use', 'address[423].type', 'address[423].use', 'address[424].type', 'address[424].use', 'address[425].type', 'address[425].use', 'address[426].type', 'address[426].use', 'address[427].type', 'address[427].use', 'address[428].type', 'address[428].use', 'address[429].type', 'address[429].use', 'address[42].type', 'address[42].use', 'address[430].type', 'address[430].use', 'address[431].type', 'address[431].use', 'address[432].type', 'address[432].use', 'address[433].type', 'address[433].use', 'address[434].type', 'address[434].use', 'address[435].type', 'address[435].use', 'address[436].type', 'address[436].use', 'address[437].type', 'address[437].use', 'address[438].type', 'address[438].use', 'address[439].type', 'address[439].use', 'address[43].type', 'address[43].use', 'address[440].type', 'address[440].use', 'address[441].type', 'address[441].use', 'address[442].type', 'address[442].use', 'address[443].type', 'address[443].use', 'address[444].type', 'address[444].use', 'address[445].type', 'address[445].use', 'address[446].type', 'address[446].use', 'address[447].type', 'address[447].use', 'address[448].type', 'address[448].use', 'address[449].type', 'address[449].use', 'address[44].type', 'address[44].use', 'address[450].type', 'address[450].use', 'address[451].type', 'address[451].use', 'address[452].type', 'address[452].use', 'address[453].type', 'address[453].use', 'address[454].type', 'address[454].use', 'address[455].type', 'address[455].use', 'address[456].type', 'address[456].use', 'address[457].type', 'address[457].use', 'address[458].type', 'address[458].use', 'address[459].type', 'address[459].use', 'address[45].type', 'address[45].use', 'address[460].type', 'address[460].use', 'address[461].type', 'address[461].use', 'address[462].type', 'address[462].use', 'address[463].type', 'address[463].use', 'address[464].type', 'address[464].use', 'address[465].type', 'address[465].use', 'address[466].type', 'address[466].use', 'address[467].type', 'address[467].use', 'address[468].type', 'address[468].use', 'address[469].type', 'address[469].use', 'address[46].type', 'address[46].use', 'address[470].type', 'address[470].use', 'address[471].type', 'address[471].use', 'address[472].type', 'address[472].use', 'address[473].type', 'address[473].use', 'address[474].type', 'address[474].use', 'address[475].type', 'address[475].use', 'address[476].type', 'address[476].use', 'address[477].type', 'address[477].use', 'address[478].type', 'address[478].use', 'address[479].type', 'address[479].use', 'address[47].type', 'address[47].use', 'address[480].type', 'address[480].use', 'address[481].type', 'address[481].use', 'address[482].type', 'address[482].use', 'address[483].type', 'address[483].use', 'address[484].type', 'address[484].use', 'address[485].type', 'address[485].use', 'address[486].type', 'address[486].use', 'address[487].type', 'address[487].use', 'address[488].type', 'address[488].use', 'address[489].type', 'address[489].use', 'address[48].type', 'address[48].use', 'address[490].type', 'address[490].use', 'address[491].type', 'address[491].use', 'address[492].type', 'address[492].use', 'address[493].type', 'address[493].use', 'address[494].type', 'address[494].use', 'address[495].type', 'address[495].use', 'address[496].type', 'address[496].use', 'address[497].type', 'address[497].use', 'address[498].type', 'address[498].use', 'address[499].type', 'address[499].use', 'address[49].type', 'address[49].use', 'address[4].type', 'address[4].use', 'address[500].type', 'address[500].use', 'address[501].type', 'address[501].use', 'address[502].type', 'address[502].use', 'address[503].type', 'address[503].use', 'address[504].type', 'address[504].use', 'address[505].type', 'address[505].use', 'address[506].type', 'address[506].use', 'address[507].type', 'address[507].use', 'address[508].type', 'address[508].use', 'address[509].type', 'address[509].use', 'address[50].type', 'address[50].use', 'address[510].type', 'address[510].use', 'address[511].type', 'address[511].use', 'address[512].type', 'address[512].use', 'address[513].type', 'address[513].use', 'address[514].type', 'address[514].use', 'address[515].type', 'address[515].use', 'address[516].type', 'address[516].use', 'address[517].type', 'address[517].use', 'address[518].type', 'address[518].use', 'address[519].type', 'address[519].use', 'address[51].type', 'address[51].use', 'address[520].type', 'address[520].use', 'address[521].type', 'address[521].use', 'address[522].type', 'address[522].use', 'address[523].type', 'address[523].use', 'address[524].type', 'address[524].use', 'address[525].type', 'address[525].use', 'address[526].type', 'address[526].use', 'address[527].type', 'address[527].use', 'address[528].type', 'address[528].use', 'address[529].type', 'address[529].use', 'address[52].type', 'address[52].use', 'address[530].type', 'address[530].use', 'address[531].type', 'address[531].use', 'address[532].type', 'address[532].use', 'address[533].type', 'address[533].use', 'address[534].type', 'address[534].use', 'address[535].type', 'address[535].use', 'address[536].type', 'address[536].use', 'address[537].type', 'address[537].use', 'address[538].type', 'address[538].use', 'address[539].type', 'address[539].use', 'address[53].type', 'address[53].use', 'address[540].type', 'address[540].use', 'address[541].type', 'address[541].use', 'address[542].type', 'address[542].use', 'address[543].type', 'address[543].use', 'address[544].type', 'address[544].use', 'address[545].type', 'address[545].use', 'address[546].type', 'address[546].use', 'address[547].type', 'address[547].use', 'address[548].type', 'address[548].use', 'address[549].type', 'address[549].use', 'address[54].type', 'address[54].use', 'address[550].type', 'address[550].use', 'address[551].type', 'address[551].use', 'address[552].type', 'address[552].use', 'address[553].type', 'address[553].use', 'address[554].type', 'address[554].use', 'address[555].type', 'address[555].use', 'address[556].type', 'address[556].use', 'address[557].type', 'address[557].use', 'address[558].type', 'address[558].use', 'address[559].type', 'address[559].use', 'address[55].type', 'address[55].use', 'address[560].type', 'address[560].use', 'address[561].type', 'address[561].use', 'address[562].type', 'address[562].use', 'address[563].type', 'address[563].use', 'address[564].type', 'address[564].use', 'address[565].type', 'address[565].use', 'address[566].type', 'address[566].use', 'address[567].type', 'address[567].use', 'address[568].type', 'address[568].use', 'address[569].type', 'address[569].use', 'address[56].type', 'address[56].use', 'address[570].type', 'address[570].use', 'address[571].type', 'address[571].use', 'address[572].type', 'address[572].use', 'address[573].type', 'address[573].use', 'address[574].type', 'address[574].use', 'address[575].type', 'address[575].use', 'address[576].type', 'address[576].use', 'address[577].type', 'address[577].use', 'address[578].type', 'address[578].use', 'address[579].type', 'address[579].use', 'address[57].type', 'address[57].use', 'address[580].type', 'address[580].use', 'address[581].type', 'address[581].use', 'address[582].type', 'address[582].use', 'address[583].type', 'address[583].use', 'address[584].type', 'address[584].use', 'address[585].type', 'address[585].use', 'address[586].type', 'address[586].use', 'address[587].type', 'address[587].use', 'address[588].type', 'address[588].use', 'address[589].type', 'address[589].use', 'address[58].type', 'address[58].use', 'address[590].type', 'address[590].use', 'address[591].type', 'address[591].use', 'address[592].type', 'address[592].use', 'address[593].type', 'address[593].use', 'address[594].type', 'address[594].use', 'address[595].type', 'address[595].use', 'address[596].type', 'address[596].use', 'address[597].type', 'address[597].use', 'address[598].type', 'address[598].use', 'address[599].type', 'address[599].use', 'address[59].type', 'address[59].use', 'address[5].type', 'address[5].use', 'address[600].type', 'address[600].use', 'address[601].type', 'address[601].use', 'address[602].type', 'address[602].use', 'address[603].type', 'address[603].use', 'address[604].type', 'address[604].use', 'address[605].type', 'address[605].use', 'address[606].type', 'address[606].use', 'address[607].type', 'address[607].use', 'address[608].type', 'address[608].use', 'address[609].type', 'address[609].use', 'address[60].type', 'address[60].use', 'address[610].type', 'address[610].use', 'address[611].type', 'address[611].use', 'address[612].type', 'address[612].use', 'address[613].type', 'address[613].use', 'address[614].type', 'address[614].use', 'address[615].type', 'address[615].use', 'address[616].type', 'address[616].use', 'address[617].type', 'address[617].use', 'address[618].type', 'address[618].use', 'address[619].type', 'address[619].use', 'address[61].type', 'address[61].use', 'address[620].type', 'address[620].use', 'address[621].type', 'address[621].use', 'address[622].type', 'address[622].use', 'address[623].type', 'address[623].use', 'address[624].type', 'address[624].use', 'address[625].type', 'address[625].use', 'address[626].type', 'address[626].use', 'address[627].type', 'address[627].use', 'address[628].type', 'address[628].use', 'address[629].type', 'address[629].use', 'address[62].type', 'address[62].use', 'address[630].type', 'address[630].use', 'address[631].type', 'address[631].use', 'address[632].type', 'address[632].use', 'address[633].type', 'address[633].use', 'address[634].type', 'address[634].use', 'address[635].type', 'address[635].use', 'address[636].type', 'address[636].use', 'address[637].type', 'address[637].use', 'address[638].type', 'address[638].use', 'address[639].type', 'address[639].use', 'address[63].type', 'address[63].use', 'address[640].type', 'address[640].use', 'address[641].type', 'address[641].use', 'address[642].type', 'address[642].use', 'address[643].type', 'address[643].use', 'address[644].type', 'address[644].use', 'address[645].type', 'address[645].use', 'address[646].type', 'address[646].use', 'address[647].type', 'address[647].use', 'address[648].type', 'address[648].use', 'address[649].type', 'address[649].use', 'address[64].type', 'address[64].use', 'address[650].type', 'address[650].use', 'address[651].type', 'address[651].use', 'address[652].type', 'address[652].use', 'address[653].type', 'address[653].use', 'address[654].type', 'address[654].use', 'address[655].type', 'address[655].use', 'address[656].type', 'address[656].use', 'address[657].type', 'address[657].use', 'address[658].type', 'address[658].use', 'address[659].type', 'address[659].use', 'address[65].type', 'address[65].use', 'address[660].type', 'address[660].use', 'address[661].type', 'address[661].use', 'address[662].type', 'address[662].use', 'address[663].type', 'address[663].use', 'address[664].type', 'address[664].use', 'address[665].type', 'address[665].use', 'address[666].type', 'address[666].use', 'address[667].type', 'address[667].use', 'address[668].type', 'address[668].use', 'address[669].type', 'address[669].use', 'address[66].type', 'address[66].use', 'address[670].type', 'address[670].use', 'address[671].type', 'address[671].use', 'address[672].type', 'address[672].use', 'address[673].type', 'address[673].use', 'address[674].type', 'address[674].use', 'address[675].type', 'address[675].use', 'address[676].type', 'address[676].use', 'address[677].type', 'address[677].use', 'address[678].type', 'address[678].use', 'address[679].type', 'address[679].use', 'address[67].type', 'address[67].use', 'address[680].type', 'address[680].use', 'address[681].type', 'address[681].use', 'address[682].type', 'address[682].use', 'address[683].type', 'address[683].use', 'address[684].type', 'address[684].use', 'address[685].type', 'address[685].use', 'address[686].type', 'address[686].use', 'address[687].type', 'address[687].use', 'address[688].type', 'address[688].use', 'address[689].type', 'address[689].use', 'address[68].type', 'address[68].use', 'address[690].type', 'address[690].use', 'address[691].type', 'address[691].use', 'address[692].type', 'address[692].use', 'address[693].type', 'address[693].use', 'address[694].type', 'address[694].use', 'address[695].type', 'address[695].use', 'address[696].type', 'address[696].use', 'address[697].type', 'address[697].use', 'address[698].type', 'address[698].use', 'address[699].type', 'address[699].use', 'address[69].type', 'address[69].use', 'address[6].type', 'address[6].use', 'address[700].type', 'address[700].use', 'address[701].type', 'address[701].use', 'address[702].type', 'address[702].use', 'address[703].type', 'address[703].use', 'address[704].type', 'address[704].use', 'address[705].type', 'address[705].use', 'address[706].type', 'address[706].use', 'address[707].type', 'address[707].use', 'address[708].type', 'address[708].use', 'address[709].type', 'address[709].use', 'address[70].type', 'address[70].use', 'address[710].type', 'address[710].use', 'address[711].type', 'address[711].use', 'address[712].type', 'address[712].use', 'address[713].type', 'address[713].use', 'address[714].type', 'address[714].use', 'address[715].type', 'address[715].use', 'address[716].type', 'address[716].use', 'address[717].type', 'address[717].use', 'address[718].type', 'address[718].use', 'address[719].type', 'address[719].use', 'address[71].type', 'address[71].use', 'address[720].type', 'address[720].use', 'address[721].type', 'address[721].use', 'address[722].type', 'address[722].use', 'address[723].type', 'address[723].use', 'address[724].type', 'address[724].use', 'address[725].type', 'address[725].use', 'address[726].type', 'address[726].use', 'address[727].type', 'address[727].use', 'address[728].type', 'address[728].use', 'address[729].type', 'address[729].use', 'address[72].type', 'address[72].use', 'address[730].type', 'address[730].use', 'address[731].type', 'address[731].use', 'address[732].type', 'address[732].use', 'address[733].type', 'address[733].use', 'address[734].type', 'address[734].use', 'address[735].type', 'address[735].use', 'address[736].type', 'address[736].use', 'address[737].type', 'address[737].use', 'address[738].type', 'address[738].use', 'address[739].type', 'address[739].use', 'address[73].type', 'address[73].use', 'address[740].type', 'address[740].use', 'address[741].type', 'address[741].use', 'address[742].type', 'address[742].use', 'address[743].type', 'address[743].use', 'address[744].type', 'address[744].use', 'address[745].type', 'address[745].use', 'address[746].type', 'address[746].use', 'address[747].type', 'address[747].use', 'address[748].type', 'address[748].use', 'address[749].type', 'address[749].use', 'address[74].type', 'address[74].use', 'address[750].type', 'address[750].use', 'address[751].type', 'address[751].use', 'address[752].type', 'address[752].use', 'address[753].type', 'address[753].use', 'address[754].type', 'address[754].use', 'address[755].type', 'address[755].use', 'address[756].type', 'address[756].use', 'address[757].type', 'address[757].use', 'address[758].type', 'address[758].use', 'address[759].type', 'address[759].use', 'address[75].type', 'address[75].use', 'address[760].type', 'address[760].use', 'address[761].type', 'address[761].use', 'address[762].type', 'address[762].use', 'address[763].type', 'address[763].use', 'address[764].type', 'address[764].use', 'address[765].type', 'address[765].use', 'address[766].type', 'address[766].use', 'address[767].type', 'address[767].use', 'address[768].type', 'address[768].use', 'address[769].type', 'address[769].use', 'address[76].type', 'address[76].use', 'address[770].type', 'address[770].use', 'address[771].type', 'address[771].use', 'address[772].type', 'address[772].use', 'address[773].type', 'address[773].use', 'address[774].type', 'address[774].use', 'address[775].type', 'address[775].use', 'address[776].type', 'address[776].use', 'address[777].type', 'address[777].use', 'address[778].type', 'address[778].use', 'address[779].type', 'address[779].use', 'address[77].type', 'address[77].use', 'address[780].type', 'address[780].use', 'address[781].type', 'address[781].use', 'address[782].type', 'address[782].use', 'address[783].type', 'address[783].use', 'address[784].type', 'address[784].use', 'address[785].type', 'address[785].use', 'address[786].type', 'address[786].use', 'address[787].type', 'address[787].use', 'address[788].type', 'address[788].use', 'address[789].type', 'address[789].use', 'address[78].type', 'address[78].use', 'address[790].type', 'address[790].use', 'address[791].type', 'address[791].use', 'address[792].type', 'address[792].use', 'address[793].type', 'address[793].use', 'address[794].type', 'address[794].use', 'address[795].type', 'address[795].use', 'address[796].type', 'address[796].use', 'address[797].type', 'address[797].use', 'address[798].type', 'address[798].use', 'address[799].type', 'address[799].use', 'address[79].type', 'address[79].use', 'address[7].type', 'address[7].use', 'address[800].type', 'address[800].use', 'address[801].type', 'address[801].use', 'address[802].type', 'address[802].use', 'address[803].type', 'address[803].use', 'address[804].type', 'address[804].use', 'address[805].type', 'address[805].use', 'address[806].type', 'address[806].use', 'address[807].type', 'address[807].use', 'address[808].type', 'address[808].use', 'address[809].type', 'address[809].use', 'address[80].type', 'address[80].use', 'address[810].type', 'address[810].use', 'address[811].type', 'address[811].use', 'address[812].type', 'address[812].use', 'address[813].type', 'address[813].use', 'address[814].type', 'address[814].use', 'address[815].type', 'address[815].use', 'address[816].type', 'address[816].use', 'address[817].type', 'address[817].use', 'address[818].type', 'address[818].use', 'address[819].type', 'address[819].use', 'address[81].type', 'address[81].use', 'address[820].type', 'address[820].use', 'address[821].type', 'address[821].use', 'address[822].type', 'address[822].use', 'address[823].type', 'address[823].use', 'address[824].type', 'address[824].use', 'address[825].type', 'address[825].use', 'address[826].type', 'address[826].use', 'address[827].type', 'address[827].use', 'address[828].type', 'address[828].use', 'address[829].type', 'address[829].use', 'address[82].type', 'address[82].use', 'address[830].type', 'address[830].use', 'address[831].type', 'address[831].use', 'address[832].type', 'address[832].use', 'address[833].type', 'address[833].use', 'address[834].type', 'address[834].use', 'address[835].type', 'address[835].use', 'address[836].type', 'address[836].use', 'address[837].type', 'address[837].use', 'address[838].type', 'address[838].use', 'address[839].type', 'address[839].use', 'address[83].type', 'address[83].use', 'address[840].type', 'address[840].use', 'address[841].type', 'address[841].use', 'address[842].type', 'address[842].use', 'address[843].type', 'address[843].use', 'address[844].type', 'address[844].use', 'address[845].type', 'address[845].use', 'address[846].type', 'address[846].use', 'address[847].type', 'address[847].use', 'address[848].type', 'address[848].use', 'address[849].type', 'address[849].use', 'address[84].type', 'address[84].use', 'address[850].type', 'address[850].use', 'address[851].type', 'address[851].use', 'address[852].type', 'address[852].use', 'address[853].type', 'address[853].use', 'address[854].type', 'address[854].use', 'address[855].type', 'address[855].use', 'address[856].type', 'address[856].use', 'address[857].type', 'address[857].use', 'address[858].type', 'address[858].use', 'address[859].type', 'address[859].use', 'address[85].type', 'address[85].use', 'address[860].type', 'address[860].use', 'address[861].type', 'address[861].use', 'address[862].type', 'address[862].use', 'address[863].type', 'address[863].use', 'address[864].type', 'address[864].use', 'address[865].type', 'address[865].use', 'address[866].type', 'address[866].use', 'address[867].type', 'address[867].use', 'address[868].type', 'address[868].use', 'address[869].type', 'address[869].use', 'address[86].type', 'address[86].use', 'address[870].type', 'address[870].use', 'address[871].type', 'address[871].use', 'address[872].type', 'address[872].use', 'address[873].type', 'address[873].use', 'address[874].type', 'address[874].use', 'address[875].type', 'address[875].use', 'address[876].type', 'address[876].use', 'address[877].type', 'address[877].use', 'address[878].type', 'address[878].use', 'address[879].type', 'address[879].use', 'address[87].type', 'address[87].use', 'address[880].type', 'address[880].use', 'address[881].type', 'address[881].use', 'address[882].type', 'address[882].use', 'address[883].type', 'address[883].use', 'address[884].type', 'address[884].use', 'address[885].type', 'address[885].use', 'address[886].type', 'address[886].use', 'address[887].type', 'address[887].use', 'address[888].type', 'address[888].use', 'address[889].type', 'address[889].use', 'address[88].type', 'address[88].use', 'address[890].type', 'address[890].use', 'address[891].type', 'address[891].use', 'address[892].type', 'address[892].use', 'address[893].type', 'address[893].use', 'address[894].type', 'address[894].use', 'address[895].type', 'address[895].use', 'address[896].type', 'address[896].use', 'address[897].type', 'address[897].use', 'address[898].type', 'address[898].use', 'address[899].type', 'address[899].use', 'address[89].type', 'address[89].use', 'address[8].type', 'address[8].use', 'address[900].type', 'address[900].use', 'address[901].type', 'address[901].use', 'address[902].type', 'address[902].use', 'address[903].type', 'address[903].use', 'address[904].type', 'address[904].use', 'address[905].type', 'address[905].use', 'address[906].type', 'address[906].use', 'address[907].type', 'address[907].use', 'address[908].type', 'address[908].use', 'address[909].type', 'address[909].use', 'address[90].type', 'address[90].use', 'address[910].type', 'address[910].use', 'address[911].type', 'address[911].use', 'address[912].type', 'address[912].use', 'address[913].type', 'address[913].use', 'address[914].type', 'address[914].use', 'address[915].type', 'address[915].use', 'address[916].type', 'address[916].use', 'address[917].type', 'address[917].use', 'address[918].type', 'address[918].use', 'address[919].type', 'address[919].use', 'address[91].type', 'address[91].use', 'address[920].type', 'address[920].use', 'address[921].type', 'address[921].use', 'address[922].type', 'address[922].use', 'address[923].type', 'address[923].use', 'address[924].type', 'address[924].use', 'address[925].type', 'address[925].use', 'address[926].type', 'address[926].use', 'address[927].type', 'address[927].use', 'address[928].type', 'address[928].use', 'address[929].type', 'address[929].use', 'address[92].type', 'address[92].use', 'address[930].type', 'address[930].use', 'address[931].type', 'address[931].use', 'address[932].type', 'address[932].use', 'address[933].type', 'address[933].use', 'address[934].type', 'address[934].use', 'address[935].type', 'address[935].use', 'address[936].type', 'address[936].use', 'address[937].type', 'address[937].use', 'address[938].type', 'address[938].use', 'address[939].type', 'address[939].use', 'address[93].type', 'address[93].use', 'address[940].type', 'address[940].use', 'address[941].type', 'address[941].use', 'address[942].type', 'address[942].use', 'address[943].type', 'address[943].use', 'address[944].type', 'address[944].use', 'address[945].type', 'address[945].use', 'address[946].type', 'address[946].use', 'address[947].type', 'address[947].use', 'address[948].type', 'address[948].use', 'address[949].type', 'address[949].use', 'address[94].type', 'address[94].use', 'address[950].type', 'address[950].use', 'address[951].type', 'address[951].use', 'address[952].type', 'address[952].use', 'address[953].type', 'address[953].use', 'address[954].type', 'address[954].use', 'address[955].type', 'address[955].use', 'address[956].type', 'address[956].use', 'address[957].type', 'address[957].use', 'address[958].type', 'address[958].use', 'address[959].type', 'address[959].use', 'address[95].type', 'address[95].use', 'address[960].type', 'address[960].use', 'address[961].type', 'address[961].use', 'address[962].type', 'address[962].use', 'address[963].type', 'address[963].use', 'address[964].type', 'address[964].use', 'address[965].type', 'address[965].use', 'address[966].type', 'address[966].use', 'address[967].type', 'address[967].use', 'address[968].type', 'address[968].use', 'address[969].type', 'address[969].use', 'address[96].type', 'address[96].use', 'address[970].type', 'address[970].use', 'address[971].type', 'address[971].use', 'address[972].type', 'address[972].use', 'address[973].type', 'address[973].use', 'address[974].type', 'address[974].use', 'address[975].type', 'address[975].use', 'address[976].type', 'address[976].use', 'address[977].type', 'address[977].use', 'address[978].type', 'address[978].use', 'address[979].type', 'address[979].use', 'address[97].type', 'address[97].use', 'address[980].type', 'address[980].use', 'address[981].type', 'address[981].use', 'address[982].type', 'address[982].use', 'address[983].type', 'address[983].use', 'address[984].type', 'address[984].use', 'address[985].type', 'address[985].use', 'address[986].type', 'address[986].use', 'address[987].type', 'address[987].use', 'address[988].type', 'address[988].use', 'address[989].type', 'address[989].use', 'address[98].type', 'address[98].use', 'address[990].type', 'address[990].use', 'address[991].type', 'address[991].use', 'address[992].type', 'address[992].use', 'address[993].type', 'address[993].use', 'address[994].type', 'address[994].use', 'address[995].type', 'address[995].use', 'address[996].type', 'address[996].use', 'address[997].type', 'address[997].use', 'address[998].type', 'address[998].use', 'address[999].type', 'address[999].use', 'address[99].type', 'address[99].use', 'address[9].type', 'address[9].use', 'endpoint[0].type', 'id', 'meta', 'meta.profile', 'resourceType']",2025-10-27T04:44:28.948926
genensys_llc_8b61b4278beab13b334129f17a59f17a,Mixed,24,22,2,91.66666666666666,"['id', 'resourceType']",2025-10-27T04:44:28.949196
geniusdoc_inc_72d63b051a1b07d5a274009f77c8c94f,Mixed,24,22,2,91.66666666666666,"['id', 'resourceType']",2025-10-27T04:44:28.949420
greenway_health_llc_59b0bcf1b204c99bc48c001d80cc0b40,Mixed,27,22,5,81.48148148148148,"['address[0].extension', 'address[0].extension[0].url', 'address[0].extension[0].valueCode', 'id', 'resourceType']",2025-10-27T04:44:28.949648
harris_caretracker_inc_1d6106d5d0489e72dacc4055f0f197df,Mixed,28,20,8,71.42857142857143,"['contained', 'contained[0].id', 'contained[0].name', 'contained[0].resourceType', 'id', 'managingOrganization', 'managingOrganization.reference', 'resourceType']",2025-10-27T04:44:28.949873
health_care_2000_inc_cd3d9d8ef1bbdb36fefb6c1eda66f4e5,Mixed,24,22,2,91.66666666666666,"['id', 'resourceType']",2025-10-27T04:44:28.950095
health_care_systems_inc_7876b899acb18b90386108892d680dd3,Mixed,25,23,2,92.0,"['id', 'resourceType']",2025-10-27T04:44:28.950315
health_information_management_systems_llc_c2f8c149ba4c8524a6545b2ddeaa63de,Mixed,33,20,13,60.60606060606061,"['address[0].use', 'extension', 'extension[0].url', 'extension[0].valueCode', 'id', 'managingOrganization', 'managingOrganization.reference', 'resourceType', 'type', 'type[0].coding', 'type[0].coding[0].code', 'type[0].coding[0].display', 'type[0].coding[0].system']",2025-10-27T04:44:28.950538
health_innovation_technologies_inc_91b187f1ce313602e64a50363932549e,Mixed,29,27,2,93.10344827586206,"['id', 'resourceType']",2025-10-27T04:44:28.950763
health_samurai_inc_34a1e14c7cb0761ae8d579290db70f56,Mixed,21,18,3,85.71428571428571,"['address[0].text', 'id', 'resourceType']",2025-10-27T04:44:28.950983
health_systems_technology_inc_2ade45c1f52b12c19a0a24948e4dd203,Mixed,51,30,24,58.82352941176471,"['address[0].type', 'address[0].use', 'contact', 'contact[0].system', 'contact[0].use', 'contact[0].value', 'id', 'identifier', 'identifier[0].system', 'identifier[0].value', 'managingOrganization', 'managingOrganization.display', 'managingOrganization.reference', 'period', 'period.start', 'resourceType', 'text', 'text.div', 'text.status', 'type', 'type[0].coding', 'type[0].coding[0].code', 'type[0].coding[0].display', 'type[0].coding[0].system']",2025-10-27T04:44:28.951205
healthie_08494a4c72d274c1a5b129c48c0654d0,Mixed,21,18,3,85.71428571428571,"['address[0].text', 'id', 'resourceType']",2025-10-27T04:44:28.951413
helixbeat_f2e0f49128ca20f398c0ab1275224832,Mixed,35,23,12,65.71428571428571,"['address[0].type', 'address[0].use', 'id', 'managingOrganization', 'managingOrganization.display', 'managingOrganization.reference', 'resourceType', 'type', 'type[0].coding', 'type[0].coding[0].code', 'type[0].coding[0].display', 'type[0].coding[0].system']",2025-10-27T04:44:28.951622
indian_health_service_bd021e6fcfa80410228633c73fbc9fbf,Mixed,62,25,37,40.32258064516129,"['alias', 'endpoint[0].display', 'endpoint[0].id', 'endpoint[0].type', 'endpoint[1].display', 'endpoint[1].id', 'endpoint[1].type', 'extension', 'extension[0].extension', 'extension[0].extension[0].url', 'extension[0].extension[0].valueUrl', 'extension[0].url', 'extension[1].extension', 'extension[1].extension[0].url', 'extension[1].extension[0].valueString', 'extension[1].extension[1].url', 'extension[1].extension[1].valueUrl', 'extension[1].extension[2].url', 'extension[1].extension[2].valueUrl', 'extension[1].extension[3].url', 'extension[1].extension[3].valueMarkdown', 'extension[1].extension[4].url', 'extension[1].extension[4].valueReference', 'extension[1].extension[4].valueReference.display', 'extension[1].extension[4].valueReference.reference', 'extension[1].url', 'id', 'managingOrganization', 'managingOrganization.display', 'managingOrganization.id', 'managingOrganization.type', 'resourceType', 'type', 'type[0].coding', 'type[0].coding[0].code', 'type[0].coding[0].display', 'type[0].coding[0].system']",2025-10-27T04:44:28.951835
infinx_solutions_llc_1f4180b5ec55bdea324f99c1e4b8d98c,Mixed,29,22,7,75.86206896551724,"['id', 'resourceType', 'type', 'type[0].coding', 'type[0].coding[0].code', 'type[0].coding[0].display', 'type[0].coding[0].system']",2025-10-27T04:44:28.952050
inmediata_health_group_llc_eb74af812f0869531e6cfa25f5e77f6b,Mixed,28,20,8,71.42857142857143,"['contained', 'contained[0].id', 'contained[0].name', 'contained[0].resourceType', 'id', 'managingOrganization', 'managingOrganization.reference', 'resourceType']",2025-10-27T04:44:28.952272
inpracsys_f36f50efb8ed4b3570e6c1df2ead091b,Mixed,41,30,11,73.17073170731707,"['alias', 'id', 'identifier[0]._system', 'identifier[0]._system.extension', 'identifier[0]._system.extension[0].url', 'identifier[0]._system.extension[0].valueCode', 'identifier[0]._value', 'identifier[0]._value.extension', 'identifier[0]._value.extension[0].url', 'identifier[0]._value.extension[0].valueCode', 'resourceType']",2025-10-27T04:44:28.952489
integra_connect_newco_llc_2da7407c17cf7fde3d748845d1a3ac55,Mixed,28,22,6,78.57142857142857,"['id', 'managingOrganization', 'managingOrganization.reference', 'period', 'period.start', 'resourceType']",2025-10-27T04:44:28.952700
intelichart_llc_477dc646a4c3c5c7926eb56fd8198f9d,Mixed,31,28,3,90.32258064516128,"['id', 'payloadType[0].text', 'resourceType']",2025-10-27T04:44:28.952914
keiser_computers_inc_a4ee0a18fa75d5f2484b23416aa49b8b,Mixed,32,26,6,81.25,"['id', 'meta', 'meta.lastUpdated', 'meta.profile', 'meta.versionId', 'resourceType']",2025-10-27T04:44:28.953126
lille_group_inc_59e5a926895bb2bad92c2cdc425a3966,Mixed,44,28,16,63.63636363636363,"['id', 'identifier[0].type', 'identifier[0].type.coding', 'identifier[0].type.coding[0].code', 'identifier[0].type.coding[0].display', 'identifier[0].type.coding[0].system', 'identifier[0].type.text', 'identifier[0].use', 'identifier[1].extension', 'identifier[1].extension[0].url', 'identifier[1].extension[0].valueCode', 'meta', 'meta.lastUpdated', 'meta.profile', 'meta.versionId', 'resourceType']",2025-10-27T04:44:28.953344
magilen_enterprises_inc_468d2611d33a2840539f271805bf6971,Mixed,24,22,2,91.66666666666666,"['id', 'resourceType']",2025-10-27T04:44:28.953550
masslight_b68c23892c80e68e9b1842f237f05afc,Mixed,28,19,9,67.85714285714286,"['address[0].type', 'address[0].use', 'endpoint[0].display', 'id', 'managingOrganization', 'managingOrganization.display', 'managingOrganization.reference', 'payloadType[0].coding[0].display', 'resourceType']",2025-10-27T04:44:28.953764
maxremind_inc_a286005d52997aeafb8b8a8339bc0902,Mixed,31,26,5,83.87096774193549,"['id', 'managingOrganization', 'managingOrganization.reference', 'payloadType[0].coding[0].display', 'resourceType']",2025-10-27T04:44:28.953971
mckesson_specialty_health_technology_products_llc_ontada_9fc33bec8fc98400ba25f59e4342a0ae,Mixed,998,977,21,97.89579158316634,"['contact', 'contact[0].system', 'contact[0].value', 'extension', 'extension[0].url', 'extension[0].valueCode', 'id', 'managingOrganization', 'managingOrganization.reference', 'period', 'period.start', 'resourceType', 'telecom[0].extension', 'telecom[0].extension[0].url', 'telecom[0].extension[0].valueCode', 'type', 'type[0].coding', 'type[0].coding[0].code', 'type[0].coding[0].display', 'type[0].coding[0].system', 'type[0].text']",2025-10-27T04:44:28.954353
md_charts_llc_f25672b4c8bf9f09ca9e983b75b1cbb2,Mixed,32,26,6,81.25,"['id', 'meta', 'meta.lastUpdated', 'meta.profile', 'meta.versionId', 'resourceType']",2025-10-27T04:44:28.954584
md_logic_inc_2915c10b9f05b061a37a407395601abc,Mixed,31,23,8,74.19354838709677,"['contained', 'contained[0].id', 'contained[0].name', 'contained[0].resourceType', 'id', 'managingOrganization', 'managingOrganization.reference', 'resourceType']",2025-10-27T04:44:28.954793
md_synergy_solutions_llc_fe90e5feea1bad74f45efb6932f5f4d5,Mixed,26,22,4,84.61538461538461,"['id', 'payloadType[0].coding[0].display', 'payloadType[0].text', 'resourceType']",2025-10-27T04:44:28.955018
mdflow_ehr_llc_dba_mdflow_systems_7c027e9320a3c807bcf59d982d96bac9,Mixed,28,26,2,92.85714285714286,"['id', 'resourceType']",2025-10-27T04:44:28.955237
mdland_895e255ebcfd4ad4c250fa3440774d6d,Mixed,41,26,15,63.41463414634146,"['extension', 'extension[0].url', 'extension[0].valueCode', 'id', 'managingOrganization', 'managingOrganization.reference', 'resourceType', 'text', 'text.div', 'text.status', 'type', 'type[0].coding', 'type[0].coding[0].code', 'type[0].coding[0].display', 'type[0].coding[0].system']",2025-10-27T04:44:28.955451
mdofficemanager_918d9962cb917d1a836833a50278c2bc,Mixed,28,26,2,92.85714285714286,"['id', 'resourceType']",2025-10-27T04:44:28.955661
medaz_net_llc_201f5b541da4be6b0ffbc60dd3611d00,Mixed,24,22,2,91.66666666666666,"['id', 'resourceType']",2025-10-27T04:44:28.955916
medcare_mso_4d1cd1f783e3a0a69a74acc036ed7305,Mixed,32,22,10,68.75,"['id', 'managingOrganization', 'managingOrganization.reference', 'resourceType', 'type', 'type[0].coding', 'type[0].coding[0].code', 'type[0].coding[0].display', 'type[0].coding[0].system', 'type[0].text']",2025-10-27T04:44:28.956142
medconnect_inc_20cf8b8f29c71782b6bc63d0020d48a2,Mixed,33,31,2,93.93939393939394,"['id', 'resourceType']",2025-10-27T04:44:28.956355
medent_community_computer_service_inc_87fac7cad90e98e98c3a0cbdca275ed8,Mixed,34,20,14,58.82352941176471,"['contact', 'contact[0].system', 'contact[0].value', 'contact[1].system', 'contact[1].value', 'endpoint[0].display', 'endpoint[0].id', 'endpoint[0].type', 'id', 'managingOrganization', 'managingOrganization.display', 'managingOrganization.id', 'managingOrganization.type', 'resourceType']",2025-10-27T04:44:28.956573
medhost_9e54a090365e0a958458613655c79fd4,Mixed,52,26,26,50.0,"['id', 'identifier[0].type', 'identifier[0].type.coding', 'identifier[0].type.coding[0].code', 'identifier[0].type.coding[0].display', 'identifier[0].type.coding[0].system', 'identifier[0].type.coding[0].userSelected', 'identifier[0].type.text', 'identifier[0].use', 'managingOrganization', 'managingOrganization.reference', 'meta', 'meta.lastUpdated', 'meta.profile', 'meta.tag', 'meta.tag[0].code', 'meta.tag[0].display', 'meta.tag[1].code', 'meta.tag[1].display', 'meta.versionId', 'resourceType', 'type', 'type[0].coding', 'type[0].coding[0].code', 'type[0].coding[0].display', 'type[0].coding[0].system']",2025-10-27T04:44:28.956795
medical_informatics_engineering_912c1a95d9efdb43ad333156c8e857f9,Mixed,21,19,2,90.47619047619048,"['id', 'resourceType']",2025-10-27T04:44:28.957014
medical_information_technology_inc_meditech_1cf6faf4d8dcbed97f2751e924fff1d5,Mixed,113,37,76,32.743362831858406,"['alias', 'contact', 'contact[0].extension', 'contact[0].extension[0].url', 'contact[0].extension[0].valueCode', 'extension', 'extension[0].extension', 'extension[0].extension[0].url', 'extension[0].extension[0].valueReference', 'extension[0].extension[0].valueReference.reference', 'extension[0].extension[0].valueString', 'extension[0].extension[0].valueUrl', 'extension[0].extension[1].url', 'extension[0].extension[1].valueMarkdown', 'extension[0].extension[1].valueReference', 'extension[0].extension[1].valueReference.reference', 'extension[0].extension[1].valueUrl', 'extension[0].extension[2].url', 'extension[0].extension[2].valueReference', 'extension[0].extension[2].valueReference.reference', 'extension[0].extension[2].valueUrl', 'extension[0].extension[3].url', 'extension[0].extension[3].valueReference', 'extension[0].extension[3].valueReference.reference', 'extension[0].extension[3].valueUrl', 'extension[0].extension[4].url', 'extension[0].extension[4].valueReference', 'extension[0].extension[4].valueReference.reference', 'extension[0].extension[5].url', 'extension[0].extension[5].valueReference', 'extension[0].extension[5].valueReference.reference', 'extension[0].extension[6].url', 'extension[0].extension[6].valueReference', 'extension[0].extension[6].valueReference.reference', 'extension[0].url', 'extension[0].valueCode', 'extension[1].extension', 'extension[1].extension[0].url', 'extension[1].extension[0].valueString', 'extension[1].extension[0].valueUrl', 'extension[1].extension[1].url', 'extension[1].extension[1].valueMarkdown', 'extension[1].extension[1].valueUrl', 'extension[1].extension[2].url', 'extension[1].extension[2].valueUrl', 'extension[1].extension[3].url', 'extension[1].extension[3].valueReference', 'extension[1].extension[3].valueReference.reference', 'extension[1].extension[3].valueUrl', 'extension[1].url', 'extension[2].extension', 'extension[2].extension[0].url', 'extension[2].extension[0].valueString', 'extension[2].extension[1].url', 'extension[2].extension[1].valueMarkdown', 'extension[2].extension[2].url', 'extension[2].extension[2].valueUrl', 'extension[2].url', 'extension[3].extension', 'extension[3].extension[0].url', 'extension[3].extension[0].valueUrl', 'extension[3].url', 'id', 'meta', 'meta.lastUpdated', 'partOf', 'partOf.reference', 'resourceType', 'telecom[0].extension', 'telecom[0].extension[0].url', 'telecom[0].extension[0].valueCode', 'type', 'type[0].coding', 'type[0].coding[0].code', 'type[0].coding[0].display', 'type[0].coding[0].system']",2025-10-27T04:44:28.957267
medicalmine_inc_0b83e8a0ee3eb75b18267cc2ad8ce5fd,Mixed,26,22,4,84.61538461538461,"['id', 'managingOrganization', 'managingOrganization.display', 'resourceType']",2025-10-27T04:44:28.957485
medicus_clinical_llc_79250a5cc11c5972d9c02f7a586ec10b,Mixed,32,30,2,93.75,"['id', 'resourceType']",2025-10-27T04:44:28.957709
mednet_medical_solutions_91882961eae07fe7273037ab9e774af4,Mixed,24,21,3,87.5,"['id', 'payloadType[0].text', 'resourceType']",2025-10-27T04:44:28.957914
medone_healthcare_partners_7bde0c93dd5096f46a2352cad0fd1e4d,Mixed,32,26,6,81.25,"['id', 'meta', 'meta.lastUpdated', 'meta.profile', 'meta.versionId', 'resourceType']",2025-10-27T04:44:28.958134
medpharm_services_llc_c32eabae90c34b3199f9cb93c3a23539,Mixed,32,20,12,62.5,"['extension', 'extension[0].url', 'extension[0].valueCode', 'id', 'managingOrganization', 'managingOrganization.display', 'managingOrganization.reference', 'resourceType', 'type', 'type[0].coding', 'type[0].coding[0].code', 'type[0].coding[0].system']",2025-10-27T04:44:28.958343
medplum_2900ab554880fa664ab079f431c6e156,Mixed,50,23,27,46.0,"['address[0].type', 'address[0].use', 'contact', 'contact[0].address', 'contact[0].address.city', 'contact[0].address.line', 'contact[0].address.postalCode', 'contact[0].address.state', 'contact[0].name', 'contact[0].name.family', 'contact[0].name.given', 'contact[0].name.use', 'contact[0].purpose', 'contact[0].purpose.coding', 'contact[0].purpose.coding[0].code', 'contact[0].purpose.coding[0].display', 'contact[0].purpose.coding[0].system', 'endpoint[0].display', 'id', 'managingOrganization', 'managingOrganization.display', 'managingOrganization.reference', 'payloadType[0].coding[0].display', 'resourceType', 'text', 'text.div', 'text.status']",2025-10-27T04:44:28.958560
mendelson_kornblum_orthopedic_spine_specialists_36bda2b76eda2ef5381096e4377f3ecf,Mixed,24,22,2,91.66666666666666,"['id', 'resourceType']",2025-10-27T04:44:28.958765
metasolutions_inc_2b086a9f867e323d57a6206d92900927,Mixed,22,18,4,81.81818181818183,"['id', 'managingOrganization', 'managingOrganization.reference', 'resourceType']",2025-10-27T04:44:28.958970
microfour_inc_514680485994cc6cb14fc37849b7c174,Mixed,24,20,4,83.33333333333334,"['id', 'period', 'period.start', 'resourceType']",2025-10-27T04:44:28.959182
micromd_llc_b5968c3ee2cd015034119ca62d34ef13,Mixed,29,27,2,93.10344827586206,"['id', 'resourceType']",2025-10-27T04:44:28.959402
modernizing_medicine_gastroenterology_llc_c2038246c152231b4dc272321122c272,Mixed,126,84,42,66.66666666666666,"['address[0].period', 'address[0].period.start', 'address[1].period', 'address[1].period.start', 'address[2].period', 'address[2].period.start', 'address[3].period', 'address[3].period.start', 'address[4].period', 'address[4].period.start', 'address[5].period', 'address[5].period.start', 'address[6].period', 'address[6].period.start', 'address[7].period', 'address[7].period.start', 'address[8].period', 'address[8].period.start', 'endpoint[0].type', 'id', 'identifier[0].type', 'identifier[0].type.coding', 'identifier[0].type.coding[0].code', 'identifier[0].type.coding[0].display', 'identifier[0].type.coding[0].system', 'identifier[1].type', 'identifier[1].type.coding', 'identifier[1].type.coding[0].code', 'identifier[1].type.coding[0].display', 'identifier[1].type.coding[0].system', 'identifier[4].type', 'identifier[4].type.coding', 'identifier[4].type.coding[0].code', 'identifier[4].type.coding[0].display', 'identifier[4].type.coding[0].system', 'managingOrganization', 'managingOrganization.reference', 'managingOrganization.type', 'meta', 'meta.lastUpdated', 'meta.source', 'resourceType']",2025-10-27T04:44:28.959642
modulemd_5828bf2c1c2d55b9a843036ec57f2324,Mixed,24,19,5,79.16666666666666,"['id', 'managingOrganization', 'managingOrganization.reference', 'payloadType[0].coding[0].display', 'resourceType']",2025-10-27T04:44:28.959870
moyae_inc_33d356ec4097b73a21c2963344c9e266,Mixed,24,22,2,91.66666666666666,"['id', 'resourceType']",2025-10-27T04:44:28.960086
myhelo_inc_802873a6d332e780c07a692713ff2a15,Mixed,28,26,2,92.85714285714286,"['id', 'resourceType']",2025-10-27T04:44:28.960294
naphcare_inc_b431c90eaf98e38b4d78f0dc5d038971,Mixed,28,26,2,92.85714285714286,"['id', 'resourceType']",2025-10-27T04:44:28.960522
navigating_cancer_llc_e29e5ccb1ffe6b96486d615c4db1d7cd,Mixed,21,18,3,85.71428571428571,"['address[0].text', 'id', 'resourceType']",2025-10-27T04:44:28.960740
net_health_6967c008c3e8b0cc7002d983143cc49a,Mixed,24,22,2,91.66666666666666,"['id', 'resourceType']",2025-10-27T04:44:28.960944
netsmart_technologies_d9c94db8d2b7b0057cda690c45033c02,Mixed,35,22,13,62.857142857142854,"['contact', 'contact[0].system', 'contact[0].value', 'extension', 'extension[0].url', 'extension[0].valueCode', 'id', 'meta', 'meta.lastUpdated', 'resourceType', 'text', 'text.div', 'text.status']",2025-10-27T04:44:28.961158
nextech_6f6c1b8e6859d67d4dc22f1d73bab4da,Mixed,21,19,2,90.47619047619048,"['id', 'resourceType']",2025-10-27T04:44:28.961369
nextech_f46efa02c6cbb395f24e1dde45a736b8,Mixed,21,19,2,90.47619047619048,"['id', 'resourceType']",2025-10-27T04:44:28.961580
nextgen_healthcare_0b7d5930a913fe0eae933a82c34439d4,Mixed,29,23,8,79.3103448275862,"['id', 'identifier', 'identifier[0].value', 'meta', 'meta.profile', 'period', 'period.start', 'resourceType']",2025-10-27T04:44:28.961796
nextgen_healthcare_6c0ed0029de00be6c432e58d522e3554,Mixed,45,30,15,66.66666666666666,"['_name', '_name.extension', '_name.extension[0].url', '_name.extension[0].valueCode', 'alias', 'id', 'identifier[0]._system', 'identifier[0]._system.extension', 'identifier[0]._system.extension[0].url', 'identifier[0]._system.extension[0].valueCode', 'identifier[0]._value', 'identifier[0]._value.extension', 'identifier[0]._value.extension[0].url', 'identifier[0]._value.extension[0].valueCode', 'resourceType']",2025-10-27T04:44:28.962021
novomedici_llc_69f66e319272c35d08be5695872e48ed,Mixed,24,22,2,91.66666666666666,"['id', 'resourceType']",2025-10-27T04:44:28.962232
nth_technologies_inc_b9f9769e1982ba21c437fd5b1fc5bcbe,Mixed,25,22,3,88.0,"['id', 'payloadType[0].text', 'resourceType']",2025-10-27T04:44:28.962435
office_practicum_7fc062f99e95425d3e181eab8df6d611,Mixed,51,31,23,60.78431372549019,"['address[0].text', 'address[0].type', 'address[0].use', 'extension', 'extension[0].url', 'extension[0].valueString', 'id', 'identifier', 'identifier[0].system', 'identifier[0].use', 'identifier[0].value', 'managingOrganization', 'managingOrganization.display', 'managingOrganization.reference', 'payloadType[0].coding[0].display', 'resourceType', 'telecom[0].rank', 'telecom[1].rank', 'type', 'type[0].coding', 'type[0].coding[0].code', 'type[0].coding[0].display', 'type[0].coding[0].system']",2025-10-27T04:44:28.962659
omnimd_inc_925c7fc1b4c1c165e0e0adb3c396a0b6,Mixed,68,47,21,69.11764705882352,"['address[0].text', 'id', 'identifier[0].use', 'meta', 'meta.lastUpdated', 'meta.profile', 'meta.source', 'meta.versionId', 'resourceType', 'telecom[0].rank', 'telecom[1].rank', 'telecom[2].rank', 'telecom[3].rank', 'telecom[4].rank', 'telecom[5].rank', 'telecom[6].rank', 'telecom[7].rank', 'type', 'type[0].coding', 'type[0].coding[0].code', 'type[0].coding[0].system']",2025-10-27T04:44:28.962882
oracle_health_11651ae92c7a7a69372bcfcffa2fe405,Mixed,370,251,119,67.83783783783784,"['id', 'identifier[0].use', 'identifier[100].use', 'identifier[101].use', 'identifier[102].use', 'identifier[103].use', 'identifier[104].use', 'identifier[105].use', 'identifier[106].use', 'identifier[107].use', 'identifier[108].use', 'identifier[109].use', 'identifier[10].use', 'identifier[110].use', 'identifier[111].use', 'identifier[112].use', 'identifier[113].use', 'identifier[114].use', 'identifier[115].use', 'identifier[11].use', 'identifier[12].use', 'identifier[13].use', 'identifier[14].use', 'identifier[15].use', 'identifier[16].use', 'identifier[17].use', 'identifier[18].use', 'identifier[19].use', 'identifier[1].use', 'identifier[20].use', 'identifier[21].use', 'identifier[22].use', 'identifier[23].use', 'identifier[24].use', 'identifier[25].use', 'identifier[26].use', 'identifier[27].use', 'identifier[28].use', 'identifier[29].use', 'identifier[2].use', 'identifier[30].use', 'identifier[31].use', 'identifier[32].use', 'identifier[33].use', 'identifier[34].use', 'identifier[35].use', 'identifier[36].use', 'identifier[37].use', 'identifier[38].use', 'identifier[39].use', 'identifier[3].use', 'identifier[40].use', 'identifier[41].use', 'identifier[42].use', 'identifier[43].use', 'identifier[44].use', 'identifier[45].use', 'identifier[46].use', 'identifier[47].use', 'identifier[48].use', 'identifier[49].use', 'identifier[4].use', 'identifier[50].use', 'identifier[51].use', 'identifier[52].use', 'identifier[53].use', 'identifier[54].use', 'identifier[55].use', 'identifier[56].use', 'identifier[57].use', 'identifier[58].use', 'identifier[59].use', 'identifier[5].use', 'identifier[60].use', 'identifier[61].use', 'identifier[62].use', 'identifier[63].use', 'identifier[64].use', 'identifier[65].use', 'identifier[66].use', 'identifier[67].use', 'identifier[68].use', 'identifier[69].use', 'identifier[6].use', 'identifier[70].use', 'identifier[71].use', 'identifier[72].use', 'identifier[73].use', 'identifier[74].use', 'identifier[75].use', 'identifier[76].use', 'identifier[77].use', 'identifier[78].use', 'identifier[79].use', 'identifier[7].use', 'identifier[80].use', 'identifier[81].use', 'identifier[82].use', 'identifier[83].use', 'identifier[84].use', 'identifier[85].use', 'identifier[86].use', 'identifier[87].use', 'identifier[88].use', 'identifier[89].use', 'identifier[8].use', 'identifier[90].use', 'identifier[91].use', 'identifier[92].use', 'identifier[93].use', 'identifier[94].use', 'identifier[95].use', 'identifier[96].use', 'identifier[97].use', 'identifier[98].use', 'identifier[99].use', 'identifier[9].use', 'payloadType[0].coding[0].display', 'resourceType']",2025-10-27T04:44:28.963155
oracle_health_c44b48f8932b5c56d57a663f20502413,Mixed,25,21,4,84.0,"['id', 'identifier[0].use', 'payloadType[0].coding[0].display', 'resourceType']",2025-10-27T04:44:28.963375
ot_emr_inc_6d17500e6969ea5c7442307ba62b0a12,Mixed,24,22,2,91.66666666666666,"['id', 'resourceType']",2025-10-27T04:44:28.963585
patagonia_health_bd332ebb7f5291b2adc3ec22469c7769,Mixed,28,26,2,92.85714285714286,"['id', 'resourceType']",2025-10-27T04:44:28.963799
pce_systems_fd00d1a3b1e923c5cafc5aefa8ab4639,Mixed,31,20,11,64.51612903225806,"['id', 'identifier[0]._system', 'identifier[0]._system.extension', 'identifier[0]._system.extension[0].url', 'identifier[0]._system.extension[0].valueCode', 'identifier[0]._value', 'identifier[0]._value.extension', 'identifier[0]._value.extension[0].url', 'identifier[0]._value.extension[0].valueCode', 'payloadType[0].text', 'resourceType']",2025-10-27T04:44:28.964021
pcis_gold_36399432dd7c7ed79eaf66a939c1dce7,Mixed,24,22,2,91.66666666666666,"['id', 'resourceType']",2025-10-27T04:44:28.964238
practice_alternatives_inc_8f1eb163b123955922a658581843f16e,Mixed,20,17,3,85.0,"['id', 'payloadType[0].text', 'resourceType']",2025-10-27T04:44:28.964448
practice_ehr_llc_8644b81817b625dae45637edf81122d9,Mixed,24,19,5,79.16666666666666,"['id', 'managingOrganization', 'managingOrganization.reference', 'payloadType[0].coding[0].display', 'resourceType']",2025-10-27T04:44:28.964651
practice_fusion_57ea22cab5a5562c8c08df33bf9870ed,Mixed,32,26,6,81.25,"['endpoint[0].display', 'endpoint[1].display', 'id', 'managingOrganization', 'managingOrganization.display', 'resourceType']",2025-10-27T04:44:28.964866
practicesuite_inc_4550754f178e26271eb294a801e1578e,Mixed,28,26,2,92.85714285714286,"['id', 'resourceType']",2025-10-27T04:44:28.965078
procentive_4cfea213359bfae80eefe6573979101c,Mixed,29,27,2,93.10344827586206,"['id', 'resourceType']",2025-10-27T04:44:28.965285
pulse_systems_inc_31f6ddf90042e88d30fc2252807b8221,Mixed,28,20,8,71.42857142857143,"['contained', 'contained[0].id', 'contained[0].name', 'contained[0].resourceType', 'id', 'managingOrganization', 'managingOrganization.reference', 'resourceType']",2025-10-27T04:44:28.965493
qualifacts_systems_llc_6a269ac3f8522549f3313c042ee30fed,Mixed,21,19,2,90.47619047619048,"['id', 'resourceType']",2025-10-27T04:44:28.965703
qualifacts_systems_llc_6e16deb050561bc5b4eae2dbff0e2bb9,Mixed,24,22,2,91.66666666666666,"['id', 'resourceType']",2025-10-27T04:44:28.965915
qualifacts_systems_llc_e48f7721fc82b06602d9c527f3ab8809,Mixed,21,19,2,90.47619047619048,"['id', 'resourceType']",2025-10-27T04:44:28.966129
radysans_inc_d988bbb6cbeabb52041aa9e68a50926a,Mixed,27,23,4,85.18518518518519,"['id', 'managingOrganization', 'managingOrganization.reference', 'resourceType']",2025-10-27T04:44:28.966338
reli_med_solutions_llc_f2f557d89af5bf2947432f51d8a865e8,Mixed,81,46,35,56.79012345679012,"['address[0].district', 'address[0].extension', 'address[0].extension[0].extension', 'address[0].extension[0].extension[0].url', 'address[0].extension[0].extension[0].valueDecimal', 'address[0].extension[0].extension[1].url', 'address[0].extension[0].extension[1].valueDecimal', 'address[0].extension[0].url', 'address[0].period', 'address[0].period.start', 'address[0].use', 'address[1].district', 'address[1].extension', 'address[1].extension[0].extension', 'address[1].extension[0].extension[0].url', 'address[1].extension[0].extension[0].valueDecimal', 'address[1].extension[0].extension[1].url', 'address[1].extension[0].extension[1].valueDecimal', 'address[1].extension[0].url', 'address[1].period', 'address[1].period.start', 'address[1].use', 'id', 'meta', 'meta.lastUpdated', 'payloadType[0].coding[0].display', 'resourceType', 'telecom[0].rank', 'telecom[1].rank', 'telecom[2].rank', 'telecom[3].rank', 'telecom[4].rank', 'text', 'text.div', 'text.status']",2025-10-27T04:44:28.966556
royal_health_inc_59a05d37380f77cb98152e2495dd5fb1,Mixed,26,19,7,73.07692307692307,"['address[0].use', 'id', 'managingOrganization', 'managingOrganization.display', 'managingOrganization.reference', 'payloadType[0].text', 'resourceType']",2025-10-27T04:44:28.966783
saisystems_international_5644f585775509d4f7a3180198c10010,Mixed,41,26,15,63.41463414634146,"['extension', 'extension[0].url', 'extension[0].valueCode', 'id', 'managingOrganization', 'managingOrganization.reference', 'resourceType', 'text', 'text.div', 'text.status', 'type', 'type[0].coding', 'type[0].coding[0].code', 'type[0].coding[0].display', 'type[0].coding[0].system']",2025-10-27T04:44:28.966989
sargas_pharmaceutical_adherence_and_compliance_international_8380d9331bd524a21992c14db3fb954f,Mixed,28,26,2,92.85714285714286,"['id', 'resourceType']",2025-10-27T04:44:28.967194
sevocity_a_division_of_conceptual_mindworks_inc_d2d3b57f42865f8bb04d326742022e10,Mixed,30,23,7,76.66666666666667,"['id', 'managingOrganization', 'managingOrganization.reference', 'meta', 'meta.profile', 'payloadType[0].coding[0].display', 'resourceType']",2025-10-27T04:44:28.967405
smartmd_technologies_inc_6168425487099b10bf5a266ea625e6bb,Mixed,28,26,2,92.85714285714286,"['id', 'resourceType']",2025-10-27T04:44:28.967608
softbir_inc_40fb593c7222f146e0f3a829780fe7c6,Mixed,41,26,15,63.41463414634146,"['address[0].period', 'address[0].period.start', 'id', 'meta', 'meta.lastUpdated', 'meta.versionId', 'resourceType', 'text', 'text.div', 'text.status', 'type', 'type[0].coding', 'type[0].coding[0].code', 'type[0].coding[0].display', 'type[0].coding[0].system']",2025-10-27T04:44:28.967819
solidpractice_technologies_llc_28b0137dff1b4789d05c7ce3db190c74,Mixed,32,22,10,68.75,"['id', 'managingOrganization', 'managingOrganization.reference', 'resourceType', 'type', 'type[0].coding', 'type[0].coding[0].code', 'type[0].coding[0].display', 'type[0].coding[0].system', 'type[0].text']",2025-10-27T04:44:28.968024
sophrona_solutions_inc_f098f7c135ebe3b2706d10cac426222d,Mixed,41,27,14,65.85365853658537,"['endpoint[0].type', 'id', 'identifier[0].type', 'identifier[0].type.coding', 'identifier[0].type.coding[0].code', 'identifier[0].type.coding[0].display', 'managingOrganization', 'managingOrganization.reference', 'managingOrganization.type', 'meta', 'meta.lastUpdated', 'meta.source', 'payloadType[0].coding[0].display', 'resourceType']",2025-10-27T04:44:28.968239
strateq_health_inc_67e7cd30a6c1b6ba6f23ee00a7ff0dfc,Mixed,28,26,2,92.85714285714286,"['id', 'resourceType']",2025-10-27T04:44:28.968460
streamline_healthcare_solutions_e2d0c2171f9c96bbac4742605cfcb731,Mixed,32,30,2,93.75,"['id', 'resourceType']",2025-10-27T04:44:28.968677
systemedx_inc_106578b04bf86dc308e2c3b6bd34d16c,Mixed,82,68,14,82.92682926829268,"['contact', 'contact[0].system', 'contact[0].use', 'contact[0].value', 'id', 'managingOrganization', 'managingOrganization.reference', 'resourceType', 'type', 'type[0].coding', 'type[0].coding[0].code', 'type[0].coding[0].display', 'type[0].coding[0].system', 'type[0].text']",2025-10-27T04:44:28.968899
tebra_technologies_inc_d22e0b93242b41b3617df2faa309ea5e,Mixed,38,29,9,76.31578947368422,"['address[0].use', 'extension', 'extension[0].url', 'extension[0].valueCode', 'id', 'identifier[0].use', 'managingOrganization', 'managingOrganization.reference', 'resourceType']",2025-10-27T04:44:28.969106
teneleven_group_1f5e5c15b13b689746f2bbdc95333517,Mixed,34,32,2,94.11764705882352,"['id', 'resourceType']",2025-10-27T04:44:28.969317
tenzing_medical_llc_97c2c7bbb0aaacdcad3d54cdc6b4234c,Mixed,38,26,12,68.42105263157895,"['extension', 'extension[0].url', 'extension[0].valueCode', 'id', 'managingOrganization', 'managingOrganization.reference', 'resourceType', 'type', 'type[0].coding', 'type[0].coding[0].code', 'type[0].coding[0].display', 'type[0].coding[0].system']",2025-10-27T04:44:28.969537
the_echo_group_bf7be8370b8034dbc1b396c6f7811c91,Mixed,34,32,2,94.11764705882352,"['id', 'resourceType']",2025-10-27T04:44:28.969745
theoria_medical_pllc_2e4574957a20f36e8ba42558e6d88f74,Mixed,41,26,15,63.41463414634146,"['extension', 'extension[0].url', 'extension[0].valueCode', 'id', 'managingOrganization', 'managingOrganization.reference', 'resourceType', 'text', 'text.div', 'text.status', 'type', 'type[0].coding', 'type[0].coding[0].code', 'type[0].coding[0].display', 'type[0].coding[0].system']",2025-10-27T04:44:28.969955
triarq_practice_services_dcedd6a33c586ecf436ad27111ca8f91,Mixed,43,32,11,74.4186046511628,"['address[0].use', 'id', 'identifier[0].use', 'managingOrganization', 'managingOrganization.reference', 'meta', 'meta.lastUpdated', 'meta.versionId', 'payloadType[0].coding[0].display', 'payloadType[0].text', 'resourceType']",2025-10-27T04:44:28.970170
trimed_technologies_6a7ff7f5f4d2d83972988d1d6412074c,Mixed,28,20,8,71.42857142857143,"['extension', 'extension[0].url', 'extension[0].valueCode', 'id', 'managingOrganization', 'managingOrganization.reference', 'payloadType[0].text', 'resourceType']",2025-10-27T04:44:28.970378
tronshealth_llc_bbe02df93e7a8a484969b122b79672ad,Mixed,24,19,5,79.16666666666666,"['id', 'managingOrganization', 'managingOrganization.reference', 'payloadType[0].coding[0].display', 'resourceType']",2025-10-27T04:44:28.970584
trubridge_inc_98a0efa692acc63976bc37ba0826e97f,Mixed,42,24,21,57.14285714285714,"['address[0].text', 'address[0].type', 'address[0].use', 'extension', 'extension[0].url', 'extension[0].valueString', 'id', 'identifier', 'identifier[0].system', 'identifier[0].value', 'meta', 'meta.lastUpdated', 'meta.versionId', 'payloadType[0].text', 'resourceType', 'type', 'type[0].coding', 'type[0].coding[0].code', 'type[0].coding[0].display', 'type[0].coding[0].system', 'type[0].text']",2025-10-27T04:44:28.970791
universal_ehr_inc_e66c6e5d361ecd7803b4000f152936f5,Mixed,24,21,3,87.5,"['id', 'payloadType[0].text', 'resourceType']",2025-10-27T04:44:28.971008
us_monitoring_inc_d75e6c341117b5972d941f3b71378082,Mixed,28,26,2,92.85714285714286,"['id', 'resourceType']",2025-10-27T04:44:28.971227
varian_medical_systems_fe4a364477dca33cd3e28929702a7bba,Mixed,32,30,2,93.75,"['id', 'resourceType']",2025-10-27T04:44:28.971433
veradigm_970f3987925534e04c03216e9ff85f5a,Mixed,54,44,10,81.48148148148148,"['contained', 'contained[0].id', 'contained[0].name', 'contained[0].resourceType', 'id', 'managingOrganization', 'managingOrganization.reference', 'period', 'period.start', 'resourceType']",2025-10-27T04:44:28.971646
versasuite_d350960bba8804f8a0577ee93665e8d3,Mixed,38,23,15,60.526315789473685,"['extension', 'extension[0].url', 'extension[0].valueCode', 'id', 'managingOrganization', 'managingOrganization.reference', 'resourceType', 'text', 'text.div', 'text.status', 'type', 'type[0].coding', 'type[0].coding[0].code', 'type[0].coding[0].display', 'type[0].coding[0].system']",2025-10-27T04:44:28.971862
vision_infonet_inc_a631a734d53e5e01fd5be7751ab6a029,Mixed,28,26,2,92.85714285714286,"['id', 'resourceType']",2025-10-27T04:44:28.972065
vohra_wound_physicians_management_llc_c4251a1e507578679c85028a9d580166,Mixed,24,22,2,91.66666666666666,"['id', 'resourceType']",2025-10-27T04:44:28.972269
webedoctor_inc_7de0125b8b367c0084351e846798cc6d,Mixed,32,26,6,81.25,"['id', 'meta', 'meta.lastUpdated', 'meta.profile', 'meta.versionId', 'resourceType']",2025-10-27T04:44:28.972564
welligent_part_of_the_continuumcloud_96a77e201b1f790bb029fdf7fa4af21d,Mixed,29,27,2,93.10344827586206,"['id', 'resourceType']",2025-10-27T04:44:28.972823
willowglade_technologies_corporation_065bc650d7dac448796cd59b504eeb58,Mixed,21,18,3,85.71428571428571,"['address[0].text', 'id', 'resourceType']",2025-10-27T04:44:28.973057
wrs_health_d26340d1477608773b03c70fa116d900,Mixed,43,35,8,81.3953488372093,"['address[0].period', 'address[0].period.start', 'address[0].text', 'address[0].type', 'id', 'identifier[0].use', 'identifier[1].use', 'resourceType']",2025-10-27T04:44:28.973288
zoobook_systems_llc_fae725c74837e2bd855d0b2710740bbc,Mixed,24,21,3,87.5,"['id', 'payloadType[0].text', 'resourceType']",2025-10-27T04:44:28.973516
