id,country_code,address1,address2,address3,address4,locality,administrative_area,postal_code,latitude,longitude
INTL_8170430b-7,PR,Caribbean Uro Centre 3103 Sausalito Urb Mansiones,,,,Cabo Rojo,PR,00623,,
INTL_d054e70d-b,SG,HRC SG Holdings PTE. LTD. (Rhythm) One Raffles Place #28-02 Towe,,,,Singapore,Singapore,048616,,
INTL_f2487e50-3,PR,"Livindi, Inc Villa",,,,Dorado,PR,00646-2207,,
INTL_fc344d19-4,GU,"Evergreen Health Center, LLC 520 Route 8 Ste 106",,,,Maite,GU,96910-5040,,
INTL_1f036d0a-5,VI,Cardiovascular Assoc. of the Virgin Islands PO Box 5988,,,,Christiansted,VI,00823-5988,,
INTL_14a621c2-1,,Hoopes Vision Correction Center11820 S State Street,,,,Draper,UT,84020-7133,,
INTL_7ec274d2-f,UN,,,,,unknown,unknown,unknown,,
INTL_e57c1cbf-a,VI,"Island Pulmonary, LLC 9149 Estate Thomas Ste 202",,,,St Thomas,VI,00802-3132,,
INTL_34807ff9-0,SG,HRC SG HOLDINGS PTE. LTD. One Raffles Place #28-02 Tower 1 S,,,,Singapore,unknown,048616,,
INTL_0283ad20-3,VI,DR. RISA M. M. NIELSEN MD Beeston Hill Medical Center,,,,CHRISTIANSTED,VI,00820-5254,,
INTL_63000b63-d,MP,"MMC & PACIFIC LABS, LLC Pmb 145",,,,Saipan,MP,96950-8903,,
INTL_87024515-6,MP,"355 GRB P.O. Box 355 GRB, 6690 Kagman Commercial Bldg, Kagman Rd",,,,Saipan,MP,96950-5556,,
INTL_391a07a1-a,GU,Guam Specialist Group 280 Pale San Vitores Rd,,,,Tamuning,GU,96913-3615,,
INTL_2a216c99-c,GU,Island Medical Staff & Billing 633 Gov. Carlos Camacho Road Suit,,,,Tamuning,GU,96913,,
INTL_96e89b00-9,VI,"Vi Neurological Medical Group Inc Upper Havensight B-3, Suite 30",,,,St. Thomas,VI,00802,,
INTL_fbb143b4-d,UN,,,,,Winston Salem,NC,,,
INTL_74cf0c58-0,UN,,,,,Colts Neck,NJ,,,
INTL_70d3df6e-c,UN,,,,,Abilene,TX,,,
INTL_fe0a31b9-7,UN,,,,,Lafayette,LA,,,
INTL_f935881e-7,UN,,,,,Downers Grove,IL,,,
INTL_372ea131-7,UN,,,,,Dallas,TX,,,
INTL_0f323cf7-a,UN,,,,,Medina,OH,,,
INTL_5bb6b1a7-c,UN,,,,,Dallas,TX,,,
INTL_67c30382-d,UN,,,,,Greenfield,WI,,,
INTL_839a62f9-c,UN,,,,,North Liberty,IA,,,
INTL_a971662a-a,UN,,,,,Aventura,FL,,,
INTL_e7a31a0f-4,UN,,,,,Omaha,NE,,,
INTL_3ba8fb95-9,UN,,,,,Phoenix,AZ,,,
INTL_aff39385-5,UN,,,,,Tallahassee,FL,,,
INTL_95466d4f-c,UN,,,,,Monroe,MI,,,
INTL_c208f0e8-6,UN,,,,,Lauderhill,FL,,,
INTL_e117895e-8,UN,,,,,San Antonio,TX,,,
INTL_f6a8b039-b,UN,,,,,Saginaw,MI,,,
INTL_9cfc3a80-9,UN,,,,,Canon City,CO,,,
INTL_1f8303d8-0,UN,,,,,Albertville,AL,,,
INTL_ce3c4ff7-e,UN,,,,,Cave Creek,AZ,,,
INTL_2177fff3-7,UN,,,,,Bloomington,IL,,,
INTL_1e981584-a,UN,,,,,Syracuse,NY,,,
INTL_ca09bd4a-9,UN,,,,,Boise,ID,,,
INTL_d8f752bb-c,UN,,,,,NULL,MO,,,
INTL_07d852f1-5,UN,,,,,St Marys,GA,,,
INTL_b7d7ed29-1,UN,,,,,Saint Marys,GA,,,
INTL_ae15b5b2-f,UN,,,,,Glenview,IL,,,
INTL_a81eba5c-2,UN,,,,,Hyattsville,MD,,,
INTL_7fe48593-4,UN,,,,,Rome,GA,,,
INTL_15a05148-1,UN,,,,,Scottsdale,AZ,,,
INTL_c8bcb8ef-c,UN,,,,,Stockton,CA,,,
INTL_51c4ef2a-7,UN,,,,,Templeton,CA,,,
INTL_8d2c7ee5-f,UN,,,,,Herndon,VA,,,
INTL_d217d656-9,UN,,,,,Peoria,IL,,,
INTL_de95c61d-c,UN,,,,,Johns Creek,GA,,,
INTL_7d868934-9,UN,,,,,Las Vegas,NV,,,
INTL_720e8cae-e,UN,,,,,Claremont,CA,,,
INTL_019fad30-6,UN,,,,,Tulsa,OK,,,
INTL_50026f50-d,UN,,,,,Boca Raton,FL,,,
INTL_ba01c327-9,UN,,,,,Sun City,AZ,,,
INTL_e3013182-8,UN,,,,,"Fontana,",CA,,,
INTL_4ea8fc62-d,UN,,,,,Joliet,IL,,,
INTL_7ab78497-6,UN,,,,,Las Cruces,NM,,,
INTL_2b634e97-1,UN,,,,,Frisco,TX,,,
INTL_856b8f1e-4,UN,,,,,Clearwater,FL,,,
INTL_dbd00cf5-a,UN,,,,,San Francisco,CA,,,
INTL_ef557248-0,UN,,,,,Nashville,TN,,,
INTL_ded627c9-f,UN,,,,,Bakersfield,CA,,,
INTL_4f9fe210-a,UN,,,,,ALBUQUERQUE,NM,,,
INTL_b9cf1325-2,UN,,,,,Port Saint Lucie,FL,,,
INTL_1613e3bc-b,UN,,,,,Henderson,NV,,,
INTL_b89345d4-b,UN,,,,,Orlando,FL,,,
INTL_80dcc35f-f,UN,,,,,Pasadena,CA,,,
INTL_01cc4ba7-8,UN,,,,,Stephenville,TX,,,
INTL_e25280fe-1,UN,,,,,Mansfield,TX,,,
INTL_192bda4c-f,UN,,,,,Lake Mary,FL,,,
INTL_fad739ac-1,UN,,,,,Toledo,OH,,,
INTL_19efa2a5-4,UN,,,,,Chandler,AZ,,,
INTL_06bd564a-f,UN,,,,,Morristown,TN,,,
INTL_4690ed68-7,UN,,,,,Gilbert,AZ,,,
INTL_442c6402-9,UN,,,,,Wheat Ridge,CO,,,
INTL_4acdf956-1,UN,,,,,Redding,CA,,,
INTL_3a3a04e1-d,UN,,,,,Rockingham,NC,,,
INTL_68d096fe-3,UN,,,,,Fresno,CA,,,
INTL_867bb739-2,UN,,,,,Brooksville,FL,,,
INTL_562d5cb9-3,UN,,,,,Tamuning,GU,,,
INTL_2f96775c-6,UN,,,,,Sparta,TN,,,
INTL_8bd03635-3,UN,,,,,Lutherville,MD,,,
INTL_6d731322-0,UN,,,,,Reston,VA,,,
INTL_421a5940-6,UN,,,,,Miami,FL,,,
INTL_ede0e601-5,UN,,,,,Chesterfield,MO,,,
INTL_f637cb03-7,UN,,,,,Flagstaff,AZ,,,
INTL_4d46fe8a-4,UN,,,,,Rochester,MI,,,
INTL_2a29e62d-3,UN,,,,,Wildomar,CA,,,
INTL_bfbcb690-4,UN,,,,,San Diego,CA,,,
INTL_d7612715-9,UN,,,,,Emmitsburg,MD,,,
INTL_b7e61417-7,UN,,,,,Fayettville,NC,,,
INTL_0e42c6e6-5,UN,,,,,Elgin,IL,,,
INTL_8b8b2558-a,UN,,,,,Park Ridge,IL,,,
INTL_b2db832a-7,UN,,,,,Elk Ridge,UT,,,
INTL_36461d1d-6,UN,,,,,East Brunswick,NJ,,,
INTL_4c071d6e-0,UN,,,,,Austin,TX,,,
INTL_739c7a85-1,UN,,,,,Apache Junction,AZ,,,
INTL_6ac4b822-1,UN,,,,,WACO,TX,,,
INTL_16674a7b-e,UN,,,,,Pearland,TX,,,
INTL_badcaddd-7,UN,,,,,Houston,TX,,,
INTL_2b1ef544-1,UN,,,,,Templeton,CA,,,
INTL_0a5d330b-f,UN,,,,,Batavia,IL,,,
INTL_365c48d7-9,UN,,,,,Newport Beach,CA,,,
INTL_7ed8aebd-f,UN,,,,,Houston,TX,,,
INTL_b4945faa-4,UN,,,,,Camarillo,CA,,,
INTL_985e346b-4,UN,,,,,Lake Villa,IL,,,
INTL_45dd8236-d,UN,,,,,Columbus,GA,,,
INTL_d4be818a-a,UN,,,,,Pace,FL,,,
INTL_de3ca071-d,UN,,,,,Colorado Springs,CO,,,
INTL_11c379df-2,UN,,,,,Maryland Heights,MO,,,
INTL_285db70e-6,UN,,,,,Great Falls,VA,,,
INTL_70c2de25-1,UN,,,,,Plano,TX,,,
INTL_d358c15c-1,UN,,,,,West Orange,NJ,,,
INTL_99dc5498-e,UN,,,,,Maryville,TN,,,
INTL_69d79c23-9,UN,,,,,Tavares,FL,,,
INTL_a4948654-e,UN,,,,,Phoenix,AZ,,,
INTL_ee577e95-1,UN,,,,,Sandersville,GA,,,
INTL_bb80c71f-3,UN,,,,,Wauseon,OH,,,
INTL_78475615-5,UN,,,,,COLUMBIA,MD,,,
INTL_0eaffc35-c,UN,,,,,Tulsa,OK,,,
INTL_34d923d4-b,UN,,,,,Austin,TX,,,
INTL_8aa1490b-f,UN,,,,,Tulsa,OK,,,
INTL_ebfee071-8,UN,,,,,Morristown,TN,,,
INTL_9f606a57-0,UN,,,,,Sparta,NJ,,,
INTL_67381269-9,UN,,,,,Mesa,AZ,,,
INTL_7d8d62f4-8,UN,,,,,Naperville,IL,,,
INTL_8ce79efb-6,UN,,,,,Aventura,FL,,,
INTL_4c437505-f,UN,,,,,DeLand,FL,,,
INTL_c2539ed5-2,UN,,,,,Aurora,IL,,,
INTL_71c31f97-f,UN,,,,,Tulsa,OK,,,
INTL_74f33207-c,UN,,,,,Merritt Island,FL,,,
INTL_c628f351-1,UN,,,,,Flagstaff,AZ,,,
INTL_a2e97029-b,UN,,,,,Anthem,AZ,,,
INTL_fd50a446-4,UN,,,,,Essexville,MI,,,
INTL_77f44d83-c,UN,,,,,Puyallup,WA,,,
INTL_c221a7dd-2,UN,,,,,West Des Moines,IA,,,
INTL_c3c8f930-d,UN,,,,,Chino,CA,,,
INTL_376ad6f8-b,UN,,,,,Las Vegas,NV,,,
INTL_24ee7e44-4,UN,,,,,Centreville,VA,,,
INTL_5c7e4439-8,UN,,,,,Phoenix,AZ,,,
INTL_02390ec2-7,UN,,,,,Templeton,CA,,,
INTL_68abd200-3,UN,,,,,Mount Pleasant,MI,,,
INTL_bbab76f5-a,UN,,,,,Frisco,TX,,,
INTL_2bff0614-9,UN,,,,,Tulsa,OK,,,
INTL_79ec7f75-e,UN,,,,,Phoenix,AZ,,,
INTL_7782cf04-4,UN,,,,,Avalon,PA,,,
INTL_de429c39-e,UN,,,,,Phoenix,AZ,,,
INTL_f7f55db4-f,UN,,,,,Ligonier,PA,,,
INTL_f37b2a73-d,UN,,,,,Covington,CA,,,
INTL_ae3f977c-8,UN,,,,,PENSACOLA,FL,,,
INTL_b3b8fd0e-c,UN,,,,,Wauwatosa,WI,,,
INTL_b88f8086-b,UN,,,,,Frisco,TX,,,
INTL_bfab2c66-c,UN,,,,,Covington,LA,,,
INTL_44ba2a75-5,UN,,,,,Phoenix,AZ,,,
INTL_a09de1f4-e,UN,,,,,Pomona,CA,,,
INTL_9348ac63-6,UN,,,,,Springdale,AR,,,
INTL_cce45bee-1,UN,,,,,Rancho Cucamonga,CA,,,
INTL_ab88aea9-f,UN,,,,,The Woodlands,TX,,,
INTL_f642b6dc-f,UN,,,,,Fresh Meadows,NY,,,
INTL_57cbcc7a-a,UN,,,,,Timonium,MD,,,
INTL_88351781-8,UN,,,,,Covington,TN,,,
INTL_d518ef83-3,UN,,,,,Las Vegas,NV,,,
INTL_ef984a6d-b,UN,,,,,Suwanee,GA,,,
INTL_1e0a9d5c-c,UN,,,,,Jacksonville,FL,,,
INTL_788c9efb-4,UN,,,,,Phoenix,AZ,,,
INTL_373e22e2-1,UN,,,,,Havre,MT,,,
INTL_631afefa-1,UN,,,,,Metairie,LA,,,
INTL_3525c317-8,UN,,,,,Amarillo,TX,,,
INTL_3d2b01a6-f,UN,,,,,Sparta,TN,,,
INTL_53e79b15-2,UN,,,,,Ignatius,MT,,,
INTL_d1e37e1b-3,UN,,,,,San Antonio,TX,,,
INTL_4ca8465f-c,UN,,,,,Duluth,GA,,,
INTL_00849e12-4,UN,,,,,Sealy,TX,,,
INTL_6777ad4a-d,UN,,,,,Burnie,MD,,,
INTL_171b232a-8,UN,,,,,Guntersville,AL,,,
INTL_35d221e7-8,UN,,,,,Appleton,WI,,,
INTL_e0f5471d-d,UN,,,,,Morristown,TN,,,
INTL_35cbe3ff-2,UN,,,,,Maryville,TN,,,
INTL_fe9c2767-0,UN,,,,,Greenville,TX,,,
INTL_ef6136e0-c,UN,,,,,San Diego,FL,,,
INTL_75d2abde-e,UN,,,,,Warner,OK,,,
INTL_44511d53-a,UN,,,,,McAlester,OK,,,
INTL_2e6ac3fd-c,UN,,,,,Pensacola,FL,,,
INTL_b55d657a-a,UN,,,,,Las Cruces,NM,,,
INTL_e6caabcd-c,UN,,,,,Colchester,VT,,,
INTL_46288a60-3,UK,7531 S Stony Island Ave,,,,Chicago,Illinois,60649,,
INTL_cf65b022-f,UN,661 W First St,,,,Tustin,CA,92780,,
INTL_f73a6b80-3,UN,1528 Brookhollow Dr,,,,Santa Ana,CA,92705,,
INTL_e79e68e0-3,UN,121 Inman Street,,,,Cambridge,MA,02139,,
INTL_eaa93ce2-e,MI,2648 ROUTE 27,,,,NORTH BRUNSWICK,NJ,089021021,,
INTL_8fbb937d-2,UN,2901 White Plains Rd,,,,BRONX,NY,10467,,
INTL_e9845ca2-6,UN,985 Northfield Rd,,,,WOODMERE,NY,115981619,,
INTL_35a72887-7,UN,47 Palomino Drive,,,,OLD BRIDGE,NJ,088573622,,
INTL_7a993f2f-a,UN,PO Box 20585,,,,NEW YORK,NY,100210071,,
INTL_0c1a1e2a-0,UN,2426 EASTCHESTER ROAD,,,,BRONX,NY,10469,,
INTL_5c8f9985-9,UN,86-11 LEFFERTS BLVD,,,,RICHMOND HILL,NY,114182582,,
INTL_343accc1-e,UN,645 Crawford Ave.,,,,BROOKLYN,NY,11223,,
INTL_2c615e9a-c,UN,66 Middlebush Road,,,,Wappingers Falls,NY,12590,,
INTL_858b5b89-6,UN,201 Billings Street,,,,Arlington,TX,76010,,
INTL_bd4e96ed-5,UN,6 Gramatan Avenue,,,,MOUNT VERNON,NY,105503208,,
INTL_056764cf-5,UN,115 Nassau ave,,,,BROOKLYN,NY,11219,,
INTL_91c1c244-8,UN,100 Mariners Blvd,,,,MANDEVILLE,LA,70448,,
INTL_177f37ba-f,UN,533 48th Avenue,,,,Long Island City,NY,11101,,
INTL_b0eef9d2-f,UN,2044 Ocean Ave,,,,Brooklyn,NY,11230,,
INTL_04e7060d-d,UN,9101 Cherry Lane,,,,Laurel,MD,207081109,,
INTL_9b84305e-5,UN,2200 West 1st Street,,,,SANFORD,FL,327711674,,
INTL_81237144-c,UN,693 CONEY ISLAND AVE,,,,BROOKLYN,NY,11218,,
INTL_f8cb18c0-b,UN,10 East 85th Street,,,,NEW YORK,NY,100280412,,
INTL_c6f8cf5b-0,UN,1661 East 38th street,,,,BROOKLYN,NY,112344201,,
INTL_de08ef9f-6,UN,577 Chestnut Ridge Rd,,,,WOODCLIFF LAKE,NJ,076778400,,
INTL_58dfa1e4-2,UN,104-23 111 Street,,,,S RICHMOND HILL,NY,11419,,
INTL_0a3cdaa6-5,UN,576 N Sunrise Avenue,,,,Roseville,CA,95661,,
INTL_37486355-d,UN,"800 Community Drive,",,,,PLANDOME,NY,11030,,
INTL_3f5e7a6d-8,UN,1407 Ave U,,,,BROOKLYN,NY,112293319,,
INTL_9379e298-4,UN,7801 Renoir Court,,,,POTOMAC,MD,20854,,
INTL_f671cfb5-f,UN,2627 Hylan Blvd,,,,STATEN ISLAND,NY,10306,,
INTL_cc64fdb9-9,UN,601 East 138th Street,,,,BRONX,NY,104542682,,
INTL_b3404e91-9,UN,200 Livingston Street,,,,Brooklyn,NY,11201,,
INTL_f8a3ab53-a,UN,160 East 72nd Street,,,,NEW YORK,NY,100214364,,
INTL_a08485fd-e,UN,1049 East 163rd St.,,,,BRONX,NY,10459,,
INTL_72c5aa10-1,UN,500 4th Avenue,,,,BROOKLYN,NY,11215,,
INTL_e5f5a885-c,UN,36-35 Bell Blvd,,,,BAYSIDE,NY,113612097,,
INTL_0c1f8eae-e,UN,721 Flushing Ave,,,,BROOKLYN,NY,112064448,,
INTL_88b8cb0c-5,UN,656 Yonkers Avenue,,,,YONKERS,NY,107042668,,
INTL_4ef191b0-a,UN,268-08 UNION TURNPIKE,,,,GLEN OAKS,NY,11004,,
INTL_249d75e8-d,UN,PO Box 162404,,,,ATLANTA,GA,303212404,,
INTL_7bad67a8-5,UN,67th Ave Suite FF,,,,REGO PARK,NY,11374,,
INTL_7747b74e-1,UN,PO BOX 650,,,,EDWARDSVILLE,IL,620250650,,
INTL_5d6cab42-d,UN,633 Driggs Ave,,,,Brooklyn,NY,11211,,
INTL_2d5b5a62-4,UN,20245 West 12 Mile Rd.,,,,Southfield,MI,48076,,
INTL_062c0023-2,UN,483 Indian Trail Lilburn Rd NW,,,,LILBURN,GA,300473717,,
INTL_a86f7fbe-b,UN,2401 Avenue X,,,,BROOKLYN,NY,11235,,
INTL_84d32ff8-2,UN,841 Burke Ave,,,,BRONX,NY,104676619,,
INTL_1c05e162-7,UN,1305 N. State St,,,,ABBEVILLE,LA,705102825,,
INTL_e1614756-6,UN,9 Mount Bethel Road,,,,WARREN,NJ,070595603,,
INTL_da853ef8-1,UN,320 Superior Ave,,,,NEWPORT BEACH,CA,926632742,,
INTL_25804671-7,UN,1305 Post Road,,,,FAIRFIELD,CT,068246016,,
INTL_d1cf9b35-0,UN,4256 Suite 5 Bronx Blvd,,,,BRONX,NY,104662673,,
INTL_6a018dcf-8,UN,535 Chaseridge Drive,,,,MC DONOUGH,GA,30253,,
INTL_5ccad3b8-a,UN,530 Yonkers Ave,,,,YONKERS,NY,10704,,
INTL_f1b9153f-d,UN,43-70 Kissena Blvd.,,,,FLUSHING,NY,113553769,,
INTL_77269577-1,UN,PO BOX 231301,,,,GREAT NECK,NY,110230301,,
INTL_029c4780-4,UN,109 MONTAGUE ST,,,,BROOKLYN,NY,11201,,
INTL_bbf7f6ac-7,UN,625 Gramatan Avenue,,,,MOUNT VERNON,NY,105502026,,
INTL_12050a65-9,UN,5 Sycamore Dr,,,,NEW CITY,NY,10956,,
INTL_75794d6e-5,UN,99-21 67TH RD,,,,FOREST HILLS,NY,11375,,
INTL_59c34a44-f,UN,1086 North Broadway,,,,YONKERS,NY,10701,,
INTL_2324214f-9,UN,224 Sussex Avenue,,,,NEWARK,NJ,071032846,,
INTL_ab1c14dc-3,UN,"30 Hempstead Ave,",,,,ROCKVILLE CENTRE,NY,11570,,
INTL_b9e97571-e,UN,154-08 NORTHERN BLVD.,,,,FLUSHING,NY,11354,,
INTL_2f8e5ed7-f,UN,40 West Brighton Ave.,,,,BROOKLYN,NY,11224,,
INTL_248343ca-5,UN,9101 4th Ave.,,,,BROOKLYN,NY,11209,,
INTL_0b5ed59e-3,UN,145 E. MERRICK ROAD,,,,VALLEY STREAM,NY,115805925,,
INTL_0176bf2b-d,UN,2064 Cropsey Avenue,,,,BROOKLYN,NY,112146208,,
INTL_4a70b81c-7,UN,103 RIVER ROAD,,,,EDGEWATER,NJ,07020,,
INTL_7cd79a73-a,UN,102-55 63rd Road,,,,FOREST HILLS,NY,11375,,
INTL_f0c21c07-5,UN,352 Downing Drive,,,,Yorktown Heights,NY,10598,,
INTL_bdcfe672-5,UN,99-78 65th Road,,,,REGO PARK,NY,113743655,,
INTL_ba896bd1-7,UN,5722 Outer Loop,,,,OKOLONA,KY,402194156,,
INTL_a19c0f6b-d,UN,342 Quentin Rd,,,,BROOKLYN,NY,11223,,
INTL_7ef2b730-d,UN,5701 4th Ave,,,,BROOKLYN,NY,11220,,
INTL_f8c778f8-9,UN,1991 Marcus Avenue,,,,NEW HYDE PARK,NY,110422040,,
INTL_56d1e4fa-f,UN,2401 Avenue X #2,,,,BROOKLYN,NY,11235,,
INTL_cec0ff0b-a,UN,10151 Enterprise Ctr Blvd,,,,BOYNTON BEACH,FL,334373759,,
INTL_524a5a4a-2,UN,166 Elaine Dr.,,,,OCEANSIDE,NY,11572,,
INTL_325c2c9c-8,UN,1636 East 14th Street,,,,Brooklyn,NY,112291100,,
INTL_b4392724-5,UN,435 East 70th ST.,,,,NEW YORK,NY,10021,,
INTL_6a6f5e0b-8,UN,935 Northern Blvd,,,,GREAT NECK,NY,11021,,
INTL_75b93b50-6,UN,1124 Main Street,,,,PEEKSKILL,NY,105662908,,
INTL_4cb696b3-8,UN,15200 SW Freeway SUITE 230,,,,SUGAR LAND,TX,774783845,,
INTL_61c67036-5,UN,10900 S Clay Blair Blvd,,,,OLATHE,KS,66061,,
INTL_fa328262-f,UN,4310 CHURCH AVENUE,,,,BROOKLYN,NY,112033102,,
INTL_f72c5b72-8,UN,2348 Richmond Road,,,,Staten Island,NY,10306,,
INTL_bf993d0f-c,UN,109 N 9th St.,,,,PHILADELPHIA,PA,19107,,
INTL_e48143cc-e,UN,967 North Broadway,,,,YONKERS,NY,10701,,
INTL_3a8bfc0f-9,UN,2 Arkansas Drive,,,,VALLEY STREAM,NY,115801801,,
INTL_b9cd2371-0,UN,2949 Brighton 4th street,,,,BROOKLYN,NY,112358511,,
INTL_1b2c3f5a-7,UN,3130 Grand Concourse  # 1 G,,,,Bronx,NY,10458,,
INTL_795792ec-7,UN,300 N. Middletown Rd.,,,,PEARL RIVER,NY,109651296,,
INTL_cb9c21a9-2,UN,4546 Bedford Ave,,,,BROOKLYN,NY,11235,,
INTL_fe20786e-6,UN,241 Molnar Dr Suite A1,,,,ELMWOOD PARK,NJ,07407,,
INTL_7bb7a84c-9,UN,135 Eastern Parkway  Suite 1H,,,,BROOKLYN,NY,11238,,
INTL_a55c4e50-f,UN,3048 Brighton 1st street,,,,BROOKLYN,NY,11235,,
INTL_adab06a4-8,UN,63-18 Austin Street,,,,Rego Park,NY,11374,,
INTL_802fff4e-6,UN,7819 Bay Parkway,,,,BROOKLYN,NY,11214,,
INTL_53de20f2-0,UN,6120 Shallowford Road,,,,CHATTANOOGA,TN,374217215,,
INTL_bd86eaeb-5,UN,1515 Ocean Avenue,,,,SANTA MONICA,CA,90401,,
INTL_ec4c3d20-0,UN,3048 Brighton 1st Street,,,,BROOKLYN,NY,11235,,
INTL_37c1525c-8,UN,PO Box 416,,,,BETHPAGE,NY,117140416,,
INTL_61bba2ee-2,UN,472 Palmer RD,,,,YONKERS,NY,10701,,
INTL_567cf007-7,UN,7509 13th Ave,,,,BROOKLYN,NY,112282409,,
INTL_9de6ef0b-7,UN,2260 Benson Av.,,,,BROOKLYN,NY,112145239,,
INTL_8af9dc23-3,UN,944 N Broadway,,,,YONKERS,NY,107011317,,
INTL_88e323d7-7,UN,32-74 Steinway St,,,,ASTORIA,NY,111034006,,
INTL_1e1e612f-a,UN,1536 Plimpton Ave,,,,BRONX,NY,10452,,
INTL_03b5aa76-f,UN,340 Route 202 Bailey Court,,,,SOMERS,NY,105893215,,
INTL_37922e2c-0,UN,164-18 Northern Blvd,,,,Flushing,NY,11358,,
INTL_e86ccbff-7,UN,935 Northern Blvd suite 104,,,,GREAT NECK,NY,11021,,
INTL_80068b8f-5,UN,1 Pondfield Rd West,,,,Bronxville,NY,10708,,
INTL_b1334973-d,UN,80-46 KEW GARDENS ROAD,,,,KEW GARDENS,NY,11415,,
INTL_06b51f9e-d,UN,6902 Austin st,,,,FOREST HILLS,NY,113754233,,
INTL_652d477f-9,UN,1995 North park place,,,,ATLANTA,GA,303392023,,
INTL_0f367ac5-1,UN,6718 13th Ave,,,,BROOKLYN,NY,11219,,
INTL_207cc212-d,UN,4312 Old Scioto Trail,,,,NEW BOSTON,OH,456626672,,
INTL_b9be969b-3,UN,353 Lexington Avenue,,,,NEW YORK,NY,100160941,,
INTL_526ca946-a,UN,110 Stage Rd,,,,MONROE,NY,10950,,
INTL_033c8110-6,UN,30 East 60 th Street,,,,NEW YORK,NY,100221080,,
INTL_a48bc52c-0,UN,2A SHORE PARK RD,,,,GREAT NECK,NY,110232033,,
INTL_b78f12ba-f,UN,3900 sunrise highway,,,,seaford,NY,11783,,
INTL_4b8755df-a,UN,PO BOX 734,,,,MONROE,NC,281120713,,
INTL_f26b28ff-c,UN,95-16 63RD RD,,,,REGO PARK,NY,11374,,
INTL_765598be-8,UN,"2095 W. 24TH ST., STE. C",,,,YUMA,AZ,85364,,
INTL_ddeea189-2,UN,170 12 Highland Ave Suite 102,,,,JAMAICA,NY,11432,,
INTL_04f56d9f-9,UN,10900 S Clay Blair Blvd,,,,OLATHE,KS,66061,,
INTL_eb453ccc-b,UN,3795 E Tremont Ave,,,,BRONX,NY,10465,,
INTL_3ccd098c-2,UN,:268-08 Union Tpk,,,,GLEN OAKS,NY,11004,,
INTL_1e2024b0-1,UN,3039 OCEAN PARKWAY,,,,BROOKLYN,NY,11235,,
INTL_2de94864-7,UN,35 E 38th Street,,,,NEW YORK,NY,10016,,
INTL_82b9f529-a,UN,528 Boulevard,,,,KENILWORTH,NJ,070331657,,
INTL_2383874d-6,UN,2900 N Military Trail South Tower,,,,Boca Raton,FL,334316317,,
INTL_54ad2aa2-a,UN,41-60 Main Street,,,,FLUSHING,NY,113553833,,
INTL_97f54604-3,UN,530 Seventh Ave,,,,NEW YORK,NY,10018,,
INTL_984a0f00-a,UN,4256 BRONX BLVD  STE 5,,,,BRONX,NY,104662672,,
INTL_4ec7cbde-7,UN,1 Westchester Plaza,,,,ELMSFORD,NY,10523,,
INTL_adee7c02-f,UN,30 Fifth Avenue STE 1E,,,,NEW YORK,NY,100118859,,
INTL_5fbfcc15-a,UN,2116 Ave P,,,,Brooklyn,NY,11229,,
INTL_d1607260-9,UN,8865 STANFORD BLVD,,,,COLUMBIA,MD,210455422,,
INTL_a13d9d02-b,UN,1890 Palmer Avenue,,,,Larchmont,NY,105383031,,
INTL_a9c79053-8,UN,97-01 66 Avenue,,,,REGO PARK,NY,113744245,,
INTL_83811e23-b,UN,970 Clifton Ave,,,,CLIFTON,NJ,070132731,,
INTL_b26a4ed6-6,UN,7301 W.Palmetto Park Road,,,,BOCA RATON,FL,334333458,,
INTL_52be9c3e-0,UN,6095 South Fashion Blvd,,,,MURRAY,UT,841077393,,
INTL_a01eb79b-1,UN,3494 Progress Drive,,,,BENSALEM,PA,19020,,
INTL_e9483097-d,UN,111 S Hubbards Lane Suite 1,,,,Louisville,KY,40207,,
INTL_7da87b65-e,UN,14 Dekalb Avenue 2nd Fl,,,,BROOKLYN,NY,112015311,,
INTL_56296624-c,UN,"6660 80th Street, Unit G3",,,,MIDDLE VILLAGE,NY,113792708,,
INTL_44e0d00b-1,UN,1737 E 21st Street,,,,Brooklyn,NY,112291549,,
INTL_752aaa75-1,UN,112 Greenpoint Avenue,,,,Brooklyn,NY,11222,,
INTL_5397fb53-a,UN,PO BOX 1434,,,,SCARSDALE,NY,105839434,,
INTL_9965576a-4,UN,65-06 Myrtle Avenue,,,,Glendale,NY,11385,,
INTL_d3c066bb-7,UN,3611 14TH AVE STE 102,,,,BROOKLYN,NY,11218,,
INTL_369288c6-b,UN,101 Jordan Road,,,,TROY,NY,12180,,
INTL_db55d571-3,UN,97-12 63rd Dr.,,,,REGO PARK,NY,113742243,,
INTL_41406815-8,UN,930 Folly Road,,,,CHARLESTON,SC,294123938,,
INTL_2f03c43e-1,UN,2233 Nostrand Avenue,,,,BROOKLYN,NY,11210,,
INTL_f07fcf4e-f,UN,277 Van Cortlandt Ave E,,,,BRONX,NY,104673015,,
INTL_fa2f1c4a-7,UN,14-70 154 Street,,,,WHITESTONE,NY,11357,,
INTL_797b442f-7,UN,2416 Ocean Avenue,,,,BROOKLYN,NY,11229,,
INTL_0f08c794-c,UN,1451 Northside Drive NW,,,,ATLANTA,GA,303184201,,
INTL_72482a0f-d,UN,"7345 Medical Center Drive, #220",,,,WEST HILLS,CA,91307,,
INTL_e1064cbf-d,UN,5701 4th Avenue,,,,BROOKLYN,NY,112200000,,
INTL_f595dd6b-5,UN,1721 86th Street,,,,BROOKLYN,NY,112142817,,
INTL_6fa78d03-b,UN,3431 Rayford Rd. Suite 200-563,,,,SPRING,TX,773863649,,
INTL_2fc78ee0-f,UN,6704 Ferris St,,,,BELLAIRE,TX,77401,,
INTL_8599e33a-6,UN,14 Deerhill Lane,,,,SCARSDALE,NY,105831048,,
INTL_07113765-4,UN,2675 GRAND CONCOURSE,,,,BRONX,NY,104683744,,
INTL_409c8bcb-1,UN,3048 Brighton 1 street,,,,BROOKLYN,NY,11235,,
INTL_4b0790a5-f,UN,2502 East 65th Street,,,,BROOKLYN,NY,112346927,,
INTL_176fce36-2,UN,2949 BRIGHTON 4TH STREET,,,,BROOKLYN,NY,112358511,,
INTL_fecb81b8-6,UN,930 East Tremont,,,,BRONX,NY,104604363,,
INTL_8f12626e-c,UN,274 Madison Ave,,,,NEW YORK,NY,100160701,,
INTL_e8b7ade4-f,UN,144-49 70th Ave,,,,FLUSHING,NY,113671713,,
INTL_fc62ace0-d,UN,97-01 66 Avenue,,,,REGO PARK,NY,11374,,
INTL_09364e21-2,UN,3 HAMASPIK WAY,,,,MONROE,NY,10950,,
INTL_de99dbb2-4,UN,3950 Whiteplains Rd,,,,BRONX,NY,104663026,,
INTL_d629dc92-9,UN,122 FULTON STREET 6TH FLOOR,,,,NEW YORK,NY,10038,,
INTL_9af640cb-e,UN,90-01 A Roosevelt Ave,,,,JACKSON HEIGHTS,NY,11372,,
INTL_f24ece83-3,UN,2995 OCEAN PKWY,,,,BROOKLYN,NY,11235,,
INTL_2ed4c0d7-5,UN,7345 Medical Center Drive,,,,West Hills,CA,913071952,,
INTL_422e9813-0,UN,85-15 Main Street Suite E,,,,Briarwood,NY,11435,,
INTL_360d3ede-3,UN,42-32 Francis Lewis Blvd,,,,BAYSIDE,NY,113612561,,
INTL_ed62b861-d,UN,1150 BRIGHTON BEACH AVENUE,,,,BROOKLYN,NY,11235,,
INTL_889f431b-3,UN,887 Hunts Point Ave,,,,BRONX,NY,104745412,,
INTL_848e2629-b,UN,181 Coleridge street,,,,BROOKLYN,NY,112354130,,
INTL_6cbd354b-4,UN,3060 Crescent st,,,,ASTORIA,NY,111023239,,
INTL_69a23d21-a,UN,1177 Nostrand Ave.,,,,BROOKLYN,NY,112255911,,
INTL_be45e40e-6,UN,3100 Five Forks Trickum Rd SW,,,,Lilburn,GA,300471887,,
INTL_3c6f74cd-0,UN,109-10 QUEENS BLVD,,,,FOREST HILLS,NY,11375,,
INTL_ba00e7f0-7,UN,407 Franklin Avenue,,,,FRANKLIN SQUARE,NY,11010,,
INTL_fd8fab34-4,UN,2116 Avenue P,,,,BROOKLYN,NY,112291507,,
INTL_8a825e1c-7,UN,1700 RT 23,,,,WAYNE,NJ,074707513,,
INTL_4802b46a-9,UN,6301 MILL LANE,,,,BROOKLYN,NY,11234,,
INTL_da90b8b4-f,UN,10820 Hickory Ridge Road,,,,COLUMBIA,MD,21044,,
INTL_b06862a8-c,UN,75 South Broadway,,,,YONKERS,NY,107014004,,
INTL_c99b3895-d,UN,6902 Austin St,,,,FOREST HILLS,NY,113754250,,
INTL_0e9bedd3-8,UN,18370 Burbank Blvd.,,,,TARZANA,CA,91356,,
INTL_75977fca-8,UN,2401 West Chapman Avenue,,,,orange,ca,928682327,,
INTL_e830b127-8,UN,2952 Brighton 3rd Street,,,,BROOKLYN,NY,11235,,
INTL_50907480-b,UN,4302 Alton Road,,,,MIAMI,FL,331402980,,
INTL_3150655b-8,UN,2232 Kimball Street,,,,BROOKLYN,NY,11234,,
INTL_7551c495-4,UN,4010 MAURY PL  SUITE 8B,,,,ALEXANDRIA,VA,22309,,
INTL_4f4ee32a-c,UN,160-20 Willets Point Blvd,,,,WHITESTONE,NY,113573342,,
INTL_7b68707a-0,UN,942 Lake Baldwin Lane,,,,Orlando,FL,328146651,,
INTL_16140f6e-d,UN,147-15 70th Road,,,,Flushing,NY,11367,,
INTL_2d46fb24-9,UN,"431 60th st,",,,,WEST NEW YORK,NJ,070932211,,
INTL_ebff6cd1-6,UN,1005 New York Ave,,,,UNION CITY,NJ,070874127,,
INTL_426d14c7-0,UN,39-40 BROADWAY,,,,FAIR LAWN,NJ,074109999,,
INTL_78bdb5da-1,UN,146 NORMAN AVE,,,,BROOKLYN,NY,11222,,
INTL_c8a8b380-9,UN,108-37 71st Avenue,,,,FOREST HILLS,NY,11375,,
INTL_b26c4507-4,UN,1910 North Orange Ave,,,,ORLANDO,FL,328045559,,
INTL_6f2e3bc4-0,UN,226 Middle Rd,,,,HAZLET,NJ,077301945,,
INTL_f23d84b5-9,UN,480 Market St,,,,SADDLE BROOK,NJ,076630480,,
INTL_c55ac12d-3,UN,3048 Brighton 1st Street,,,,BROOKLYN,NY,11235,,
INTL_a6cafe56-1,UN,600 French Road,,,,NEW HARTFORD,NY,134133246,,
INTL_ad79c50c-c,UN,1165 Northern Blvd.,,,,Manhasset,NY,11030,,
INTL_566fe2e1-c,UN,139-12 73rd Terrace,,,,FLUSHING,NY,113673236,,
INTL_58e13349-4,UN,167 Main St.,,,,METUCHEN,NJ,088402771,,
INTL_75065815-7,UN,2753 CONEY ISLAND AVE,,,,BROOKLYN,NY,11235,,
INTL_5d9b37fc-5,UN,15200 S.W. FREEWAY,,,,SUGAR LAND,TX,774783845,,
INTL_469f411d-f,UN,2148 Ocean Avenue,,,,BROOKLYN,NY,11229,,
INTL_096af80a-d,UN,9425 60th Avenue suite B-4,,,,ELMHURST,NY,113735069,,
INTL_0d35d3d1-2,UN,61 Tyler Drive,,,,RIVERHEAD,NY,119015022,,
INTL_c05fcfe6-8,UN,21 Kingston Rd.,,,,Scarsdale,NY,10583,,
INTL_ceb3319d-9,UN,501 Route 208,,,,MONROE,NY,10950,,
INTL_23c65619-4,UN,PO BOX 581493,,,,Salt Lake CITY,UT,841581493,,
INTL_8f0d6bd0-e,UN,120 W. Raymond Street,,,,TERRY,MS,391704500,,
INTL_b229aa2f-a,UN,108-33 67 Avenue,,,,Forest Hills,NY,11375,,
INTL_dfbc69ab-a,UN,1664 East 14th St.,,,,BROOKLYN,NY,112291162,,
INTL_bffd690c-b,UN,1749 EAST 16 STREET,,,,BROOKLYN,NY,11229,,
INTL_7f3426db-6,UN,287 Northern blvd,,,,GREAT NECK,NY,11021,,
INTL_c50aaf3d-7,UN,1443 Ocean Parkway,,,,BROOKLYN,NY,11230,,
INTL_f78f76fa-1,UN,2281 Victory Blvd,,,,STATEN ISLAND,NY,103146625,,
INTL_e3d2ed44-9,UN,61 Passaic Ave.,,,,Passaic,NJ,070554801,,
INTL_1b2c4aab-5,UN,111 Wadsworth Ave,,,,NEW YORK,NY,100336102,,
INTL_33ca3dc9-f,UN,136 South Broadway,,,,YONKERS,NY,10701,,
INTL_f097d37b-8,UN,9405 60th Ave,,,,ELMHURST,NY,113735069,,
INTL_cd72af7e-3,UN,3111 New Hyde Park Rd,,,,NEW HYDE PARK,NY,110421209,,
INTL_33434ebb-f,UN,4710 Oleander Drive,,,,Myrtle Beach,SC,29577,,
INTL_f0b9a830-3,UN,4 Weber Ave,,,,MALVERNE,NY,11565,,
INTL_a3846f20-7,UN,757 Teaneck Rd.,,,,TEANECK,NJ,07666,,
INTL_dc6c9c7d-d,UN,935 Northern Blvd.,,,,GREAT NECK,NY,110215316,,
INTL_2aa7e930-b,UN,984 North Broadway,,,,YONKERS,NY,107011308,,
INTL_19dd01ae-7,UN,2960 Ocean Ave. 3rd Floor,,,,BROOKLYN,NY,11235,,
INTL_abce9ab6-3,UN,102-55 63rd Road,,,,FOREST HILLS,NY,11375,,
INTL_e7743c83-4,UN,89-09 165th St,,,,JAMAICA,NY,11432,,
INTL_d0020e6b-8,UN,1583 East 66th Street,,,,BROOKLYN,NY,11234,,
INTL_894db36d-d,UN,8405 Bay Parkway,,,,Brooklyn,NY,112143359,,
INTL_9290e55d-e,UN,944 NORTH BROADWAY,,,,YONKERS,NY,10701,,
INTL_e8b7247f-c,UN,185 Express St,,,,PLAINVIEW,NY,118034300,,
INTL_cddbed00-b,UN,4334 B White Plains Road,,,,BRONX,NY,104661420,,
INTL_b3cf6876-2,UN,152 Market St.,,,,PATERSON,NJ,07505,,
INTL_edcf4990-f,UN,1309 Ave. P,,,,BROOKLYN,NY,11229,,
INTL_846930f3-1,UN,102-10 66 RD,,,,FOREST HILLS,NY,113752047,,
INTL_c8a22ca1-7,UN,61-08 Linden street,,,,RIDGEWOOD,NY,113853323,,
INTL_f2087909-e,UN,325 HOSPITAL DRIVE,,,,GLEN BURNIE,MD,210615807,,
INTL_92f82bb6-0,UN,4308 Alton Rd,,,,MIAMI BEACH,FL,33140,,
INTL_6443548b-f,UN,132-49 41 Road Suite 1B,,,,FLUSHING,NY,11355,,
INTL_546259f6-6,UN,11325 Lake Underhill Road,,,,ORLANDO,FL,328255090,,
INTL_961db619-7,UN,4256 Suite 5 Bronx Blvd,,,,BRONX,NY,104662673,,
INTL_83a548a6-d,UN,7100 West 20th Ave.,,,,HIALEAH,FL,330161897,,
INTL_495423cd-9,UN,140 Middle Neck Road,,,,GREAT NECK,NY,110211246,,
INTL_551aeb5f-e,UN,16605  Highland Ave,,,,JAMAICA,NY,114322809,,
INTL_493e9031-2,UN,421 Ocean Parkway,,,,BROOKLYN,NY,112185118,,
INTL_18c151e6-2,UN,184  east 70th street,,,,NEW YORK,NY,100215154,,
INTL_35f84287-6,UN,331 N Maitland Ave,,,,MAITLAND,FL,327514754,,
INTL_a4f966f4-0,UN,1726 Flatbush Avenue,,,,BROOKLYN,NY,11210,,
INTL_617d6441-a,UN,2625 East 14th Suite 201,,,,BROOKLYN,NY,11235,,
INTL_943dc1c1-7,UN,35 S. Washington Ave.,,,,DOBBS FERRY,NY,105221924,,
INTL_68bdfaa6-8,UN,138 Middle Neck Rd,,,,Great Neck,NY,110211246,,
INTL_94878d4e-a,UN,1400 Reynolds Ave Suite 202,,,,Irvine,CA,926145563,,
INTL_781f08a8-a,UN,39 Waterside Close,,,,EASTCHESTER,NY,107095654,,
INTL_9f0d5a53-6,UN,621 AMBOY ST # 1,,,,BROOKLYN,NY,112121234,,
INTL_43694b27-3,UN,4256 Bronx Blvd,,,,BRONX,NY,10466,,
INTL_22b08d67-4,UN,65 Locust Avenue,,,,NEW CANAAN,CT,06840,,
INTL_35052216-9,UN,20 Prospect Ave,,,,HACKENSACK,NJ,076011963,,
INTL_fc812e9e-0,UN,112-47 QUEENS BLVD,,,,FOREST HILLS,NY,11375,,
INTL_aec9932f-b,UN,14362 Brookhurst Street,,,,Garden Grove,CA,92843,,
INTL_f506183d-8,UN,254 Lueilwitz Lodge,,,,Larsonport,CA,40378-1800,,
INTL_6207706d-b,UN,"Steadfast Home Primary Care, PLLC, 2245 Stantonsburg Rd",,,,Greenville,NC,27834,,
INTL_1d9c8a0a-0,UN,"Pinnacle Family Health Care, 2781 Washington Drive",,,,Norman,OK,73069,,
INTL_dc31855d-1,UN,"TONEL LEIBU, M.D., 16 ARCADIAN WAY",,,,PARAMUS,NJ,076521291,,
INTL_2dcdf5d0-8,UN,"The Mosaic Group, 5250 Mesa Del Oso",,,,Farmington,NM,87402,,
INTL_57ba45f5-b,UN,"Baca Family Practice PLLC, 722 S Nebraska Ave",,,,San Juan,TX,78589,,
INTL_8c8e1d6b-6,UN,"AB Concierge Medicine, 488 NE 18th St",,,,Miami,FL,33132,,
INTL_65e0037b-1,UN,"Manifest Psychiatry PLLC, 2275 SWALLOW HILL RD Ste 1000",,,,Pittsburgh,PA,15220,,
INTL_9f54aae9-4,UN,"Monize Medical Group, Inc, 1216 SE 1st Ave",,,,Fort Lauderdale,FL,33316,,
INTL_dc735947-b,UN,"Veritas Behavioral Health, 15 S Oregon Avenue",,,,TACOMA,WA,98409,,
INTL_da40e12f-b,UN,"Depression Healing Clinic, 1200 N WEST AVE",,,,JACKSON,MI,49202,,
INTL_bce5c8a5-e,UN,"AQH Health, 620 24th Ave SW",,,,Norman,OK,730693913,,
INTL_fa396b59-3,UN,"Executive Medicine of Texas, 2106 E State Highway 114",,,,Southlake,TX,76092,,
INTL_08f722ff-f,UN,"Silver Sage Center for Family Medicine, 10467 Double R Blvd",,,,Reno,NV,89521,,
INTL_e941377d-1,UN,"Steven W Dang MD LLC, 2525 S King St",,,,Honolulu,HI,96826,,
INTL_b68c9acc-d,UN,"Innate Medicine, 180 Harbor Drive, Suite 230",,,,Sausalito,CA,94965,,
INTL_d90e14ac-0,UN,"Chris Montanaro, DO, 411 Coyote St",,,,Nevada City,CA,95959,,
INTL_a7f6dd66-d,UN,"Streller Family Wellness, APRN-CNP, PLLC, 543 E Highway 152",,,,Mustang,OK,73064,,
INTL_5523f90f-b,UN,"PatientsFirst Family Practice, 5505 Edmondson Pike",,,,Nashville,TN,37211,,
INTL_92e8099c-b,UN,"Smith Family Medicine, 165 South 6th st",,,,Raymondville,TX,78580,,
INTL_2d4c8899-4,UN,"Legacy Health, 1103 W Burnsville Parkway Ste 110",,,,Burnsville,MN,55337,,
INTL_2576e863-b,UN,"Chin Se Kim, M.D., Inc., 1736 W Medical Center Dr",,,,Anaheim,CA,92801,,
INTL_8c4d22aa-3,UN,"Gregg A. Shimomura, MD, 99-128 Aiea Heights Drive",,,,Aiea,HI,96701-3938,,
INTL_536784fd-6,UN,"Direct Doctor Care, 509 S Middleton Road",,,,Middleton,ID,83644,,
INTL_ef892646-3,UN,"Cortex Group LLC, 265 Post Road West",,,,Westport,CT,06880,,
INTL_3f634ec6-0,UN,"Stahl Primary Care, 101 Pilgrim Village Dr",,,,Cumming,GA,30040,,
INTL_39430e91-5,UN,"First Select MD, 1000 Peachtree Industrial Blvd",,,,Suwanee,GA,30024,,
INTL_9474e8b5-b,UN,"Alabama Functional Medicine, 7040 Sydney Curve",,,,Montgomery,AL,361173547,,
INTL_7ebe7d8c-6,UN,"Dr. Tro's Medical Weight Loss&Direct Primary Care, 84 Route 303",,,,Tappan,NY,10983,,
INTL_9e5ab85a-9,UN,"Olakino Health & Wellness LLC, 75-5699 Kopiko St",,,,Kailua Kona,HI,96740,,
INTL_f3d73920-d,UN,"Upfront Health, 204 N Main Street",,,,Seiling,OK,73663,,
INTL_c97f48d3-f,UN,"Relacs Health, PLLC, 24 Frank Lloyd Wright Dr",,,,Ann Arbor,MI,48105,,
INTL_0aef545c-2,UN,"Alcan Medical Group LLC, 751 Old Richardson Hwy",,,,Fairbanks,AK,99701,,
INTL_b31a075e-d,UN,"Castillo Primary Care, 1401 Anita Street",,,,Pueblo,CO,81001,,
INTL_406f128b-0,UN,"MDPC, 101 Hakes St",,,,Coal Township,PA,178663829,,
INTL_b24f7b41-9,UN,"Center for Women's Health Care, 5333 Hollister Ave",,,,Santa Barbara,CA,93111,,
INTL_2f3ee67a-c,UN,"Summon Health, 5119 Coral Street",,,,Pittsburgh,PA,15224,,
INTL_89b14bb8-3,UN,"Vantage Physicians, 1603 Cooper Point Road NW",,,,Olympia,WA,98502,,
INTL_72d9762c-0,UN,"Elite Wellness & Weight Loss, 777 Cleveland Ave SW",,,,Atlanta,GA,30315,,
INTL_f72d1eb6-2,UN,"Your Personal MD, 181 Town Center Blvd",,,,Jarrell,TX,76537,,
INTL_fad17a2e-f,UN,"Roger C. On, MD, 4835 Van Nuys Blvd.",,,,Sherman Oaks,CA,91403,,
INTL_2f7f6c62-9,UN,"AbendHealth, 544 Mount Hope Road",,,,Rockaway,NJ,07866,,
INTL_0b2be88f-f,UN,"Prime Direct Health, LLC, 690 E Warner Rd",,,,Gilbert,AZ,85296,,
INTL_bf3397d1-6,UN,"Reid Hoshide MD, 405 N. Kuakini Street",,,,Honolulu,HI,96817,,
INTL_6549d42b-e,UN,"Plains Medical Clinic LLC, 3290 20th St S",,,,Fargo,ND,58104,,
INTL_bc751720-a,UN,"Ventricle Health, LLC, 1150 Revolution Mill Drive",,,,Greensboro,NC,27405,,
INTL_a947312c-c,UN,"Homegrown Pediatrics, 341 East Hildebrand",,,,San Antonio,TX,78212,,
INTL_e6d4e6b0-d,UN,"Daniel Fields MD PA, 8353 SW 124th Street",,,,Miami,FL,33156,,
INTL_f374b6a1-5,UN,"Jeremy Creekmore, NP, 98-1247 Kaahumanu St.",,,,Aiea,HI,96701,,
INTL_b0f344a8-c,UN,"Author Health Professionals, PC, 360 NW 27th St",,,,Miami,FL,33127-4158,,
INTL_cb19d55d-0,UN,"Los Gatos Doctors, 360 Dardanelli Lane",,,,Los Gatos,CA,95032,,
INTL_270bfaf1-1,UN,"4 Elements Direct Primary Care, 1199 Sullivan Ave",,,,South Windsor,CT,06074,,
INTL_4f080fa3-e,UN,"Kauhale Health, 445 N King Street",,,,Honolulu,HI,96817,,
INTL_ac3ad42e-d,UN,"Health Elements LLC, 1042 E Fort Union Blvd",,,,Midvale,UT,84047,,
INTL_1684fe6d-5,UN,"ID Team, PA, 1258 W Bay Dr",,,,Largo,FL,33770,,
INTL_9877a16d-f,UN,"Clarisse Toledo-Santos, 1329 Lusitana St.",,,,Honolulu,HI,96813,,
INTL_9a1f15ea-e,UN,"Val Sheffield, M.D., 2619 Madison Street",,,,Marianna,FL,324461917,,
INTL_72b3a495-a,UN,"KinFolk Family Health NP, PLLC, 292 Bloomfield Ave.",,,,Montclair,NJ,07042,,
INTL_a89e55db-7,UN,"Optimal Health and Wellness, LLC, 13334 Pawnee Lane",,,,Leawood,KS,66209-3345,,
INTL_8ec7c4d2-6,UN,"Karolina Baker MD PLLC, 1219 S East Ave",,,,Sarasota,FL,34239,,
INTL_13926d2b-1,UN,"Pacific ENT Associates, Inc, 929 Clay Street",,,,San Francisco,CA,941081500,,
INTL_876a87aa-3,UN,"Anne Berens MD PC, 120B Santa Margarita Ave",,,,Menlo Park,CA,94025,,
INTL_45270ca0-5,UN,"Nice Healthcare, 2786 Fairview Ave",,,,Roseville,MN,55113,,
INTL_a1cb0014-d,UN,"Endocrine & Diabetes Plus, 5420 Dashwood Dr.",,,,HOUSTON,TX,77081,,
INTL_1102be34-b,UN,"Forward Family Medicine, 295 Old Eagle School Road",,,,Wayne,PA,19087,,
INTL_c81380e6-3,UN,"Inspire Health and Wellness LLC, 7105 Swinnea Road",,,,Southaven,MS,38671,,
INTL_f3e9559c-a,UN,"Pure Cardiology, PLLC, 7825 Ballantyne Commons Pkwy",,,,Charlotte,NC,28277,,
INTL_3cc5d7b1-1,UN,"Jaimela J. Dulaney, MD, PA, 2495 Caring Way",,,,Port Charlotte,FL,339525380,,
INTL_f1f6e30b-4,UN,"Avita MD, 827 Altos Oaks Dr",,,,Los Altos,CA,94024,,
INTL_0f2de861-f,UN,"The Getaway Medical Wellness Clinic, 101 Johnson Ranch Lane",,,,Bowie,TX,76230,,
INTL_1fe2f7bb-8,UN,"The James Clinic, 16111 Manchester Rd.",,,,Ellisville,MO,63011,,
INTL_d1819080-d,UN,"Banner Peak Health, 1535 Treat Blvd.",,,,Walnut Creek,CA,94598,,
INTL_5022d71f-8,UN,"AmarilloMD, PLLC, 6141 West Amarillo Blvd",,,,Amarillo,TX,79106,,
INTL_d6caeb29-5,UN,"Esther Chen, MD, PC, 812 Pollard Rd",,,,Los Gatos,CA,95032,,
INTL_caec7b60-f,UN,"Foxhall Internists P.C. - Dr. Andrew N. Umhau, 3301 New Mexico A",,,,Washington,DC,200163622,,
INTL_0f00f0f0-7,UN,"Restoration Direct Primary Care, 306 McClanahan Street SW",,,,Roanoke,VA,24014,,
INTL_3d52722d-f,UN,"Olive Health Direct Primary Care, 2240 Executive Drive STE 102",,,,Lexington,KY,40505,,
INTL_ea4bdcfa-f,UN,"Missy Frazelle, 7610 E McDonald Dr Suite C",,,,Scottsdale,AZ,85250,,
INTL_606b1217-f,UN,"JUANITA PERKINS, FNP-BC, 3209 Guess Road",,,,Durham,NC,27705,,
INTL_9064fea2-2,UN,"Solstice Naturopathic Medicine, PC, 185 N. Redwood Drive",,,,San Rafael,CA,94903,,
INTL_dd434890-f,UN,"Well & Company, 1103 Broadway Street",,,,Alexandria,MN,56308,,
INTL_9239cf71-9,UN,"LifeMed Clinic, 127 Jordan Dr",,,,Chattanooga,TN,37421,,
INTL_531b7968-4,UN,"Michael A Berry, M.D., PLLC, 425 Hospital Dr.",,,,Columbus,MS,39705,,
INTL_417a1d81-e,UN,"Chunn Family Medicine DPC, 6860 TYLERSVILLE RD",,,,Mason,OH,450401236,,
INTL_b4995a45-e,UN,"Pacific Naturopathic Medical Center, 1353 Shell Beach Road",,,,Pismo Beach,CA,93449,,
INTL_7c1447ba-1,UN,"Rachel Artus, LLC, 26 Park Vale Ave, Unit 7",,,,Allston,MA,02134,,
INTL_6635b186-3,UN,"Foundations Direct Care, 525 NW 11th St",,,,Oklahoma City,OK,73103,,
INTL_1e5bf356-c,UN,"IHAWS, 4146",,,,Forest Park,GA,30297,,
INTL_c72b1aaa-a,UN,"Ken C. Arakawa M.D. Inc., 1329 Lusitana St",,,,Honolulu,HI,968132429,,
INTL_ef28c5c4-3,UN,"Andrew B. Newman, M.D., APC, 3351 El Camino Real",,,,Atherton,CA,94027,,
INTL_10a5c9c3-3,UN,"Logos Health, 1040 X Ray Drive",,,,Gastonia,NC,28054,,
INTL_22b833e9-f,UN,"Shellybarmd, 10309 Santa Monica Blvd",,,,Los Angeles,CA,90025,,
INTL_a03b3745-6,UN,"Institute for Integral Health, LLC, 1340 W Midland Ave",,,,Woodland Park,CO,80863,,
INTL_38e9afeb-a,UN,"Dr Paulus LLC, 1401 Airport Parkway, Suite 100",,,,Cheyenne,WY,82001,,
INTL_4a9ae38b-5,UN,"CHA Sunset Health Services, 1800 31st Ave",,,,San Francisco,CA,94122,,
INTL_40273d3f-e,UN,"RyCo Wellness, 3295 N Drinkwater Blvd",,,,Scottsdale,AZ,85251,,
INTL_089b0cde-9,UN,"Dr. Marcella Madera, 700 East Southlake Blvd",,,,Southlake,TX,76092,,
INTL_483192c5-6,UN,"Primary Care of Westport, 333 Post Rd W",,,,Westport,CT,068804701,,
INTL_ebc0b5c0-9,UN,"Amari Medicine, P.C., 25 Saint Johnsville Trail",,,,ROCHESTER,NY,14618,,
INTL_20af386c-b,UN,"Edward YC Chan, MD, 728 Pacific Avenue",,,,San Francisco,CA,941334449,,
INTL_b4697b1a-7,UN,"Nuesana Health & Wellness, 27180 Bay Landing Dr",,,,Bonita Springs,FL,34135,,
INTL_289246d4-0,UN,"Health Plus Clinics LLC, 4502 Avenue O Ste 4",,,,Fort Madison,IA,52627,,
INTL_3e8109e0-3,UN,"LV8 Health, 1037 Woodfield Road",,,,Schaumburg,IL,60173,,
INTL_85226eed-c,UN,"Doc Medical, 1 1st Street",,,,Los Altos,CA,94022,,
INTL_d84c6475-c,UN,"Qwibil Clinic, 3700 Pacific Hwy E Suite 411",,,,Fife,WA,98424,,
INTL_0e71fe4d-3,UN,"SF Neurology And Sleep Center, Inc, 950 Stockton St",,,,San Francisco,CA,94108,,
INTL_9af29e65-8,UN,"Recovery Delivered, 3066 Griffin Road",,,,Churchville,NY,14428,,
INTL_c8249bb4-2,UN,"CAIPA Demo Account, 202 Canal Street",,,,New York,NY,10013,,
INTL_2e5a7b0d-b,UN,"Nurturing Pediatrics, PLLC, 1415 NC 54",,,,Durham,NC,27707,,
INTL_ac1f9d46-1,UN,"Maryland Bariatrics/Advanced Weight Loss Surgery, 9420 Key West ",,,,Rockville,MD,20850,,
INTL_d6b7158f-d,UN,"Steven L Smith, MD, 6108 Oakbend Trail",,,,Fort Worth,TX,76132,,
INTL_b9e38c77-e,UN,"Joe K. Wong, M.D., 26991 Via La Mirada",,,,San Juan Capistrano,CA,92675,,
INTL_927a8c87-4,UN,"Redlands Review, 350 Terracina Blvd",,,,Redlands,CA,92373,,
INTL_95d489dc-2,UN,"Premier Weight Loss of Indiana, 8902 N Meridian Street",,,,Indianapolis,IN,46260,,
INTL_a1a1591e-6,UN,"Hill Clinic, 4425 Hill Ave",,,,TOLEDO,OH,43615,,
INTL_f67b0aca-7,UN,"Jocelyn Kreiss, MD, 11209 Brockway Road",,,,Truckee,CA,96161,,
INTL_c8213713-8,UN,"Catalyst Primary Care, 423 Main Street",,,,Fort Morgan,CO,80701,,
INTL_bdbc62cc-e,UN,"Paul Erickson, MD - Santa Barbara Cottage Hospital, 400 West Pue",,,,Santa Barbara,CA,93105,,
INTL_1ac294c0-9,UN,"Patrick Wong MD And Ervin Wong MD, 728 Pacific Avenue",,,,San Francisco,CA,941334449,,
INTL_ddefdd98-e,UN,"Thurow Primary Preventive Healthcare, 216 Green Bay Rd",,,,Thiensville,WI,530921956,,
INTL_f22a39d2-6,UN,"Patarapha Wongsaroj, M.D. PC, Los Angeles",,,,Los Angeles,CA,90048,,
INTL_560c114b-6,UN,"Lubinski Family Medicine, 629 East 8th Street",,,,Port Angeles,WA,98362,,
INTL_244293da-f,UN,"Bluegrass Gynecology and Wellness, 3217 Summit Square Place",,,,Lexington,KY,40509,,
INTL_2993bfa8-7,UN,"Henderson Pulmonology, 3007 W. Horizon Ridge Pkw",,,,Henderson,NV,89052,,
INTL_06c0dbc4-b,UN,"The Miletic Center, 36800 Woodward Avenue",,,,BIRMINGHAM,MI,48304,,
INTL_57da9619-8,UN,"Cottonwood Obstetrics Gynecology, 291 W 5400 S",,,,Murray,UT,84107,,
INTL_221628e7-1,UN,"RNS MD, 127 W Fairbanks",,,,Winter Park,FL,32789,,
INTL_43a97898-8,UN,"MedVantage Primary Care, 8198 S Jog Road",,,,Boynton Beach,FL,33472,,
INTL_367bfd45-a,UN,"Samonte Medical Clinic, 1757 Army dr",,,,Harmon,GU,96913,,
INTL_b1909b4d-6,UN,"Interstitium Health, 11630 SE 40th Ave.",,,,Milwaukie,OR,97222,,
INTL_22326335-f,UN,"Foxhall Internists - Assil Saleh, M.D., 3301 New Mexico Ave.N.W.",,,,Washington,DC,20016,,
INTL_bc3ba98e-2,UN,"Integrate Internal Medicine, 380 Washington Ave.",,,,Ketchum,ID,83340,,
INTL_ebca28d2-2,UN,"U-First Health and Wellness, 3500 Old Washington Road",,,,Waldorf,MD,20602,,
INTL_89937a24-8,UN,"Charlotta La Via, MD, 2001 Santa Monica Blvd",,,,Santa Monica,CA,904042102,,
INTL_568063a6-8,UN,"Heron Medical, 275 East South Temple",,,,Salt Lake City,UT,84111,,
INTL_bc854949-9,UN,"Mark A Ramiro, MD PA, 1400 CLAUD RD",,,,WHITE HALL,AR,716028622,,
INTL_9bcbc9e4-6,UN,"Longleaf Medical, 375 SE Broad St",,,,Southern Pines,NC,28387,,
INTL_516a6b40-f,UN,"Ogiso SkyCare / Ogiso Health, 222 2nd Ave S",,,,Nashville,TN,37201,,
INTL_b0d847f8-5,UN,"Early Medical (Attia Medical PA), 15511 Hwy 71 W",,,,Bee Cave,TX,78738,,
INTL_2aae7287-6,UN,"Splendidly Made LLC, 230 N. Main Street",,,,Bushnell,FL,33513,,
INTL_ec543eab-0,UN,"Eden Pediatrics, PLLC, 815 N Graham St",,,,Memphis,TN,38122,,
INTL_06cbe490-a,UN,"Broadnax Primary Care, 3201 Cross Timbers",,,,Flower Mound,TX,75028,,
INTL_0becdfc3-0,UN,"David E. Goodman, MD, MSE, 300 Professional Center Drive",,,,Novato,CA,94947,,
INTL_9918187c-e,UN,"Integrative Family Medicine, 220 Summit Blvd",,,,Broomfield,CO,80021,,
INTL_88bc1aa4-2,UN,"Hollywood Primary Care, 2301 N Univ Dr",,,,Pembroke Pines,FL,33024,,
INTL_339e65cd-c,UN,"Premium Family Care, 2031 Mc Daniel St",,,,North Las Vegas,NV,89030-6309,,
INTL_ba3f7e1b-2,UN,"Access Endocrinology LLC, 100 Sun Ave NE #650",,,,Albuquerque,NM,87109,,
INTL_398f4cb9-f,UN,"Heart of Heights Direct Primary Care, PLLC, 423 Treeline Park",,,,San Antonio,TX,78209,,
INTL_3fdbeb77-7,UN,"Life Beyond MD Primary Care, 23100 Cherry Hill St",,,,Dearborn,MI,48124,,
INTL_bdeb298f-a,UN,"[Trial] Macer Medical, 550 Deep Valley Dr",,,,Rolling Hills Estates,CA,90274,,
INTL_d0f80d38-8,UN,"River Rock Medical Clinic - Zain Hakeem, DO, 711 W 38th St",,,,Austin,TX,78705,,
INTL_b8150a7e-7,UN,"Sandra Wilson, MD Inc, 2028 Village Lane",,,,Solvang,CA,93463,,
INTL_9da95a27-1,UN,"MDX Hawaii Nurse Practitioner (INPP), 733 Bishop Street, 30th fl",,,,Honolulu,HI,96813,,
INTL_24b827c8-a,UN,"Tampa Bay Primary Care Associates, 320 W Fletcher Ave",,,,Tampa,FL,33612,,
INTL_ebd5cfda-1,UN,"HIPnation - Sandy Springs, 5885 Glenridge Drive",,,,Sandy Springs,GA,30328,,
INTL_e9ea2288-8,UN,"Bluebonnet DPC, 1135 South Saint Mary's St.",,,,San Antonio,TX,78210,,
INTL_29e45d6f-5,UN,"Patients Choice Providers, 627 W 4000 N",,,,Pleasant Grove,UT,84062,,
INTL_57fec7ea-7,UN,"Wyoming Medical Wellness Center, P.C., 801 East 4th Street",,,,Gillette,WY,82716,,
INTL_ff8fe767-a,UN,"Grandview Primary Care, 880 Kinnear Rd",,,,COLUMBUS,OH,43212,,
INTL_b2c4439a-e,UN,"Dr. Russell Tacata, 1619 Liliha Street",,,,Honolulu,HI,968173152,,
INTL_f4885f17-e,UN,"Private Medical, 3580 California Street",,,,San Francisco,CA,94118,,
INTL_c53f9ecd-6,UN,"Ke Ola Pono Ohana Family Medicine Clinic, LLC, 99-128 Aiea Heigh",,,,Aiea,HI,96701,,
INTL_61243e07-6,UN,"Q-Health, 7015 Almeda Rd",,,,Houston,TX,77054,,
INTL_292eec90-c,UN,"RootMD, 230 5th Avenue",,,,Indialantic,FL,32903,,
INTL_93950af4-d,UN,"Dr. Vinh Ngo, 2369 Ocean Ave. 2nd FL",,,,San Francisco,CA,94127,,
INTL_b2d40d7b-f,UN,"A Better Mindset, 5673 N Dupont Highway",,,,Dover,DE,19901,,
INTL_3a7b6dbd-5,UN,"Naro L Torres, MD, 579 Farrington Hwy",,,,Kapolei,HI,967072027,,
INTL_4f02742c-5,UN,"Ekahi Care Management, 321 N Kuakini St, STE 813",,,,Honolulu,HI,96817,,
INTL_81f12b31-2,UN,"Howard Family Medicine, PLLC, 107 Bryan St",,,,Dayton,TX,77535-2661,,
INTL_bd0080a7-f,UN,"Blanchard Direct Health, 101 N Jefferson Ave",,,,Blanchard,OK,73010,,
INTL_484bd8a4-b,UN,"Scott Tong, MD inc., 3655 Lomita Blvd",,,,Torrance,CA,90505-3931,,
INTL_decbe489-b,UN,"Eric Lim, MD, 1580 Valencia St",,,,San Francisco,CA,941104423,,
INTL_99f9beb1-4,UN,"The GYN Space, 821 Herndon Ave",,,,ORLANDO,FL,32814,,
INTL_aeae442f-a,UN,"The Village Doctor, 2979 Woodside Road",,,,Woodside,CA,94062,,
INTL_2a3dc35a-5,UN,"Kara Beair-butler, DO, 5018 E. 68th Street",,,,Tulsa,OK,74136,,
INTL_2851a536-f,UN,"Impact Family Wellness, 12171 W Parmer Lane",,,,Cedar Park,TX,78613,,
INTL_5a52d70a-7,UN,"New Braunfels Endocrinology, 652 N Houstan Ave Ste. 1",,,,New Braunfels,TX,78130,,
INTL_0a27a0d3-2,UN,"Still Point Direct Primary Care, 1067 FM 306",,,,New Braunfels,TX,78130-4684,,
INTL_3fb74c0b-4,UN,"Center For Multisystem Disease, 8101 E. LOWRY BLVD.",,,,DENVER,CO,80230,,
INTL_63e2997d-5,UN,"Stuart Sugihara, M.D., 321 N Kuakini St",,,,Honolulu,HI,96817-2361,,
INTL_fe23e612-e,UN,"BessmerPC, 11810 Nicholas Street",,,,Omaha,NE,68154,,
INTL_471758d8-9,UN,"David Schwindt, MD LLC, 23 Clara Drive",,,,Mystic,CT,06355,,
INTL_bb0ca736-3,UN,"Setzer Personal Physicians, LLC, 645 N 12th St",,,,Lemoyne,PA,170431219,,
INTL_5989a7ec-1,UN,"Maturo Medical Wellness, 4425 E Agave Rd",,,,Phoenix,AZ,85044,,
INTL_2e1611a0-f,UN,"Tarin Health, 2338 Texas Street",,,,Pecos,TX,79772,,
INTL_1689bf90-4,UN,"Honeybee Holistic Health, LLC, 8520 Government Drive",,,,New Port Richey,FL,34654,,
INTL_8c72461a-f,UN,"Integrative Health Solutions, LLC, 304 S. Main St.",,,,Burnet,TX,786113120,,
INTL_3839e8e3-b,UN,"PRC Rejuvenation Center LLC, 5577 S Lewis Ave",,,,Tulsa,OK,74105,,
INTL_77ba89e0-c,UN,"Bianco Primary Care, 12315 Crabapple Rd",,,,Alpharetta,GA,30004,,
INTL_b82a1951-d,UN,"Apex medical, 1615 Johnson St",,,,Jennings,LA,70546,,
INTL_7b06e55d-6,UN,"Fuchs, Lowe, Quintana M.D., 8500 Wilshire Blvd",,,,Beverly Hills,CA,90211-3121,,
INTL_ca5bf824-b,UN,"Metro Area Advanced Practice Healthcare, 3720 Farragut Ave",,,,Kensington,MD,20895,,
INTL_9b4c84b6-e,UN,"Ascending Medicine, 8640 W 3rd St",,,,Los Angeles,CA,90048,,
INTL_20ad8a65-a,UN,"RISE DPC, 940 E. 3rd St",,,,Casper,WY,82601,,
INTL_c940b3ce-a,UN,"Wellness & Eudaemonia Care, 2541 OVERLOOK BLVD",,,,HELENA,MT,59601,,
INTL_3fd24dc7-e,UN,"Noreta Family Medicine, 6941 N. Trenholm Road",,,,Columbia,SC,29206,,
INTL_d760777e-3,UN,"Dr. G Family-Medical and Wellness, 14522 Landstar Blvd",,,,Orlando,FL,32824,,
INTL_e0f61b23-7,UN,"Madison Pediatrics, Inc, 55 Park Ave",,,,London,OH,431401170,,
INTL_9e93b5a6-e,UN,"Para Bellum Health & Wellness, 31 N 470 W",,,,American Fork,UT,84003,,
INTL_8f150e0a-c,UN,"Roberts Family Medicine (AZ Primary Care Services), 4111 E Valle",,,,Mesa,AZ,85206,,
INTL_bb71d741-0,UN,"Atlas Health LLC, 502 Old Orchard Rd",,,,Harvard,IL,60033,,
INTL_de2f871c-0,UN,"Crossover Microsoft Living Well Health Center, 3925 159th Ave NE",,,,Redmond,WA,98052,,
INTL_b3109e6d-b,UN,"RegenND, PLLC, 517 S 24th street",,,,Billings,MT,59102,,
INTL_5721c2d1-9,UN,"O'Brien Medicine, 53 North High St.",,,,Dublin,OH,43017,,
INTL_8b9b42db-c,UN,"Sunrise Family Medical, 9300 SE 91st Ave",,,,Happy Valley,OR,97086-3762,,
INTL_5100a602-1,UN,"Rheumatic Healthcare of Pennsylvania PLLC, 583 Skippack Pike",,,,Blue Bell,PA,19422,,
INTL_7edb2eef-a,UN,"Thrive Performance and Regenerative Medicine PLLC, 802 W 18th St",,,,HOUSTON,TX,77008,,
INTL_634b1246-5,UN,"Dorrie Chang M.D., 9454 Wilshire Blvd",,,,Beverly Hills,CA,90212,,
INTL_10df4de3-9,UN,"Arizona Internists, PLLC, 6565 E Greenway Parkway",,,,Scottsdale,AZ,85254,,
INTL_da80fb5a-b,UN,"Woodbury Direct Primary Care, 8360 City Centre Drive",,,,WOODBURY,MN,55125,,
INTL_bca8722c-7,UN,"J.C. Wellness & Primary Care, 616 E. ALTAMONTE DRIVE",,,,ALTAMONTE SPRINGS,FL,32765,,
INTL_10933367-6,UN,"Peak Health and Wellness, 2850 N 2000 W # 203",,,,Farr West,UT,84404,,
INTL_2ca5cc12-a,UN,"Coast Pediatrics, 5605 HIGHWAY 614 # B",,,,MOSS POINT,MS,395627569,,
INTL_45557d37-8,UN,"The Doctor Nurse Practice, Inc, 2232 N. 7th St.",,,,Grand Junction,CO,81501,,
INTL_bcea4f17-8,UN,"aspireMD, 4909 S. 118th St",,,,OMAHA,NE,68137,,
INTL_905bc916-e,UN,"Legacy Medical Services, LLC, 211 Corporate Drive",,,,Beaver Dam,WI,53916,,
INTL_d30b2c5b-8,UN,"Del Rosario Medical Clinic, 3400 E Florence Ave",,,,Huntington Park,CA,90255,,
INTL_a52fd502-f,UN,"Frontline Alternative, 30745 HWY 281 NORTH",,,,BULVERDE,TX,78163,,
INTL_f6a836e3-2,UN,"Infinity Lifestyle Medicine, 2115 West 38th Street",,,,Erie,PA,16508,,
INTL_c406424c-3,UN,"Arktos Direct Care, 3938 John F Kennedy Parkway",,,,Fort Collins,CO,80525,,
INTL_258ffe31-8,UN,"Carolina Medical Partners, 1028 Edgewater Corporate Parkway",,,,Fort Mill,SC,29707,,
INTL_029814a5-2,UN,"Equinox Primary Care, 2200 6th Ave",,,,Seattle,WA,98121,,
INTL_ac939a3b-b,UN,"Douglas Morrell, M.D. LLC, 606 E 11th St",,,,Rushville,IN,46173,,
INTL_cbcb2260-a,UN,"Laurie K. S. Tom, M.D., 1329 Lusitana Street",,,,Honolulu,HI,968132444,,
INTL_85010435-9,UN,"Empowered Health, LLC, 1236 Smith Ct",,,,Rocky River,OH,44116,,
INTL_e4a6e51b-c,UN,"Alta Vista Medical, 3551 East Bonanza Rd.",,,,LAS VEGAS,NV,89110,,
INTL_70afa839-4,UN,"KY Fast Care, 1452 Diederich Blvd.",,,,Russell,KY,41169,,
INTL_ac4db0a0-3,UN,"Wise County Medical and Surgical Association, 1001 W Eagle Drive",,,,Decatur,TX,76234-3745,,
INTL_27019f9a-0,UN,"Kailua Cardiology, Kailua Cardiology",,,,Kailua,HI,96734,,
INTL_4987e996-9,UN,"Renal Medical Care, PC, 830 OAK ST",,,,BROCKTON,MA,02301,,
INTL_2ebd83d9-c,UN,"Revive Infusion Center LLC, 2226 Liliha St",,,,Honolulu,HI,96817,,
INTL_907fab8d-9,UN,"KSKM Health, LLC, 222 Bell Lane",,,,West Monroe,LA,71291,,
INTL_5e999623-e,UN,"Comprehensive Arthritis, Spine, and Pain Center, 1301 Plantation",,,,Saint Augustine,FL,32080,,
INTL_6911f7b1-9,UN,"Capitol Hill Medical, 901 Boren Avenue",,,,Seattle,WA,98104,,
INTL_de100cb9-0,UN,"FLPeach DPC and Lazer Hair Removal Boutique, 315 Commercial Dr",,,,Savannah,GA,31406,,
INTL_7ca46411-d,UN,"R+R Integrative Medicine, 4927 Byers Ave",,,,Fort Worth,TX,76107,,
INTL_c1280c16-3,UN,"Gibbens Family Medical, 2338 State Ave",,,,Panama City,FL,32405,,
INTL_e8263b70-e,UN,"Sonoma Skin Works, 8600 Gaylord Parkway",,,,Frisco,TX,75034,,
INTL_e6ac8dbc-b,UN,"CCHCA SF Health Plan Auditor Practice, P.O. Box 194247",,,,San Francisco,CA,94119,,
INTL_361180e0-e,UN,"Western Heritage Health and Wellness, 448 North Highway 89",,,,Chino Valley,AZ,86323,,
INTL_d2078ce7-5,UN,"Sparrow Health & Wellness Clinic LLC, 11707 E SPRAGUE AVE STE LL",,,,SPOKANE VALLEY,WA,992066110,,
INTL_427cd9ed-6,UN,"Scott T. Kawamoto, M.D. LLC, 550 S Beretania Street",,,,Honolulu,HI,96813,,
INTL_15a8732a-7,UN,"Big Tree Medical, 200 Corporate Lake Drive",,,,Columbia,MO,65203,,
INTL_5b0a39a8-9,UN,"Be Well Family Medicine, 801 Florida Rd",,,,Durango,CO,81301,,
INTL_c6ba6b0e-5,UN,"Savant Medical Group, 1 Shrader Street",,,,San Francisco,CA,94117,,
INTL_a3d71c98-5,UN,"Jacqueline Hubbard MD PLLC, 147 2nd Ave. S",,,,St. Petersburg,FL,33701,,
INTL_f2655846-1,UN,"The SHOW Center, 1301 Shiloh Road NW",,,,Kennesaw,GA,30144,,
INTL_04780524-3,UN,"Sunrise Skin and Wellness LLC, 9079 4th St. N.",,,,St. Petersburg,FL,33702,,
INTL_aed0ad79-3,UN,"Continuity Healthcare, 2900 Camino Diablo",,,,Walnut Creek,CA,94597,,
INTL_601e5a71-d,UN,"Solymar Direct Health, 300 Jefferson Blvd",,,,Warwick,RI,02888,,
INTL_325aa618-a,UN,"Glenn Stahl, M.D., 46-001 Kamehameha Hwy",,,,Kaneohe,HI,96744,,
INTL_8186f080-7,UN,"Curated Care, 550 SE 6th Ave",,,,Delray Beach,FL,33483,,
INTL_e815c00b-0,UN,"JUST HEALTH FAMILY MEDICINE, 10 SOUTH ST",,,,RIDGEFIELD,CT,06877,,
INTL_968d0e1a-a,UN,"BRYSA KATO, MD, 321 N. Kuakini St #503",,,,HONOLULU,HI,96817,,
INTL_3e23eb57-2,UN,"Oak Tree Primary Care/ Oak Tree DPC, 5999 Harpers Farm Rd",,,,Columbia,MD,21044,,
INTL_67edc5ac-3,UN,"Ku’uahi Mobile Medical, 101 Aupuni Street",,,,Hilo,HI,96720-4262,,
INTL_7a0f49fb-b,UN,"Herzog Health, 900 S Riverside Road",,,,St Joseph,MO,64507,,
INTL_7cf5723c-1,UN,"DR HALYNA WEST INC, 9460 CUYAMACA ST",,,,SANTEE,CA,92071,,
INTL_e5eced37-e,UN,"Aura Weight Loss, 28 Bayview Pl.",,,,Ocean City,NJ,08226,,
INTL_09d0e6d4-1,UN,"Premier Primary Care and Wellness, 3 Hospital Plaza",,,,Old Bridge,NJ,08857,,
INTL_08891ea4-e,UN,"Professional Mens Health, 649 Oak Street",,,,EAST BRIDGEWATER,MA,02338,,
INTL_b7e1e567-9,UN,"Lux Mami Aesthetics & Wellness LLC, 127 W. Central Ave.",,,,Andover,KS,67002,,
INTL_5e49dd68-5,UN,"Clarity Health & Wellness, 131 Cambridge Street",,,,Burlington,MA,01803,,
INTL_42320783-e,UN,"Amicus Arthritis & Osteoporosis Ctr, Inc., 12456 Washington Blvd",,,,Whittier,CA,90602,,
INTL_ffebdbe4-8,UN,"Voyager Medical, 2087 N Vizcaya Pl",,,,Eagle,ID,83616,,
INTL_f21e4052-0,UN,"Sour Lake Health & Medical, 689 6th Street",,,,Sour Lake,TX,77659,,
INTL_24436a2a-e,UN,"Dr. Ky Le, 98-199 Kamehameha Hwy, C-10B",,,,Aiea,HI,96701,,
INTL_43603c3a-a,UN,"Health is Wealth Concierge Medicine, 118 Drake Dr",,,,Wexford,PA,15090,,
INTL_5f8d09fc-3,UN,"Tamarack Health Corp, 310 N 1st St",,,,Hamilton,MT,59840,,
INTL_22fe28fd-2,UN,"Smart Health and Wellness, PLLC, 735 N Logan Ave",,,,DANVILLE,IL,618325100,,
INTL_f7b3e8f1-5,UN,"Dr. Milli's Medical Wellness Center, 1275 Shiloh Rd NW",,,,Kennesaw,GA,30144,,
INTL_5b04ce27-8,UN,"Canfield Integrative MD, PLLC, 121 Rolling Hill Road",,,,Mooresville,NC,28117,,
INTL_81ce0c4d-9,UN,"Harper Health PLLC, 1050 North Fairway Drive",,,,Avondale,AZ,85323,,
INTL_ca0e33bf-8,UN,"M. Ellen Mahoney, MD and Luther Cobb, MD, 636 Harris Street",,,,Eureka,CA,95501,,
INTL_1a630747-2,UN,"Robert K Childs MD Ltd, 1005 Keolu Drive",,,,Honolulu,HI,96734,,
INTL_f31ef19a-f,UN,"Eulistic Health, 130 Buffalo Rd #207",,,,Lewisburg,PA,17837,,
INTL_4c01de26-1,UN,"DANIEL FENTON, FNP, 801 E. Roosevelt Ave",,,,Grants,NM,87020,,
INTL_dc5e7cac-2,UN,"Andy S. Yu, MD, 2101 Forest Ave",,,,San Jose,CA,951281472,,
INTL_0e85447b-7,UN,"Affinity Health, 6323 Georgia Ave NW",,,,Washington,DC,20011,,
INTL_d6d59c38-f,UN,"CT Clancy, MD LLC, 2919 Valmont Rd",,,,Boulder,CO,80301,,
INTL_f0a24e08-d,UN,"Complete Care DPC, 17210 Lancaster Hwy Ste 408",,,,Charlotte,NC,28277,,
INTL_f6c34368-b,UN,"Centro de Medicina Familiar Especializada CSP, 10 AVE MIGUEL MEL",,,,CAYEY,PR,007364609,,
INTL_f046eb3a-b,UN,"Virginia Direct Primary Care, 423 8th St. NE",,,,Charlottesville,VA,22902,,
INTL_ccf3bcfc-0,UN,"Amy Joy Fishman Smith, 1440 East Chapman Ave",,,,Orange,CA,92866,,
INTL_12a381ef-c,UN,"Bear Fruit Direct Primary Care, 6020 Ranch Drive",,,,Little Rock,AR,72223,,
INTL_46b8f011-a,UN,"Dynamic Healthcare, LLC, 912 W 21st",,,,Clovis,NM,88101,,
INTL_dbe87880-a,UN,"Fernando Vega, MD, 9730 3rd Ave NE",,,,Seattle,WA,98115,,
INTL_c262cc7e-f,UN,"Ikigai Physician Group, Inc, 3429 Renner Drive",,,,Fortuna,CA,95540,,
INTL_e47cb96e-4,UN,"STEPHEN E ERLANDSON, MD, 948  Johnson Ridge Rd",,,,Elkin,NC,28621,,
INTL_b41854c6-9,UN,"Direct Care Clinic of Northwest Arkansas, 2104 S 54th St Ste 4",,,,Rogers,AR,727588126,,
INTL_cd8d2b31-0,UN,"Urban Family Doctor, PLLC, 185 Ocean Avenue",,,,Brooklyn,NY,11225,,
INTL_7e04192c-7,UN,"Mangata Wellness, 388 State St",,,,SALEM,OR,97301,,
INTL_792fff81-e,UN,"Summit Family Medicine, LLC, 1021 June Street",,,,Hood River,OR,97031,,
INTL_f89762e4-1,UN,"Marin Health Solutions, 804 W Montgomery",,,,Willis,TX,77378,,
INTL_01a92e60-1,UN,"Cypress Glen Retirement Community, 100 Hickory Street",,,,Greenville,NC,27858,,
INTL_9823a2d0-0,UN,"Ehrhardt Medical Practice, 12930 Broxton Bridge Rd",,,,EHRHARDT,SC,290819065,,
INTL_be81bfd9-a,UN,"Tuesday Health, LLC., 159 Crocker Park Blvd",,,,Westlake,OH,44145,,
INTL_9d458b77-9,UN,"Pediatric Medical Group LLC, 1712 Liliha St",,,,Honolulu,HI,96817-3114,,
INTL_b13f843b-3,UN,"Cholla Medical Group, 10631 South 51st Street Suite 8",,,,Phoenix,AZ,85044-5225,,
INTL_7fb5b2d2-8,UN,"Ryu Hurvitz Orthopedic Clinic - Jervis Yau, 2936 De La Vina Stre",,,,Santa Barbara,CA,93105,,
INTL_091334fa-3,UN,"Holistic ICON, 47601 Grand River Ave",,,,Novi,MI,48374,,
INTL_629fa227-3,UN,"DANIELLE CADLE, D.O., 3209 W Smith Valley Rd",,,,Greenwood,IN,46142,,
INTL_372a2c74-f,UN,"Rinkle Institute of Wellness, 7113 FM 2920 Suite 500",,,,Spring,TX,77379,,
INTL_a05f220f-3,UN,"The Franz Center for Children and Wellness P.A., 3160 Southgate ",,,,Orlando,FL,328068549,,
INTL_4356e2fe-1,UN,"Pinnacle Health, 1515 S 1100 East",,,,Salt Lake City,UT,84105,,
INTL_1ed8ac4a-0,UN,"Yakoby Internal Medicine, 14550 N Frank Lloyd Wright Blvd",,,,Scottsdale,AZ,85260,,
INTL_a084582b-9,UN,"Lifelong Wellness of Ohio, 31054 OH-93",,,,McArthur,OH,45651,,
INTL_8471a164-3,UN,"Anant Lodhia, M.D., PO Box 3130",,,,Orangevale,CA,95662,,
INTL_e06c045a-c,UN,"West Valley Naturopathic Center, 1646 N. Litchfield Rd",,,,Goodyear,AZ,85395,,
INTL_50ff4aac-2,UN,"Gustin Ho, M.D., 929 Clay St",,,,San Francisco,CA,94108,,
INTL_b6df48f5-f,UN,"Joyce Tatelman, M.D., 2204 Grant Rd",,,,Mountain View,CA,94040,,
INTL_b4063826-3,UN,"Cityblock - Massachusetts, 100 Grove Street",,,,Worcester,MA,01605-2627,,
INTL_38c4b084-1,UN,"Rushforth Family Care, LLC, 1935 Alabama Highway 157, Suite C",,,,CULLMAN,AL,35058,,
INTL_49e3d73d-8,UN,"Dennis Shen, 929 Clay St",,,,San Francisco,CA,94108,,
INTL_0485f9ce-6,UN,"Clover Family Medicine, PLLC, 255 W Lebanon Rd",,,,Frisco,TX,75036,,
INTL_85481875-1,UN,"Partnership Health Centers, 200 First Responders Way",,,,Hamilton,NJ,08691,,
INTL_7b740630-e,UN,"Florida Physician Partners, 2400 Harbor Blvd",,,,Port Charlotte,FL,33952,,
INTL_1a03b6a1-a,UN,"Daniel D Beninati, MD, 797 E Lancaster Ave",,,,Downington,PA,19335,,
INTL_ef3c60d5-6,UN,"Louise Tolzmann ND LLC, 4039 N Mississippi Ave",,,,Portland,OR,97227,,
INTL_63f6c73b-8,UN,"David J. Breding, M.D., 9844 South 1300 East",,,,Sandy,UT,84094,,
INTL_896ee4f4-1,UN,"BlueWave Medicine, 601 Murray Circle",,,,Sausalito,CA,94965,,
INTL_6e89bdf3-2,UN,"Functional Longevity International,LLD, 900 E.  Atlantic Ave",,,,Delray Beach,FL,33483-6954,,
INTL_454c1f37-3,UN,"Hilo Family Health Clinic, 73 Puuhonu Place",,,,Hilo,HI,96720-2060,,
INTL_d50ba3ee-4,UN,"The Institute for Medical Wellness, 110 Marter Avenue",,,,Moorestown,NJ,08057,,
INTL_dcc249b4-a,UN,"Radiance Pediatrics, 3560 W Camp Wisdom Rd",,,,Dallas,TX,75237,,
INTL_1fa14f10-d,UN,"Forward Health, PLLC, 6613 Mohawk Trail",,,,Edina,MN,55439,,
INTL_6730dce4-6,UN,"Better Life MSO, 300 Delaware Ave",,,,Wilmington,DE,19801,,
INTL_c8097128-e,UN,"Pittsburg Family Healthcare, 6980 S M 52",,,,OWOSSO,MI,488679515,,
INTL_9b69596d-8,UN,"BrainCussion, 1100 Abernathy Rd, 500",,,,Sandy Springs,GA,30328,,
INTL_cbed28f9-d,UN,"GCF Wellness, 7855 38th Ave N",,,,ST PETERSBURG,FL,33710,,
INTL_535a66ee-d,UN,"Azura Medical Spa, 2540 W Arrowood Rd",,,,Charlotte,NC,28273,,
INTL_3336d241-0,UN,"Mehrdad Ayati, 851 Fremont Ave",,,,Los Altos,CA,94024,,
INTL_954c2b2e-1,UN,"Jon Yang, MD, 929 Clay St",,,,San Francisco,CA,94108,,
INTL_33ee988d-9,UN,"JOSEPH H PARK M.D. Inc., 2727 W Olympic Blvd",,,,Los Angeles,CA,90006,,
INTL_0ab84922-1,UN,"365 Direct Care, 5040 Forest Dr",,,,New Albany,OH,43504,,
INTL_a116cd6f-d,UN,"Next Level Concierge Care, 10250 N 92ND Street",,,,Scottsdale,AZ,85268,,
INTL_e1e83cf8-9,UN,"La Salvia, 608 Spruce Trl",,,,Forney,TX,75126,,
INTL_5e399179-b,UN,"Honolulu Pain Management Clinic, 500 Ala Moana Blvd",,,,Honolulu,HI,968134920,,
INTL_9517d3ec-3,UN,"Grove Family Health, 25482 Point Lookout Rd",,,,Leonardtown,MD,20650,,
INTL_42504dd2-4,UN,"Rehabilitation And Prevention Associates, 1 BIG BARN RD",,,,CRANBURY,NJ,08512,,
INTL_edd60194-d,UN,"Howard S. Minami, M.D. Inc., 1380 Lusitana St",,,,Honolulu,HI,96813,,
INTL_638b4da6-3,UN,"Christopher A. Simmons, MD, 1027 Brown Avenue",,,,Lafayette,CA,94549,,
INTL_6a5669ad-0,UN,"Renew Integrative Wellness, PLLC, 32 Trade St",,,,Thomasville,NC,27360,,
INTL_91dfec05-2,UN,"Cornerstone Pediatrics and Family Allergy PLC, 6800 Lake Drive",,,,West Des Moines,IA,50266,,
INTL_14071f47-5,UN,"Virginia A Oram N.D. PC, 358 Blair Blvd",,,,Eugene,OR,97402,,
INTL_6b8bfd86-9,UN,"AndHealth, 2 Miranova Pl",,,,Columbus,OH,43215,,
INTL_cc67ad3e-d,UN,"OptimizeMD, 1805 Green Cir",,,,Valdosta,GA,31602,,
INTL_1560fcdc-f,UN,"Wardeh Agha Medical Center LLC, 7 Anthra Plaza",,,,Coal Township,PA,17866,,
INTL_172fd078-8,UN,"Park Internal Medicine, 10515 Balboa Blvd.",,,,Granada Hills,CA,91344,,
INTL_05292009-4,UN,"North Texas Direct Primary Care PLLC, 6140 Precinct Line Road",,,,Hurst,TX,76054,,
INTL_7d3702ff-6,UN,"Balanced Physician Care, 572 Jacksonville Drive",,,,Jacksonville Beach,FL,32250,,
INTL_e649ed19-a,UN,"Ellen F Bunch MD PLLC, 1456 W Gurley St",,,,Prescott,AZ,86305,,
INTL_2d7888d7-9,UN,"Southcenter Medical Clinic, 15215 52nd Ave S",,,,Tukwila,WA,98188,,
INTL_a96a66e9-9,UN,"Vivid Wellness, 18555 N 79th Ave B103",,,,Glendale,AZ,85308,,
INTL_c67e472f-a,UN,"Tailored MD, 8203 Fredericksburg Rd",,,,San Antonio,TX,78229,,
INTL_d06b838b-2,UN,"DPC Health, 1732 Keller Pkwy",,,,Keller,TX,76248,,
INTL_0664b311-f,UN,"Trailhead Clinics Glenwood Springs, 1607 Grand Ave",,,,Glenwood Springs,CO,816014206,,
INTL_98394b49-f,UN,"East West DPC, 1524 W Cayuse Creek Dr.",,,,MERIDIAN,ID,83642,,
INTL_a70a843d-5,UN,"Bloom La Vie Health, 9787 N Cedar Ave",,,,Kansas City,MO,64157,,
INTL_ecf2702e-1,UN,"EPC Groups, LLC, 54101 S.Kirkman Rd",,,,Orlando,FL,32819,,
INTL_8b3bd046-0,UN,"Axis Direct Care, 7110 Rocio Dr.",,,,Laredo,TX,78041,,
INTL_3924eaca-8,UN,"Kuakini Primary Care Clinic, 405 N Kuakini St.",,,,Honolulu,HI,96817,,
INTL_0050e7e6-8,UN,"New Day Wellness Center, 12105 Copper Way",,,,Charlotte,NC,28277,,
INTL_b4ab6258-4,UN,"Help-Us Help-U, Inc., 641 49th Street N.",,,,St. Petersburg,FL,33710,,
INTL_f5e73ae5-f,UN,"In His Image Ministries Inc, 1205 East US 24-40 Highway",,,,Tonganoxie,KS,66086,,
INTL_fb1c6e2c-7,UN,"South Bay Pediatric Otolaryngology, 3655 Lomita Blvd",,,,Torrance,CA,90505,,
INTL_ffae2f51-2,UN,"Concierge Health LA, 8484 Wilshire Blvd",,,,Beverly Hills,CA,90211,,
INTL_c879c0be-f,UN,"Hanlon Fong, MD, 2000 Van Ness Ave",,,,San Francisco,CA,941093023,,
INTL_d1696e87-e,UN,"Colleen Walker, MD, 3945 Nanz Ave.",,,,Louisville,KY,40207,,
INTL_cc7a578c-5,UN,"Walnut Creek Endocrine, 2255 Ygnacio Valley Road",,,,Walnut Creek,CA,94598,,
INTL_ae3a0ba6-2,UN,"Albert Leung, MD, 1481 S King St",,,,Honolulu,HI,96814,,
INTL_f0ec81eb-2,UN,"La Vida Health, 9780 North 56th St",,,,Temple Terrace,FL,33617,,
INTL_9d7bee00-d,UN,"Care MD Clinic PLLC, 2601 Little Elm Pkwy Suite 1404",,,,Little Elm,TX,75068,,
INTL_52d584bd-b,UN,"Cityblock - Washington DC, 80 M Street SE",,,,Washington,DC,20003,,
INTL_bbe5ec58-e,UN,"Vital Advanced Medical Center, 12966 N. Dale Mabry Hwy.",,,,Tampa,FL,33618,,
INTL_00ea7af6-1,UN,"Bello Midlevel Inc, 420 SE 8th ST",,,,Ocala,FL,34471,,
INTL_136df73c-8,UN,"Braincare Performance Center (My Optimal Life), 72301 Country Cl",,,,Rancho Mirage,CA,92270,,
INTL_ca9342f9-4,UN,"Los Gatos Doc, Inc, 15195 National Ave.",,,,Los Gatos,CA,95032,,
INTL_c331330c-0,UN,"Texas Family Doctor, 1122 E. Loop 304",,,,Crockett,TX,75835,,
INTL_f1d71430-3,UN,"Andereck Cooper Hightower Mds, 2100 Webster St",,,,San Francisco,CA,94115,,
INTL_a8b83ec1-6,UN,"Rume Medical Group, 2729 Bristol St.",,,,Costa Mesa,CA,92626,,
INTL_31e39167-2,UN,"Complete Sleep, 1001 Avenue of the Americas",,,,New York,NY,10018,,
INTL_655f7c89-b,UN,"Nancy S Clarke, M.D., 98-211 Pali Momi St",,,,Aiea,HI,967014301,,
INTL_6dc4c75e-f,UN,"Alan Fozailoff M.D., 18370 Burbank Blvd",,,,Tarzana,CA,91356,,
INTL_a7f4f76e-2,UN,"Hearth Stone Internal Medicine, LLC, 11 University Way",,,,Brattleboro,VT,05301,,
INTL_09533bbd-0,UN,"Restore BioClinic, 230 N 1680 E",,,,SAINT GEORGE,UT,84790,,
INTL_76be7644-e,UN,"Evolve Healthcare, 3510 N Ridge Rd",,,,Wichita,KS,67212,,
INTL_d3213317-6,UN,"Live Well F.M., LLC, 6708 Taylor Cir",,,,Montgomery,AL,36117,,
INTL_fb21514e-1,UN,"Colibri Pediatrics, 9333 Genesee Ave",,,,San Diego,CA,92121,,
INTL_4c57c36e-2,UN,"Optimum Wound Care, 9115 Leesgate Rd",,,,LOUISVILLE,KY,40222,,
INTL_3364856b-2,UN,"[do not use - duplicate] Cityblock - Virtual Hub - DEPRECATED, 4",,,,Charlotte,NC,28215,,
INTL_3fd0a27d-3,UN,"BOUNDLESS Regenerative Medicine, 317 N. El Camino Real",,,,Encinitas,CA,92024,,
INTL_b7e65610-9,UN,"Catalpa Clinic, 2528 Wheaton Way",,,,Bremerton,WA,98310,,
INTL_baf3ba16-e,UN,"Hypertension and Kidney Health, LLC, 170 N. Henderson Rd",,,,King of Prussia,PA,19406,,
INTL_d4048b3a-1,UN,"AZ Mobile MD Geriatric Medicine, 39506 N Daisy Mountain Drive",,,,Anthem,AZ,85086,,
INTL_d7965e4e-d,UN,"Dr. Sarah Siddiqui DO, 9161 Narcoossee Rd",,,,Orlando,FL,32827,,
INTL_d44adb85-b,UN,"Mid Maryland Internal Medicine, 187 Thomas Johnson Drive",,,,Frederick,MD,21702,,
INTL_fbea80ea-9,UN,"Holly Kay Wyneski, MD, 128 E Milltown Rd",,,,Wooster,OH,44691,,
INTL_30e7cd1b-c,UN,"Sparrow Medicine, 1019 E Main St",,,,Bozeman,MT,59715,,
INTL_62801587-4,UN,"Monovo LLC, 2578 W 600 N",,,,Lindon,UT,84042,,
INTL_3dd0ef42-3,UN,"Compass Family Medicine, 145 executive dr",,,,NEWBERRY,SC,29108,,
INTL_de776f39-9,UN,"Crescent Neurology and Sleep, 8010 Roswell Road",,,,Atlanta,GA,30350,,
INTL_9754ac45-e,UN,"Su Yong Pak, M.D., 5451 La Palma Ave",,,,La Palma,CA,90623,,
INTL_e60e81cb-8,UN,"Refresh Healthcare LLC, 3419 NW Evangeline Thwy",,,,Carencro,LA,70520,,
INTL_f23a951e-4,UN,"Access Medical Clinics, 95-1249 #D Meheula Parkway",,,,Mililani,HI,96789,,
INTL_df264cac-e,UN,"PriMedstl, LLC, 555 N. New Ballas Road",,,,St. Louis,MO,63141,,
INTL_0f6881e4-9,UN,"PatientWell Connect, 11110 MEDICAL CAMPUS RD STE 200",,,,HAGERSTOWN,MD,217426797,,
INTL_d2651571-2,UN,"Coral Ridge Pediatrics Inc, 915 Middle River Drive",,,,Fort Lauderdale,FL,33304,,
INTL_33d461b6-6,UN,"Medac PC, 5760 Carmichael Parkway",,,,Montgomery,AL,36117,,
INTL_e6fa91b8-7,UN,"Fountain Valley Health Care, 5115 Fontaine Blvd",,,,Fountain,CO,80817,,
INTL_81ef0ba9-3,UN,"Delaware Health Equity Coalition, 2100 Baynard Blvd",,,,Wilmington,DE,19801,,
INTL_ad3a2bf1-3,UN,"Roger Kimura, M.D., 321 N Kuakini St",,,,Honolulu,HI,968172361,,
INTL_d07667ec-6,UN,"SILVIA M. SANCHEZ DEL CAMPO, MD. PA, 11098 Biscayne Blvd.",,,,Miami,FL,33161,,
INTL_e753832e-8,UN,"JOHN GRAY, M.D., 7713 Center Blvd SE",,,,SNOQUALMIE,WA,980658992,,
INTL_c469903d-4,UN,"HIPnation - Woodstock, 3380 Trickum Rd Building 200",,,,Woodstock,GA,30188,,
INTL_7b7bc624-6,UN,"Canopy Family Care, 6930 Carroll Ave",,,,Takoma Park,MD,20912,,
INTL_cbd2dc71-a,UN,"YourTIME Medical, 505 Washington Ave",,,,Iowa Falls,IA,50126,,
INTL_aa28e03f-0,UN,"nea Medical, 1365 Columbus Ave",,,,Burlingame,CA,94010,,
INTL_a6c590c0-d,UN,"Angela Rogers Family Practice, 1134 Hager Street",,,,St Marys,OH,45885,,
INTL_43129dcb-1,UN,"Nelson Direct Primary Care, 3091 South Jamaica Court",,,,Aurora,CO,80014,,
INTL_156474e1-b,UN,"Prime Health of New Jersey, 441 US 130",,,,East Windsor,NJ,08520,,
INTL_b705586a-6,UN,"Doc Davis Medical, Inc., 322 SW 4th Ave",,,,GAINESVILLE,FL,32601,,
INTL_b26afc2f-b,UN,"Justin Mager, MD Health Incite, 239 Miller Ave",,,,Mill Valley,CA,949412841,,
INTL_87d39d81-8,UN,"Lee Renal Care, 18370 Burbank Blvd",,,,Tarzana,CA,91356,,
INTL_ec4357d4-c,UN,"Reis Pediatrics, 30 Aulike St",,,,Kailua,HI,967342739,,
INTL_d237438f-5,UN,"Bruce Bailey, MD, 2428 Castillo Street",,,,Santa Barbara,CA,93105-5312,,
INTL_c5453e20-b,UN,"Smithfield Medical PC, 309 Smithfield St",,,,Pittsburgh,PA,15222,,
INTL_a4b09568-c,UN,"Prometheus Primary Care, 659 Park Meadow Rd",,,,Westerville,OH,43081,,
INTL_13fe69a2-0,UN,"Nova Wellness Naturopathic Medicine PC, 870 Market Street",,,,San Francisco,CA,94102,,
INTL_17221b6a-a,UN,"Foxhall Internists, PC - Dr. Sandra Delistathis, 3301 New Mexico",,,,Washington,DC,20016,,
INTL_0dd0df4d-b,UN,"Lynette W. Tsai, MD, Inc., 50 S Beretania St.",,,,Honolulu,HI,96813,,
INTL_96478ae7-6,UN,"Diana Macian MD PLLC, 4270 Tamiami Trail E",,,,Naples,FL,34112,,
INTL_18c1b034-0,UN,"Jose L. Ramos, MD, PA, 10800 Gosling Road, Suite 132892",,,,Spring,TX,77393,,
INTL_34a24d97-a,UN,"Joyful Balance Holistic Healing PLLC, 171 Portland Rd #4; POB  2",,,,Bridgton,ME,04009,,
INTL_4c435dbc-0,UN,"Juniper Midwifery, 249 Smith St",,,,Brooklyn,NY,11231,,
INTL_48b6f628-d,UN,"Foxhall Internists, PC -Dr. Mary Restifo, 3301 New Mexico Avenue",,,,Washington,DC,20016,,
INTL_aaf3ccf0-3,UN,"James D. Greig, MD, Inc, 321 N Kuakini Street",,,,Honolulu,HI,96817,,
INTL_de828be9-d,UN,"Edward A. Alquero, MD, Inc., 94-141 Pupupuhi St",,,,Waipahu,HI,96797,,
INTL_fd78afc1-8,UN,"Elvys Sacerio Valcarcel, MD, 955 SW Grand Reserves Blvd",,,,Port Saint Lucie,Fl,34986,,
INTL_c5fb5ff0-c,UN,"Kalani Yamamoto, MD, 1329 Lusitana Street, 3rd Floor",,,,Honolulu,HI,96813,,
INTL_9d0b3e53-a,UN,"Jiah Jang DO Inc, 2727 W. Olympic Blvd., Ste 210",,,,Los Angeles,CA,90006,,
INTL_d8d5257b-4,UN,"Japan Town Medical Group, 280 Jackson St",,,,San Jose,CA,95112,,
INTL_e2d557a7-6,UN,"Arthur S Chin MD Inc, 770 Stockton St",,,,San Francisco,CA,941082313,,
INTL_3e26934f-7,UN,"Palmer Pain and Headache LLC, 1901 N Hemmer Rd",,,,Palmer,AK,99645,,
INTL_1121cf6b-2,UN,"Winchester Family Practice, 4 N Highland St",,,,WINCHESTER,KY,40391-2024,,
INTL_6ec8b6af-8,UN,"Vitruvia/Laura Miles, 912 Nw 139th Street Pkwy",,,,Edmond,OK,730139525,,
INTL_c7cac6fb-1,UN,"Cabot Health & Wellness, 906 S. Pine St.",,,,Cabot,AR,72023,,
INTL_e3aa8493-4,UN,"Valley Wellness Center PLLC, 702 E Bell Road",,,,Phoenix,AZ,85022,,
INTL_d4381bdb-5,UN,"Galaxy Wellness Services LLC, 905 Judson Road",,,,Longview,TX,75601,,
INTL_4fa3a26d-6,UN,"Utah Natural Medicine, 242 S 400 E",,,,Salt Lake City,UT,84111,,
INTL_38db8a20-5,UN,"Russell Tom MD, 98-1079 Moanalua Road",,,,Aiea,HI,96701,,
INTL_e5ef5ebb-8,UN,"Dr. Jie Ling, MD, 1828 El Camino Real",,,,Burlingame,CA,94010,,
INTL_a00428fa-4,UN,"Janina Paula T. Sy-Go, M.D., LLC, 642 Ulukahiki St",,,,Kailua,HI,96734,,
INTL_dc3abdc2-7,UN,"Three Health, 3500 188th St SW",,,,Lynnwood,WA,98037,,
INTL_f13e5a65-e,UN,"Unity Family Health, LLC, 70 Highland Street",,,,Worcester,MA,01609,,
INTL_7a7ada32-c,UN,"Direct Path Healthcare, 503 Eichenfeld Dr",,,,Brandon,FL,33511,,
INTL_2a6366b1-9,UN,"Premier Medical of SC, 354 Folly Rd",,,,Charleston,SC,29412,,
INTL_3ee1070e-f,UN,"Immediate Care Medical Group, Inc, 231 E Caldwell Ave",,,,Visalia,CA,932777605,,
INTL_5d43efb4-6,UN,"Elite Medical Weight Loss, 8422 E Shea Blvd",,,,Scottsdale,AZ,85260,,
INTL_1f1383c9-d,UN,"Lyons Cardiology, 25200 Center Ridge Road",,,,Westlake,OH,44145,,
INTL_f2a7c861-4,UN,"Martin C Leung MD, 598 Bosworth St",,,,San Francisco,CA,941313262,,
INTL_e9eee387-2,UN,"Jahanbakhsh Nasserzare, M.D., PA, 1380 NE Miami Gardens Dr.",,,,Miami,FL,33179,,
INTL_6a608a63-0,UN,"Weight MD, 10780 Santa Monica Blvd",,,,Los Angeles,CA,90025,,
INTL_2752d29a-d,UN,"Hooks Pain and Wellness Clinic, 1303 Mount Vernon Ave",,,,Williamsburg,VA,23185,,
INTL_b6ba3d5a-b,UN,"Pioneer Community Care LLC, 740 Prince Avenue",,,,ATHENS,GA,30606,,
INTL_f0fe880f-e,UN,"N-of-1 Medicine, PC, 2222 Santa Monica Blvd, Suite 105",,,,Santa Monica,CA,90404,,
INTL_ae39dc93-2,UN,"TRACY KELLEY, CNP, 825 West Locust Street",,,,Wilmington,OH,45177,,
INTL_3798829f-f,UN,"Premier Medical Center, 711 E Valley Rd",,,,Basalt,CO,81621,,
INTL_cea13e38-6,UN,"Integrative Therapies, Ltd., 6957 North Ave.",,,,Oak Park,IL,60302,,
INTL_95ad6b71-b,UN,"Concord Longevity Medicine PLLC, 300 McGill Ave NW",,,,Concord,NC,28027,,
INTL_3bc11606-f,UN,"Sarah Stombaugh, MD, PLLC, 423 8th St. NE",,,,Charlottesville,VA,22902,,
INTL_8f934693-9,UN,"Priority Pediatrics of the Palm Beaches, 700 S Rosemary Ave",,,,West Palm Beach,FL,33401,,
INTL_7f0e698c-e,UN,"Unified Endocrine & Diabetes Care, 7750 N. Fresno Street",,,,Fresno,CA,93720,,
INTL_8e673a60-5,UN,"Ohana Care of Lake Cumberland, 100 Hardin Ln.",,,,SOMERSET,KY,42503,,
INTL_12016476-e,UN,"Island Direct Primary Care LLC, 410 W Merritt Avenue",,,,Merritt Island,FL,32953,,
INTL_aaa65b4a-8,UN,"Southwestern Baptist Theological Seminary Clinic, 4501 Stanley A",,,,Fort Worth,TX,76115,,
INTL_2f1eba3e-5,UN,"HIPnation - Johns Creek, 10680 Medlock Bridge Rd.",,,,Johns Creek,GA,30097,,
INTL_53ca9faa-6,UN,"Dennis Lipton, M.D., 28 Second St",,,,Edwards,CO,81632,,
INTL_ebcb15aa-a,UN,"CCHCA BND Auditor Practice, 5455 Garden Grove Blvd",,,,Westminster,CA,92683,,
INTL_884c4817-a,UN,"Synergy Primary Care, 4330 Barranca Pkwy",,,,IRVINE,CA,92604-1704,,
INTL_a0a4190d-2,UN,"Carol Fischer, M.D., P.C, 1331 Prairie Ave",,,,Cheyenne,WY,82009,,
INTL_5ba644db-8,UN,"BabiesMD P.C, 18 Endeavor",,,,Irvine,CA,92618,,
INTL_a9861553-b,UN,"Revitalized Wellness, 401 E 8th St",,,,Sioux Falls,SD,57103,,
INTL_815b2fd5-6,UN,"Geller Endocrinology & Internal Medicine, Inc, 2080 Century Park",,,,Los Angeles,CA,90067,,
INTL_3ebecac3-e,UN,"Somaentis, 190 NW Spanish River Blvd",,,,Boca Raton,FL,33431,,
INTL_e24370e0-3,UN,"Herself Health, 2004 Ford Parkway",,,,St Paul,MN,55116-1931,,
INTL_8eac05c2-d,UN,"Karen J Nakamoto, MD, 82 Puuhonu Place",,,,Hilo,HI,96720,,
INTL_ed566037-7,UN,"Milestone Pediatrics, 545 3rd Street",,,,Monument,CO,80132,,
INTL_3d069075-4,UN,"Miracle Med Wellness, 26911 N 87th Dr",,,,Peoria,AZ,85383,,
INTL_3f5d9df9-2,UN,"Montecito Geriatric Medical Group, 219 Nogales Avenue",,,,Santa Barbara,CA,93105,,
INTL_ba94fafe-0,UN,"Florida Integrative Modern Medicine, 12617 Narocoosee Road",,,,Orlando,FL,32832,,
INTL_e3503551-3,UN,"Sharon Direct Care, PLLC, 12 Billings Street",,,,Sharon,MA,02067,,
INTL_81ccd951-4,UN,"Kids Thrive Pediatrics LLC, 1520 Liliha Street, Suite 404",,,,Honolulu,HI,96817,,
INTL_c519576e-7,UN,"Cottonwood Family Medicine, 5999 W State St",,,,Garden City,ID,83703,,
INTL_a0549a70-e,UN,"Izumi S Kobashigawa, MD, 321 N Kuakini Street",,,,Honolulu,HI,96817-2360,,
INTL_aab327cc-d,UN,"Golden Years Primary Care, 20235 N Cave Creek Rd. #306",,,,Phoenix,AZ,85024,,
INTL_e5d9a163-d,UN,"Sun Valley Psychiatry, 555 Sun Valley Dr",,,,Roswell,GA,30076,,
INTL_924531f8-2,UN,"Hawaii Women's Healthcare, LLC., 1319 Punahou Street",,,,Honolulu,HI,96826,,
INTL_32047a12-1,UN,CareSource Ohio,,,,Telehealth Visit,OH,45402,,
INTL_448bde6d-d,UN,"Gorham Primary Care, 130 Main St",,,,Gorham,ME,040381319,,
INTL_b6cba3d2-a,UN,"Lewis L Haut MD, 2039 Forest Ave",,,,San Jose,CA,95128,,
INTL_b9ded466-0,UN,"Advanced Health, 2201 Webster Street",,,,San Francisco,CA,94115,,
INTL_627c8082-c,UN,"Christina Collins LLC, 75-5905 Walua Rd",,,,Kailua Kona,HI,96740-5315,,
INTL_9edd4c08-5,UN,"CONVENIENT HEALTHCARE VA, 2208 EXECUTIVE DRIVE",,,,Hampton,VA,23666-6603,,
INTL_8a43424f-3,UN,"Awaken Wellness, 650 S. Rock Blvd.",,,,Reno,NV,89502,,
INTL_80b0c0fe-1,UN,"Zeena Al-Rufaie, MD PLLC, 4967 Crooks Road, Suite 250",,,,Troy,MI,48098,,
INTL_48058da0-2,UN,"Shipley Neuro Pediatrics, LLC, 221 Parkway Drive",,,,Kalispell,MT,59901,,
INTL_cfd3217a-f,UN,"Roots and Branches Integrative Healthcare, 183 S TAYLOR AVE",,,,LOUISVILLE,CO,80027,,
INTL_69abcb45-3,UN,"Vigilance Men's Health, Serving all of Texas",,,,Texas,TX,76132,,
INTL_f7fa6496-e,UN,"Family Practice Associates, 1100 South Broom Street",,,,Wilmington,DE,19805,,
INTL_0d1a29f5-a,UN,"Well Practice Care, 1488 Pepper Drive",,,,El Cajon,CA,92021,,
INTL_b8bd3a7f-0,UN,"Redwood Pulmonary, 170 Alameda De Las Pulgas",,,,Redwood City,CA,940622751,,
INTL_15d07cf1-9,UN,"Medical Solution Consultants LLC, 7025 Oleander Ave",,,,Port St Lucie,FL,34952,,
INTL_02333122-1,UN,"Commonwealth Community Care Centers, 154 North Lake Drive",,,,Prestonsburg,KY,41653,,
INTL_f62b0032-a,UN,"Trajectory Health Partners, 1002 Emeryville Drive",,,,Mars,PA,16046,,
INTL_38ce297a-2,UN,"Bridge Direct Primary Care, 1989 N. Williamsburg Drive",,,,Decatur,GA,30033,,
INTL_0a60eae4-3,UN,"Colleen Daly, 1205 Franklin Ave",,,,Garden City,NY,11530,,
INTL_60db0e00-4,UN,"Heightened Health, S.C, 550 Fox Glen Ct",,,,Barrington,IL,60010,,
INTL_3474f785-b,UN,"RABird MD, 22 Hana Hwy Suite B",,,,Kahului,HI,96732,,
INTL_3f99a291-8,UN,"Synergy Rheumatology & Wellness, 6120 Paseo Del Norte",,,,Carlsbad,CA,92011,,
INTL_bf723923-8,UN,"Reliant Health and Wellness, 822 W Randolph Ave",,,,Enid,OK,73701-3834,,
INTL_9ee5ec96-9,UN,"Responsive Infectious Disease, 150 E Sonterra Blvd",,,,San Antonio,TX,78258-4098,,
INTL_2110f03b-d,UN,"Priority Medical Partners Direct, SC, 580 Shepard Street",,,,Rhinelander,WI,54501,,
INTL_92651ffe-8,UN,"Madison Integrative Medicine, 1230 SLAUGHTER RD",,,,MADISON,AL,357585901,,
INTL_c0928ad9-f,UN,"MyHeartLife PLLC, The Beauvallon Building -  925 N. Lincoln Stre",,,,Denver,CO,80203,,
INTL_f93b1669-8,UN,"Focus Health and Wellness, 5160 Socialville Fosters Road",,,,Mason,OH,45040,,
INTL_f098bb2e-c,UN,"Total Care Family Practice, 1701 N Green Valley Pkwy",,,,Henderson,NV,89074-5889,,
INTL_7ba1e6aa-e,UN,"MAREN BEAR, M.D., 2864 Johnson Ferry Road",,,,MARIETTA,GA,30062,,
INTL_53187115-3,UN,"Apex Physicians Infectious Diseases Specialists, 7312 E. Deer Va",,,,Scottsdale,AZ,85255,,
INTL_380ef2d3-8,UN,"Full Spectrum Fibroid and Endometriosis, 6204 8th Ave NW, Unit A",,,,Seattle,WA,98107,,
INTL_2d978373-f,UN,"Pacific Coast Pediatric Surgery, APC, 2190 Lynn Road",,,,Thousand Oaks,CA,91360,,
INTL_6ec54aae-f,UN,"Precision Preventative Cardiology, 1401 21st Street",,,,Sacramento,CA,95811,,
INTL_9fc0079b-5,UN,"Gorman Medical Clinic, 115 S Kent St",,,,Gorman,TX,76454,,
INTL_dbef3bbe-b,UN,"Think Healthy, 5640 Turtle Lake Road",,,,Shoreview,MN,55126,,
INTL_5e0d9e57-2,UN,"Alabama Family Medicine Clinic, LLC, 300 1st Street North",,,,Alabaster,AL,350078764,,
INTL_7e884dee-9,UN,"KarisMed Family Medicine, 4011 FM 1463 Road",,,,Katy,TX,77494,,
INTL_d6cde94e-1,UN,"Paul P.K. Lin, MD, 136-68 Roosevelt Ave",,,,Flushing,NY,11354,,
INTL_3f32f77d-3,UN,"David S. Shields, M.D., 155 Summerhill Lane",,,,Woodside,CA,94062,,
INTL_f3b9a570-a,UN,"Duncan Turner, 1250 Coast Village Road",,,,Santa Barbara,CA,93108,,
INTL_9d4994cb-5,UN,"Rejuvenation and Health Centers, 67 jefferson avenue",,,,jersey city,NJ,07306,,
INTL_092be825-e,UN,"Advanced Tele Clinic, 9420 Annapolis Rd",,,,Lanham,MD,20706,,
INTL_f69f0d88-8,UN,"Olympus Family Medicine, 4624 Holladay Blvd, Suite #100",,,,Salt Lake City,UT,841175206,,
INTL_69431651-d,UN,"Shira Miller, MD, 4701 Von Karman Avenue",,,,Newport Beach,CA,92660,,
INTL_6b42f565-4,UN,"NHome, PLLC, 1169 Eastern Pkwy",,,,Louisville,KY,40217,,
INTL_e0838316-8,UN,"Mai-Sie Chan, MD and Shu-Wing Chan, MD, 929 Clay St",,,,San Francisco,CA,94108-1570,,
INTL_17309cda-b,UN,"Foxhall Internists - Dr. Dana Ackerly, 3301 New Mexico Ave, NW",,,,Washington,DC,20016,,
INTL_93631cec-6,UN,"Cenatus Health Care, 4182 N. Armenia Ave",,,,Tampa,FL,33607,,
INTL_3b872121-6,UN,"Summit Wellness Group, 600 S Airport Road",,,,Longmont,CO,80503,,
INTL_db035f29-a,UN,"Fulcrum Family Health, 174 S Freeport Road",,,,Freeport,ME,04032,,
INTL_5d566199-c,UN,"Jill Turner, ND, PC, 2428 NE Division St",,,,Gresham,OR,97030,,
INTL_93dce2ec-d,UN,"Island Family Surgical Care Center LLC, 411 Huku Lii Place",,,,Kihei,HI,96753,,
INTL_6b865476-d,UN,"ENID ROBERTS, M.D., 23 MILE RD",,,,CHESTERFIELD,MI,480474062,,
INTL_f7ed6ca9-e,UN,"Stephen Datu, MD, 85 Sale Ln",,,,Red Bluff,CA,960802949,,
INTL_9e712fd1-2,UN,"Alpha-Omega Direct Primary Care LLC, 111 ELM ST",,,,Worcester,MA,016091967,,
INTL_64ad32db-b,UN,"Children's Naturopathic Centre, 4444 SW Corbett Ave",,,,Portland,OR,972394207,,
INTL_1e84951d-1,UN,"SUNFLOWER PEDIATRICS, 5422 HIGHWAY 20",,,,SUGAR HILL,GA,30518,,
INTL_3e1cf364-6,UN,"Lawrence Lotung Chao MD, 2645 Ocean Ave",,,,San Francisco,CA,94132-9998,,
INTL_2fb18730-3,UN,"Northern Nevada OB/GYN, 1555 College Parkway",,,,Elko,NV,89801,,
INTL_fbfd6613-b,UN,"Doc on the Rock, 105030 Overseas Hwy",,,,Key Largo,FL,33037,,
INTL_140e2e6d-9,UN,"Florida Keys Concierge Medicine, 29980 Overseas Highway",,,,Big Pine Key,FL,33043,,
INTL_d168e608-e,UN,"Alaska Facial Plastic Surgery & ENT, 3719 E Meridian Loop",,,,Wasilla,AK,99645,,
INTL_e5be981d-9,UN,"Altius Medical Center, 5900 Balcones Drive",,,,Austin,TX,78731,,
INTL_13613fbe-5,UN,"TrueLight Medical, 909 Hyde Street",,,,San Francisco,CA,94109,,
INTL_46bf3d16-4,UN,"Pajaro Valley Medical Clinic, 65 Nielson St",,,,Watsonville,CA,950762491,,
INTL_4ae3fb77-c,UN,"Sandhills Functional Medicine PLLC, 334 MILL CREEK RD",,,,CARTHAGE,NC,28327-6525,,
INTL_dc23edb9-a,UN,"Summers Anti-Aging Center, 5015 4th St N",,,,Saint Petersburg,FL,33703,,
INTL_78a473da-d,UN,"Dynamic Healthcare PLLC, 110 La Plaza West",,,,Hot Springs Village,AR,71909,,
INTL_95a8bc6b-1,UN,"Hyssop Manna Clinic, LLC, 5957 Dallas pkwy, ste 100",,,,Plano,TX,75093,,
INTL_7be08dd9-d,UN,"Commonwealth Family Clinic, 2387 Professional Heights Drive",,,,LEXINGTON,KY,40422,,
INTL_1b169d9c-1,UN,"Brita Mutti N.D., 122 E Las Animas St",,,,Colorado Springs,CO,80903,,
INTL_bd523276-b,UN,"JordanMD ELite Primary Care, 7017 N. 10th Street",,,,McAllen,TX,78504,,
INTL_f5911138-b,UN,"True Life Medicine, 403 S Baldwin Street",,,,Woodland Park,CO,808638762,,
INTL_2b96ac4c-4,UN,"[READ ONLY] Holistic Integrative Health, 50 Cocoanut Row",,,,Palm Beach,FL,33480,,
INTL_33a10ea6-b,UN,"Michelle M. Davis, MD, 4224 Houma Blvd",,,,Metairie,LA,70006,,
INTL_0ba640de-4,UN,"FamHealth Primary Care PA, 8312 Creedmoor Rd",,,,Raleigh,NC,27613-1712,,
INTL_66b8f4e9-a,UN,"Capitol Wellness Center, 11030 SW Capitol Hwy",,,,Portland,OR,97219,,
INTL_aaf6088f-3,UN,"Starbird Rising Wellness, 5323 98th Ave Ct W",,,,University Place,WA,98467,,
INTL_af8c2e89-f,UN,"Mark Braun, MD, 306 US Route 1",,,,Scarborough,ME,04074,,
INTL_c54f3c3b-d,UN,"Coastal Wellness of Savannah, PC, 7505 Waters Avenue D5",,,,SAVANNAH,GA,31406,,
INTL_9371781f-d,UN,"Novakovic Family Practice, 2330 N Alma School Rd.",,,,Chandler,AZ,85224,,
INTL_4e6db542-e,UN,"Jun Chung MD Inc, 3000 W Olympic Blvd",,,,Los Angeles,CA,90006,,
INTL_82c43d58-f,UN,"Engage Health Clinic LLC, 1310 Coburg Rd",,,,Eugene,OR,97401,,
INTL_e74d6ed9-8,UN,"John F. McAtee, MD, 226 S Woods Mill Rd., Suite 51W",,,,Chesterfield,MO,63017,,
INTL_300f3639-d,UN,"MIND Headache and Neurology PLL, 18400 Katy Fwy",,,,Houston,TX,77094,,
INTL_9a56d880-6,UN,"Bebe Care Pediatrics, 4333 Pan American Freeway, NE",,,,Albuquerque,NM,87107,,
INTL_1fef54ca-4,UN,"Everguide Health, 1023 Springdale Rd",,,,Austin,TX,78721,,
INTL_1d95969e-a,UN,"Qing Quan Fu, MD, 818 Jackson Street",,,,San Francisco,CA,94133,,
INTL_6d7a913c-4,UN,"Eddy Wellness, LLC, 105 E. Industrial",,,,Guthrie,OK,73044,,
INTL_baa3f5bc-3,UN,"Jeffrey S. Sager, MD, 2428 Castillo Street",,,,Santa Barbara,CA,93105,,
INTL_08e558da-c,UN,"Paul Kim MD, 1441 Kapiolani Blvd",,,,Honolulu,HI,96814,,
INTL_cc5096f2-6,UN,"Hawaii Advanced Vascular Center, 1248 Kinoole St #104",,,,Hilo,HI,96720,,
INTL_821da5c1-c,UN,"Discovery Developmental Pediatrics, 3000 Old Canton Rd",,,,Jackson,MS,39216,,
INTL_e4adbb99-f,UN,"Leon Springs Primary Care, PLLC, 25555 IH 10 W",,,,San Antonio,TX,78257,,
INTL_425207e4-9,UN,"Redlands CSSC - Neuro, 255 Terracina Blvd.",,,,Redlands,CA,92373,,
INTL_315a1bbc-e,UN,"Marc Ma Family Medicine, 1818 Sierra Leone Ave",,,,Rowland Heights,CA,91748,,
INTL_64d10cc0-1,UN,"Sleep Medicine Services, 455 O'connor Dr.",,,,San Jose,CA,95128,,
INTL_1cef8956-d,UN,"Raritan Valley Clinic, 1618 Stelton Road",,,,Piscataway,NJ,08854,,
INTL_8e4e6792-f,UN,"Freedom Family Health, 23 West Marshall St",,,,Waynesville,NC,28786,,
INTL_4ef757fb-c,UN,"Z Family Practice, 4951 Center St",,,,Omaha,NE,681063252,,
INTL_d5a3a6e0-b,UN,"Browne Medical Services, 300 Billingsley Road",,,,Charlotte,NC,28211,,
INTL_79a85462-9,UN,"Farshad Fani Marvasti, 11000 North Scottsdale Rd.",,,,Scottsdale,AZ,85254,,
INTL_cec677ae-3,UN,"William Feeney, MD, 596 New Loudon Rd",,,,Latham,NY,12110,,
INTL_9d35abd7-a,UN,"Link Healthcare, 4704 Bayberry St",,,,Schofield,WI,54476,,
INTL_43875af2-8,UN,"Casad Health & Wellness, 12200 Park Central Drive",,,,Dallas,TX,75251,,
INTL_a5c60ee6-c,UN,"Wisdom Health PC, 350 Ponca Place",,,,Boulder,CO,80303,,
INTL_c3b5b63e-f,UN,"Harvey S. Young, M.D., 1225 Crane Street",,,,Menlo Park,CA,94025-4253,,
INTL_8cb60c63-9,UN,"Salt Lake Direct Primary Care, 1670 East 1300 South",,,,Salt Lake City,UT,841242469,,
INTL_9f694ec8-b,UN,"Jessica Shepherd, M.D., 5600 W Lovers Ln",,,,Dallas,TX,75209,,
INTL_6c4ec19f-5,UN,"IRAJ AGHDASI, M.D., 210 Winter Street",,,,Weymouth,MA,02188,,
INTL_9b8f3237-f,UN,"Healing Arts Family Medicine, 3320 West Eisenhower Boulevard",,,,Loveland,CO,80537,,
INTL_11621ba7-b,UN,"Kiddy Foot & Ankle Group, 8479 W CLEARWATER AVE",,,,Kennewick,WA,99336,,
INTL_f0bdf7ef-9,UN,"Premier Primary Care, PLLC, 5252 Hollister St",,,,Houston,TX,77040,,
INTL_d58c6e6e-f,UN,"Beam Healthcare, 25 W Main Street",,,,Madison,WI,53703,,
INTL_30d9b99f-7,UN,"Diabetes & Endocrine Treatment Specialists, 7410 S Creek Road",,,,Sandy,UT,84093,,
INTL_ff3729af-1,UN,"Phoenix Direct Care, 14 Sweden St.",,,,Caribou,ME,04736,,
INTL_a45d881f-1,UN,"Franklin Lowe, M.D., 3851 Katella Ave",,,,Los Alamitos,CA,907203105,,
INTL_10a06d8f-e,UN,"Issaquah Valley Natural Medicine, 5825 221st Place",,,,Issaquah,WA,98027,,
INTL_56d603f1-1,UN,"Health Solutions PLLC - Carla Gibson FNP, 10795 Oral Zumwalt Way",,,,Missoula,MT,59803,,
INTL_f856322c-a,UN,"Nomi Health / Success Care, 3336 North 32nd Street, 106",,,,Phoenix,AZ,85016,,
INTL_ac83acd8-a,UN,"Desert Star Healthcare, 4855 E Brown Rd",,,,Mesa,AZ,85205,,
INTL_7d26c180-7,UN,"Allegiant Health & Associates, 130 Bates Ave SW",,,,Winter Haven,FL,33880,,
INTL_dac48218-9,UN,"MAIA Gynecology, 1319 Butterfield Rd",,,,Downers Grove,IL,60515,,
INTL_3480b3a5-1,UN,"Aspen Grove Adolescent & Young Adult Medicine, 2920 Domingo Ave",,,,Berkeley,CA,94705,,
INTL_d130634d-1,UN,"Integrative Partners, LLC, 8625 Line Ave",,,,Shreveport,LA,71106,,
INTL_ed70277a-7,UN,"PsychMD Georgia, 12700 Century Dr",,,,Alpharetta,GA,30009,,
INTL_143697e9-4,UN,"Crescent Medical Services, 9355 John W. Elliot Drive",,,,Frisco,TX,75033,,
INTL_4d5230d2-c,UN,"Primary Concierge Vero, 3755 7th Terrace",,,,Vero Beach,FL,32963,,
INTL_be567ef9-9,UN,"James Leo, M.D., PLLC, 804 Ainsworth Drive",,,,Prescott,AZ,86301,,
INTL_33b30258-d,UN,"Medicine On The Move, 612 River Road Suite B",,,,Yakima,WA,98902,,
INTL_9d099ad5-3,UN,"More Than Medicine, LLC, 752 Waycross Rd",,,,Cincinnati,OH,45240,,
INTL_85a28d31-7,UN,"Sherman Oaks Family Medicine, Inc., 4835 Van Nuys Blvd, Ste 208",,,,Sherman Oaks,CA,91403,,
INTL_3db0d1b9-e,UN,"Sunshine Family Cares, G3169 Beecher Road",,,,Flint,MI,48532-3611,,
INTL_67cc1797-f,UN,"McDonagh Medical Center, 2800 NE Kendallwood Pkwy",,,,Gladstone,MO,64119,,
INTL_a89c32d5-6,UN,"Compri Health, 412 Libbie Ave",,,,Richmond,VA,23226,,
INTL_a05cfd94-8,UN,"John Nagamine, M.D., 642 Ulukahiki St",,,,Kailua,HI,96734,,
INTL_378c7219-6,UN,"Sunrise Wellness, 142 Cimarron Park Loop",,,,Buda,TX,78610,,
INTL_52e9230a-c,UN,"Moorestown Spine Sports and Wellness, 200 Marter Avenue",,,,Moorestown,NJ,08057,,
INTL_9a132358-5,UN,"Sage Health Center, 403 Ne Franklin Ave",,,,Bend,OR,977014918,,
INTL_9ba47142-3,UN,"STT Medical Management PLLC, 5245 Schaefer Rd.",,,,Dearborn,MI,48126,,
INTL_b6d9031e-3,UN,"Finish First Medical LLC, 1150 S. Bluff St #4",,,,SAINT GEORGE,UT,847706214,,
INTL_df84d9af-4,UN,"California Anesthesiology, Inc, 3803 S Bascom Avenue",,,,Campbell,CA,95008,,
INTL_e422f98d-c,UN,"Josiah Child MD LLC, 1650 Hospital Drive",,,,Santa Fe,NM,87505,,
INTL_57a403be-0,UN,"LISA CHACKO MD, 1150 NW 8th AVE",,,,Gainesville,FL,32601,,
INTL_0d5c6230-f,UN,"Purposely Evolving, 1810 S Pinellas Avenue",,,,Tarpon Springs,FL,34689,,
INTL_2db6d2e5-a,UN,"Xcelsior Health, 2506 S. Macdill Ave",,,,Tampa,FL,33629,,
INTL_8d5e4392-8,UN,"Valet Health, 2041 Martin Luther King Jr. Ave SE",,,,Washington,DC,20020,,
INTL_7bb3fe00-e,UN,"Lorraine Maita, MD, 51 JFK Parkway",,,,Short Hills,NJ,07078,,
INTL_6b9a28ab-b,UN,"Dr. Sally Pediatrics, 3454 Loma Vista Road",,,,Ventura,CA,93003,,
INTL_a4edad75-2,UN,"Simbie Health, 1S376 Summit Ave Bldg C",,,,Oakbrook Terrace,IL,60181,,
INTL_5eb52f1f-b,UN,"Parkside Primary Care, 2345 Kemper Lane",,,,CINCINNATI,OH,45206,,
INTL_0f5f491f-0,UN,"Cura Medical Group, 401 Paterson-Hamburg Turnpike",,,,Wayne,NJ,07470,,
INTL_d9cc5931-c,UN,"Evergreen Women's Wellness LLC, 8051 N Tamiami Trail",,,,Sarasota,FL,34243,,
INTL_a875a1ce-4,UN,"Quiet Corner Family Practice, 697 Pomfret St",,,,Pomfret Center,CT,06259,,
INTL_5bf6c1ba-f,UN,"Live Well DPC, 1528 South Tuttle Avenue",,,,Sarasota,FL,34239,,
INTL_ff168464-7,UN,"Adrienne Burrows, MD, 2001 Santa Monica Blvd",,,,Santa Monica,CA,90404,,
INTL_71e8b3c3-f,UN,"Tailored Care Solutions Inc., 13241 Bartram Park Blvd",,,,Jacksonville,FL,32258,,
INTL_5195260e-2,UN,"Deploy Health Family Practice, 825 Nicollet Mall",,,,Minneapolis,MN,55402,,
INTL_32018268-d,UN,"Apple A Day Primary Care, 15-3039 Pahoa Village Road",,,,Pahoa,HI,96778,,
INTL_4f541d82-d,UN,"Ultra Wellness Medical, 3026 Winghaven Boulevard",,,,OFallon,MO,63368,,
INTL_647fe67f-c,UN,"Remedy Health and Wellness, 112 Columbia Point Drive",,,,Richland,WA,99352,,
INTL_d095f504-1,UN,"Healing Tides Primary Care, 1314 S King St",,,,Honolulu,HI,96814,,
INTL_fa8f787a-5,UN,"Preventive Medicine, 905 Roosevelt Highway",,,,Colchester,VT,05446,,
INTL_01e99171-c,UN,"Concierge Medicine of Boca Raton, 825 Meadows Rd",,,,Boca Raton,FL,33486,,
INTL_1b75f57a-1,UN,"park ridge pain specialists, 1300 W. TOUHY AVENUE",,,,Park Ridge,IL,60068-5500,,
INTL_2dd27f79-e,UN,"Telefamilydoc, 15195 National Ave",,,,los gatos,CA,95032,,
INTL_22af9572-6,UN,"Florida Neuropsychiatric Institute, Inc., 2962 SW 26th Terrace, ",,,,Fort Lauderdale,FL,33312,,
INTL_48dc712e-9,UN,"Alive! Lifestyle Medicine, 401 N Keene Street",,,,Columbia,MO,65201,,
INTL_53edc827-1,UN,"IMHealth, 1615 W Oleander",,,,Fort Worth,TX,76104,,
INTL_dc7c9105-8,UN,"Harvest SS Health, 2623 S. Seacrest Blvd",,,,Boynton Beach,FL,33435,,
INTL_49fa2646-f,UN,"Iron Direct Primary Care, 107 Riverside Place South",,,,Indialantic,FL,32903,,
INTL_d5d6a02f-e,UN,"Pediatrics Together, 12630 W. North Avenue",,,,Brookfield,WI,53005,,
INTL_f1ddb5d0-f,UN,"Paradigm Direct Health, PLLC, 1120 W South Boulder Road",,,,Lafayette,CO,80026,,
INTL_fa5de2be-2,UN,"Belleview Medical Partners, P.C, 113 South West Street",,,,Alexandria,VA,22314,,
INTL_dd73c649-b,UN,"FirstMed Healthcare, LLC, 405 State Hwy 121 Bypass, Suite A25",,,,Lewisville,TX,75067,,
INTL_7ff67703-2,UN,"Bear Valley Medical Clinic LLC, 1690 NE Lynda Lane",,,,Grants Pass,OR,97526,,
INTL_e6d65278-7,UN,"Tree of Life Wellness, 3830 PACKARD ST STE 230",,,,ANN ARBOR,MI,481082273,,
INTL_71d20492-4,UN,"Rheumatology Wellness Center, 3149 N Ponce De Leon Blvd",,,,St. Augustine,FL,32081,,
INTL_e261efd8-8,UN,"High Desert Neurology, 175 North 100 West",,,,Vernal,UT,84078,,
INTL_ab2a6160-3,UN,"Fit Rx Health + Wellness, 4945 Acam Dr",,,,Tuttle,OK,73089,,
INTL_f5ef18f1-9,UN,"Zeal Medical PLLC, 55 S 100 E",,,,Payson,UT,84651,,
INTL_d314f380-8,UN,"Bright Endocrinology PLLC, 14354 N Frank Lloyd Wright Blvd",,,,Scottsdale,AZ,85260,,
INTL_6ed7c56a-a,UN,"Allure Derm and Wellness Center, 91-1001 Kamaile Street",,,,Ewa Beach,HI,96706,,
INTL_2e48854c-d,UN,"Allies4Health, 5819 Oak Branch Dr",,,,St Louis,MO,63128,,
INTL_dcb8c9f0-4,UN,"Sukhjinder S Brah MD, INC, 108 La Casa Via",,,,Walnut Creek,CA,94598-3013,,
INTL_db5491fb-b,UN,"Health+Hormones, 2575 N Ankeny Blvd #203",,,,Ankeny,IA,50023,,
INTL_e2a7fb98-f,UN,"Anovia Health, S.C., 2417 Post Road",,,,Stevens Point,WI,54481,,
INTL_73d736f5-f,UN,"Judithcare, 9532 Harding Ave #103",,,,Surfside,FL,33154,,
INTL_aba16235-d,UN,"Quantum Wellness, 5248 114th St",,,,Lubbock,TX,79424,,
INTL_10145003-b,UN,"TLC Family Health, 2601 Churchill Dr.",,,,Flower Mound,TX,75028,,
INTL_0d74f465-a,UN,"Adama Marie Frye, M.D., 8 Palmer Lane",,,,Atherton,CA,94027,,
INTL_a69b13af-5,UN,"Kazue Tsukikawa, MD, 1010 S. King Street",,,,Honolulu,HI,96814,,
INTL_3a24993b-d,UN,"Ascent Care PC, 247 River Vista Place",,,,Twin Falls,ID,83301,,
INTL_a20a6767-7,UN,"Donald R. Simmons, M.D. LLC, 2624 Huntington Drive",,,,Bartlesville,OK,74006,,
INTL_a3fdb830-1,UN,"Dr. Karina Jarvela, LLC, 3439 SE Hawthorne Blvd.",,,,Portland,OR,97214,,
INTL_ea82e54a-0,UN,"Karen Trask FNP-C, 2200 E. Williams Field #200",,,,Gilbert,AZ,85295,,
INTL_95649678-a,UN,"Emerald Coast Concierge Medicine, PA, 39 Logan Lane",,,,Santa Rosa Beach,FL,32459,,
INTL_90f76b4a-1,UN,"Spot On Health & Beauty, 216 NW Executive Way",,,,Lees Summit,MO,64063,,
INTL_92811a07-1,UN,"MVP Nephrology, 16101 Ventura Blvd",,,,Encino,CA,91436,,
INTL_0c778bd5-d,UN,"Reclaim Wellness, 1291 SH-205",,,,McLendon-Chisholm,TX,75032,,
INTL_52df3838-a,UN,"CAMERON SIKAVI, MD INC, 8631 W 3rd St",,,,Los Angeles,CA,90048,,
INTL_8ff61a7e-d,UN,"Kohala Coast Urgent Care, 62-100 Kaunaoa Drive",,,,Kamuela,HI,96743,,
INTL_71187dbf-0,UN,"KMS Aesthetics, LLC, 469 NJ-17 NYJ/KMS",,,,Paramus,NJ,07652,,
INTL_7583c95d-b,UN,"Avicenna Direct Care, 5148 Hamilton Blvd",,,,Allentown,PA,18106,,
INTL_646e291d-7,UN,"Julie Aspiras, MD., F.A.C.G.S., 3998 Vista Way Suite F",,,,Oceanside,CA,92056,,
INTL_1e391284-4,UN,"Omnis Health Clinic, 34 Glenwood Drive",,,,Columbus,MS,39705,,
INTL_65d9e8ce-0,UN,"NP Care Now, 28509 N 207th Ave",,,,Wittmann,AZ,85361,,
INTL_f127cb10-4,UN,"PRO MED PHYSICIANS, 9161 Narcoossee Road",,,,Orlando,FL,32827,,
INTL_0ac34a0e-1,UN,"Everhope Clinic, PLLC, 3310 2nd Ave North",,,,Billings,MT,59101,,
INTL_d101ce33-0,UN,"Southern Palmetto Primary Care, LLC, 503 Chester Ave",,,,Great Falls,SC,29055,,
INTL_00d62c86-b,UN,"Juan S Blanch, MD, 1950 ormond Blvd",,,,Destrahan,LA,70047,,
INTL_f8c7a506-8,UN,"Accucare Medical Clinic LLC, 280 Wintergreen Road",,,,BRANSON,MO,65616,,
INTL_f6372615-7,UN,"Gaudiani Clinic, 4700 Hale Parkway",,,,Denver,CO,80220,,
INTL_705cc2e3-4,UN,"Harbor Medical Clinic, 513 Goodwill Drive",,,,Ashtabula,OH,44004,,
INTL_c29dbc8a-c,UN,"Cerbo Clinic, PC, 555 Bryant Street",,,,Palo Alto,CA,94301,,
INTL_f39bc91c-4,UN,"Prime Healthcare, 2571 Hawkins Ave",,,,Sanford,NC,27330,,
INTL_d90a2bbd-7,UN,"Maxwell L Larweh MD PC, 12717 S 28th Ave",,,,Bellevue,NE,68123,,
INTL_8ca749c2-f,UN,"Susquehanna Body Works, 107 N Front Street, Suite 110B",,,,Harrisburg,PA,17101,,
INTL_d9affb39-2,UN,"Total Access Medical, 1450 East Boot Road",,,,West Chester,PA,19380-5928,,
INTL_28c36572-a,UN,"Salveo Direct Care, PLLC, 14603 Huebner Rd",,,,San Antonio,TX,78230,,
INTL_d7073418-e,UN,"Complex Care Pediatrics, 570 North Asbury Street",,,,St. Paul,MN,55104,,
INTL_040e15b4-f,UN,"The Health Associates of Tampa, 508 S Habana Ave Ste 300",,,,Tampa,FL,33609,,
INTL_8533f3c3-a,UN,"Frederick P. Benson MD, Inc, 5595 Winfield Blvd",,,,San Jose,CA,95123,,
INTL_8e78d802-3,UN,"Simi Wellness, 50 Vashell Way",,,,Orinda,CA,94563,,
INTL_85e1b12d-c,UN,"Amy B Harpstrite MD LLC, 30 Aulike St",,,,Kailua,HI,96734,,
INTL_8c948a0a-7,UN,"CCHCA Malone Consulting Auditor Practice, 8 Lowes Street",,,,Oxford,MA,01540,,
INTL_3caaaf40-c,UN,"Harmony Health DPC, 18709 N Dale Mabry HWY",,,,Lutz,FL,33548,,
INTL_963fb824-b,UN,"Neurology Associates of Santa Barbara, 219 Nogales Ave",,,,Santa Barbara,CA,93105,,
INTL_65c93b51-2,UN,"InnoVie Family Medicine, PLLC, 2801 Youngfield St.",,,,Golden,CO,80401,,
INTL_2800181e-8,UN,"Lifestyle Medical, 4368 Central Avenue",,,,Riverside,CA,92506,,
INTL_35496241-c,UN,"GENESIS HEALTH AND PERFORMANCE, 3240 W CARELTON RD",,,,HILLSDALE,MI,492422069,,
INTL_09e62278-d,UN,"Tower Integrative Health, 8631 W. 3rd St.",,,,Los Angeles,CA,90048,,
INTL_8b1f803d-7,UN,"Integrative Medicine of Brevard, 311 6th Avenue",,,,Indialantic,FL,32903,,
INTL_891aae56-9,UN,"Mount Vernon Family Medicine, PC, 107 First St NE",,,,MOUNT VERNON,IA,52314,,
INTL_9d0e7cc0-4,UN,"West Family Care Clinic, 100 East Hwy 77",,,,NEWBERN,TN,38059,,
INTL_3040c5ba-f,UN,"Michael Cherkassky, M.D., 1650 West Rosedale Street",,,,Fort Worth,TX,76104,,
INTL_0004ff7e-2,UN,"Crystal Beach Direct Primary Care, 14502 N Dale Mabry Hwy",,,,Tampa,FL,33618,,
INTL_7911d403-7,UN,"My Doctor Primary Care Clinic, 9330 Broadway",,,,Pearland,TX,77584,,
INTL_97439d3f-4,UN,"Angueira Endocrine, PA, 5040 NW 7th Street",,,,Miami,FL,33126,,
INTL_b2500c89-7,UN,"Willow Holistic Health, 21348 HIGHWAY 99E NE",,,,AURORA,OR,970029201,,
INTL_eeec2f10-3,UN,"Klein Natural Health and Wellness Center, 2070 Kilauea Ave.",,,,Hilo,HI,96720,,
INTL_06e2df2c-0,UN,"Mayimrapha Comprehensive Healthcare, 4253 MONTGOMERY BLVD NE",,,,Albuquerque,NM,87109-1130,,
INTL_9001c7e0-7,UN,"Well Primary Care, 102 Sleepy Hollow Drive",,,,Middletown,DE,19709,,
INTL_c0381638-b,UN,"Preventive Neurology, 1214 W Boston Post Rd PMB 454",,,,Mamaroneck,NY,10543,,
INTL_136ffb63-f,UN,"Houston Family Practice, 1200 Binz",,,,Houston,TX,77004,,
INTL_47befdb0-a,UN,"Susan S Hiraoka, DPM LLC, 550 S Beretania St",,,,Honolulu,HI,96813-2496,,
INTL_8e234183-d,UN,"Aloha Malama Health, 401 Kamakee Street",,,,Honolulu,HI,96814,,
INTL_d0bb934a-c,UN,"Palm Beach Concierge Doctors, Inc., 1411 N Flagler Drive",,,,West Palm Beach,FL,33401,,
INTL_5569e0b7-5,UN,"Dune Health, 555 Front St.",,,,San Francisco,CA,94111,,
INTL_28ae3fdf-2,UN,"Total Sports Care, 4205 Balmoral Dr",,,,Huntsville,AL,35801,,
INTL_46744169-3,UN,"Mount Pleasant Medicine-Pediatrics, 183 Benic Pl",,,,Hawthorne,NY,105321001,,
INTL_8142c919-a,UN,"South Beach Endocrine Wellness, 1380 NE Miami Gardens Dr",,,,North Miami Beach,FL,33179,,
INTL_67188814-4,UN,"IM Well, 400 SW Bluff Dr. #220",,,,Bend,OR,97702,,
INTL_de06d7df-b,UN,"Ryse Health, 3033 Wilson Blvd",,,,Arlington,VA,22201,,
INTL_c93bbff6-3,UN,"Caremont Health, 2555 Enterprise Rd",,,,Clearwater,FL,33763,,
INTL_7d0f2d34-2,UN,"Su-Mui Kuo MD, 728 Pacific Avenue",,,,San Francisco,CA,941334449,,
INTL_060ab48d-9,UN,"Davidhizar Medical, PLLC, 3201 University Dr. E.",,,,Bryan,TX,77802,,
INTL_be141cb5-d,UN,"Chevannes Clinic Solutions, LLC, 817 W Broadway",,,,Farmington,NM,87401,,
INTL_bbee86f1-6,UN,"Laurel Sockrider, 12333 W Desert Mirage Dr",,,,Peoria,AZ,85383,,
INTL_0c0c65c6-2,UN,"Belle Medical, 621 E. 12300 S.",,,,Draper,UT,84020,,
INTL_e9121087-8,UN,"Cardiovascular Medical Group, 2250 Hayes St",,,,San Francisco,CA,941171078,,
INTL_bd34e95e-a,UN,"Lansing Med, 611 Holiday Plaza",,,,Lansing,KS,660431704,,
INTL_dfd90cd3-3,UN,"Peach Blossom Pediatrics, 1005 Weatherstone Parkway",,,,Woodstock,GA,30188,,
INTL_b506d789-3,UN,"Puget Sound Medical Associates, 21616 76th Ave W",,,,Edmonds,WA,98026,,
INTL_33f203ed-9,UN,"Mabry Medical, 3277 West Sunset Ave",,,,Springdale,AR,72762,,
INTL_a6062c32-6,UN,"Fiddlehead Family Health Care, 30 Mountain St.",,,,Bristol,VT,05443,,
INTL_a275ac45-f,UN,"TIMOTHY SIEPEL, MD, 34 Barnstead Drive",,,,Springville,NY,14141,,
INTL_18ab4f58-d,UN,"Live Well Family Medicine, 2320 W Ray Road",,,,Chandler,AZ,85224,,
INTL_dc5ade10-0,UN,"Madrid Med, 2585 E Pacific Coast Hwy",,,,Torrance,CA,90505,,
INTL_59cb49bc-3,UN,"Littleton Concierge Medicine, PLLC, 1070 Montgomery Rd, #460",,,,Altamonte Springs,FL,32714,,
INTL_ffc04517-2,UN,"Gig Harbor Naturopathic Medicine PS, 6659 Kimball Dr",,,,Gig Harbor,WA,98335,,
INTL_404c13af-9,UN,"Valley Functional Wellness, 1315 2nd Street",,,,Roanoke,VA,24016,,
INTL_7dfc8b02-f,UN,"Pollard Concierge Health & Wellness PLLC, 8687 W. Sahara Avenue",,,,LAS VEGAS,NV,89117,,
INTL_5fe5c62c-7,UN,"Integrative Mental Health and Wellness, 3007 Charlestown Crossin",,,,New Albany,IN,47150,,
INTL_d843cfb2-c,UN,"Kitagawa Dermatology, 321 N Kuakini St",,,,Honolulu,HI,96817,,
INTL_6654c1d4-9,UN,"LUISCHUGMD, PLLC, 1631 North Loop W",,,,Houston,TX,77008,,
INTL_4cdec5a8-d,UN,"Cassia Optimal Health, 2850 Paces Ferry Rd. SE",,,,Atlanta,GA,30339,,
INTL_fc58344c-3,UN,"Thomas Drazin, MD, 1329 Lusitana St",,,,Honolulu,HI,96813-2431,,
INTL_82388052-9,UN,"Progress Medical Clinic, 16 Hampton Village Plaza",,,,St. Louis,MO,63109,,
INTL_298e7f8c-d,UN,"Kardiologik Inc, 2020 Forest Ave",,,,San Jose,CA,95128,,
INTL_9851d078-c,UN,"Reed Medical Group, 544 Bay Isles Rd",,,,Longboat Key,FL,34228,,
INTL_e71deb1d-b,UN,"Bergen Geriatric Care, LLC, 700 Kinderkamack Road",,,,Oradell,NJ,07649,,
INTL_40fc9038-9,UN,"Jose M. Eguia, M.D., 1 Shrader St",,,,San Francisco,CA,94117,,
INTL_cdee80d1-6,UN,"FoxCare Integrative Health, 14241 Midlothian Tpke.",,,,Midlothian,VA,23112,,
INTL_a2ff7159-3,UN,"Integrative Family Medicine of Asheville, PLLC, 372 Depot St",,,,Asheville,NC,28801,,
INTL_5f2efc80-f,UN,"Polson Family DPC, 402 1st Street East",,,,POLSON,MT,59860,,
INTL_7df3c0a1-9,UN,"Manatee Direct Primary Care, 100 3rd Ave W",,,,Bradenton,FL,34205,,
INTL_fb15770f-5,UN,"Geriatric Solutions, LLC, 5804 Indian Pines Blvd.",,,,Fort Pierce,FL,34951,,
INTL_54606b3a-5,UN,"Women Medical Clinic, 504 W Pueblo St",,,,Santa Barbara,CA,93105,,
INTL_1f23f569-a,UN,"Adam Farzaneh, MD, PC, 69844 HWY 111",,,,RANCHO MIRAGE,CA,92270,,
INTL_4dc24b3e-f,UN,"Vintage Direct Primary Care, 19319 7th Ave NE",,,,Poulsbo,WA,983707504,,
INTL_11c439db-a,UN,"HELPcare Clinic, 308 4th Avenue NW",,,,Austin,MN,55912,,
INTL_181650ee-0,UN,"Heart and Mind, 2036 N Gilbert",,,,Mesa,AZ,85203,,
INTL_f49fbcb9-2,UN,"Journey Direct Primary Care, 2341 John Hawkins Pkwy",,,,Hoover,AL,35244,,
INTL_02c03855-4,UN,"One Song Medicine, 4605 NE Fremont St",,,,Portland,OR,97213,,
INTL_d514585d-e,UN,"Inovi Care, 991 Montague Expy",,,,Milpitas,CA,95035,,
INTL_33bf7355-3,UN,"Bloom Health and Wellness, 215B I-35 HWY NW",,,,Hillsboro,TX,76645,,
INTL_648d31ad-3,UN,"Advanced Care Medical Center, 3130 West Caldwell Ave",,,,Visalia,CA,93277,,
INTL_c3743a0b-3,UN,"iCare Medical Group, 500 N. Garfield Ave., Suite 201",,,,Monterey Park,CA,91754,,
INTL_573e6c9f-f,UN,"The Wellness Institute, E36 Calle Hernandez Carrion",,,,Manati,PR,00674-4622,,
INTL_bbaefe01-c,UN,"Diekman Dysautonomia LLC, 5000 Thayer Center",,,,Oakland,MD,21550,,
INTL_6aa755fb-e,UN,"Lapis Family Medicine, 1010 S L Street",,,,Tacoma,WA,98405,,
INTL_dd98b652-3,UN,"Bespoke Concierge MD, 7702 East Doubletree Ranch Rd",,,,Scottsdale,AZ,85258,,
INTL_9e7822d0-1,UN,"Palma MD, 1300 S Miami Ave",,,,Miami,FL,33130,,
INTL_a06460bb-1,UN,"On Call Mobile Urgent Care, 1147 S. Salisbury Blvd",,,,Salisbury,MD,21801,,
INTL_b95d33a1-c,UN,"Harper Health, 737 North Michigan Avenue",,,,Chicago,IL,60611,,
INTL_f62d19a2-c,UN,"Heidi Peterson, ND, 7005 NE Glisan St",,,,Portland,OR,97213-5517,,
INTL_6157ceb4-8,UN,"ModRN Health, 7400 W 130th Street",,,,Overland Park,KS,66213,,
INTL_65b0e6b3-d,UN,"Thyme Care, Inc., 820 Bear Tavern Road",,,,West Trenton,NJ,08628-1021,,
INTL_2e8b4320-f,UN,"Nexus Medicine, 5770 SW Elm Avenue",,,,Beaverton,OR,97005,,
INTL_a3a48d7c-3,UN,"Geriatric Medical Associates PLLC, 445 Hamilton Ave",,,,White Plains,NY,10601,,
INTL_9cfd724d-3,UN,"Jaggu Health, 1945 Old Gallows Rd",,,,Vienna,VA,22182,,
INTL_2b78f8a4-e,UN,"Titan Healthcare, 2612 Yelm Hwy SE",,,,Olympia,WA,98501,,
INTL_3da9420a-b,UN,"Jason Morris MD Inc, 504 W Pueblo Street",,,,Santa Barbara,CA,93105,,
INTL_9390f33f-1,UN,"Twin Health Group, 2525 E Charleston Rd",,,,Mountain View,CA,94043,,
INTL_5c057600-9,UN,"SBK Medical Consulting Inc, 1481 S. King St",,,,Honolulu,HI,96814,,
INTL_95ee7b00-5,UN,"Mark Chung do not use, 40 Aulike St",,,,Kailua,HI,96734,,
INTL_f4849a73-5,UN,"Health Matters Clinic, 5211 W. Adams Blvd.",,,,Los Angeles,CA,90016,,
INTL_685e8898-2,UN,"Crossover - Nearsite - Central, 3021 Gateway Dr.",,,,Irving,TX,75063,,
INTL_672f5f9e-7,UN,"Monarca Health, 340 West St.",,,,Keene,NH,03431,,
INTL_5454e35c-1,UN,"pureHealth DPC, 1105 1st Street East",,,,Polson,MT,59860,,
INTL_e7decc59-2,UN,"Doc At Your Door, 332 W Lee Hwy",,,,Warrenton,VA,20186,,
INTL_7dde9427-d,UN,"DBG Medical, 44489 Town Center Way",,,,Palm Desert,CA,92260,,
INTL_a44fd2c9-e,UN,"Enhanced Body Ivology and Cryogenics, 2196 Main Street",,,,Dunedin,FL,34698,,
INTL_9ac6f050-8,UN,"HBA Internal Medicine, 4024 Park E CT SE",,,,Grand Rapids,MI,49546,,
INTL_8f7a726e-5,UN,"Fareed Clinic, 3455 Plymouth Blvd",,,,Plymouth,MN,55447,,
INTL_8050ffb3-1,UN,"Island Pacific Medical Center, 1441 Kapiolani Blvd",,,,Honolulu,HI,96814,,
INTL_cd901ac8-1,UN,"Utah Spine Medicine, P.C., 5770 South 250 East",,,,Murray,UT,84107,,
INTL_4181c182-a,UN,"Erickson Medical Clinic, LLC, 409 Lincoln Avenue",,,,Clay Center,KS,674322907,,
INTL_cfb78e96-d,UN,"Diamond Health Inc., 8222 Douglas Avenue STE 700",,,,Dallas,TX,75225,,
INTL_ff20a37d-d,UN,"Lantern Health, 390 South French Broad Avenue",,,,Asheville,NC,28801,,
INTL_5e9b937a-b,UN,"T. W. Daniel Medical, 4974 Edenview drive",,,,San Jose,CA,95111-4029,,
INTL_1b0ca91f-4,UN,"Panhandle Primary Care, 36 Ochlocknee Street",,,,Crawfordville,FL,323272368,,
INTL_3a66e31d-3,UN,"Body of Health Direct Primary Care, 401 Keene Street",,,,Columbia,MO,65201,,
INTL_e25bdc0b-0,UN,"Bordofsky, Trautwein, and Rubio, MDs., 515 E. Micheltorena Stree",,,,Santa Barbara,CA,93103,,
INTL_f853a09b-3,UN,"VitaLink Hawaii LLC, 1029 Kapahulu Ave",,,,Honolulu,HI,96816,,
INTL_ae42805e-c,UN,"Arogya Rheumatology PLLC, 1051 Pemberton Hill Rd",,,,Apex,NC,27502,,
INTL_63c1d357-1,UN,"Afrouz Gerayli, MD, Inc., 500 Paseo Camarillo",,,,Camarillo,CA,93010,,
INTL_57e8091b-5,UN,"Vincent Wong, DPM, 728 Pacific Ave",,,,San Francisco,CA,941334457,,
INTL_6802e2d5-4,UN,"Carolina D. Davide, M.D.,Inc., 85-910 Farrington Hwy",,,,Waianae,HI,967922651,,
INTL_ca268299-8,UN,"Heart and Soul Medical PA, 600 W 6th St Ste 455",,,,Fort Worth,TX,76102,,
INTL_5e749dc4-c,UN,"Irish Family Practice, PLLC, 1014 N. Third Street",,,,Marquette,MI,49855,,
INTL_7b132991-9,UN,"Triune Wellness, 1620 Whippoorwill Ln",,,,Bentonville,AR,72713,,
INTL_7e46c7bd-c,UN,"Plume Health, PC, 303 S Broadway",,,,Denver,CO,80209-1809,,
INTL_3bb0d564-f,UN,"Elevated Wellness Medical Center, 5340 East Main Street",,,,Whitehall,OH,43213,,
INTL_ceee7514-4,UN,"Village Primary Care, 21 West Clarke Avenue",,,,Milford,DE,19963,,
INTL_4f6aadda-f,UN,"Restoration Clinic, 17619 State Hwy 58 N.",,,,Decatur,TN,37322,,
INTL_be8421ee-3,UN,"Faith Family Health, PLLC, 14 Academy Street",,,,Burnsville,NC,28714,,
INTL_24a0990d-1,UN,"David A. Jacoby M.D. and Gail T. Jacoby M.D., 1036 Laurel St",,,,San Carlos,CA,94070,,
INTL_4df0788c-d,UN,"Sensa Health ENT, 966 S Western Ave.",,,,Los Angeles,CA,90006,,
INTL_0c1191fa-f,UN,"Promina Health, PC, 1606 Physicians Dr",,,,Wilmington,NC,28401,,
INTL_0ad76a93-9,UN,"Kathryn Saxton, D.O., 887 Oak Grove Avenue",,,,Menlo Park,CA,94025,,
INTL_8d091bc8-6,UN,"Flora Medina-manuel, M.D., 2153 North King St",,,,Honolulu,HI,96819-4560,,
INTL_886e0908-f,UN,"MorningStar Family Health Center, 4 Walter E Foran Bvd",,,,Flemington,NJ,08822,,
INTL_5d7268ca-0,UN,"Bloom Gynecology, 450 Hawkins Run Rd",,,,Midlothian,TX,76065,,
INTL_4ada051f-9,UN,"DaySpring Integrative Wellness, 1 North Street",,,,Bath,ME,04350,,
INTL_2cfa9521-1,UN,"Oregon Naturopathic Clinic, 1132 5th St.",,,,Springfield,OR,97477,,
INTL_e28e1032-1,UN,"Elevated Healthcare, 800 W. Platt St.",,,,Tampa,FL,33606,,
INTL_a16b164a-c,UN,"Episource, LLC., 500 W. 190th Street",,,,Gardena,CA,90248,,
INTL_b9b6b8eb-3,UN,"William A. Martinez M.D., S.C., 1870 W Winchester Rd",,,,Libertyville,IL,60048-5359,,
INTL_23212fc9-8,UN,"Lifelong Weight Loss, 3100 Weslayan St",,,,Houston,TX,77027,,
INTL_d07c6582-7,UN,"Southern California Heart Centers, 506 W Valley Blvd",,,,San Gabriel,CA,91776-3731,,
INTL_11f9b932-6,UN,"Hiroyu Hatano, 3200 Middlefield Road",,,,Palo Alto,CA,94306,,
INTL_3e735655-8,UN,"Maitri Wellness, 65 North Maple Avenue",,,,Ridgewood,NJ,07450,,
INTL_5a7472f8-0,UN,"Integrated Concierge, 862 Brown Switch Rd",,,,Slidell,LA,70458,,
INTL_c52715ba-1,UN,"Grace Health, 96 Ocean Street",,,,South Portland,ME,04106,,
INTL_c0782c62-0,UN,"Foundational Health Care, 72 Washington Street",,,,Taunton,MA,02780,,
INTL_ce5cc1aa-9,UN,"Integral Medicine, 120 1st Ave NW",,,,Issaquah,WA,98027,,
INTL_e549a530-0,UN,"EVEXIA MEDICAL, LLC, 125 W Indiantown Rd",,,,JUPITER,FL,33458,,
INTL_4d8c4b47-a,UN,"Evolved Science Naples, 625 Tamiami Trail North",,,,Naples,FL,34102,,
INTL_4efe98a2-d,UN,"Rejuvenation Medical, PLLC, 2222 E. Meridian Avenue East",,,,Edgewood,WA,98371,,
INTL_35b30ebe-4,UN,"Downtown Drs. Brown, 318 South Mill Street",,,,Lexington,KY,40508-1275,,
INTL_6f74563b-d,UN,"Arthur Jonas, 2365 Lakeview Drive",,,,Beavercreek,OH,45431,,
INTL_a6fd4ffb-5,UN,"Nancy Eklund MD, 8353 SW 124 Street",,,,Miami,FL,33156,,
INTL_14a24573-e,UN,"AB Tech Health Clinic, 10 Genevieve Circle",,,,Asheville,NC,28801,,
INTL_8c2c6303-2,UN,"Age Management Medical Group, 517 Squam Lake Road",,,,Center Sandwich,NH,03227-0284,,
INTL_873f1bb5-0,UN,"Clarity DPC, 8350 N St. Clair Ave",,,,Kansas City,MO,64151,,
INTL_2274530a-4,UN,"Foxhall Internists, PC - Dr. Lawrence Klein, 3301 New Mexico Ave",,,,Washington,DC,20016,,
INTL_1360ab9a-4,UN,"Therapeutic Associates of Maui, LLC, 111 Hana Hwy",,,,Kahului,HI,96732,,
INTL_238071ab-7,UN,"Nathan Alyesh MD Inc, 23622 Calabasas Rd",,,,Calabasas,CA,91302,,
INTL_022035d7-5,UN,"Next Level Primary Care, 7880 Gate Parkway",,,,Jacksonville,FL,32256,,
INTL_01601984-2,UN,"Central Medical Clinic, 330 W Marine Corps Dr",,,,Dededo,GU,969295924,,
INTL_6f151818-4,UN,"First Choice Family Medical Clinic, LLC, 75 Highway 388",,,,Brooksville,MS,39739,,
INTL_fc9c7282-4,UN,"Bluestone Health, 15477 Ventura Blvd",,,,Sherman Oaks,CA,91403,,
INTL_941f2aed-6,UN,"Mesa Family Practice, P.C., 2130A Farmington Avenue",,,,Farmington,NM,87401,,
INTL_87270758-f,UN,"Batool Imtiaz, 6020 West Parker RD",,,,Plano,TX,75093,,
INTL_103eba86-4,UN,"Margo Estrin. M.D., 3189 Danville Blvd.",,,,Alamo,CA,94507,,
INTL_7085f268-7,UN,"Coastal Premier Medical Care, 340 Tamiami Trail N",,,,Naples,FL,34102,,
INTL_2a1b4348-9,UN,"Corey C. Chinn, M.D., LLC, 98-1079 Moanalua Rd",,,,Aiea,HI,96701,,
INTL_fa970c8b-a,UN,"Emerald Coast Heart & AFib, PLLC, 550 W Redstone Ave",,,,Crestview,FL,32536,,
INTL_03a5278d-5,UN,"Interactive Wellness, 401 Burgess Drive",,,,Menlo Park,CA,94025-3408,,
INTL_a9aa4262-3,UN,"Covenant Family Care, PLLC, 10820 Boykin Pl",,,,Matthews,NC,28105,,
INTL_76cce68e-c,UN,"Marieke Heatwole, LLC, 615 E 82nd Ave",,,,ANCHORAGE,AK,99518,,
INTL_67e9edc4-2,UN,"Endocrinology Associates, Inc, 72 W 3rd Ave",,,,Columbus,OH,43201,,
INTL_1d1066e3-9,UN,"Tandem Primary Care, 105 Newsom Street",,,,DURHAM,NC,27704,,
INTL_43ce794b-a,UN,"Hydrangea Family Medicine, LLC, 450 Chauncy Street",,,,Mansfield,MA,02048,,
INTL_adb8a8bd-6,UN,"Deena Neff, MD, 484 Lake Park Ave.",,,,Oakland,CA,94610,,
INTL_5d9c6bf8-5,UN,"Kaylor Family Medicine, 2536 N Stokesberry Place",,,,Meridian,ID,83646,,
INTL_beb52e84-3,UN,"LaRocca Medical, 20 Montchanin Rd.",,,,Greenville,DE,19807,,
INTL_5c0c3ed2-1,UN,"Bluebonnet Diabetes & Endocrinology PLLC, 4613 Bee Cave rd, ST A",,,,Austin,TX,78746,,
INTL_d88da347-7,UN,"Thrive Wellness of Reno, 201 W LIBERTY ST",,,,RENO,NV,89501,,
INTL_a9fdc5c9-4,UN,"Cornerstone Family Healthcare, 24 Quail Drive Suite A",,,,Pryor,OK,74361,,
INTL_7ded40c6-f,UN,"Brain Health Institute, 616 S Catalina Ave",,,,Redondo Beach,CA,90277,,
INTL_d6ff32f1-a,UN,"Internal Medicine of Washington, 6400 Goldsboro Road",,,,Bethesda,MD,20817,,
INTL_23b9e1a9-2,UN,"Drug, Alcohol, Mental Health Counseling & Evaluation Services, I",,,,Honolulu,HI,96825,,
INTL_04143b77-5,UN,"Merritt Pediatrics, 14325 Blanco Rd",,,,SAN ANTONIO,TX,78216,,
INTL_358a8956-5,UN,"Total Wellness Health Care LLC, 139 Executive Circle",,,,Daytona Beach,FL,32114,,
INTL_d6733cdd-2,UN,"Renee L. Sato, MD, LLC, 1380 Lusitana Street",,,,Honolulu,HI,96813,,
INTL_84e0d1ad-d,UN,"Osborne Mental Wellness, 120 Ryan Drive",,,,Rising Sun,MD,21911,,
INTL_f7a23d53-8,UN,"Expand Health, 3441 Cypress Mill Rd",,,,Brunswick,GA,31520,,
INTL_4eb8431d-1,UN,"ELITE INFECTIOUS DISEASE OF NEVADA PLLC, 3280 N. Rainbow",,,,Las Vegas,NV,89108,,
INTL_5bfea254-6,UN,"Seattle Integrative Medicine, 2111 N Northgate Way",,,,Seattle,WA,98133,,
INTL_734ded4a-c,UN,"Beehive Comprehensive Clinic, Inc, 3409 W 12600 South Suite 230",,,,Riverton,UT,84065,,
INTL_96e14fb6-7,UN,"West Valley Dry Eye, 15003 W Bell Rd",,,,Surprise,AZ,85374,,
INTL_29ae7f08-d,UN,"Inspire Family Medicine, 45 Sterling St",,,,West Boylston,MA,01583,,
INTL_72fa837c-0,UN,"Mayflower Retirement Center, Inc., 1620 Mayflower Ct",,,,Winter Park,FL,32792,,
INTL_f25d0c85-5,UN,"Evergreen Geriatrics, LLC, 4004 KRUSE WAY PLACE",,,,LAKE OSWEGO,OR,970358661,,
INTL_f49c8065-8,UN,"Wellness Cube LLC, 9131 Piscataway Road",,,,Clinton,MD,20735,,
INTL_a4b6089c-a,UN,"New Beginnings Pediatrics PLLC, 3708 S Main St",,,,Blacksburg,VA,24060,,
INTL_033e0ef3-a,UN,"Magnolia Direct Primary Care, 2845 Texas Ave.",,,,Bridge City,TX,77611,,
INTL_52797727-5,UN,"Axis Clinic, 808 S. Shary Rd., Suite 5-308",,,,Mission,TX,78572,,
INTL_893ac64c-e,UN,"Kim J. Horn, MD, 1415 North Loop West",,,,Houston,TX,77008,,
INTL_2268227c-c,UN,"Optimage Health, 930 Mission St.",,,,Santa Cruz,CA,95060,,
INTL_ff2de96c-d,UN,"Guardian Health Center, 179 Flanders Rd",,,,Niantic,CT,06357,,
INTL_1ace6ae5-4,UN,"Care With Compassion, 625 N Gilbert Rd",,,,Gilbert,AZ,85234,,
INTL_d69660aa-0,UN,"Perspective Health Iowa, LLC, 8860 Northpark Dr.",,,,Urbandale,IA,50131,,
INTL_c1d6ecbe-f,UN,"Everest Health Partners, 8065 Leesburg Pike",,,,Vienna,VA,22182,,
INTL_0e8af58f-9,UN,"Ackerly McBride Group PLLC, 4910 Massachusetts Ave NW",,,,Washington,DC,20016,,
INTL_b0e0f464-9,UN,"Redwood Medical and Aesthetics, 401 Olympia Ave NE",,,,Renton,WA,98056,,
INTL_78b9fa3b-1,UN,"JAMES DOGHRAMJI, MD, 705 Cedar Hill Rd",,,,Ambler,PA,19002,,
INTL_6ee7e3b2-3,UN,"Livingwater's Medical Clinic, Inc., 24910 Las Brisas Rd",,,,Murrieta,CA,92562-4010,,
INTL_0d346d5c-5,UN,"Woodbury Endocrinology and Diabetes Clinic, 539 Bielenberg Dr",,,,Woodbury,MN,55125,,
INTL_ef18b624-e,UN,"Our Care, LLC, 2200 South George Street",,,,York,PA,17403,,
INTL_bee21bfa-f,UN,"Premium Primary Care, 947 Eastern Parkway",,,,Louisville,KY,40217,,
INTL_ee8a35b9-f,UN,"Big Mountain Family Medicine, 542 Central Ave",,,,Whitefish,MT,59937,,
INTL_c094afd6-e,UN,"Comprehensive Health & Wellness Center, PA, 4040 Sheridan St",,,,Hollywood,FL,33021-3536,,
INTL_6c6bc5b6-7,UN,"Resilience Orthopedics, 2430 Samaritan Dr.",,,,San Jose,CA,95124,,
INTL_e98d8919-1,UN,"LakelandMD, 202 Lake Miriam Dr.",,,,Lakeland,FL,33813,,
INTL_a223640b-b,UN,"Grace Kar-Ying Wong MD LLC, 1329 Lusitana St",,,,Honolulu,HI,968132429,,
INTL_813d0712-9,UN,"Main Street Health Medical Partners PC, 926 Main St",,,,Nashville,TN,37206,,
INTL_759fced1-a,UN,"Spa Rhea, 656 E 11400 S",,,,Draper,UT,84020,,
INTL_46527e6a-e,UN,"TTNYDND OBGYN Inc, 1329 Lusitana St.",,,,Honolulu,HI,96813,,
INTL_965a9839-1,UN,"Jia Y Wang, MD, 1225 Crane St.",,,,Menlo Park,CA,94025,,
INTL_37a08c17-4,UN,"San Diego Metabolic Health, 280 Riverview Parkway",,,,Santee,CA,92071,,
INTL_b6cf42d9-7,UN,"SPARCC Sports Medicine, 5199 E Farness Dr",,,,Tucson,AZ,85712-2262,,
INTL_196674cf-9,UN,"Precision Home Medical Group PLLC, 2901 W. Bluegrass Blvd",,,,Lehi,UT,84043,,
INTL_db33dffb-e,UN,"The Life Center for Healthy Aging, 815 Quarrier Street",,,,Charleston,WV,25301,,
INTL_502e7104-7,UN,"Ekahi Wellness, 321 N Kuakini St",,,,Honolulu,HI,96817,,
INTL_47cd602e-f,UN,"CarasHealth, 130 Portola Road",,,,Portola Valley,CA,94028,,
INTL_112e9349-0,UN,"Jason Peck, 8037 Corporate Center Drive",,,,Charlotte,NC,28226,,
INTL_90d489bf-1,UN,"Aleyda M Borge, MD PA, 9710 Stirling Road",,,,Cooper City,FL,33024,,
INTL_f4a23c3a-9,UN,"Brian Birdwell, MD, PC, 415 West Gore Blvd",,,,Lawton,OK,73501,,
INTL_07491182-a,UN,"Surgical Associates, Inc, 550 South Beretania Street",,,,Honolulu,HI,96813,,
INTL_348832cc-d,UN,"Castillo Care Center, 5405 W Hillsdale Ave",,,,Visalia,CA,93291,,
INTL_a7c9478e-a,UN,"Birchwood Family Medicine, LLC, 101 West Loomis Street",,,,Birchwood,WI,54817,,
INTL_3a4a4f21-9,UN,"Rosedale Family Care Partners, 5222 Burnet Road",,,,Austin,TX,78756,,
INTL_b25eb65e-d,UN,"NLHAC, 1030 E US Hwy 377",,,,Granbury,TX,76048,,
INTL_ed1adb6f-7,UN,"Cascade Cancer Care LLC, 403 NE Franklin Ave",,,,Bend,OR,97701,,
INTL_6db5a67c-4,UN,"Grateful Direct Primary Care, 8541 S. Redwood Road",,,,West Jordan,UT,84088,,
INTL_ec30831a-3,UN,"Murray Concierge Medical Services, LLC, 920 37th Place",,,,Vero Beach,FL,32960,,
INTL_16d9e05a-5,UN,"Brio-Medical, 11000 N Scottsdale Rd",,,,Scottsdale,AZ,85254,,
INTL_450140f7-f,UN,"Conejo Valley Primary Healthcare, 1429 E Thousand Oaks BLVD",,,,THOUSAND OAKS,CA,91362,,
INTL_d6262e61-6,UN,"NESS - Nevo Sports and Spine, 4849 Van Nuys Blvd #202 Sherman Oa",,,,Sherman Oaks,CA,91403-2110,,
INTL_fd4826b3-a,UN,"Grace Wellness Center, LLC, 2504 Acorn Street",,,,Fort Pierce,FL,34947,,
INTL_41400e9e-6,UN,"VALOR Direct Primary Care, 131 N Rangeline Road",,,,Carmel,IN,46032,,
INTL_8441e4ac-6,UN,"Jenifer Kramer MD PC, 3375 Park Avenue",,,,Wantagh,NY,11793,,
INTL_ed5f52ce-5,UN,"McEwen Family Practice, 227 West 10th Avenue",,,,Eugene,OR,97401,,
INTL_97e6f9b0-f,UN,"Integrative Body & Mind, 931 Lincoln Street",,,,Fort Morgan,CO,80701,,
INTL_bcc64025-3,UN,"Simplified Care, 4036 Ridge Dr",,,,PUEBLO,CO,810081720,,
INTL_7b370d65-2,UN,"Ohana Medical Care, 675 W 4th St",,,,Kuna,ID,83634,,
INTL_8a06ffdd-7,UN,"Leena Pandya, ND, 2920 Webster Street",,,,San Francisco,CA,94123,,
INTL_e6ecaede-3,UN,"Direct Med Clinic, 1010 NW Loop 410",,,,San Antonio,TX,78213,,
INTL_33c28142-2,UN,"Joseph A Sims, D.O., 1000 Bluebird View",,,,Newtown Square,PA,19073,,
INTL_9f712d8f-7,UN,"Corina Dunlap ND MS, 254 Commercial St, Ste 258",,,,Portland,ME,04101,,
INTL_c9e17bc9-8,UN,"Phoenix Foot & Ankle - Paul Woodward, 3832 E Thomas Rd",,,,Phoenix,AZ,850187510,,
INTL_9d39ecca-e,UN,"Hyang Eun Sohn MD, 2727 W Olympic Blvd",,,,Los Angeles,CA,90006,,
INTL_0b3d862f-4,UN,"NP Care Clinic, 802 N. Bonnie Brae",,,,Denton,TX,76201,,
INTL_9d59cf20-3,UN,"Nova Pediatrics LLC, 5415 Copper Springs lane",,,,Cumming,GA,30040,,
INTL_1cb9d6d9-9,UN,"Pacific Physical Medicine Associates, 1329 Lusitana St",,,,Honolulu,HI,96813,,
INTL_8ddd8d8d-7,UN,"BloomMed, 8951 Collin-McKinney Pkwy",,,,McKinney,TX,75070,,
INTL_a5ca668a-9,UN,"LiveUp Healthcare & Wellness, 261 N University Drive",,,,Plantation,FL,33324,,
INTL_4fa733c1-9,UN,"Sports & High Performance Medicine, 20 Sunnyside Avenue",,,,Mill Valley,CA,94941,,
INTL_0dc190e5-a,UN,"ReAbility MD, 881 Dover Drive",,,,Newport Beach,CA,92663,,
INTL_f0458194-2,UN,"Ludwig's Village Family Medicine, 2946 Conestoga Rd",,,,Glenmore,PA,19343,,
INTL_09ffec1d-e,UN,"EnVogue Med & Wellness, PLLC, 1701 E. Woodfield Rd",,,,Schaumburg,IL,60173,,
INTL_d0087f8c-e,UN,"PENNY HOUSEMAN, NP-C, 1781 four mile cove pkwy",,,,Cape Coral,FL,33990,,
INTL_245f4f1b-6,UN,"Yumi Ando, MD, 887 Oak Grove Avenue",,,,Menlo Park,CA,94025,,
INTL_b50f9742-2,UN,"Dennis G Walker Family Clinic - Crowley, 421 N AVENUE F",,,,CROWLEY,LA,705265044,,
INTL_fe0be366-b,UN,"Envision Pediatrics, 1795 Alysheba Way, #2101",,,,Lexington,KY,40509,,
INTL_5010e87b-c,UN,"Angela Pratt, MD, 1319 Punahou St.",,,,Honolulu,HI,968261001,,
INTL_d4dda7ba-a,UN,"Santa Barbara Lifestyle Medicine, 1532 State St.",,,,Santa Barbara,CA,93101,,
INTL_a40761ae-5,UN,"Daniel Lee MD PC, 3201 E. Memorial Rd",,,,Edmond,OK,73013,,
INTL_c96d9716-1,UN,"Telehealth NP, Serving: AZ, AR, ID, MN, MT, UT, OK, OR, WA, NH, ",,,,TX,CO,80224,,
INTL_6b27eaca-2,UN,"Martin Surgical Associates, LLC, 7421 N University Dr",,,,Tamarac,FL,33321,,
INTL_c31eeeef-f,UN,"All Kids R Us, 2933 CYPRESS ST",,,,WEST MONROE,LA,712915337,,
INTL_4c7bc194-f,UN,"Vicente S Ramo MD PC Inc, 634 Kalihi Street",,,,Honolulu,HI,96819,,
INTL_b1c4cafa-f,UN,"Pittsburgh Pediatric Endocrinology, 6301",,,,Pittsburgh,PA,15217,,
INTL_96733784-3,UN,"Mimo Medical Services, 113 West Ruby St",,,,Stephens,AR,71764,,
INTL_607fa928-2,UN,"MedGem PLLC, 4088 Katy Road",,,,Katy,TX,77494,,
INTL_351f5f1c-d,UN,"Shu-Wing Chan, MD, 929 Clay St",,,,San Francisco,CA,94108,,
INTL_db6a1218-7,UN,"Healthspan Immunology, PLLC, 3210 Cove Bend Dr",,,,Tampa,FL,33613,,
INTL_23c73d4e-5,UN,"Katy Family Medicine and Urgent Care, 21922 Bellaire Boulevard",,,,Richmond,TX,77407,,
INTL_46a466a2-4,UN,"Prime Neurology LLC, 385 PROSPECT AVE",,,,HACKENSACK,NJ,07601,,
INTL_414fcc63-4,UN,"Oasis Occupational Medicine, 2810 W Charleston Blvd",,,,Las Vegas,NV,89102,,
INTL_81e333c0-e,UN,"Clear Practice (Lumeris), 13900 Riverport Drive",,,,Maryland Heights,MO,63043-4804,,
INTL_c87928ab-5,UN,"Felix Chi-Ming Yip MD Inc, 600 N Garfield Ave",,,,Monterey Park,CA,91754,,
INTL_044d3b73-3,UN,"Vida Family Medicine, 1111 Hwy 6",,,,Sugar Land,TX,77478,,
INTL_ae9f42d3-7,UN,"Petersen Concierge Medical, 2315 McDonald Avenue",,,,MISSOULA,MT,59801,,
INTL_749143f5-4,UN,"Cheng-Yang Christian Tuan M.D., 1580 Valencia St",,,,San Francisco,CA,941104423,,
INTL_5a3c0b9c-6,UN,"Alamo Heights Direct Primary Care, 423 Treeline Park, Suite 201",,,,San Antonio,TX,78209,,
INTL_26e52de5-3,UN,"Bliss Health & Wellness, 19105 36th Ave @",,,,Lynnwood,WA,98036,,
INTL_e96f43d2-0,UN,"Patient Centered Physician's Care, PC, 3019 North Highland Avenu",,,,Jackson,TN,38305,,
INTL_72af7e05-7,UN,"Ohana Direct Primary Care, 6558 E Carondelet Drive",,,,Tucson,AZ,85710,,
INTL_4c30735d-7,UN,"Vineyard Medical Care, LLC, 11917 S Norwood Ave",,,,Tulsa,OK,74137,,
INTL_4799f745-1,UN,"CareBridge TELEMEDICINE, 926 Main Street",,,,Nashville,TN,37206,,
INTL_2888cc01-9,UN,"Pecan Health, 9677 South 700 East",,,,SANDY,UT,84070,,
INTL_a9933963-1,UN,"Reclaiming Our Bodies, PLLC, 911 E Pike St #319",,,,Seattle,WA,98122,,
INTL_9446fc04-9,UN,"Nestor Del Rosario MD, Inc., 94-939 Kahuailani St.",,,,Waipahu,HI,96797-3326,,
INTL_6ff237b4-7,UN,"Waipahu Medical Clinic, 94-300 Farrington Hwy # E-06",,,,Waipahu,HI,96797,,
INTL_4c91796c-6,UN,"Christopher Thrash MD, 2416 Castillo St",,,,Santa Barbara,CA,93105,,
INTL_49b6eb45-d,UN,"Preferred Family Medicine, 9120 Double Diamond Pkwy",,,,Reno,NV,89521,,
INTL_6730abd7-f,UN,"Hoover Clinica Urgencia, 1620 S Hoover St",,,,Los Angeles,CA,90006,,
INTL_c54a9bc6-c,UN,"Samuel Da-Seng Kao, MD, 450 Sutter St",,,,San Francisco,CA,94108,,
INTL_68be973d-8,UN,"Canyon Primary Care LLC, 328 Uluniu St",,,,Kailua,HI,96734,,
INTL_291fc750-d,UN,"health2me LLC, 2361 Ahaiki St",,,,Pearl City,HI,96782,,
INTL_1d886584-7,UN,"Dr Paul Steadman PLLC, 2136 Keegan Court",,,,Mattews,NC,28104,,
INTL_6ede6b6d-5,UN,"ER CARE, 7780 LAKE UNDERHILL RD",,,,Orlando,FL,32822,,
INTL_ae41d4a0-f,UN,"CAIPA Corporate PCP, 202 Canal St Ste. 500",,,,New York,NY,10013,,
INTL_a84bf711-9,UN,"Vital Medicine for the Soul, PLLC, 11250 N. Tatum Blvd",,,,Phoenix,AZ,85028,,
INTL_a893e6a0-8,UN,"HENRY BLOOM, MD, 20620 JOHN CARROLL BLVD",,,,UNIVERSITY HEIGHTS,OH,44118,,
INTL_fe2aac88-7,UN,"Faith Family Health DPC, 116 W 19th",,,,Falls City,NE,66538,,
INTL_3a550f28-1,UN,"Kingdom Wellness & Family Health PLLC, 5422 W Thunderbird Rd.",,,,Glendale,AZ,85306,,
INTL_e94cbb20-5,UN,"PMAG-Integrated Behavioral Health, 1357 Kapiolani Blvd",,,,Honolulu,HI,96814,,
INTL_68f0d2a3-f,UN,"Eve Henry, MD, 887 Oak Grove",,,,Menlo Park,CA,94025,,
INTL_8690df77-4,UN,"TheWellClinic, 2855 S Church St",,,,BURLINGTON,NC,27215,,
INTL_838cb97d-4,UN,"MDX Hawaii Kalele NP, PO Box 1505",,,,Kahului,HI,96733,,
INTL_ec526924-8,UN,"MyMD Select, 3618 N University Dr",,,,Nacogdoches,TX,75965,,
INTL_8d3dcc36-d,UN,"EndoMD Health, 8401 Mayland Dr",,,,Richmond,VA,23294,,
INTL_b95590df-d,UN,"Cornerstone Care Clinic, 1520 Ohio Ave South",,,,Live Oak,FL,32064,,
INTL_b3aac526-7,UN,"Elite Care Pediatrics LLC, 4600 Madison Ave.",,,,Kansas City,MO,64112,,
INTL_cc05c099-c,UN,"Verum Health, 5014 East 101st Street",,,,Tulsa,OK,74137,,
INTL_8afa2ddf-b,UN,"Edinson Camargo Arias, MD, Paseo Las Cumbres",,,,San Juan,PR,00926,,
INTL_a599563c-7,UN,"Yu-Hsiang Sam Lee, D.O., 600 North Garfield Avenue",,,,Monterey Park,CA,91754,,
INTL_372ab7df-9,UN,"CornerstoneMD, 5150 Crenshaw Rd.",,,,Pasadena,TX,77505,,
INTL_8732a8fa-8,UN,"Still Waters Family Health, 715 E Main Street",,,,BURNSVILLE,NC,287148509,,
INTL_bc0467bf-1,UN,"Men's Health of Parkersburg, 1512 36th Street",,,,Parkersburg,WV,26104,,
INTL_bd2be9a9-b,UN,"Kingdom Healing Institute, 7434 Louis Pasteur Dr",,,,San Antonio,TX,78229,,
INTL_88b97d25-d,UN,"Care First Walk-In Clinic, 12635 W State Hwy 29",,,,Liberty Hill,TX,78642,,
INTL_f140a234-f,UN,"Coastal Care Solutions, 204 Stafford Road",,,,Stevensville,MD,21666,,
INTL_428e4435-c,UN,"Monarch Rheumatology, PLLC, 13988 Diplomat Drive",,,,Farmers Branch,TX,75234,,
INTL_f6e6f23a-f,UN,"Ivy Health Primary Care, 2135 Highway 95",,,,Bullhead City,AZ,86442,,
INTL_00050261-4,UN,"Emerge MediSpa & Wellness Center, PLLC, 1515 W Walnut St STE 3A",,,,Jacksonville,IL,62650,,
INTL_e29ced44-5,UN,"Mara K Sweeney, MD, 1509 State Street",,,,Santa Barbara,CA,93101,,
INTL_1d4ac41e-d,UN,"M. Hasbani MD and MJ Hasbani MD PhD, LLC, 136 Sherman Ave",,,,New Haven,CT,06511,,
INTL_b74a886f-9,UN,"James L Chen MD, Inc, 728 Pacific Avenue",,,,San Francisco,CA,941334449,,
INTL_fb5afe86-3,UN,"Ryu Hurvitz Orthopedic Clinic - Graham Hurvitz, 2936 De La Vina ",,,,Santa Barbara,CA,93105,,
INTL_e0946240-b,UN,"Lost Creek Medical, 695 S Colorado Blvd",,,,Denver,CO,80214,,
INTL_8baa4729-5,UN,"Cheresa C Ng MD Inc, 2250 Hayes St.",,,,San Francisco,CA,94117,,
INTL_5bb39f08-1,UN,"Brand Performance Medicine, 13353 Bel-Red Rd",,,,Bellevue,WA,98005,,
INTL_a1637734-1,UN,"Foxhall Internists, PC - John Dooley, 3301 New Mexico Ave",,,,Washington,DC,20782,,
INTL_c055e458-6,UN,"MATTHEW C. FRANKEL, MD FACP, 135 S 19th St",,,,Philadelphia,PA,19103,,
INTL_3722f0e4-4,UN,"Coastal Direct Primary Care, 1409 Savannah Road",,,,Lewes,DE,19958,,
INTL_a92b63f8-7,UN,"Domi Healthcare LLC, 7919 KENNEDY BLVD",,,,NORTH BERGEN,NJ,07047,,
INTL_b4de7021-3,UN,"CharlestonMD, 677 King St",,,,Charleston,SC,29403,,
INTL_cd8beca0-f,UN,"Priority Health & Addiction Medicine, 1117 S Miles Ave",,,,Union City,TN,38261,,
INTL_9d6d2f8c-7,UN,"Olive Branch Rheumatology, 2500 Grubb Road",,,,Wilmington,DE,19810,,
INTL_df542d05-f,UN,"Lighthouse Pediatrics, PLLC, 1000 West Hwy 6",,,,Waco,TX,76712,,
INTL_3a8b2b10-5,UN,"NB Direct Medicine, 952 Gruene Road",,,,New Braunfels,TX,78132,,
INTL_6aff4768-6,UN,"Prosper Direct Health, 5402 Morningside Ave.",,,,Sioux City,IA,51106,,
INTL_fd25d18b-c,UN,"Dr. Anthony Hernandez MD, Inc., 2055 N King st",,,,Honolulu,HI,96819-4019,,
INTL_e8962b6a-2,UN,"Hilo Family Medicine, 670 Ponahawai St",,,,Hilo,HI,96720,,
INTL_300c4d33-c,UN,"Pillars of Care LLC, 105 E Industrial Rd",,,,Guthrie,OK,73044,,
INTL_a90d47f8-7,UN,"Tranquility Aesthetics and Wellness Center, 387 Tuckie Road",,,,North Windham,CT,06256,,
INTL_3cc29cc0-c,UN,"Benton H H Chun, MD, Inc, 1329 Lusitana Street",,,,Honolulu,HI,96813-2429,,
INTL_8c1b26f2-4,UN,"Jeff Toll MD, 2080 Century Park East",,,,Los Angeles,CA,90067,,
INTL_eb2d628b-2,UN,"Ocotillo Primary Care, 2860 S Alma School Road",,,,Chandler,AZ,85286,,
INTL_77b77540-d,UN,"Golden Gate ENT Corp, 1711 Taraval Street",,,,San Francisco,CA,94116-2308,,
INTL_023ae565-3,UN,"Health Alliance Medical Group, 17170 Colima Rd",,,,Hacienda Heights,CA,91745,,
INTL_788e2aa8-9,UN,"Sozo Integrative Health, 3745 Dacoro Lane",,,,Castle Rock,CO,80109,,
INTL_6d5abe5e-2,UN,"Connecticut Lifestyle Medicine, 955 S Main St",,,,Middletown,CT,06457,,
INTL_c91a017f-0,UN,"Healthy Asians & Pacific Islanders Medical Center, 8863 W. Flami",,,,Las Vegas,NV,89147,,
INTL_98618aee-1,UN,"EMHA, 6300 W Loop South",,,,Bellaire,TX,77401,,
INTL_1abab95b-f,UN,"Osteopathic Midlife Health, 11223 Station Rd",,,,North East,PA,16428,,
INTL_6026f86f-2,UN,"Simply You Wellness, 3000 N 14TH ST SUITE 3A",,,,Bismarck,ND,58501,,
INTL_edd2a0fa-1,UN,"Dayly Wellness, 4145 SW Watson Ave",,,,Beaverton,OR,97005,,
INTL_b6a92d7d-4,UN,"Neocity Walk In Medical Care, LLC, 1310 N Main St.",,,,Kissimmee,FL,34744,,
INTL_68c203d3-b,UN,"Bodhicitta Healing Arts - Mark Bricca ND, 370 Bean River RD",,,,Pine Plains,NY,12567,,
INTL_6ba78bed-a,UN,"A Trusted Nurse Practitioner, LLC, 1101 GULF BREEZE PKWY",,,,GULF BREEZE,FL,32561-4862,,
INTL_60f77e30-4,UN,"Rocky Mountain Health and Healing, 95 Ponderosa RD",,,,Clancy,MT,59634,,
INTL_5254194f-5,UN,"Member Medical DPC, 300 W Dixie Ave",,,,Elizabethtown,KY,42701,,
INTL_c1a19087-4,UN,"Specialized Clinic, 280 Business Park Circle",,,,Saint Augustine,FL,32095,,
INTL_357eaf59-0,UN,"South Hills Integrated Psychiatric Services, P.C., 505 Valley Br",,,,McMurray,PA,15317,,
INTL_ef1c3c55-6,UN,"Yixi Zhang MD, 3535 ROSS AVE",,,,SAN JOSE,CA,95124,,
INTL_cf9563c7-1,UN,"Everybody's Family Clinic, 2499 GLADES RD",,,,USA,FL,33431,,
INTL_381a8fb4-b,UN,"IHOR MAGUN, M.D., 2000 N VILLAGE AVE",,,,ROCKVILLE CENTRE,NY,11570,,
INTL_e727220e-d,UN,"Accord Medical Care, P.C., 150 Centre Street",,,,New York,NY,10013,,
INTL_7691faea-1,UN,"Robert F Dobyns MDPA, 4412 Spicewood Springs Road",,,,Austin,TX,78759,,
INTL_9ed05d04-9,UN,"Wahiawa Family Practice Clinic, Inc., 302 California Ave",,,,Wahiawa,HI,96786-1841,,
INTL_893bb62b-5,UN,"Cohen Healthcare Inc, 23622 Calabasas Road",,,,Calabasas,CA,91302,,
INTL_1623b962-7,UN,"Avanti DPC, 1661 Feehanville Drive",,,,Mount Prospect,IL,60056,,
INTL_2deee015-3,UN,"Dennis Hughes, MD, Inc., 1292 Coast Village Road",,,,Santa Barbara,CA,93108,,
INTL_07e617b7-f,UN,"Together Waco Direct Care, 2040 N Valley Mills Dr",,,,Waco,TX,76710,,
INTL_307de49e-9,UN,"San Jose Integrative Medicine, 3535 Ross Ave Ste 101",,,,San Jose,CA,951243038,,
INTL_9e144762-6,UN,"P.L. Zylanoff, M.D., 3149 MAIN ST",,,,MARLETTE,MI,48453,,
INTL_4b560b83-6,UN,"287 Family Medicine, 4031 EAST HIGHWAY 287",,,,MIDLOTHIAN,TX,76065,,
INTL_e2f1d7b3-b,UN,"Yusra Hussain, MD, 805 El Camino Real",,,,Palo Alto,CA,94301,,
INTL_d5885009-b,UN,"Trailhead Clinics Montrose, 401 South Park Ave",,,,Montrose,CO,814015741,,
INTL_44ff9016-e,UN,"Senscio Systems, 1000 Mt Laurel Circle",,,,Shirley,MA,01464,,
INTL_a8aab96e-8,UN,"Cornerstone Medical & Weight Loss, 2095 Branford Place",,,,Thompsons Station,TN,37179,,
INTL_c1ffb7ad-1,UN,"Mensah Medical, 4200 Commerce Court",,,,Lisle,IL,60532,,
INTL_48b06554-6,UN,"Assurance Healthcare & Counseling Center, 3611 River Road",,,,Yakima,WA,98902,,
INTL_ca9d476c-2,UN,"Infinite Health, PLLC, 2201 Park Rd",,,,Charlotte,NC,28203,,
INTL_5cf706d7-b,UN,"Ryu Hurvitz Orthopedic Clinic - James Bailey, 2936 De La Vina St",,,,Santa Barbara,CA,93105,,
INTL_92f5e3f2-b,UN,"Dr. Juniper Martin, 11845 Sw Greenburg Rd",,,,Tigard,OR,97223,,
INTL_16f1b3a7-b,UN,"Astra Healthcare PLC, 7010 E Chauncey Ln Suite 215",,,,Phoenix,AZ,85054,,
INTL_7e85ff8a-e,UN,"Elizabeth B. Fraze, M.D., 1425 University Avenue",,,,Palo Alto,CA,94301,,
INTL_8386699c-a,UN,"Revive Medicine, LLC, 3888 Fair Ridge Dr",,,,Fairfax,VA,22033,,
INTL_2b4a64e2-5,UN,"Coastal Complete Direct Primary Care, LLC, 908 East Causeway Blv",,,,Vero Beach,FL,32963,,
INTL_0f8023bc-6,UN,"Lance M Kurata M.D., 405 N Kuakini Street",,,,Honolulu,HI,96817-6300,,
INTL_96119da4-f,UN,"Vidal Concierge LLC, 871 Donald Ross Road",,,,Juno Beach,FL,33408,,
INTL_29258c93-0,UN,"Sweetwater Family Clinic, 601 E 1st",,,,Sweetwater,TX,79556,,
INTL_26cdc216-7,UN,"Executive Cardiac Arrhythmia Solutions, 4550 E. Bell Road",,,,Phoenix,AZ,85032,,
INTL_45644d8c-5,UN,"Sozo Health and Wellness Services, PLLC, 3342 East Oakland Stree",,,,Gilbert,AZ,85295,,
INTL_727b9716-2,UN,"Aloha Primary Care Physicians, 24 N Church St",,,,Wailuku,HI,96793,,
INTL_48fa0d2a-5,UN,"Sooriabalan Medical, PLLC, 2452 US Route 9",,,,Malta,NY,12020,,
INTL_efcd6722-a,UN,"Woman's Way Medical: Elizabeth Gallego, LM, MS, 300 N. Main St.",,,,Spring Valley,NY,10977,,
INTL_5ae11512-3,UN,"Prime Care of Georgia, 1000 Towne Center Blvd",,,,Pooler,GA,31322,,
INTL_0d331690-3,UN,"Royal Healing Natural Health, 2717 Commercial Center Blvd",,,,Katy,TX,774946410,,
INTL_133d2bfe-a,UN,"Jyming Wang, MD, PC, 133-36 41st Rd.",,,,Flushing,NY,11355,,
INTL_55db1d47-8,UN,"Hometown Family Health, 103 E Broadway Ave",,,,Montesano,WA,98563,,
INTL_dc3b13c5-7,UN,"Kona-Kohala Health Care Svc., 75-137 Hualalai Road",,,,Kailua Kona,HI,96740-1703,,
INTL_69d16a1a-0,UN,"World of Wellness, Healing Care, 2125 S El Camino Real",,,,Oceanside,CA,92054,,
INTL_d2e4f2cc-9,UN,"Donohoe Pediatrics, LTD., 3916 N Damen Avenue",,,,Chicago,IL,60618,,
INTL_d3b70839-3,UN,"Heyday Health, 143 Boardman-Canfield Rd",,,,Boardman,OH,44512,,
INTL_f8595311-d,UN,"Agape Wellness Center, Inc., 9820 E. 141st St",,,,Fishers,IN,46038,,
INTL_fdcc222d-f,UN,"Oasis Medical, 280 Merchants Square",,,,Dallas,GA,30132,,
INTL_2318fc76-c,UN,"Fort Worth Allergy & Asthma Associates, 4200 S Hulen St",,,,Fort Worth,TX,76107-5029,,
INTL_386628c8-7,UN,"Bozeman Concierge Medicine, 1232 N. 15th Ave",,,,Bozeman,MT,59715,,
INTL_8b82aa93-a,UN,"Ultimatemd, 3945 Nanz Ave",,,,Louisville,KY,40207,,
INTL_97ad90c2-e,UN,"South Bay Sports & Preventive Medicine Associates, 900 Lafayette",,,,Santa Clara,CA,95050,,
INTL_1cdb4b2b-8,UN,"Elangwe Enterprises, Inc, 2420 rogers",,,,Fort Smith,AR,72901,,
INTL_31b4d575-a,UN,"MI Partner Health, 2100 Raybrook SE",,,,Grand Rapids,MI,49546,,
INTL_10f177cf-e,UN,"Allen Kamrava, M.D. M.B.A., Inc., 435 N. Bedford Dr.",,,,Beverly Hills,CA,90210,,
INTL_9ddc18ee-b,UN,"Dr. Silva's Ultra Wellness, 1100 S FEDERAL HWY STE 100",,,,DEERFIELD BEACH,FL,33441,,
INTL_4b14bbfb-e,UN,"Mary Beth Valiulis, MD, LLC, 7607 Fern Avenue",,,,Shreveport,LA,71105,,
INTL_a81713ed-d,UN,"Monadnock Natural Medicine, PC, 457 NH Route 123",,,,Sharon,NH,03458,,
INTL_006ef65c-e,UN,"Medhelp, 4600 HIGHWAY 280",,,,BIRMINGHAM,AL,352425028,,
INTL_12f89ecd-b,UN,"Shah Primary Care, 1680 Route 23",,,,Wayne,NJ,07470-7512,,
INTL_beb2f712-9,UN,"Leah B. Gilliam, MD, 83 S. Main St.",,,,Lexington,TN,38351,,
INTL_330274e1-5,UN,"Vital Blue Corporation, 1801 Lee Road",,,,Winter Park,FL,32789,,
INTL_bf8c5ab3-7,UN,"Spear Direct Care PLLC, 9321 N Government Way",,,,Hayden,ID,83835,,
INTL_d2fb432f-a,UN,"Aledade Care Solutions of Delaware, LLC, 3105 LIMESTONE RD",,,,WILMINGTON,DE,198082156,,
INTL_3c8dcece-2,UN,"Dr Barbara Koudelka, 21300 N John Wayne Parkway",,,,Maricopa,AZ,85139,,
INTL_3ee08e12-e,UN,"Trinette Moss, 1831 N. Belcher Rd",,,,Clearwater,FL,33765,,
INTL_d498c572-0,UN,"Resolve MD: Direct Primary Care, 10440 Shaker Drive",,,,Columbia,MD,21043,,
INTL_487ed441-7,UN,"Hayato Mori, M.D., Inc., 321 N Kuakini Street",,,,Honolulu,HI,96817-2360,,
INTL_6852c72f-1,UN,"Island Mind Therapy LLC, 1955 Main St",,,,Wailuku,HI,96793,,
INTL_a761d4d0-c,UN,"Akamai Foot Doctor, 1441 Kapiolani Blvd",,,,Honolulu,HI,96814,,
INTL_8a43708e-7,UN,"Allergenuity Health Associates, 10235 Hickorywood Hill Avenue",,,,Huntersville,NC,28078,,
INTL_a940896c-e,UN,"Amalura Health, 130 Central Ave",,,,Dover,NH,03820,,
INTL_98ece5b3-0,UN,"The Institute for Human Services, 350 Sumner Street",,,,Honolulu,HI,96817,,
INTL_6af3e2a6-9,UN,"Community Internal Medicine Inc, 7880 Wren Ave",,,,Gilroy,CA,95020,,
INTL_1468ee50-3,UN,"Firsthand Health, 1032 E Brandon Blvd #4567",,,,Brandon,FL,33511,,
INTL_6d10b8be-e,UN,"Portland Menopause Doc LLC, 2954 NE 50th Ave",,,,PORTLAND,OR,97213,,
INTL_78de9d78-a,UN,"Transformative Healthcare LLC, 4 Country Club Executive Park",,,,Glen Carbon,IL,62034,,
INTL_5e5ca804-b,UN,"Julio Batista Ortiz, 8574 SW 8th St",,,,Miami,FL,33144,,
INTL_c90f5e5e-4,UN,"Members Private Healthcare, 31330 Northwestern Highway",,,,Farmington Hills,MI,48334,,
INTL_3fda014e-6,UN,"My HealthMatrix Alachua, 13450 NW 104TH Ter",,,,Alachua,FL,32615,,
INTL_890248de-0,UN,"Godofredo Baclig, M.D., 405 N Kuakini St",,,,Honolulu,HI,968176300,,
INTL_040b5f43-3,UN,"New England Center for Pelvic Health, 174 South Freeport Road",,,,Freeport,ME,04032,,
INTL_cec0d437-a,UN,"Green Valley Proactive Ritter Md Pc, 121 Carnegie St",,,,Green Valley,NV,89052,,
INTL_ddbc24e0-4,UN,"Meliora Family Medicine PLLC, 1112 Ellsworth Blvd",,,,Malta,NY,12020,,
INTL_fb30873b-6,UN,"Asymmetric Health, 221 Kenyon St NW",,,,Olympia,WA,98502,,
INTL_30d30b4f-1,UN,"Advanced Primary Care, 1100 Our Lady's Way, Suite 245",,,,Ashland,KY,41101,,
INTL_d8b222c7-6,UN,"MyDirectMD, 7350 Sand Lake Commons Blvd",,,,Orlando,FL,32819,,
INTL_a64fea29-4,UN,"Holy City Med Urgent and Primary Care, 5479 North Rhett Avenue",,,,North Charleston,SC,29406,,
INTL_313df3c9-5,UN,"[READ-ONLY] Alaska Compass, 2600 Denali St",,,,Anchorage,AK,99503,,
INTL_d08c005d-d,UN,"Walking E Family Practice, 857 Polk St",,,,TWIN FALLS,ID,83301,,
INTL_6d5db3a9-c,UN,"Zephyr Health PLLC, 808 S Public",,,,Lafayette,CO,80026,,
INTL_077307bf-d,UN,"MOHS Micrographic and Skin Surgery, 745 W. San Antonio Ave",,,,Boerne,TX,78006,,
INTL_4fbf7c3d-4,UN,"Arizona TRT LLC, 1846 E INNOVATION PARK DR",,,,Oro Valley,AZ,85755,,
INTL_09f542d7-0,UN,"John Jay Wellness Center, 524 West 59th Street",,,,New York,Ny,10019,,
INTL_f909ea87-8,UN,"Vivcare Medical Services, Telehealth",,,,East Meadow,NY,11554,,
INTL_d629fc17-2,UN,"Open Arms Family Medicine, PC, 26746 Main Street",,,,ARDMORE,AL,35739,,
INTL_4832229d-a,UN,"Mobius, 855 El Camino Real",,,,Palo Alto,CA,94301,,
INTL_b3a4eff2-b,UN,"Our Way Health (First Primary Care), 8582 Katy Freeway",,,,Houston,TX,77024,,
INTL_def84b98-1,UN,"Rockford Pulmonary Clinic, 6078 Palo Verde Dr #4, Rockford IL 61",,,,Rockford,IL,61114,,
INTL_00b23a4a-7,UN,"Mountain Desert Health, 4411 Montano Rd NW",,,,ALBUQUERQUE,NM,87120,,
INTL_d862008e-9,UN,"RYAN BOLTON, MD, 555 W 38th St",,,,New York,NY,10018,,
INTL_b8ec12f3-f,UN,"Edwards Health, PLLC, 4748 Main Street",,,,Shallotte,NC,28470,,
INTL_020010ca-f,UN,"The Doctor, 7543 SANTA MONICA BLVD",,,,WEST HOLLYWOOD,CA,900466406,,
INTL_4379bd97-1,UN,"Southern Rockies Concierge, 521 Evergreen Lane",,,,Taos,NM,984054234,,
INTL_55ba1ddc-9,UN,"Monarch Healthcare, 545 Country Road HQ",,,,MARQUETTE,MI,49855,,
INTL_d93f593d-5,UN,"Mosaic Theory MD, 22365 Broderick Drive",,,,Sterling,VA,20166,,
INTL_18f92867-d,UN,"Doctors at Home, 999999",,,,Phoenix,AZ,85228,,
INTL_9079ccbe-a,UN,"The Men's Clinic for Wellness and Vitality, PLLC, 1745 E Skyline",,,,Tucson,AZ,85718,,
INTL_f805f570-e,UN,"Crossover - Nearsite - Mountain, 8000 S Federal Way M/S 1-706",,,,Boise,ID,83716,,
INTL_941a3f90-3,UN,"Joan K Feltman, M.D., 2021 Santa Monica Blvd",,,,Santa Monica,CA,90404,,
INTL_003611de-5,UN,"Sound Medicine and Wellness, 3216 NE 45th Place",,,,Seattle,WA,98105,,
INTL_a1a70b8e-2,UN,"Low T Clinic, 2150 N Main St",,,,North Logan,UT,84341,,
INTL_a07f5d51-c,UN,"Holistic Health Design, 1957 Chestnut Street",,,,San Francisco,CA,94123,,
INTL_03d54371-5,UN,"CCHCA Hill Physicians Auditor Practice, P.O. Box 5080",,,,San Ramon,CA,94583,,
INTL_6d683ae9-e,UN,"Devine Concierge Medicine, 165 Ridgewood Rd",,,,Wayne,PA,19087,,
INTL_cd972493-6,UN,"Foundation Health, LLC, 1949 Pearl Street",,,,Boulder,CO,80302,,
INTL_ddaf88d7-3,UN,"Green Mountain Primary Care PLC., 102A Court Street",,,,Middlebury,VT,05753,,
INTL_f0739c86-f,UN,"Medicine Man, Inc., 9700 N 91st St",,,,Scottsdale,AZ,86262,,
INTL_e2e7ccaf-c,UN,"Discover Health, 1575 South Beretania Street",,,,Honolulu,HI,96826,,
INTL_6e5ba98a-f,UN,"Thrive Medical, 30 N Michigan St 1924",,,,Chicago,IL,60602,,
INTL_cf4c8fe4-5,UN,"Zamar Family Medicine DPC, 4327 S Hwy 27",,,,Clermont,FL,34711,,
INTL_96aeb674-2,UN,"Primaire Medical System, 2395 Montpelier Drive",,,,San Jose,CA,95116,,
INTL_b9bd75be-6,UN,"Milepost Medical, 18220 State Highway 249",,,,Houston,TX,77070,,
INTL_1b6bb86e-4,UN,"M. V. SCHWARTZ, 247 THIRD AVENUE",,,,NEW YORK,NY,10010,,
INTL_f59a1265-b,UN,"Compassionate Kidney Care Inc., 7351 W. Oakland Park Blvd.",,,,Lauderhill,FL,33319,,
INTL_d7e0fd46-1,UN,"OC Sports and Wellness, 26700 Towne Centre Dr",,,,Foothill Ranch,CA,926102844,,
INTL_c70f6fd2-9,UN,"Riverside Family & Lifestyle Medicine, 428 Del Prado Blvd N",,,,Cape Coral,FL,33909,,
INTL_f0db3c34-7,UN,"Long Life DPC, 2150 S. Douglas Blvd",,,,Midwest City,OK,73130,,
INTL_d81df4cf-2,UN,"Unity Ascent, 230 E Flamingo Road",,,,Las Vegas,NV,89169,,
INTL_d9a4aa2c-b,UN,"Kufoy Medical Clinic, 311 S PINE ST",,,,DERIDDER,LA,706344837,,
INTL_d7d6e431-0,UN,"Alchemical Transformations Health Services, P.C., 5301 Alpha Roa",,,,Dallas,TX,75240,,
INTL_47eec92d-a,UN,"Felicia Kay Garcia MD, 31 Robinson Road",,,,Severna Park,MD,21146,,
INTL_6443129c-d,UN,"Ambrose Integrative Medicine, 249 Islington Street #11",,,,Portsmouth,NH,03801,,
INTL_43e2531b-a,UN,"Sprinter Health, 4600 Bohannon Dr",,,,Menlo Park,CA,94025,,
INTL_1c41fe79-4,UN,"Lauren Spilsbury, 350 Terracina Blvd",,,,Redlands,CA,92373,,
INTL_1f11b59c-e,UN,"Carolina Respiratory Care Clinic, 93 FAMILY CHURCH RD",,,,MURPHY,NC,28906,,
INTL_31d6060c-4,UN,"Be Vital Health Center, 125 N Main St",,,,Blacksburg,VA,24060,,
INTL_04153ff1-1,UN,"Pediatric Neurocare, 170 Pine Ave N",,,,Oldsmar,FL,34677,,
INTL_335744a9-d,UN,"Conejo Valley Electrophysiology, 865 Patriot Drive",,,,Moorpark,CA,93021,,
INTL_1eaabcc4-b,UN,"Black Bear Primary Care, 1100 Rutherford Rd",,,,GREENVILLE,SC,29609,,
INTL_05863cd8-7,UN,"Dr. Edward Boland, LLC, 119 Davis Rd",,,,Martinez,GA,30907,,
INTL_32132f3d-2,UN,"Oasis Health Clinic, 1701 23RD STREET",,,,Galveston,TX,77550,,
INTL_58c83eb5-a,UN,"Companion Health, PLLC, 309 S. Sharon Amity",,,,Charlotte,NC,28211,,
INTL_4015341d-4,UN,"JT Family Care, 1855 Alum Rock Ave",,,,San Jose,CA,95116,,
INTL_04d5ef8b-9,UN,"Wozani Integrative Health, 5906 Godding Hollow Pkwy",,,,Frederick,CO,80504-5432,,
INTL_d045ca42-e,UN,"Amazing Life Centre LLC, 4417 N 40th St",,,,Phoenix,AZ,85018,,
INTL_f2a69ba8-e,UN,"Concierge MD STAT, 145 Wyckoff Road",,,,Eatontown,NJ,07724,,
INTL_1b219db0-5,UN,"the903np, 2221 HG Mosley Pkwy",,,,Longview,TX,75604,,
INTL_feec37f0-8,UN,"Santa Barbara ENT, 2420 Castillo Street",,,,Santa Barbara,CA,93105,,
INTL_fad89130-a,UN,"Divergent Primary Care, 1011 N Walnut St",,,,Milford,DE,19963,,
INTL_696291ad-6,UN,"Euphora Health, 711 W 38th Street",,,,Austin,TX,78705,,
INTL_3ff8170b-f,UN,"Thrive Gynecology, PC, 135 S Bryn Mawr Ave",,,,Bryn Mawr,PA,19010,,
INTL_62e7f2f7-b,UN,"Advanced Footcare Center LLC, 40 Aulike St",,,,Kailua,HI,96734-2757,,
INTL_f735f141-8,UN,"Dr. Zahava Hersh, 557 Central Avenue",,,,Cedarhurst,NY,11516,,
INTL_dbd8fbd4-0,UN,"Ka Wai Ola Family Medical Clinic, 94-849 Lumiaina St #207",,,,Waipahu,HI,96797,,
INTL_9fcedc6a-1,UN,"Cornerstone Family Health and Associates, 4505 SANTA ROSA DR",,,,MIDLAND,TX,79707,,
INTL_212ca031-6,UN,"Family First Direct Primary Care, 7607 Fern Avenue",,,,Shreveport,LA,71105,,
INTL_36ffa1d8-8,UN,"Lost Key Comprehensive Care and Wellness, 12385 SORRENTO RD STE ",,,,PENSACOLA,FL,32506,,
INTL_ad44fed4-0,UN,"CostCare, PLLC, 3031 S Russell St",,,,Missoula,MT,59801,,
INTL_e3c3df4c-4,UN,"Member Plus Family Health, 123 Bjune Dr SE",,,,Bainbridge Island,WA,98110,,
INTL_25a1ccf8-d,UN,"Santa Barbara Orthopaedic Foot and Ankle Center, 5333 Hollister ",,,,Santa Barbara,CA,93111,,
INTL_c5b49fcf-9,UN,"Carrie Heisinger, PAC, 689 N Main St",,,,Cottonwood,AZ,86326,,
INTL_abf1c428-e,UN,"Eileen Callaway, M.D., 10491 6 Mile Cypress Parkway",,,,Fort Myers,FL,33966-6518,,
INTL_c2bca54e-3,UN,"MyNP.com, 1600 Creekside",,,,Folsom,CA,95630,,
INTL_3e6d6ff3-c,UN,"Coastline Family Medicine, PLLC, 200 Doctors Drive",,,,Jacksonville,NC,285466308,,
INTL_7686285b-4,UN,"Juan Carlos Ramirez MD Inc, 3355 East Gage Ave",,,,Huntington Park,CA,90255,,
INTL_8cee0017-c,UN,"Xiandong Shi, MD, PC, 41-60 Main St.",,,,Flushing,NY,11355-3833,,
INTL_e23c1f26-b,UN,"Vincent Tubiolo, M.D. Inc., 2320 Bath St",,,,Santa Barbara,CA,931054384,,
INTL_b50e5c31-b,UN,"Inbloom Health LLC, 25 Buttrick Rd",,,,Londonderry,NH,03053,,
INTL_daca46cf-5,UN,"Vibrant Health, 501 Islington St.",,,,Portsmouth,NH,03801,,
INTL_477ff417-a,UN,"First Stop Health, Administrative Address:  24 E. Washington St.",,,,Chicago,IL,60602,,
INTL_c39159a2-7,UN,"Brand New Med, PLLC, 400 North St. Paul Street",,,,Dallas,TX,75201,,
INTL_b01c9bb6-f,UN,"Amanda Murray, Looking forward to meeting you at your home!",,,,"Syracuse, Clearfield, West Point, Roy, Layton",UT,840759104,,
INTL_b9fe2659-2,UN,"Hilo Natural Health Clinic, 47 Lanihuli St",,,,Hilo,HI,96720,,
INTL_baa94bec-4,UN,"CMC Healthcare PLLC, 200 Sydney Blvd",,,,Thorndale,TX,76577,,
INTL_a8b77bdf-3,UN,"KidCierge Pediatric Care, 433 N Camden Drive",,,,Beverly Hills,CA,90210,,
INTL_bd22ca59-d,UN,"Kristi T. Lopez, M.D., Inc., 321 N. Kuakini Street",,,,"Honolulu,",HI,96817,,
INTL_abdb4477-0,UN,"Hugo Lopez, DNP, FNP-C & Associates, 1224 Third Street",,,,Corpus Christi,TX,78404,,
INTL_2c01cee5-5,UN,"Family Practice of Elk City, PC, 601 W 3rd St",,,,Elk City,OK,736445205,,
INTL_5ce25a4f-6,UN,"Vincent Ho, M.D., 8843 Valley Blvd",,,,Rosemead,CA,91770-1713,,
INTL_f8b1bb17-f,UN,"Richard Pena-Ariet MD, 1420 SW Saint Lucie West Blvd",,,,Port Saint Lucie,FL,349861963,,
INTL_26e245d6-c,UN,"Direct2MD, 5055 E Washington Street",,,,Phoenix,AZ,85034,,
INTL_0f17624a-3,UN,"Robert G Edwards MDPC, 1539 Lincoln Avenue",,,,Pittsburgh,PA,152061220,,
INTL_19764f5b-f,UN,"David E. Jackson, MD, 6110 Sherry Lane",,,,Dallas,TX,75225,,
INTL_e24dcd83-3,UN,"Cardiac Health & Wellness, 9100 Wilshire Blvd",,,,Beverly Hills,CA,90212,,
INTL_e70b6f39-9,UN,"Total Spine & Brain Institute, 1110 Nikki View Drive",,,,Brandon,FL,33511,,
INTL_5988eb34-1,UN,"Assembly Care Ministries Health Line, 12103 W 139th Terrace",,,,Overland Park,KS,66221,,
INTL_26e8aa78-d,UN,"Grace Neurology Clinic, 505 N. 6th Street",,,,Longview,TX,75601,,
INTL_0f65bdc1-f,UN,"Olympus Men, 700 Court A",,,,Tacoma,WA,98402,,
INTL_5f546044-c,UN,"Our Lady of Hope Medical Clinic, 7960 S University Blvd",,,,Centennial,CO,80122,,
INTL_cd60239a-b,UN,"True Health Direct Primary Care, 1847 W Hwy 46",,,,New Braunfels,TX,78132,,
INTL_e5179eb4-c,UN,"One on One Health Care, 3201 Zafarano Dr",,,,Santa Fe,NM,87507,,
INTL_3e6866ee-d,UN,"Coastal Direct Health and Wellness P.C., 1022 Grandiflora Drive",,,,Leland,NC,28451,,
INTL_ab06744e-d,UN,"Suneye Koohsari, M.D., 5 West 37th",,,,New York,NY,10018,,
INTL_9aff2175-6,UN,"Farwell Family Healthcare, 405 Ave A",,,,Farwell,TX,79325,,
INTL_0c17e003-5,UN,"Ming Li Tsang M.D., 909 Hyde St.",,,,San Francisco,CA,94109,,
INTL_81338cad-e,UN,"Burns Family Wellness Care, 3737 N Meridian St Ste 509",,,,INDIANAPOLIS,IN,46208,,
INTL_2965e771-4,UN,"Neeraj Kochhar, MD, 15195 National Ave",,,,Los Gatos,CA,95032,,
INTL_c5a5eb6d-9,UN,"Cindy LaMar, MD, 1225 Crane St.",,,,Menlo Park,CA,94025,,
INTL_636ee7cf-3,UN,"Schulte Wellness, LLC, 1928 Donn Davis Way",,,,Tipp City,OH,45371,,
INTL_d4a77a48-1,UN,"Total LifestyleMed Care, 376 Lafayette Road",,,,Sparta,NJ,07871,,
INTL_e517002f-d,UN,"The Telemed NP, 640 Lincoln Street",,,,Worcester,MA,01605,,
INTL_e0455941-6,UN,"Heart of Wellness, 205 Clark Place SE",,,,Tumwater,WA,98501-4062,,
INTL_8b5fb7b0-0,UN,"Mi-Health, 770 Kapiolani Blvd",,,,Honolulu,HI,96813,,
INTL_65991e74-6,UN,"Dae-wook Kang, 2000 W Hedding St",,,,San Jose,CA,951281426,,
INTL_468dd5d6-7,UN,"Doctors For The Family, 215 Oak Dr South Suite I",,,,Lake Jackson,TX,77566,,
INTL_499aa21a-0,UN,"Santa Barbara Nephrology, 2428 Castillo Street",,,,Santa Barbara,CA,93105,,
INTL_8e30aed0-b,UN,"TR WELLNESS - NP IN PSYCH, 3191 COLE ROAD",,,,EATON,NY,13334,,
INTL_c3ae0fda-4,UN,"[ READ ONLY] Hsin Yi Grace Huang MD Inc, 51 N 5th Ave",,,,Arcadia,CA,91006,,
INTL_c528aa01-b,UN,"The Doc Shoppe, 1704 Forest Drive",,,,Corbin,KY,40701,,
INTL_3d595ad3-1,UN,"Equipoise Healthcare, 8110 E 32nd St. N",,,,WICHITA,KS,67226,,
INTL_91b258b9-d,UN,"Neurosurgical Associates of Santa Barbara, 2410 Fletcher Avenue",,,,Santa Barbara,CA,93105,,
INTL_03d0e702-a,UN,"Premier Med-Peds, 714 Federal Drive",,,,Selmer,TN,38375,,
INTL_0c4334c4-1,UN,"David K. Mcdonald, MD PA, 3325 Plainview",,,,Pasadenta,TX,77504,,
INTL_5dd49ef0-9,UN,"Sugg Primary Care Clinic, 238 2nd Ave S",,,,Glasgow,MT,59230-2313,,
INTL_b4194360-c,UN,"Kihei-Wailea Medical Center, 221 Pi'ikea Ave",,,,Kihei,HI,967538268,,
INTL_c94a2998-0,UN,"Direct Primary Care, 212 East Central Ave. Suite 360",,,,Spokane,WA,99208,,
INTL_97712b64-d,UN,"Pegasus Health Justice Center, 1408 N Riverfront Blvd",,,,Dallas,TX,75207,,
INTL_10977a9f-d,UN,"Nervana, 1752 E. Lugonia Ave",,,,Redlands,CA,92374,,
INTL_7b7c9970-2,UN,"Origins DPC PLLC, 51 East Main Street",,,,Warner,NH,03278,,
INTL_18690833-c,UN,"Endeveren Family Medicine, 3015 N. 90th St",,,,OMAHA,NE,68134,,
INTL_2cda4aad-7,UN,"Wellness Associates, 6013 West Overland Road",,,,Boise,ID,83709,,
INTL_45e91562-c,UN,"Awaken Wellness NC, 405 Barrington Cross",,,,FAYETTEVILLE,NC,28303,,
INTL_0be2c52e-7,UN,"Farah Mahmood, M.D., 26700 Towne Centre Dr",,,,Lake Forest,CA,92610,,
INTL_d086e0e4-7,UN,"Lionville Family Practice, 605 Gordon Dr",,,,Exton,PA,19341,,
INTL_9556ed9a-2,UN,"Fresno Holistic Medicine, 5305 N. Fresno St #103",,,,Fresno,CA,93710,,
INTL_476ff532-4,UN,"Fia Care, 10885 S Lostwood Drive",,,,Sandy,UT,84092,,
INTL_103632a3-1,UN,"Willow Pediatric Wellness, 2850 Cahaba Rd",,,,Mtn Brook,AL,35223,,
INTL_fe5e9a2d-b,UN,"FreedomDoc Batesville, 295 Winding Way",,,,Batesville,IN,47006,,
INTL_602c7f91-6,UN,"[READ-ONLY] Gulf Coast Pediatrics of Sarasota, 5664 Bee Ridge Rd",,,,Sarasota,FL,34233,,
INTL_c5b2fd9d-0,UN,"Lotus Center for Women, 320 North Holtzclaw Avenue",,,,CHATTANOOGA,TN,37404,,
INTL_eb05c32d-2,UN,"David Naai, M.D., 642 Ulukahiki St",,,,Kailua,HI,96734,,
INTL_02a2d808-7,UN,"Casey L. Huston MD, PC, 16641 N 40th Street",,,,Phoenix,AZ,85032,,
INTL_27577347-9,UN,"Inspire Pediatric Neurology, 3575 Piedmont Rd. NE",,,,Atlanta,GA,30305,,
INTL_99f62f60-1,UN,"Hometown Health, 500 East Debbie Lane",,,,Arlington,TX,76002,,
INTL_9b694efc-c,UN,"Integrated Neurology, PA, 1411 Heights Blvd",,,,Houston,TX,77008,,
INTL_75c6fdde-f,UN,"New Concepts Medical Group, 17075 Devonshire St",,,,Northridge,CA,91325,,
INTL_ef787c61-2,UN,"Sai-sun Ho, MD, 2858 San Bruno Ave",,,,San Francisco,CA,941341511,,
INTL_36ac12e3-b,UN,"Empirical Health, 245 5th Ave",,,,New York,NY,10016,,
INTL_1b1b0d4a-9,UN,"GOALS HEALTHCARE, 6 E 39TH ST",,,,New York,NY,10016,,
INTL_3258fe9c-d,UN,"Orthopedic Institute of Santa Barbara, 320 W. Junipero St.",,,,Santa Barbara,CA,931054330,,
INTL_c5b3fb57-d,UN,"Insight Primary Care - Lisa Diane Davidson, DO, 2373 Central Par",,,,Denver,CO,80238,,
INTL_729ea34c-6,UN,"Chi Care & Concierge, 21923 Canyonwood Park Lane",,,,Richmond,TX,77469,,
INTL_0cb4fe06-8,UN,"Beezneez, INC DBA: Portner Orth, 45-1144 Kamehameha Hwy",,,,Kaneohe,HI,96744,,
INTL_f9d4fa2e-0,UN,"Wesley Chapel Vascular, LLC, 2615 Windguard Cir",,,,Wesley Chapel,FL,33544,,
INTL_0cb77a77-e,UN,"Prima Health Clinic, 1325 AIRMOTIVE WAY STE 115",,,,RENO,NV,895023205,,
INTL_688568a5-e,UN,"Advanced Medicine and Wellness, 30 Belmont Circle",,,,Columbus,NJ,08023,,
INTL_7dade5ee-0,UN,"Renee Patel MD, Inc., 8357 Florence Ave",,,,Downey,CA,902403928,,
INTL_82b3280c-c,UN,"My Brookhaven Health, 2 Walden Ridge Dr. Suite 20B",,,,Asheville,NC,28803,,
INTL_4875839b-6,UN,"Redlands Family Clinics, 802 W Colton Ave",,,,Redlands,CA,92374,,
INTL_400d0751-d,UN,"First OccMed, 2150 N Main St",,,,North Logan,UT,84341,,
INTL_130a808b-9,UN,"Bowles & Bowles, 2884 Sandy Hook Rd",,,,Sandy Hook,VA,231532226,,
INTL_4ffef8ad-d,UN,"Skurcenski Primary Care, LLC, 645 N. 12th St",,,,Lemoyne,PA,17043,,
INTL_3febca4d-b,UN,"Robert Savala, M.D., 2000 Van Ness Ave",,,,San Francisco,CA,94109,,
INTL_7c0060bc-6,UN,"Levmed LLC, 1519 MLK Jr. St. N",,,,St. Petersburg,FL,33701,,
INTL_4f8439ac-a,UN,"Chuk W Kwan, MD, 929 Clay Street",,,,San Francisco,CA,94108,,
INTL_c28212cf-3,UN,"My Direct Primary Care, 1260 Rockledge Boulevard",,,,Rockledge,FL,32955,,
INTL_6cb5306c-e,UN,"Perspective Health, 1001 N. University Ave",,,,Little Rock,AR,72207,,
INTL_5395c3ef-1,UN,"Precision Direct Primary Care, 1104 N. Elm St.",,,,Denton,TX,76201,,
INTL_a4ff937f-3,UN,"Dr. Sabeen Munib, 114 Pacifica",,,,Irvine,CA,92618,,
INTL_06ba6dfa-c,UN,"Downtown Medical Group, 490 Post Street",,,,San Francisco,CA,94102,,
INTL_eb72cae4-1,UN,"Integrative Natural Health, 250 W 1st St",,,,Claremont,CA,91711,,
INTL_449deeff-1,UN,"McMullen Medical, 3536 Springland Lane NW",,,,Washington DC,DC,20008,,
INTL_7837d7d9-f,UN,"Sarabenet Sequeira, M.D., 141 Camino Alto, #4",,,,Mill Valley,CA,949411615,,
INTL_1c2691b7-b,UN,"Upbeat Health, 1811 S RAINBOW BLVD STE 201",,,,LAS VEGAS,NV,89146,,
INTL_ce732328-0,UN,"Godley Family Medicine, 503 N Highway 171",,,,GODLEY,TX,76044,,
INTL_b8a4abf5-d,UN,"La Cliniquita, Inc., 6505 Rosemead Blvd Ste 106",,,,Pico Rivera,CA,906603542,,
INTL_d332150e-a,UN,"Sue D. Kanter, MD, 6410 Rockledge Dr",,,,Bethesda,MD,20817,,
INTL_6fc345f5-0,UN,"Fit 4 Life, 8114 Sandpiper Cir",,,,Nottingham,MD,21236,,
INTL_92fa50f1-c,UN,"Golden Heart Health & Wellness, 424 Henderson Rd. South",,,,Fairbanks,AK,99709,,
INTL_bbaa31dc-8,UN,"WLQ MEDICAL CORPORATION, 1518 NORIEGA STREET",,,,San Francisco,CA,94122,,
INTL_121decec-c,UN,"Gavino T Vinzons MD Inc, 2119 North King Street",,,,Honolulu,HI,96819,,
INTL_2e1492e7-f,UN,"Cathryn Harbor M.D., 7 Estill St",,,,Lexington,VA,24450,,
INTL_aac3b67d-5,UN,"Kapolei Primary Care Clinic, 91-710 Farrington H-way",,,,KAPOLEI,HI,96707,,
INTL_fa46c7ee-f,UN,"Campus Physicians of California, PC, 1401 21st St",,,,SACRAMENTO,CA,95811,,
INTL_e0609ef1-1,UN,"Fishers Direct Family Care, 9780 Lantern Rd",,,,Fishers,IN,46037,,
INTL_9ebd29a2-1,UN,"Mid-Texas Health Care Association, P.A., 1305 N Milam St",,,,Fredericksburg,TX,78624,,
INTL_1ba3657e-4,UN,"Beyond Medicine, 153 Ave De Diego",,,,SAN JUAN,PR,009071511,,
INTL_3c112375-c,UN,"Alvarez Family Medical, PLLC, 367 Highway 51North",,,,Batesville,MS,38606,,
INTL_68af687d-1,UN,"SageOnlineHealth, 66 east burberry circle",,,,Conroe,TX,77384,,
INTL_fcd4217f-e,UN,"Johnstone Family Practice, 3711 E SOUTHPORT RD",,,,Indianapolis,IN,46227,,
INTL_946170f0-5,UN,"Precision Spine & Sports Rehabilitation, LLC, 4862 E. Baseline R",,,,Mesa,AZ,85206-4668,,
INTL_79a276f4-1,UN,"Havilah Medical & Wellness, 440 Cobia Dr",,,,Katy,TX,77494,,
INTL_f52e2e52-9,UN,"Wellness with Purpose, 9351 Corkscrew Road",,,,ESTERO,FL,33928,,
INTL_b6670804-e,UN,"Alameda Inpatient Medical, 2070 Clinton Ave",,,,Alameda,CA,945014320,,
INTL_48f49699-7,UN,"Admire Medical, 114 SANDHILL DR",,,,MIDDLETOWN,DE,19709,,
INTL_66ae605a-9,UN,"MDX Hawaii First Vitals NP, 521 Ala Moana Blvd",,,,Honolulu,HI,96813,,
INTL_43bfd1a4-b,UN,"Hobbs MD / Lakes Pediatrics, 4832 W 27th Street",,,,ST LOUIS PARK,MN,55416,,
INTL_8b26da6c-b,UN,"Gustavo Serrano, MD, 5101 N Armenia Ave",,,,Tampa,FL,336031405,,
INTL_1932e01e-f,UN,"X-Med Healthcare Professionals, 18605 Gale Ave",,,,City Of Industry,CA,91748-1361,,
INTL_3450a85a-7,UN,"PHILIP KIM, MD, 17507 Crenshaw Blvd",,,,Torrance,CA,90504,,
INTL_ac688cdf-1,UN,"Eastside Direct Primary Care, LLC, 8666 Beechmont",,,,Cincinnati,OH,45255,,
INTL_fa979033-a,UN,"Donald A. Opila, MD PLC, 3260 N. Hayden Road",,,,Scottsdale,AZ,85251-6650,,
INTL_a9ce708b-b,UN,"Stuart Lerner, MD, 970 N Kalaheo Ave",,,,Kailua,HI,96734,,
INTL_5b7dd79f-3,UN,"Don Son MD, 408 S Beach Blvd",,,,Anaheim,CA,928041853,,
INTL_903bb6fe-2,UN,"Arise Direct Primary Care Clinic, 8741 Mabel Drive",,,,Jacksonville,FL,32256,,
INTL_771690be-e,UN,"Advanced Institute For Diabetes & Endocrinology, 1900 MATLOCK RO",,,,MANSFIELD,TX,76063,,
INTL_82515034-b,UN,"Authentic Health, 15 Yorkshire Street",,,,Asheville,NC,28803,,
INTL_b63de012-1,UN,"Well Owl, PLLC, 12035 N. Saguaro Blvd.",,,,Fountain Hills,AZ,85268,,
INTL_6026e3af-b,UN,"Heart Care Center, 1220 West Hemlock Way",,,,Santa Ana,CA,92707,,
INTL_f5f13ca7-7,UN,"Burlingame Pacifica Medical Group, 1860 El Camino Real",,,,Burlingame,CA,94010,,
INTL_860ae76b-1,UN,"Rosenberg A. Reyes, MD, PSC, 320 W Woodlawn Avenue",,,,Louisville,KY,40214,,
INTL_8ed939ec-a,UN,"AMIN VIP, PLLC, 1621 22nd Avenue North",,,,St. Petersburg,FL,33713,,
INTL_8a068cb6-b,UN,"UlleryMD, LLC, 500 University Ave",,,,Sacramento,CA,95825,,
INTL_4add06cc-a,UN,"Jamie Glover (JD Glover LLC), 1840 Deer Creek Rd",,,,Monument,CO,80132,,
INTL_ba547c68-3,UN,"DirectCare Family Health, PLLC, 525 High St., Suite 209",,,,Paris,KY,40361,,
INTL_4a798449-2,UN,"Primary Health Partners, 1820 Commons Circle",,,,Yukon,OK,73099,,
INTL_bca083b0-6,UN,"Daniel Harada, MD, 98-1247 Kaahumanu Street",,,,Aiea,HI,96701-4713,,
INTL_29e96681-e,UN,"Dr. Diana Blum, 326 Bryant St",,,,Palo Alto,CA,94301,,
INTL_8c08d37f-e,UN,"Alohi Clinic, 94-229 Waipahu Depot St",,,,Waipahu,HI,96797,,
INTL_bcf7ae52-9,UN,"Anderson Direct Healthcare, PLLC, 114 Buffington Avenue",,,,Anderson,TX,77830,,
INTL_f7f31573-0,UN,"Morgan Monsanto Naturopathic Medicine, 205 S El Camino Real",,,,Encinitas,CA,92024,,
INTL_5f7e22d2-3,UN,"Laurie Radovsky MD LLC, 899 West 7th St.",,,,St Paul,MN,55102,,
INTL_8a8e5f21-2,UN,"Brent Uyeno, MD, 405 N Kuakini St",,,,Honolulu,HI,968176300,,
INTL_93dad16a-9,UN,"Intus Care, 225 Dyer Street",,,,Providence,RI,02903,,
INTL_593cfdae-3,UN,"Holution Health, LLC, 25 Old Vermont Pl",,,,Atlanta,GA,30328,,
INTL_3b009fc5-c,UN,"Billet Podiatry Inc, 9755 N 90th St",,,,Scottsdale,AZ,85258,,
INTL_94b749b8-b,UN,"Revive Health Direct Primary Care LLC, 7320 Griffin Road Suite 2",,,,Davie,FL,33314,,
INTL_916a9d73-5,UN,"Anchorage Family Telemedicine LLC, 1577 C St",,,,Anchorage,AK,99501,,
INTL_bff9f0d7-d,UN,"South valley heart center, 18345 Ventura Blvd.",,,,Tarzana,CA,91356,,
INTL_ee06bf39-c,UN,"Forward Family Healthcare, LLC, 218 W 39th St",,,,Kearney,NE,68845,,
INTL_4d6c53fe-f,UN,"Health360ºWellness Clinic, 1717 Kirby Pkwy",,,,MEMPHIS,TN,38120,,
INTL_87b72693-7,UN,"Commonwealth Concierge Medicine, 403 East High Street",,,,Owingsville,KY,40360,,
INTL_170c90ac-7,UN,"Dr. Martha LLC, Telemedicine Only",,,,Honolulu,HI,96815,,
INTL_f60ee033-3,UN,"Hibiscus Medical, 430 Galloway St NE",,,,Washington,DC,20011,,
INTL_307ff920-3,UN,"CCHCA Excelera ACO Auditor Practice, 2260 University Drive",,,,Newport Beach,CA,92660,,
INTL_35b14033-f,UN,"St. John's United, 3940 Rimrock Road",,,,Billings,MT,59102,,
INTL_6a733b02-6,UN,"Weiwen Zheng, M.D., 950 Stockton St",,,,San Francisco,CA,94108-1633,,
INTL_ccd83f42-5,UN,"Clear Lake Internal Medicine, 2020 NASA PKWY",,,,HOUSTON,TX,770583683,,
INTL_5177962e-9,UN,"The Restful Sleep Place, 909 Sumneytown Pike",,,,Spring House,PA,19477,,
INTL_bc9928ca-1,UN,"JMDO, LLC, 866 CY Ave",,,,CASPER,WY,82601,,
INTL_32f9ca77-8,UN,"Recovery Without Walls, 3 Madrona Street",,,,Mill Valley,CA,94941,,
INTL_c81a8e8c-a,UN,"Sportsmedicine Hawaii, 800 S Beretania St",,,,Honolulu,HI,96813-5702,,
INTL_7ccad064-0,UN,"Simplicity Direct Care, 2020 E 29th Avenue",,,,Spokane,WA,99203,,
INTL_e4923be3-b,UN,"RJKLB Wyderski LLC, 1345 36th St",,,,Vero Beach,FL,32960,,
INTL_1f7a4a2a-6,UN,"Crossover Health - Elation Health Test Practice, 1080A La Avenid",,,,Mountain View,CA,94043,,
INTL_d7cacf67-4,UN,"NABR Medical Group PLLC, 4210 Valley Ridge Blvd Ste 131",,,,Ponte Vedra,FL,32081,,
INTL_c80af86d-f,UN,"Pure Family Medicine, 13402 W Coal Mine Ave.",,,,Littleton,CO,80127,,
INTL_76c75204-e,UN,"Sage Health, 721 West Main St",,,,RADFORD,VA,24141,,
INTL_de6cab66-b,UN,"HIPnation - East Cobb, 1225 Johnson Ferry Road",,,,Marietta,GA,30068,,
INTL_24dc4c7b-e,UN,"Inshore Health LLC, 117 Via Benevento",,,,New Smyrna,FL,32169,,
INTL_05613444-a,UN,"Palmetto Medical Group, 1040 Edgewater Corporate Pkwy",,,,Indian Land,SC,29707,,
INTL_84eb64b3-f,UN,"Thurston Internal Medicine, 3773B Martin Way E",,,,Olympia,WA,98506,,
INTL_cafc8324-5,UN,"Sustainable Health & Wellness, 259 Cherry Brook Road",,,,Canton,CT,06019,,
INTL_b08b1869-e,UN,"Halo MD Family Medicine and Aesthetic Services SC, 10945 N Port ",,,,Mequon,WI,53092,,
INTL_33e75fdf-1,UN,"Hawaii Shoulder & Orthopedic Institute LLC, 276 Waianunue Avenue",,,,Hilo,HI,96720,,
INTL_a73b0ece-8,UN,"All Star Health & Wellness, 715 South Pearl St",,,,PAGELAND,SC,29728,,
INTL_d2bed187-4,UN,"Tumalo Family Medicine, 131 NW Hawthorne Ave Ste 101",,,,Bend,OR,97703,,
INTL_ecac39e9-2,UN,"Anthony Magliulo, MD, 642 Ulukahiki St",,,,Kailua,HI,967344439,,
INTL_fa2aa379-7,UN,"Snyder Family Healthcare, 1912 6th St",,,,Snyder,TX,79549,,
INTL_85183a17-b,UN,"Mukesh Gandhi, M.D., 409 E. Georgia St",,,,Woodruff,SC,29388,,
INTL_307b2710-1,UN,"Martin Mulders, M.D., P.C., 485 Devon Park Drive",,,,Wayne,PA,19087,,
INTL_9b59e9e5-f,UN,"Advocate Direct Care, 303 Longmire Rd Ste 501",,,,Conroe,TX,77304,,
INTL_61c62552-5,UN,"Serenity Health, 301 N 1st St",,,,Hamilton,MT,59840,,
INTL_12f7dd9f-5,UN,"Atlas Medical - AK, 3831 E Blue Lupine Dr.",,,,Wasilla,AK,99654-8461,,
INTL_756c9176-c,UN,"Diana M Girnita, MD, PHD, 19712 MacArthur Blvd",,,,Irvine,CA,92612,,
INTL_692aa67a-0,UN,"Salt Lake Naturopathic Clinic, 2091 E 1300 South",,,,Salt Lake City,UT,84108,,
INTL_9b12ba9d-1,UN,"Imago Dei Healthcare, 223 E. 14th St. Suite #1",,,,HASTINGS,NE,68901,,
INTL_726995b3-9,UN,"Davin R. Lundquist, MD, 5051 Verdugo Way",,,,Camarillo,CA,93012,,
INTL_d4b05f6e-9,UN,"Elumimed, 270 Center Drive",,,,Vernon Hills,IL,60061,,
INTL_4f38e046-8,UN,"Modern Nephrology, 18250 Roscoe Blvd",,,,Northridge,CA,91325,,
INTL_bcaba06b-8,UN,"Integrative Endocrinology, 980 N. Michigan Ave.",,,,Chicago,IL,60611,,
INTL_13842486-9,UN,"Care Practice, 508-A 14th Street",,,,San Francisco,CA,94103,,
INTL_d4a506ad-d,UN,"Mind & Body Christian Health Group, 1301 Shiloh Rd Suite 810",,,,Kennesaw,GA,30144,,
INTL_03d119cf-3,UN,"Samaritan Medical Care Center, 1580 S. Winchester Blvd",,,,Campbell,CA,95008,,
INTL_fa21e414-b,UN,"Avid Sports Medicine, 425 2nd Street",,,,San Francisco,CA,94107,,
INTL_29796a88-b,UN,"Take Two Health, 417 Pearl Street",,,,Boulder,CO,80302,,
INTL_90073e42-3,UN,"Spotlight on Weight Loss, 910 W Van Buren St, STE 100",,,,Chicago,IL,60607,,
INTL_6c454eec-5,UN,"Guy Yatsushiro, M.D., 405 North Kuakini",,,,"Honolulu, HI",HI,96817,,
INTL_88e8d980-2,UN,"Bhalla Endocrinology, 2055 Military Trail",,,,Jupiter,FL,33458,,
INTL_4c3fdcf3-c,UN,"Pair Team, 95 Third St",,,,San Francisco,CA,94103,,
INTL_c8b5b4f2-2,UN,"Good Medicine DPC, 6860 Tylersville Road",,,,Mason,OH,45040,,
INTL_75b0be56-d,UN,"John Alm, MD, 1120a Makawao Ave",,,,Makawao,HI,96768,,
INTL_20386789-6,UN,"Dandelion Pediatric Medicine, 639 4th Ave",,,,BROOKLYN,NY,11232,,
INTL_69356eca-9,UN,"Premier Elite Health LLC, 7247 S pine ST",,,,TACOMA,WA,98408,,
INTL_34559cfa-7,UN,"Priority Care N.O.W. LLC, 7601 READING RD STE B",,,,CINCINNATI,OH,452373203,,
INTL_95b3c9d2-0,UN,"Hearthside Family Health, LLC, 9 Vose Farm Rd",,,,Peterborough,NH,03458,,
INTL_a4f85353-5,UN,"Vermont Medical Center, 209 Austine Drive",,,,Brattleboro,VT,05301,,
INTL_ab3236ae-2,UN,"Pathway Direct Primary Care, 1930 E Rosemeade Pkwy",,,,Carrollton,TX,75007,,
INTL_ffb8ccb5-a,UN,"Thomas Care Clinic, 2040 EAST SUNSHINE",,,,Springfield,MO,65804,,
INTL_ac9fd90d-e,UN,"Compassionate Concierge Care, Inc., 555 Petaluma Ave.",,,,Sebastopol,CA,95472,,
INTL_d86d0dfc-a,UN,"Optimal Health of Southern Oregon, 1600 NW 6th Street",,,,Grants Pass,OR,97526-1094,,
INTL_7a188434-7,UN,"Erika Schwartz, 477 Madison Avenue",,,,New York,NY,10022,,
INTL_23c7b46b-d,UN,"Charish L. Barry Petite Pediatrics, 510 West Pueblo St.",,,,Santa Barbara,CA,93105,,
INTL_5af089c6-5,UN,"Liv Medical DPC, 1567 Meeting Pl",,,,Orlando,FL,32814,,
INTL_9e2415cb-3,UN,"TruCare, 1111 SE Federal Hwy",,,,Stuart,FL,34994,,
INTL_65a93a98-1,UN,"Patrick W. Hisel, M.D., P.A., 750 Eureka St, Suite B",,,,Weatherford,TX,76086,,
INTL_dd125c79-3,UN,"Mountain Family Medicine, 1503 West Elk Ave",,,,ELIZABETHTON,TN,37643,,
INTL_730d75db-3,UN,"Soma Clinic, 2155 Kalakaua Ave",,,,Honolulu,HI,96815,,
INTL_04da1896-7,UN,"Pestana and Pestana, MD, PA, 3100 Coral Hills Dr",,,,Coral Springs,FL,33065,,
INTL_80a28e36-0,UN,"Grove Health Pediatrics, 9511 Holsberry Rd",,,,Pensacola,FL,32534,,
INTL_877ab44a-f,UN,"LYV The Wellness Space, 1870 W 25th Street",,,,Cleveland,OH,44113,,
INTL_f295a897-d,UN,"Flourish Endocrinology, 11399 Mill Dam Road",,,,Bentonville,AR,72713,,
INTL_8a06cb45-f,UN,"HLRGV, PLLC, 1100 W. Sam Houston Blvd.",,,,Pharr,TX,78577,,
INTL_987c7176-a,UN,"Lung Health Services, 1240 South Broad Street",,,,Lansdale,PA,19446,,
INTL_a45cdd59-d,UN,"G2J Clinic, Inc., 5150 Graves Ave.",,,,San Jose,CA,95129,,
INTL_53d68c35-f,UN,"Zara Medical Aesthetics, PLLC, 901 S Mopac Expressway",,,,Austin,TX,78746,,
INTL_9ceb0642-5,UN,"Laird and Laird Surgical Associates, PLLC, 2128 W Jefferson Ave",,,,Trenton,MI,48183,,
INTL_089a7a3a-e,UN,"Foxhall Internists, P.C. - Dr. Linda Yau, 3301 New Mexico Ave NW",,,,Washington,DC,20016,,
INTL_2855ba76-3,UN,"Tuan & Tuan Office, 929 Clay Street",,,,San Francisco,CA,94108,,
INTL_46e19979-4,UN,"Clinica Colorado - Volunteer Clinic, 8300 Alcott St.",,,,Westminiter,CO,80031,,
INTL_8f4a3a4b-e,UN,"Gray Aesthetics and Wellness, 909 S Lee St.",,,,Fort Gibson,OK,74434,,
INTL_1fd400eb-3,UN,"Simple Primary Care Solutions, 1759 W. 33rd Street",,,,Edmond,OK,73013,,
INTL_ca64125f-6,UN,"Reset Medical, 121 W. Parkwood Ave",,,,Friendswood,TX,77546,,
INTL_5c3904a0-e,UN,"Hózhó Psychiatry & Wellness, 860 Blue Gentian RD",,,,Eagan,MN,55121,,
INTL_90778149-2,UN,"Sojourns Community Health Clinic, 4923 US Rte 5",,,,Westminster,VT,05158,,
INTL_b4b3b386-5,UN,"Primal Care, 16016 N. Evans Rd.",,,,Selma,TX,78154,,
INTL_9690bdbd-4,UN,"Executive Healthcare Services, 12040 South Lakes Dr",,,,RESTON,VA,20191-1246,,
INTL_3e3bd28e-f,UN,"The Orofacial Pain Center, 2551 N Clark Street",,,,Chicago,IL,60614,,
INTL_030c7d3a-6,UN,"Jackson Medical Group, 5333 Hollister Ave.",,,,Santa Barbara,CA,93111,,
INTL_9c153edd-0,UN,"Health and Heart Natural Medicine, LLC, 35 Allens Alley",,,,Raton,NM,87740,,
INTL_f17aadb2-c,UN,"PEAK MEDICAL, 9545 N BEACH ST",,,,FT WORTH,TX,76244,,
INTL_5966be9d-d,UN,"Pinnacle Physicians Group, 12401 Academy Rd",,,,Philadelphia,PA,19154,,
INTL_0ef0f5aa-4,UN,"Healing Oceans Family Wellness, 29 Pine Brae Drive",,,,Skillman,NJ,08558,,
INTL_6cbcef5a-2,UN,"Choctaw Health & Wellness Clinic, 14890 SE 29th St.",,,,Choctaw,OK,73020,,
INTL_7a6bb13d-e,UN,"Silverline Family Medicine, 1510 S Robert St #100",,,,Boise,ID,83705,,
INTL_0152d69a-6,UN,"Belong Health, 625 State Street",,,,Schenectady,NY,12301-2207,,
INTL_2babc7a8-9,UN,"220 Wellness, 3866 noyac rd",,,,sag harbor,NY,11963,,
INTL_ac6206b2-1,UN,"Core Wellness MT, 630 N Last Chance Gulch",,,,HELENA,MT,59601,,
INTL_a28d75fd-5,UN,"Vessel Longevity, 2931 Monte Vista Blvd NE",,,,Albuquerque,NM,81706,,
INTL_c2d03355-a,UN,"Sabine Family Medical Clinic LLC, 1111 Worth St",,,,Hemphill,TX,75948,,
INTL_cfce1145-3,UN,"Susan Huang, M.D., 3838 California St Rm 512",,,,San Francisco,CA,941181507,,
INTL_50c5ff12-c,UN,"Saint Francis Medical Group, 1400 Geary Blvd.",,,,San Francisco,CA,94109,,
INTL_133dfd13-f,UN,"Era Women's Health, 11911 San Vicente Blvd",,,,Los Angeles,CA,90049,,
INTL_e5105540-f,UN,"Capital Primary Care, Inc., 17 Firstfield Road",,,,Gaithersburg,MD,20878,,
INTL_4f945da2-2,UN,"Riviera Health Group, 101 W Arrellaga St",,,,Santa Barbara,CA,93101,,
INTL_0dd8ce77-c,UN,"Hickory Medical Direct Primary Care, LLC, 1125 Rush Avenue",,,,Bellefontaine,OH,43311,,
INTL_f4a3d3e2-1,UN,"Mary Claire Wellness, LLC, 928 Broadway Avenue J",,,,Galveston,TX,77550,,
INTL_646f351a-d,UN,"Bohemian Concierge Care, Inc., 555 Petaluma Ave.",,,,Sebastopol,CA,95472,,
INTL_3a6683fd-6,UN,"Mission Valley Wellness, 206 Main Street SW",,,,Ronan,MT,59864,,
INTL_e3130428-d,UN,"Babajanian and Ghiam ENT, 2080 Century Park E Ste 1700",,,,Los Angeles,CA,900672020,,
INTL_7d8fa63c-b,UN,"PrivateMD, 262 Posada Lane",,,,Templeton,CA,93465,,
INTL_0bb16a4d-0,UN,"Thanh Q Tran, 439 Ofarrell St",,,,San Francisco,CA,941022009,,
INTL_d467a744-d,UN,"Maian Ye, DO, 929 Clay Street",,,,San Francisco,CA,94108,,
INTL_1f875fd2-1,UN,"Center for Preventative Health Care, 10034 S US Highway  1",,,,Port St. Lucie,FL,34952,,
INTL_e7663188-1,UN,"Jennifer S Ito, MD, 2226 Liliha St",,,,Honolulu,HI,968171605,,
INTL_136c98a6-f,UN,"Star City Medical, inc, 1606 Apperson Drive",,,,Salem,VA,24153,,
INTL_43c7e134-1,UN,"Snohomish Valley Holistic Medicine, 110 Cedar Ave",,,,Snohomish,WA,98290,,
INTL_5edca78b-b,UN,"SWMI Health Matters, 5708 Venture Court",,,,Kalamazoo,MI,49009,,
INTL_d931197b-2,UN,"Veritas Integrative Medicine, 845 Alder Creek Drive",,,,MEDFORD,OR,97504,,
INTL_02563293-6,UN,"Elevation Health, P.C., 17 East Buck Mountain Road",,,,West Jefferson,NC,28694,,
INTL_ab4a3c2f-0,UN,"Fusion Access, 5472 Main Street",,,,Del City,OK,73115,,
INTL_aa99907a-3,UN,"Griffin Family Practice P.A., 32427 Lighthouse Rd",,,,Selbyville,DE,19975,,
INTL_abba288a-f,UN,"Gessling Family Wellness, 318 N Rollins",,,,Macon,MO,63552,,
INTL_761fd9ce-e,UN,"Integrative Wellness NYC, 314 West 14th Street",,,,New York,NY,10014,,
INTL_96478dd0-2,UN,"Blane Chong, M. D., 3221 Waialae Ave",,,,Honolulu,HI,96816-5850,,
INTL_62e6372a-6,UN,"Benjamin Shoemaker, MD, 302 N Main St",,,,Ashland City,TN,370151306,,
INTL_8f8deea9-e,UN,"BestLife Family Medicine, 3719 W ANTHEM WAY",,,,Anthem,AZ,85086,,
INTL_0e30e92f-6,UN,"Linda E Fancher MD LLC, 1010 S King St",,,,Honolulu,HI,96814,,
INTL_c1deb422-b,UN,"Tuckaseegee Family Practice, 315 Wike Cemetery Rd",,,,Cullowhee,NC,287239550,,
INTL_1a59a77b-1,UN,"Sara Gandy, M.D., 828 Portola Road",,,,Portola Valley,CA,94028,,
INTL_c3696e5c-0,UN,"Sparrow Family Medicine, PLLC, 240 N 7th Street",,,,Akron,PA,17501,,
INTL_e05e6f25-4,UN,"Ken Hashimoto, M.D. Inc., 80 Garden court",,,,Monterey,CA,93940,,
INTL_492a292d-9,UN,"Dorinda S. Mosbrucker, NP, 13527 Main Street",,,,Grabill,IN,46741,,
INTL_62d2fc41-0,UN,"VI Natural Medicine, 5302 Yacht Haven Grande",,,,St Thomas,VI,00802,,
INTL_f17a3726-6,UN,"Priority Healthcare, 5125 E. 81st St, Ste 1",,,,Tulsa,OK,74137,,
INTL_1913d8be-9,UN,"Baron Medical Group, 3800 Wilshire Blvd.",,,,LOS ANGELES,CA,90010,,
INTL_107cb358-c,UN,"AilmMD, 690 West Northfield Drive",,,,Brownsburg,IN,46112,,
INTL_93415a3d-d,UN,"Trinity Medical Services, PLLC, 106 Ferrell Ave",,,,Kingsport,TN,37663-2371,,
INTL_9ae97b8a-b,UN,"Primaria Medical Clinic, 830 Magnolia Ave",,,,Corona,CA,92879,,
INTL_f9b4b085-3,UN,"Blue Mantle Medicine, Admin:  4001 Fair Ridge Dr",,,,Fairfax,VA,22033,,
INTL_5e450856-7,UN,"Andersen Family Care, 3167 W. Belltower Drive, Suite 120",,,,Meridian,ID,83646,,
INTL_837006d9-6,UN,"Kristin F Wong MD A Professional Corporation, 1044 Taraval",,,,San Francisco,CA,94116,,
INTL_710af96a-e,UN,"L Eric Leung, MD PC, 929 Clay Street",,,,San Francisco,CA,94108,,
INTL_8cdc6f47-5,UN,"Empower Wellness DPC, 530 S School Street",,,,Ukiah,CA,95482,,
INTL_2a884088-1,UN,"Joel S Erickson, MD + Thomas P Young, PhD, NP, 165 Rowland Way",,,,Novato,CA,94945,,
INTL_18c2e4e5-b,UN,"Viva Med, 705 WH Smith Blvd",,,,Greenville,NC,27834,,
INTL_3d878f77-d,UN,"William Chung, MD, 728 Pacific Avenue",,,,San Francisco,CA,94133,,
INTL_f77e7907-9,UN,"Sapna S. Rajput, D.O., Inc., 525 South Drive",,,,Mountain View,CA,94040,,
INTL_dd8ea69c-d,UN,"Loyalee Health, 879 Lafayette Rd",,,,Hampton,ME,038421258,,
INTL_9fa151e2-b,UN,"Christi Cheng, MD, 13847 E 14th St",,,,San Leandro,CA,94578,,
INTL_c3f576d6-9,UN,"Emma Avilla, M.D., 1728 Dillingham Blvd",,,,Honolulu,HI,96819-4017,,
INTL_f90bde24-b,UN,"Hyve Health, LLC, 235 Central Park Ave",,,,Wilmette,IL,60091,,
INTL_42089e00-5,UN,"Sally Daganzo, MD Inc, 1050 Northgate Dr",,,,San Rafael,CA,94903,,
INTL_8bf31c11-3,UN,"Lofton Family Clinic, 203 W De Queen Ave",,,,De Queen,AR,718322809,,
INTL_c7cf825a-2,UN,"Positive Health and Wellness, 83313 508th Ave",,,,Bartlett,NE,68622,,
INTL_adcf9624-d,UN,"CheryTelecare, 6388 Silver Star Road",,,,Orlando,FL,32818,,
INTL_e4bd3d1b-1,UN,"Palmetto Proactive Healthcare, 3225-B Reidville RD",,,,Spartanburg,SC,29301,,
INTL_38df9d74-4,UN,"Telemedora, PC, 1250 BORREGAS AVE, Suite 62",,,,SUNNYVALE,CA,94089,,
INTL_62522c50-a,UN,"More Than Medicine MD, 60 Revere Dr",,,,Northbrook,IL,600621563,,
INTL_94387b89-3,UN,"Dr. Bauer-Olson Family Doctor, PLLC, 4133 30th Ave S",,,,Fargo,ND,58103,,
INTL_52435826-4,UN,"Hypertension and Kidney Center, 851 MAIN STREET",,,,SOUTH WEYMOUTH,MA,021901612,,
INTL_412e3199-d,UN,"Fiat Family Medicine, 13590B North Meridian Street",,,,Carmel,IN,46032,,
INTL_e3f5928c-5,UN,"InStride Health, Inc, 396 Washington St, #266",,,,Wellesley Hills,MA,02481-6209,,
INTL_d986fcae-9,UN,"Urology Specialists of Santa Barbara, 5333 Hollister Ave",,,,Santa Barbara,CA,93111,,
INTL_5c1bee68-9,UN,"Pacific Noble Primary Care, 8479 W Clearwater Ave Suite 120",,,,KENNEWICK,WA,99336,,
INTL_68f9839e-b,UN,"Northeast Medical Practice, P.C., 180 South Middle Neck Road",,,,Great Neck,NY,11021,,
INTL_099168c1-4,UN,"David Ahn, MD, 19333 Bear Valley Road",,,,Apple Valley,CA,92308-5150,,
INTL_1bbc65cc-6,UN,"Portico Longevity, 21 Burns Lane",,,,Charleston,SC,29401,,
INTL_0b4cea8e-d,UN,"Heidi M Larson, MD Family Medicine, 553 Shore Road",,,,Cape Elizabeth,ME,04107,,
INTL_d5387e2f-0,UN,"Az At Home Inc/ Thomas Green, 12630 N 103rd AVE",,,,SUN CITY,AZ,85351,,
INTL_28edc3f1-8,UN,"Wholelife Family Wellness, 200 N Gateway Dr",,,,Providence,UT,84332,,
INTL_9a645ac2-2,UN,"Highcare Medical Consultants PLLC, 12433 Admiralty Way, Apt Q403",,,,Everett,WA,98204,,
INTL_9cadaee8-4,UN,"Chaffee Crossing Clinic, 11300 Roberts Blvd.",,,,Fort Smith,AR,72916,,
INTL_a3687f72-1,UN,"Edward K. Ko, MD, 818 Jackson St",,,,San Francisco,CA,941334849,,
INTL_2679b25f-1,UN,"Joseph Medical Services, 1425 VISCAYA PKWY",,,,CAPE CORAL,FL,33990,,
INTL_5b8da81a-5,UN,"Parikh Health, 3375 Scott Blvd",,,,Santa Clara,CA,95054,,
INTL_42f9926b-3,UN,"Pennsylvania Headache Center, 205 Grandview Avenue",,,,Camp Hill,PA,17011,,
INTL_bf966232-0,UN,"Pure Pediatrics & Wellness, LLC, 64 B Sycolin Rd",,,,Leesburg,VA,20175,,
INTL_5c6af47c-0,UN,"Waypoint DPC, 77 Baybridge Dr",,,,Gulf Breeze,FL,32561,,
INTL_0c7c0c83-f,UN,"Internal Medicine Lipid & Wellness, 6160 Winkler Road",,,,Fort Myers,FL,33919,,
INTL_8d4e31ec-6,UN,"Wellness Direct Care, 3707 Providence Point Dr SE",,,,Issaquah,WA,98029,,
INTL_3fe00c5b-d,UN,"VMedcare, 10910 Sheldon Rd",,,,Tampa,FL,33626,,
INTL_9460109a-a,UN,"Integrative Direct Primary Care, 55 Brendon Way",,,,Zionsville,IN,46077,,
INTL_b72cbdc3-8,UN,"Vascular Institute of the Pines, PLLC, 6 Regional Drive",,,,Pinehurst,NC,28374,,
INTL_bf7c160a-2,UN,"Garrison Family Medical Group, Inc, 41210 11th St West",,,,Palmdale,CA,93551,,
INTL_549ecc9d-f,UN,"Genesis Healthcare Partners, P.C., 575 E Hardy St",,,,Inglewood,CA,90301,,
INTL_18499a1c-c,UN,"Magnolia Family Urgent Care, 1490 S Magnolia Ext",,,,Ocala,FL,34471,,
INTL_e306aef4-1,UN,"Aromance Life Institute, 272 Bay Vista Circle",,,,Sausalito,CA,94061,,
INTL_58fb03fc-2,UN,"Aledade Care Solutions - North Carolina PC, 201 West Main St",,,,Durham,NC,27701,,
INTL_1a299a6e-8,UN,"Southampton Medical and Wellness of Houston, PLLC, 2421 Tangley",,,,Houston,TX,770052326,,
INTL_68ff107a-3,UN,"Jennifer E. Hetrick, MD, 885 High St",,,,Worthington,OH,43085,,
INTL_51443873-8,UN,"Hawaiian Islands Center for Women's Health, Hawaiian Islands Cen",,,,Honolulu,HI,96813,,
INTL_c375c2dd-9,UN,"Synergy Integrative Medicine, 1330 E. 15TH STREET",,,,ANCHORAGE,AK,99501,,
INTL_74ffc979-2,UN,"Willow Health, PLLC, 4133 30th Ave. S. Ste. 103",,,,Fargo,ND,58104,,
INTL_b0680188-7,UN,"Infinite Health Services LLC, 66 Bayou View Dr",,,,MONROE,LA,71203-2732,,
INTL_b1f712f4-b,UN,"Armur Medical PLLC, 1343 Founders Bend",,,,Rapid City,SD,57701,,
INTL_aedd2ff9-4,UN,"Seoul Medical Group (SMG) / Advanced Medical Management (AMM), 5",,,,Los Angeles,CA,90020,,
INTL_fe2d6fd2-7,UN,"Well Mood, PLLC, 717 S Marshall St",,,,WINSTON SALEM,NC,27101,,
INTL_412138b0-0,UN,"Travis Nakamura, MD, 405 N Kuakini St",,,,Honolulu,HI,968176300,,
INTL_27c90e27-9,UN,"Island Health Concierge Medicine, 9301 Highway A1A",,,,Vero Beach,FL,32963,,
INTL_5cda2196-9,UN,"Benilda C. Luz-Llena MD Inc, 94-307 Farrington Hwy",,,,Waipahu,HI,96797-2500,,
INTL_491115d3-5,UN,"Honeybee Pediatrics, 2200 Green Road",,,,Ann Arbor,MI,48176,,
INTL_e70afcf1-4,UN,"Karen L. Betten, MD, 8191 Moorsbridge Rd",,,,Portage,MI,49024,,
INTL_b56c0ad4-9,UN,"Premier Primary Care and Wellness, 912 Centennial Way",,,,LANSING,MI,48917,,
INTL_df3a41f8-8,UN,"CovenantMD, LLC, 930 Red Rose Court",,,,Lancaster,PA,17601,,
INTL_855f56bd-1,UN,"Joseph Ryan Madamba MD Inc, 1712 Liliha St",,,,Honolulu,HI,968175410,,
INTL_35b6663a-6,UN,"Nassberg Diabetes Associates, 5333 N Dixie Highway",,,,Oakland Park,FL,33334,,
INTL_871ab7eb-c,UN,"A A & A Center, 950 Stockton St",,,,San Francisco,CA,941081618,,
INTL_17cc2eec-f,UN,"ERgent Med, 106 Retreat Village",,,,St. Simons Island,GA,31522,,
INTL_af6b90a9-3,UN,"Advanced Healthcare Associates, 2687 Jenks Ave",,,,Panama City,FL,32405,,
INTL_298a0cdd-7,UN,"Santa Cruz Direct Primary Care, 9000 Soquel Ave",,,,Santa Cruz,CA,95062,,
INTL_ca91c57f-3,UN,"Liberty First Health, 329 Nokomis Ave S",,,,Venice,FL,34285,,
INTL_635b7316-8,UN,"Advanced Family Care, 212 Carter Dr, Suite C",,,,Middletown,DE,19709,,
INTL_54b2b96a-5,UN,"Each Woman's Health, 110 La Casa Via",,,,Walnut Creek,CA,94598,,
INTL_edceddcb-9,UN,"Alpine Physician Partners - Flagship, 7616 Culebra Rd",,,,San Antonio,TX,78251,,
INTL_d24bcd16-a,UN,"Higher Self Health, 2001 Van Ness Ave",,,,San Francisco,CA,94109,,
INTL_9eaf2b3d-b,UN,"VIP Nephrology, 18040 Sherman Way",,,,Reseda,CA,91335,,
INTL_15d05f38-4,UN,"Louis E. Ramos MD PLLC, 3705 Medical Pkwy",,,,Austin,TX,78705,,
INTL_60d5149a-a,UN,"Pease Integrative Medicine, 7330 E Michigan Ave",,,,Saline,MI,48176,,
INTL_c9024887-e,UN,"Valmond Medical PLLC, 235 West 135th St",,,,New York,NY,10030,,
INTL_0aaf8eb0-3,UN,"Seaside Wellness, 1931 Ortega Street",,,,Navarre,FL,32566,,
INTL_9ef8cb23-a,UN,"Melissa Wong, 1044 Taraval Street",,,,San Francisco,CA,94116,,
INTL_300a7ca6-7,UN,"BradsHealth, 3584 W. 9000 S",,,,West Jordan,UT,84088,,
INTL_b6afa67a-c,UN,"The Pill Club, 3 E 3rd Ave",,,,San Mateo,CA,94401,,
INTL_762e1514-2,UN,"Apollo Family & Sleep Medicine, Inc, 950 Stockton Street",,,,San Francisco,CA,941081619,,
INTL_27f29406-d,UN,"Pravan Health, 1511 Ave Ponce de Leon",,,,San Juan,PR,00909,,
INTL_51cfdbb7-5,UN,"Appalachian Medical-Health and Wellness, PLLC, 306-A South Main ",,,,Drexel,NC,28619,,
INTL_729ef695-d,UN,"PartainMD, 1736 E Sunshine St",,,,SPRINGFIELD,MO,65804,,
INTL_252f59e6-e,UN,"Frenchtown Family Medical & Wellness, P.C., 16862 Beckwith St.",,,,Frenchtown,MT,59834,,
INTL_b6ead221-b,UN,"Hector De Jesus MD Inc, 2121 17th Street",,,,Bakersfield,CA,93301,,
INTL_0b41b893-f,UN,"Hana Hou Care Team, 1110 Nuuanu Ave, 1112",,,,Honolulu,HI,96817,,
INTL_ac1bed7e-c,UN,"Mari Carlo Manzana, M.D., Inc, 2410 COMMERCE TRL",,,,IMPERIAL,CA,922514003,,
INTL_ffbddef6-9,UN,"Passion Health Physicians, PLLC, 230 O'Connor Ridge Blvd",,,,Irving,TX,75038,,
INTL_55c14eb1-5,UN,"WyoCity Medical Group LLC, 940 E. 3rd St.",,,,Casper,WY,82601,,
INTL_132c4150-c,UN,"Raincross Urgent Care, 4646 Brockton Ave.",,,,Riverside,CA,92506,,
INTL_d7015eef-0,UN,"Rhythm Medical Primary Care, 176 East Main Street",,,,Westborough,MA,01581,,
INTL_ea188fad-a,UN,"InVita Health and Wellness, 16124 S 29th Plaza Cir",,,,Bellevue,NE,68123,,
INTL_11865381-8,UN,"Vanessa H. Eaglin, MD LLC, 180 Kinoole St",,,,Hilo,HI,96720,,
INTL_3810b18f-2,UN,"Wellness Integrative Medicine Inc, 18036 Gottschalk Ave",,,,Homewood,IL,60430,,
INTL_5fc9e13c-4,UN,"Lynette Bassett Willard, 43 Todd Brook Rd",,,,Freeport,ME,040326253,,
INTL_ed3434ef-8,UN,"Onsite House Call Clinic, 280 Turnpike Rd",,,,Pontotoc,MS,38863,,
INTL_5b6a23e0-d,UN,"Kate Hirschmann-Levy M.D., 136 East 57th Street",,,,New York,NY,10022,,
INTL_bd8f70fd-7,UN,"Cura Personalis Integrative Health, 14901 E Hampden Ave",,,,Aurora,CO,80014,,
INTL_93008d97-b,UN,"Sunny Care Clinic PLLC, 1187 Duck Road",,,,Duck,NC,27949,,
INTL_b4c7718a-2,UN,"HIPnation - Roswell, 1250 Upper Hembree Rd",,,,Roswell,GA,30076,,
INTL_29c85503-3,UN,"Clinton Family Care, 309A Morrison Dr.",,,,Clinton,MS,39056,,
INTL_a7eadfa6-6,UN,"Summit Direct Care, 13135 Route 50",,,,Fairfax,VA,22033,,
INTL_ef98dfef-6,UN,"NewCare, MD LLC, 120 Fountains Blvd",,,,Madison,MS,39110,,
INTL_88760efd-c,UN,"Bryn Mawr Personalized Primary Care, 937 Haverford Ave",,,,Bryn Mawr,PA,19010,,
INTL_b0200b63-a,UN,"Advanced Practice Nursing Specialists, 9205 W Russell Rd",,,,Las Vegas,NV,89148,,
INTL_587f0bf7-c,UN,"Pine Park Health, 1901 Fourth St",,,,Berkeley,CA,94710,,
INTL_01141a18-c,UN,"Suvida Healthcare - Employee Health, 2505 Aldine Mail Route Road",,,,Houston,TX,77039,,
INTL_9736562f-7,UN,"Enlightened Health Direct, 5901 S Cooper St",,,,Arlington,TX,76017,,
INTL_a02a81b4-3,UN,"Amanda Allmaras, 1115 2nd St NE",,,,Fessenden,ND,58438,,
INTL_20361094-a,UN,"Evolution Healthcare, 3850 W. Desert Inn Rd",,,,Las Vegas,NV,89102,,
INTL_6b171301-4,UN,"Joint Restoration Center, 8014 S 101st E Ave",,,,Tulsa,OK,74133,,
INTL_4123a585-9,UN,"Digestive Disease Consultants, 504 W Pueblo Street",,,,Santa Barbara,CA,93105,,
INTL_f65803b4-7,UN,"Pinnacle Advanced Primary Care, 218 E. Cheyenne Mountain Blvd",,,,Colorado Springs,CO,80906,,
INTL_8d2b7a72-3,UN,"Hana Hou Healthcare Services, 1712 Liliha St, Suite 102",,,,Honolulu,HI,96817-5409,,
INTL_f5be29b9-e,UN,"Valley Internal Medicine and Pediatrics, 10900 N Scottsdale Road",,,,Scottsdale,AZ,85254,,
INTL_5474fd78-5,UN,"Paul Grewal MD, 121 E. 60th St.",,,,New York,NY,10065,,
INTL_b3c5505f-2,UN,"Innovative Wellness & Weight Loss Center, 322 Armbrust Road",,,,Youngwood,PA,15697,,
INTL_d452eb03-4,UN,"Wexler Medical Partners, 8484 Wilshire Blve",,,,Beverly Hills,CA,90211,,
INTL_05bcd02f-8,UN,"Life MD, Inc., 111 North Orange Avenue",,,,Orlando,FL,32801-2316,,
INTL_6743599a-e,UN,"VitalCare Family Clinic, PLLC, 707 LAMAR AVE STE D",,,,PARIS,TX,754604460,,
INTL_c339aa68-f,UN,"Concierge Medicine of Southern Nevada, 653 N Town Center Dr",,,,Las Vegas,NV,89144,,
INTL_9e5ed6df-2,UN,"Bethesda Clinics LLC, 7309 Baltimore Ave",,,,College Park,MD,20740,,
INTL_60273de1-d,UN,"MF Med, Inc, 100 kahelu avenue",,,,mililani,HI,96789,,
INTL_1ca2e62f-4,UN,"Pacific Grove Family Medicine, 621 Forest Ave",,,,Pacific Grove,CA,93950,,
INTL_7c0437a5-5,UN,"Alliance DPC DBA/Alliance IV Therapy MD, 2625 Executive Park Dri",,,,Weston,FL,33331,,
INTL_cefa2d24-8,UN,"Bluford's Healthcare Associates, 7 Bredan Way",,,,Greenville,SC,29615,,
INTL_53f0f0a5-e,UN,"Bindu M Kamal, 1704 State Street",,,,Santa Barbara,CA,93101,,
INTL_78832876-e,UN,"A to Zebra Health, Telemedicine Virtual",,,,Austin,TX,78748,,
INTL_3ae96b8d-a,UN,"Well Endocrinology, 1415 W. 22nd Street, Tower Floor",,,,Oak Brook,IL,60523,,
INTL_69959063-f,UN,"Quality Care Organization (QCO), 925 S Garfield Ave",,,,Alhambra,CA,91801,,
INTL_06e6a6b9-0,UN,"Scott Miscovich, M.D., 46-001 Kamehameha Hwy",,,,Kaneohe,HI,96744,,
INTL_8c207f3c-7,UN,"Chase Wellness, 1000 N. Olive Ave",,,,West Palm Beach,FL,33401,,
INTL_0291db96-d,UN,"Prime NeuroCare, 981 State Hwy 121 Access Rd",,,,Allen,TX,75013,,
INTL_014185c9-e,UN,"Alpha Medical Clinic, 401 South Main St. Suite A4",,,,Alpharetta,GA,30009,,
INTL_75175859-1,UN,"Coastal Health, 621 E Front St",,,,Port Angeles,WA,98362,,
INTL_03edcca9-2,UN,"Monarch Pediatrics PLLC, 3219 E Camelback Rd",,,,PHOENIX,AZ,85018,,
INTL_068eead6-5,UN,"Shannon Family Practice, 3326 E Southcross Blvd",,,,San Antonio,TX,782231922,,
INTL_f49f6aae-c,UN,"Hobbs Medical Group, 94-216 Pupukahi St",,,,Waipahu,HI,96797,,
INTL_844affe0-5,UN,"Coachella Valley DPC, 71780 San Jacinot Dr",,,,Rancho Mirage,CA,92270,,
INTL_38b39732-d,UN,"Willow Behavioral Health, 1161 Bedford Ave",,,,Brooklyn,NY,11216,,
INTL_e16b27d2-7,UN,"Remedy Internal Medicine, 501 12th Ave",,,,Coralville,IA,52241,,
INTL_8f3fc41e-f,UN,"Rutland Naturopathic, LLC, 69 Allen St",,,,Rutland,VT,05701,,
INTL_37ee8057-1,UN,"Helios Health AZ, 210 Sunset Drive",,,,Sedona,AZ,86336,,
INTL_808470f6-9,UN,"WorkIt Health, 3300 Washtenaw Ave",,,,Ann Arbor,MI,48104,,
INTL_a7d96679-a,UN,"Innate Healthcare Institute, 4835 E Cactus Rd",,,,Scottsdale,AZ,85254,,
INTL_168f9255-5,UN,"Dale Ekstrum, M.D., 217 W Central Ave",,,,Lompoc,CA,93436,,
INTL_341c0159-7,UN,"HEALOR, 3900 West Charleston Blvd.",,,,Las Vegas,NV,89102,,
INTL_78727f7a-e,UN,"Reynolds Cardiology, 309 Morrison Drive",,,,Clinton,MS,39056,,
INTL_17614471-f,UN,"Infinity Health and Body, 450 Chauncy Street",,,,Mansfield,MA,02048,,
INTL_67521008-b,UN,"Clear Sky Medical, 9085 E Mineral Cir",,,,Centennial,CO,801123462,,
INTL_6e786390-6,UN,"Countryside Medical Clinic, 939 Office Park Road",,,,West Des Moines,IA,50265,,
INTL_22429b14-f,UN,"UMG Urgent Care, 10715 Little Patuxent Parkway",,,,Columbia,MD,21044,,
INTL_89051697-a,UN,"Center For Comprehensive Health, 1084 Taylorsville Rd",,,,Washington Crossing,PA,18977,,
INTL_e9fa247a-d,UN,"Silverline Medical Group, 1510 S Robert Street",,,,Boise,ID,83705,,
INTL_43e61714-1,UN,"Mariam Mahmud, 601 New Britain Road",,,,Doylestown,PA,18901,,
INTL_9de340b6-4,UN,"Pyo Clinic, 2000 E Chapman Ave",,,,Fullerton,CA,92831,,
INTL_97174f65-2,UN,"Victory Family Medicine, 3201 Devine Street",,,,COLUMBIA,SC,29205,,
INTL_82300d4a-9,UN,"Quality Care Clinic - Willy Martezian, 4407 6TH STREET SW",,,,VERO BEACH,FL,32968,,
INTL_42b7118b-8,UN,"City Health, 201 Dolores Ave",,,,San Leandro,CA,94577,,
INTL_d5648d29-9,UN,"Elmer F. Baysa, MD Inc, 91-775 Papipi Road",,,,Ewa Beach,HI,96706,,
INTL_aedf5ffc-5,UN,"CONCIERGE PEDIATRICS, 4700 POINT FOSDICK DR",,,,GIG HARBOR,WA,98335,,
INTL_23de65af-e,UN,"Thrive Midwifery & Family Care, 461 S 4th St",,,,Danville,KY,40422,,
INTL_ef7b9106-8,UN,"Lupo Preventative Medicine, 7731 N 159th Street",,,,Bennington,NE,68007,,
INTL_77d9ed9a-d,UN,"Byron Center Family Medicine, 7740 BYRON CENTER AVE SW",,,,BYRON CENTER,MI,49315,,
INTL_043a77a8-9,UN,"Mesa Natural Medicine, 3401 N Butler Ave. Ste 104",,,,Farmington,NM,87401,,
INTL_e64d7f64-c,UN,"Vyas and Vyas MD PC, 1212 E THREE NOTCH ST",,,,Andalusia,AL,36420,,
INTL_b818c690-c,UN,"Endocrine Direct Care Physicians, 635 N Maitland",,,,Maitland,FL,32751,,
INTL_8b20a97a-e,UN,"Dr. Sam’s Medical Care LLC, 145 Wood St",,,,Willits,CA,95490,,
INTL_79f4ba2e-6,UN,"Your Corner Pediatrics, 819 E 64th Street",,,,Indianapolis,IN,46220,,
INTL_af975f7f-8,UN,"Restorative Health Clinic Portland, 6564 SE Lake Rd",,,,Milwaukie,OR,97222,,
INTL_b79a9dc0-9,UN,"Clendenin MD LLC, 2028 E. Ben White Blvd Ste 240-7980",,,,Austin,TX,78741,,
INTL_7a79895f-5,UN,"Thomas J. Zweber, MD, 2323 De La Vina st",,,,Santa Barbara,CA,931053877,,
INTL_9b2a533a-0,UN,"All in Health, 3600 Sisk Rd",,,,Modesto,CA,95356,,
INTL_ce2e8e65-b,UN,"Samuel Medical Center, 266 S Harvard Blvd",,,,Los Angeles,CA,90004,,
INTL_d3a54b57-5,UN,"Clive and Mari Otsuka MD, 321 N Kuakini St",,,,Honolulu,HI,968172362,,
INTL_fb464558-8,UN,"Concierge Medicine Iowa, 5901 Westown Pkwy",,,,West Des Moines,IA,50266,,
INTL_7c739dc2-5,UN,"Melanie Story, 175 South English Station Road",,,,Louisville,KY,40245,,
INTL_d0efc348-a,UN,"Dr. Elie Miller LLC, 1 Reservoir Circle",,,,Baltimore,MD,21208,,
INTL_4fcd49e0-2,UN,"CMC Behavioral Health, 321 N Kuakini St, STE 813",,,,Honolulu,HI,96817,,
INTL_e49f11b1-8,UN,"My Doctor Medical Group, 450 Sutter Street",,,,San Francisco,CA,94108,,
INTL_e48267f1-b,UN,"Whow aesthetics, 2010 Birdie Path",,,,WISCONSIN RAPIDS,WI,54494,,
INTL_9e193094-c,UN,"Xiao Yang, MD, 728 Pacific Ave",,,,San Francisco,CA,941334449,,
INTL_38f0b546-5,UN,"Make Health, PLLC, 301 Kaiser Dr #A",,,,Cary,NC,27518,,
INTL_fed85c88-f,UN,"Puget Sound Rheumatology, 19500 10th Ave NE",,,,Poulsbo,WA,98370,,
INTL_b5e93579-6,UN,"Ultimate Health and Wellness, 1111 Walnut Drive",,,,Ardmore,OK,73401,,
INTL_14dd3544-2,UN,"Jeralyn Brossfield, MD, 72301 Country Club Drive",,,,Rancho Mirage,CA,92270,,
INTL_b8afe129-6,UN,"Choice Medical Group, 2001 W. Orange Grove Rd",,,,Tucson,AZ,85704,,
INTL_ac2a8231-d,UN,"Blue Lotus, 2909 F Street",,,,Eureka,CA,95501,,
INTL_1ed120f0-4,UN,"Prestige Pulmonary Consultants, Inc., 500 N Garfield Ave",,,,Monterey Park,CA,917541242,,
INTL_3a285138-3,UN,"Atlas Medical - AZ, 7227 E Baseline Rd",,,,Mesa,AZ,85209-5005,,
INTL_1c90e032-f,UN,"Dockside Family Medicine, 401 E. HURON RD",,,,AU GRES,MI,487039353,,
INTL_2f3368d4-f,UN,"Pacific Rehab Consultants, 565 Pier Ave",,,,Hermosa Beach,CA,90254,,
INTL_99b31948-4,UN,"NKFH, 1314 S King St",,,,Honolulu,HI,96814,,
INTL_f79a18fb-8,UN,"Sung Hyun Kim, M.D. A Medical Corporation, 7011 Orangethorpe Ave",,,,BUENA PARK,CA,90621,,
INTL_c88401b8-3,UN,"Richmond Integrative and Functional Medicine, 1 PARK WEST CIRCLE",,,,Midlothian,VA,23114,,
INTL_27111667-2,UN,"Delta Crucis Direct Medical Care, 909 E Esperanza Ave",,,,McAllen,TX,78501,,
INTL_7b591233-3,UN,"Mark W. Niedfeldt, M.D., LLC, 10325 North Port Washington Road",,,,Mequon,WI,53092,,
INTL_bf120e52-1,UN,"Shams Elhuni, 1897 GREY FALCON CIR SW",,,,VERO BEACH,FL,329628611,,
INTL_c22a9fe1-9,UN,"Our Nurse Practitioner, LLC, 7211 Centerhill Dr",,,,Lakeland,FL,33809,,
INTL_f9e8384a-2,UN,"Summit Primary Care, 1960 Ogden Street",,,,Denver,CO,80218,,
INTL_04398ae2-2,UN,"Executive MD, 1355 Beverly Road",,,,McLean,VA,22101,,
INTL_8061217c-a,UN,"Fort Health, 613 Washington Blvd",,,,Jersey City,NJ,07310,,
INTL_2a9f0cc4-1,UN,"Coastal Women’s Wellness, 13782 Plantation Road",,,,FORT MYERS,FL,33912,,
INTL_b3ab6895-0,UN,"Holistic Wellness, 107 Riverway Place",,,,Bedford,NH,03110,,
INTL_9748dd52-8,UN,"Element Endocrinology and Diabetes, 112 Perkins Drive",,,,Chapel Hill,NC,27514,,
INTL_aa15945e-d,UN,"Living Waters Hydration & Wellness, LLC, 8081 38th Ave N",,,,St. Petersburg,FL,33710,,
INTL_a1bc6744-0,UN,"Perlita Bolosan Lampitoc, MD Inc, 94-235 Hanawai Cir",,,,Waipahu,HI,967973029,,
INTL_2310eb5b-6,UN,"Owen K. Nishikawa M.D., LLC, 321 N Kuakini Street",,,,Honolulu,HI,96817,,
INTL_83fa9290-9,UN,"Visionary Wellness & Imaging, LLC, 3575 W Story Road",,,,Irving,TX,75038,,
INTL_90d2d14a-7,UN,"Premier Medical Services, 8300 Douglas Ave",,,,Dallas,TX,75225,,
INTL_85ddb58d-4,UN,"Samuel J.Stepanow MD, 213 EXECUTIVE DRIVE",,,,CRANBERRY TOWNSHIP,PA,16066,,
INTL_13b9ab6e-3,UN,"Russell S. Kelly M.D. LLC, 91-2139 Fort Weaver Rd",,,,Ewa Beach,HI,96706,,
INTL_0daa378c-9,UN,"American River Visiting Providers, 1451 River Park Dr",,,,Sacramento,CA,95815,,
INTL_b49c0041-a,UN,"Infinity Wellness, 1713 NM 502",,,,Santa Fe,NM,87506,,
INTL_70e7f04b-2,UN,"Treehouse Family Medicine PLLC, 28 Long Sands Rd",,,,York,ME,03909,,
INTL_724b1f42-8,UN,"Celia E. Dominguez MD LLC, 1319 Punahou St",,,,Honolulu,HI,96826,,
INTL_2b50964c-f,UN,"Miriam Mercado Reyes, MD, PSC, 3425 Stony Spring Circle",,,,Louisville,KY,40220,,
INTL_9c50f5a9-9,UN,"River Horse Medical Clinic, PLLC, 222 Southway Ave",,,,Lewiston,ID,83501,,
INTL_7ed8fca3-9,UN,"Tribute Health & Revival, LLC, 7801 Old Branch Ave",,,,Clinton,MD,20735,,
INTL_c2bd2768-8,UN,"Dr. Joonie's Examinavan, 400 North Ashley Drive",,,,Tampa,FL,33602,,
INTL_5e27ea2d-5,UN,"Ace Nephrology, Inc, 6700 N 1st St",,,,Fresno,CA,93710-3947,,
INTL_39e0ffe8-f,UN,"Cedric Lorenzo, M.D., 1329 Lusitana St",,,,Honolulu,HI,96813,,
INTL_03cea2b8-0,UN,"360 Health and Wellness LLC, 199 Spotnap Rd",,,,Charlottesville,VA,22911,,
INTL_a8aa3e60-a,UN,"YourConciergeMD, 5051 Forest Drive",,,,New Albany,OH,43054,,
INTL_d3e40c38-6,UN,"Story Family Medicine, 1350 Troy Road",,,,Moscow,ID,83843,,
INTL_1ecbf323-e,UN,"Gannett Health, 23 East Brundage Street, Suite 1",,,,Sheridan,WY,82801,,
INTL_85710c9d-e,UN,"Destiny Direct Primary care, 4401 Bridgeport Way West",,,,University Place,WA,98466,,
INTL_eabe9ff9-f,UN,"Woo Sung Ahn, MD, 20145 S Pioneer Blvd",,,,Lakewood,CA,907151051,,
INTL_8b5a8d88-e,UN,"Dale Gray, M.D., 2829 Glenwood Ave",,,,Rockford,IL,611013507,,
INTL_b120c77d-5,UN,"Wyo Clinic, 6 S 5th St",,,,Greybull,WY,82426,,
INTL_d2c11a79-9,UN,"The Mehra Clinic, PLLC, 8230 Boone Blvd",,,,Vienna,VA,22182,,
INTL_93d06fa8-b,UN,"Parker Medical, 5380 South Rainbow Boulevard",,,,Las Vegas,NV,89118,,
INTL_9b279dd0-0,UN,"MD Med-Peds, 31 Robinson St",,,,Severna Park,MD,21146,,
INTL_1035786a-7,UN,"Baker Family Medical Associates, 833 Durham Rd",,,,Langhorne,PA,19047-5736,,
INTL_262c1c5b-5,UN,"Erlaine F Bello MD, 1380 Lusitana Street",,,,Honolulu,HI,96813,,
INTL_49ec1505-0,UN,"STRG Interventional Radiology Clinic, 4458 Medical Drive",,,,San Antonio,TX,78229,,
INTL_026f73f1-7,UN,"Bryterson Medical, 318 WEST 700 SOUTH",,,,MONA,UT,84654,,
INTL_9bf7f4c1-0,UN,"Weight Management & Wellness Online, PLLC, 75 Cart Way",,,,Lebanon,PA,17042,,
INTL_c72fd7e8-3,UN,"Rivendell Health, 1465 Kelly Johnson Bld Ste 310",,,,Colorado Springs,CO,80920,,
INTL_6c6a985c-d,UN,"Mountain Medical Arts, 2 South Main St.",,,,Burnsville,NC,28714,,
INTL_528149c1-0,UN,"Fit Well MD, 4701 FM 2920 Rd",,,,Spring,TX,77388,,
INTL_79c4267a-f,UN,"James B Beckham, M.D., PLLC, 255 Baptist Blvd Ste 307",,,,Columbus,MS,397052006,,
INTL_06634dec-1,UN,"Kind Concierge Care PLLC, 141 Holly Berry Lane",,,,Saint Johns,FL,32259,,
INTL_71d1ccd0-4,UN,"Santa Barbara Pulmonary Associates, 2403 Castillo St, Suite 206",,,,Santa Barbara,CA,93105,,
INTL_571cee24-6,UN,"Good Heart Medical Group, 1220 W Hemlock Way",,,,Santa Ana,CA,92707,,
INTL_150052df-3,UN,"Caretinuum Health, 3208 W Lake Mary Blvd",,,,Lake Mary,FL,32746,,
INTL_c5015c93-d,UN,"The Johnson Health Center, 221 Lower Main Street West",,,,Johnson,VT,05656,,
INTL_65b062e1-a,UN,"Sage Integrative Medicine & Wellness, 5015 E Trindle Road",,,,Mechanicsburg,PA,17050,,
INTL_f6de463e-8,UN,"Paidea Health, 36 Malaga Plaza",,,,PVE,CA,90274,,
INTL_17fbd8b1-1,UN,"Firefly Health, 260 Arsenal Place",,,,Watertown,MA,02472,,
INTL_0c778dc4-5,UN,"Bellehaven Care PLLC, 2833 Crockett St",,,,Fort Worth,TX,76107,,
INTL_3687c242-0,UN,"Farshad Malekmehr, M.D., F.A.C.S, 16311 Ventura Blvd",,,,Encino,CA,91436,,
INTL_04e8bf1d-5,UN,"Poppy Direct Care, LLC, 812 Hillary St.",,,,NEW ORLEANS,LA,70118,,
INTL_e1c778cc-7,UN,"Hawaii Heart Associates, 2226 Liliha St",,,,Honolulu,HI,96717,,
INTL_faff3e48-1,UN,"[READ-ONLY] The Institute for Medical Wellness, 110 Marter Avenu",,,,Moorestown,NJ,08057,,
INTL_a68a6679-1,UN,"South Bay Family and Integrative Medicine, 3162 Newberry Drive 3",,,,San Jose,CA,95118,,
INTL_168663a6-a,UN,"Cypress Springs Pediatrics, 1414 CR 418",,,,Lexington,TX,78947,,
INTL_3a709fde-e,UN,"East Bay Health, 911 Moraga Road",,,,Lafayette,CA,94549,,
INTL_ed32a864-d,UN,"Healthwise Wellness LLC, 4014 Old Warren Road",,,,Pine Bluff,AR,71603,,
INTL_e8c46806-d,UN,"Health Care Partners, 2400 W Dunlap Avenue",,,,Phoenix,AZ,85021-2813,,
INTL_8f489acf-b,UN,"Hormone and Health of Summerville, 404 Trolley Road",,,,Summerville,SC,29485,,
INTL_81021faf-b,UN,"Island Obstetrics & Gynecology, 1380 Lusitana St",,,,Honolulu,HI,96813,,
INTL_620f3e54-7,UN,"Anchored in Health, LLC, 4060 Thomas St",,,,Oxford,FL,34484,,
INTL_385256c5-a,UN,"Chad Ruffin MD, PLLC, 1625 19th Ave",,,,Seattle,WA,98122,,
INTL_595b8528-a,UN,"Grace Health Direct Primary Care PLLC, 6100 Colleyville Blvd",,,,Colleyville,TX,76034,,
INTL_797cff3c-2,UN,"The Center for Diabetes, 1850 Sullivan Ave",,,,Daly City,CA,94015,,
INTL_901cfbea-b,UN,"Direct Pediatric Care LLC, 2275 Swallow Hills Road, Suite 1000",,,,Pittsburgh,PA,15216,,
INTL_388c49c7-8,UN,"Prickly Pear Pediatrics, 2967 Oak Run Pkwy",,,,New Braunfels,TX,78132,,
INTL_ae62ba40-4,UN,"Back to Basics Medical PLLC, 821 Woodland Avenue",,,,Sanford,NC,27330,,
INTL_9356c241-1,UN,"Wellness Pointe PLLC, 2530 NE Kresky Ave",,,,Chehalis,WA,98532,,
INTL_c0faf16f-f,UN,"Zubair Farooqui, 14486 University Cove Place",,,,Tampa,FL,33613,,
INTL_0105edb7-d,UN,"Megan L. Miller APRN CNP Direct Primary Care, 4867 Urbana Rd",,,,Springfield,OH,45502,,
INTL_a14a599e-c,UN,"LG Mini Clinic, 1416 35th AVE",,,,"Oakland, CA",CA,94601,,
INTL_24909cce-b,UN,"NYMC Family Health Center, 19 Skyline Dr.",,,,Hawthorne,NY,10532,,
INTL_aa57ae37-1,UN,"CloudWell Health, 1110 Nuuanu Avenue",,,,Honolulu,HI,96817,,
INTL_31986657-a,UN,"TRUEcare Integrative Medicine, 12006 98th Ave NE Ste 103",,,,Kirkland,WA,98034,,
INTL_45bb73b1-4,UN,"Jenny Cheng, MD, PC, 139 Centre St.",,,,New York,NY,10013-4556,,
INTL_7621409c-b,UN,"GaiaTree Integrative Medicine, LLC, 1751 Calle Medico",,,,Santa Fe,NM,87505,,
INTL_68e03bd9-0,UN,"Modern Family Medicine, 3460 Summit Ridge Parkway",,,,Duluth,GA,30096,,
INTL_33550752-5,UN,"Sharon Hasting, APN, 1639 North Alpine Road",,,,Rockford,IL,61107,,
INTL_e04d10d6-0,UN,"Magdolna Saringer, MD, 211 W 56th Street",,,,New York,NY,10019,,
INTL_c3a4f341-3,UN,"H.H. Chun M.D., Inc., 321 North Kuakini Street",,,,Honolulu,HI,96817,,
INTL_bc0b59fb-9,UN,"Phillip Ng MD, Inc, 170 Alameda De Las Pulgas",,,,Redwood City,CA,940622751,,
INTL_4899e710-a,UN,"100 Plus Group, 2550 Douglas Blvd",,,,Roseville,CA,95661,,
INTL_bfb1a907-b,UN,"Halcyon Health & Wellness, 7747 W. Deer Valley Rd",,,,Peoria,AZ,85382,,
INTL_8f316acd-f,UN,"David M Saito MD, 98-1079 Moanalua Road",,,,Aiea,HI,96701,,
INTL_8fc1a30a-3,UN,"Avalon Natural Medicine of Vermont, PLLC, 118 North Main Street",,,,Saint Albans,VT,05478,,
INTL_01351910-d,UN,"Medici and Health by Design, 7500 Rialto Boulevard",,,,Austin,TX,78735,,
INTL_b8d0d054-e,UN,"Kestrel PLLC, 155 East 900 South",,,,Salt Lake City,UT,84111,,
INTL_61ec2386-9,UN,"Icon Health, 201 Broad St",,,,Stamford,CT,06901,,
INTL_62dfb5a2-e,UN,"My Black Hills Sleep Health Prof, LLC, 403 National Street",,,,Rapid City,SD,57702,,
INTL_54a73548-8,UN,"Valley Health and Weightloss, 121 S Spruce St",,,,Burlington,WA,98233,,
INTL_2e133df7-3,UN,"Fletcher Family Medical Center, 3056 Fletcher Dr",,,,Los Angeles,CA,90065,,
INTL_ecccedc9-9,UN,"Reveal Weight Loss, 290 South Livingston Avenue",,,,Livingston,NJ,07039,,
INTL_a266fc09-d,UN,"Abundance Lifecare Clinic LLC, 516 N Rolling RD",,,,Catonsville,MD,21228,,
INTL_a01e7ba2-1,UN,"Novel Healthcare, PLLC, 7201 Pioneer Way",,,,Gig Harbor,WA,98335,,
INTL_219ab119-d,UN,"NewMD, 3329 Express Ct.",,,,Appleton,WI,54915,,
INTL_8acc7544-6,UN,"Lifestyle CenterMD, 102 Vincent Avenue",,,,Stockbridge,GA,30281,,
INTL_f6126b0b-3,UN,"Waddell Family Medicine, PC, 1856 Colonial Medical Ct",,,,Virginia Beach,VA,23454,,
INTL_cf77bc7a-6,UN,"Lutz Family Practice, 106 Whitaker Road",,,,Lutz,FL,33549,,
INTL_e40fa602-b,UN,"Blue Lotus Family Medicine, 4963 NE Goodview Cir.",,,,Lee's Summit,MO,64064,,
INTL_30b03a36-8,UN,"Love Wellness, Ltd, 796 East Kiowa Avenue",,,,Elizabeth,CO,80107,,
INTL_2e9cb648-1,UN,"Aura Endocrinology, 54 West 21st Street 907",,,,New York,NY,10010,,
INTL_78bb94b0-3,UN,"Traveler Medical Group, 490 POST STREET SUITE #225",,,,SAN FRANCISCO,CA,94102,,
INTL_f5524f2d-0,UN,"Avigail Labrie Family Health NP, 599 JUNE PL",,,,VALLEY STREAM,NY,11581,,
INTL_747ca131-2,UN,"MDs By The Sea, 1200 North Coast Highway 101",,,,Encinitas,CA,92024,,
INTL_dd1e906b-2,UN,"Jianghui Zhang, MD, 950 Stockton St",,,,San Francisco,CA,94108,,
INTL_a98b0a0a-e,UN,"MEHRAN JAMALI, M.D, 545 MORSE AVE",,,,SUNNYVALE,CA,940853653,,
INTL_6c76f052-7,UN,"Barragan Psychiatric Nursing Services, Inc., 201 E Center St, St",,,,Anaheim,CA,92805-7212,,
INTL_0205f922-8,UN,"New Cadence Healthcare, 1777 N. Bellflower Blvd",,,,Long Beach,CA,90815,,
INTL_35eab227-6,UN,"Reach Pediatric Rehab, 8229 Boone Blvd",,,,Vienna,VA,22182,,
INTL_7b27fa21-a,UN,"Hillandale Medical Associates, PC, 5910 Hillandale Dr",,,,Lithonia,GA,300581884,,
INTL_59cc5eb6-f,UN,"American Canyon Housecalls - Edwina Hanna-Reese, 1860 Landmark D",,,,Vallejo,CA,94591,,
INTL_b9565956-a,UN,"Coronado Wellness, 6268 East Grant Road",,,,Tucson,AZ,85712,,
INTL_8ef090cd-a,UN,"Upper Valley Medical Clinic, 950 Anthony Rd",,,,Canutillo,TX,798356052,,
INTL_fe45a3c7-f,UN,"Fountain Life, 1000 Immokalee",,,,NAPLES,FL,34108,,
INTL_c1cd7b48-3,UN,"Latitude Clinic LLC, 2831 Ringling Blvd",,,,Sarasota,FL,34237,,
INTL_7f6600f0-c,UN,"WellnessRox DPC, LLC, 20 Eustis Street",,,,Roxbury,MA,02122,,
INTL_5f4c306e-9,UN,"Reset Primary Care, 2810 W. CHARLESTON BLVD.",,,,Las Vegas,NV,89102,,
INTL_b3fc686e-b,UN,"Gwinnett General Medicine, 950 River Centre Place",,,,LAWRENCEVILLE,GA,30043,,
INTL_d9709b10-1,UN,"Wellspan Medical Services LLC, 599 9th Street North",,,,Naples,FL,34102,,
INTL_7c06e5a3-4,UN,"Clovis Family Healthcare, 2301 N. M.L.K. BLVD",,,,CLOVIS,NM,88101,,
INTL_ddc20294-f,UN,"Serenity Surgery & Wellness, 1110 London St",,,,Myrtle Beach,SC,29577,,
INTL_be8bc7f7-f,UN,"Viropana Healing Surgical Clinic, 6301 S MOUNTAIN VISTA ST",,,,HENDERSON,NV,89014,,
INTL_6740bf86-9,UN,"St. Joseph's Internal Medicine, 300 S HICKORY ST",,,,MT CARMEL,PA,17851,,
INTL_3e1de3ad-8,UN,"Robert Miller, 4535 Mattos Drive",,,,Fremont,CA,945366719,,
INTL_4b68de11-4,UN,"Maison Medical Group, 150 Portola Rd",,,,Portola Valley,CA,94028,,
INTL_79d4135a-b,UN,"Dr. Leon Katz Medical Weight Loss Center, 430 Shore Road",,,,Long Beach,NY,11561,,
INTL_48c8e6f3-c,UN,"Steven M.C. Lum, M.D., 40 Aulike Street",,,,Kailua,HI,96734-2751,,
INTL_ef8e8f4a-f,UN,"Ronald B. Bush, MD, PC, 44300 Monterey Avenue",,,,Palm Desert,CA,92260,,
INTL_254edf11-2,UN,"Integrated Family Care, 2200 Victory Parkway",,,,Cincinnati,OH,45206,,
INTL_3621e1cc-8,UN,"Southern California Internists Medical Group, 1713 East Walnut S",,,,Pasadena,CA,91106,,
INTL_3d55324e-4,UN,"Alan C Desilva, 1248 Kinoole Street",,,,Hilo,HI,96720,,
INTL_020ac5ef-2,UN,"Burgess Pediatrics, 401 Burgess Dr Ste C",,,,Menlo Park,CA,940253408,,
INTL_b31239dc-0,UN,"Hahn Health, 15 Jay Drive",,,,Gilford,NH,03249,,
INTL_ac51d132-1,UN,"Jack Hsieh, M.D., 405 N Kuakini St",,,,Honolulu,HI,96817-8887,,
INTL_c95a7e00-d,UN,"HEALTH360, 7777 Davie Rd Extension",,,,Hollywood,FL,33024,,
INTL_76325909-f,UN,"Seven Hills Family Medicine, 9A W Grace St",,,,Richmond,VA,23220,,
INTL_1b336411-c,UN,"Conejo Valley Direct Primary Care, 2829 Townsgate Rd.",,,,Westlake Village,CA,91361,,
INTL_6119efae-b,UN,"Cityblock - North Carolina, 1439 East Cone Blvd",,,,Greensboro,NC,27405,,
INTL_b5f07625-3,UN,"Evergreen Internal Medicine, 12851 Broad St.",,,,Carmel,IN,46032,,
INTL_1fc89cf8-0,UN,"Healing Ways Healthcare LLC, 207 S. Princess Street #12",,,,SHEPHERDSTOWN,WV,25443-1581,,
INTL_89bbbb52-2,UN,"YB Health and Wellness, 160 Combs Ave",,,,Woodmere,NY,11559,,
INTL_71305b9d-e,UN,"Big Island Family Medicine, Inc., 670 Ponahawai St",,,,Hilo,HI,96720,,
INTL_c139cfcc-8,UN,"Honest Direct Primary Care, 2148 N Lake Forest Dr",,,,McKinney,TX,75071,,
INTL_3399115f-5,UN,"Heart of Texas Direct Primary Care, PLLC, 2040 North Valley Mill",,,,Waco,TX,76710,,
INTL_f5edf722-5,UN,"Southland Neuromuscular, 35400 Bob Hope Drive",,,,Rancho Mirage,CA,92270,,
INTL_197e0b93-e,UN,"Freedom Doctors, 6 Old Acres Road",,,,Holland,MA,01521,,
INTL_20b38a41-a,UN,"Infinity Health, 3555 Loyola Dr.",,,,Kenner,LA,70065,,
INTL_74950c95-9,UN,"Clinton Carter, 2520 Oak Manor Way",,,,Tyler,TX,75703,,
INTL_97b504cd-6,UN,"Hormone Health & Vitality, 21 E. Baltimore St",,,,Greencastle,PA,17225,,
INTL_df4b7bb6-7,UN,"Durham Direct Primary Care, 752 N Main St",,,,Mansfield,TX,76063,,
INTL_b0fc6f2f-b,UN,"Steiger Health Services, 66 Middlebush Rd",,,,Wappingers Falls,NY,12590,,
INTL_f2c3897a-4,UN,"Kimmel Endocrinology and Diabetes Care, 2255 Ygnacio Valley Road",,,,Walnut Creek,CA,94598,,
INTL_54190334-5,UN,"Crossover - Nearsite - West, 193 Jefferson  Drive",,,,Menlo Park,CA,94025,,
INTL_87ed7894-e,UN,"Skyline Family Medicine, 145 Ednam Drive",,,,Charlottesville,VA,22903,,
INTL_c6084a51-a,UN,"Aliveness Project of NWI, 5261 Hohman Ave",,,,Hammond,IN,46320,,
INTL_6a39c7be-6,UN,"Acacia Mental Health, 877 W.Fremont Avenue",,,,Sunnyvale,Ca,94087,,
INTL_5eb227f1-2,UN,"People-Centered Health, 3610 Avenue B",,,,San Antonio,TX,78209,,
INTL_4e07cd5b-e,UN,"Halcyon Health Direct Primary Care, 19712 MacArthur Boulevard",,,,Irvine,CA,92612,,
INTL_a1882f65-d,UN,"Right Solutions Mental Health, 800 SOUTH FREDERICK AVENUE",,,,GAITHERSBURG,MD,208774152,,
INTL_28ded240-7,UN,"New South Family Medicine, 441 Mercantile Place",,,,Fort Mill,SC,29715,,
INTL_0fe2bda8-8,UN,CareSource Georgia,,,,Telehealth Visit,GA,30339,,
INTL_acba065b-2,UN,"Kanoelehua Perry, M.D., M.S., 1329 Lusitana St.",,,,Honolulu,HI,96813,,
INTL_32fa5a8a-3,UN,"Santa Barbara Internal Medicine Group, 5333 Hollister Ave",,,,Santa Barbara,CA,93111,,
INTL_26719fbe-9,UN,"Green Mountain Partners for Health, 200 Union Blvd",,,,Lakewood,CO,802281830,,
INTL_1debbd77-a,UN,"Alps Health DPC, LLC, 105 S. Ridgecrest",,,,Nixa,MO,65714,,
INTL_4853de4f-3,UN,"Primary Choice Medical, 23 Buena Vista Way",,,,Greenville,SC,29615,,
INTL_33fbabe1-d,UN,"Carol J. Thomas, M.D., 851 Fremont Ave.",,,,Los Altos,CA,94024,,
INTL_c8f4b9a3-7,UN,"Christine D Collins APC, 435 N Roxbury Ave Suite 404",,,,Beverly Hills,CA,90210,,
INTL_7076cb53-7,UN,"Colorectal Associates, 1380 Lusitana St",,,,Honolulu,HI,96813-2442,,
INTL_c1052e50-3,UN,"Citrin Cardiology, 6701 Airport Blvd",,,,Mobile,AL,36608-3784,,
INTL_32ecfc31-3,UN,"WOOJIN JOO, M.D., P.C., 903 Crenshaw Blvd.",,,,Los Angeles,CA,90019,,
INTL_51a589a9-2,UN,"MIDTOWN DOCTORS GROUP, PA, 3918 Leeland St.",,,,Houston,TX,770035648,,
INTL_fd969d49-f,UN,"Dean Chier, M.D., 2611 NE125th street",,,,Seattle,WA,98125,,
INTL_585574de-5,UN,"4 R Families Medical Clinic, PLLC, 721 West Broadway",,,,ENID,OK,73701,,
INTL_d3f43224-7,UN,"Pekin Family Practice PC, 2401 Broadway St Lower Level",,,,Pekin,IL,61554,,
INTL_ace85db5-3,UN,"EndoONE Diabetes and Endocrinology Center, LLC, 602 S Audubon Av",,,,Tampa,FL,33609,,
INTL_27364d70-0,UN,"Onsite Podiatry Services, 10007 N 1st Ave",,,,Phoenix,AZ,85021,,
INTL_97325d9a-e,UN,"Gurinder Brar, 1102 bloomingdale ave",,,,Valrico,FL,33596,,
INTL_1589b439-b,UN,"O Positive Festivals, Inc, 36 St james st",,,,Kingston,NY,12401,,
INTL_df857b0b-2,UN,"Aura Integrative Health, 15  82ND DR",,,,GLADSTONE,OR,97027-2550,,
INTL_d05e9938-3,UN,"TOPS Medical Center, Inc, 4835 VAN NUYS BLVD",,,,SHERMAN OAKS,CA,914032136,,
INTL_feba0a2b-c,UN,"Forbes VIP Health, PLLC, www.ForbesVIPHealth.com",,,,Nashua,NH,03064,,
INTL_a7a552a7-5,UN,"Charlie Health, 233 E Main St",,,,Bozeman,MT,59715,,
INTL_b9c410e5-9,UN,"Direct Care Endocrinology, 234 South Bryn Mawr Avenue",,,,Bryn Mawr,PA,19010,,
INTL_7600547e-f,UN,"Simmons Skin Center, 6339 Charlotte Pike",,,,Nashville,TN,37209,,
INTL_9d0615a9-a,UN,"Premier Cancer Care and Infusion, 7065 N. Maple Ave",,,,Fresno,CA,93720,,
INTL_1cb87c28-b,UN,"Rivers Edge Family Medicine, 4626 SAWMILL RD",,,,COLUMBUS,OH,43220,,
INTL_7f40a58f-0,UN,"Elation DWGAS Internal, 123 Test Dr.",,,,Honolulu,HI,96795,,
INTL_a4c35b67-3,UN,"Elevate Medical Group, 2470 Saint Rose Parkway",,,,Henderson,NV,89074,,
INTL_6aa1a9e6-7,UN,"Integrative Women's Health, 1023 Pensacola Street",,,,Honolulu,HI,96814,,
INTL_a0ddff45-9,UN,"Veera J Patel, M.D., 1021 Hill St",,,,Three Rivers,MI,49093,,
INTL_b20063c7-d,UN,"Three Rivers Medical, 2725 E Gov John Sevier Hwy",,,,Knoxville,TN,37914,,
INTL_830ac7cb-a,UN,"Walter E Brodis PLLC, 1893 E Skyline Dr",,,,OGDEN,UT,84403,,
INTL_a0c8803f-d,UN,"RiverRock Medical Clinic, 5535 Old Leeds Rd",,,,Birmingham,AL,35210,,
INTL_ae670c3d-0,UN,"CCHCA Common Spirit Auditor Account, 3840 Kilroy Airport Way",,,,Long Beach,CA,90806,,
INTL_d791d744-8,UN,"Sansara Concierge Medicine, 10335 North Port Washington Road",,,,Mequon,WI,53092,,
INTL_9c2ac994-0,UN,"Direct Primary Care Associates, PLLC, 2626 Peerless Road NW",,,,Cleveland,TN,37312,,
INTL_371580b5-b,UN,"The Health Carpenter, 1111 Lucerne Terrace",,,,Orlando,FL,32806,,
INTL_bfe4fc85-f,UN,"On Point Primary Care, 2037 Jerry Murphy Rd.",,,,Pueblo,CO,81001,,
INTL_3e550f11-8,UN,"Gateway Wellness Center, 3433 Agler RD",,,,Columbus,OH,43219,,
INTL_3e1bf75c-e,UN,"Jie Ling, 1828 El Camino Real",,,,Burlingame,CA,94010,,
INTL_7976c4bd-6,UN,"MDX Hawaii Account, 500 Ala Moana Blvd",,,,Honolulu,HI,96813,,
INTL_c2f4529a-7,UN,"Monica Montoya, 1077 Cass St.",,,,Monterey,CA,93940,,
INTL_7627e4c2-9,UN,"Alex Gold M.D.,A Medical Corp., 2021 Santa Monica Blvd",,,,Santa Monica,CA,90404,,
INTL_f8c27ce4-2,UN,"Nightingale Healthcare, 3038 Crawfordville Highway",,,,Crawfordville,FL,32327,,
INTL_1cf4541c-d,UN,"Dr. CORINNE MENN, 14 Valley View Road",,,,CHAPPAQUA,NY,10514,,
INTL_36d1de58-7,UN,"Prime Health, 4362 Northlake Blvd",,,,Palm Beach Gardens,FL,33410,,
INTL_a6a01553-b,UN,"Samsami MD, 45-1151  Kamehameha Hwy",,,,Kaneohe,HI,96744,,
INTL_c35ec0e9-a,UN,"Coscarart Health and Wellness LLC, 1939 Hickory Avenue",,,,Harahan,LA,70123,,
INTL_6b9866d3-9,UN,"Dr. Edd Jones, LLC, 182 Perry House Road",,,,Fitzgerald,GA,31750,,
INTL_ed21d71c-0,UN,"Physician Assistant & Associates Inc, 11620 Wilshire Blvd",,,,Los Angeles,CA,90025,,
INTL_073c351d-5,UN,"Jonathan Raiman,M.D.,Inc., 16101 Ventura Blvd",,,,Encino,CA,914362500,,
INTL_fab76929-b,UN,"Kingdom Care DPC, 11709 Roe Ave",,,,Leawood,KS,66211,,
INTL_6e5e4bc5-1,UN,"Staten Island Vascular, 1101 Victory Blvd",,,,Staten Island,NY,10301,,
INTL_8709a1a1-9,UN,"Lamb Medical, 3323 Washington Road",,,,Mc Murray,PA,15317,,
INTL_673e391b-4,UN,"William E. Franklin, DO, 10201 Coram Dr",,,,Bakersfield,CA,933085746,,
INTL_03177f74-3,UN,"Miki Medical Associates, 405 N. Kuakini St",,,,Honolulu,HI,96817,,
INTL_a6d1c69a-7,UN,"Key 2 Wellness, 26 W Oak Ave",,,,PANAMA CITY,FL,32401,,
INTL_ca2b989e-3,UN,"Youngkyo Kim, MD, 1441 Kapiolani Blvd",,,,Honolulu,HI,96814,,
INTL_eb31f108-4,UN,"Maximus Health Inc, 8951 Cypress Waters Blvd",,,,Coppell,TX,75019,,
INTL_37a3515c-8,UN,"Floral Vale Family Medicine, 303 Floral Vale Blvd",,,,Yardley,PA,190675525,,
INTL_0ddcbfa0-d,UN,"Almond Health, 8274 Melrose Ave",,,,Los Angeles,CA,90046-6821,,
INTL_43171c50-9,UN,"Wellington Medical, 2626 SOUTH RAINBOW BLVD",,,,Las Vegas,NV,89146,,
INTL_74411643-1,UN,"Jose Maria Family Health Nurse Practitioner P.C., 3184 Grand Con",,,,Bronx,NY,10458,,
INTL_0a2e32ab-0,UN,"Whole Systems Healthcare Lake Oswego, 15962 Boones Ferry Rd",,,,Lake Oswego,OR,97035,,
INTL_f388a3ff-1,UN,"Southwest Modern Medicine, 8300 Carmel Ave NE",,,,Albuquerque,NM,87122,,
INTL_69e5896e-b,UN,"Fignar Family Practice, LLC, 15 Palomba Dr",,,,Enfield,CT,060823888,,
INTL_c9db0a91-4,UN,"Winter Park Family Practice, LLC, 1400 S. Orlando Ave",,,,WINTER PARK,FL,32789-5543,,
INTL_e0829ce2-f,UN,"Southridge Medical Center, 14050 Cherry Avenue",,,,Fontana,CA,92337,,
INTL_96ec1edb-0,UN,"Hometown Medicine, 322 Memorial Drive",,,,Greer,SC,29650,,
INTL_0890bd73-1,UN,"Amanii Health Care PLLC, 104 S. OLYMPIC AVE",,,,ARLINGTON,WA,98223,,
INTL_e7037243-5,UN,"Essential Family Health & Wellness, 11209 N. Tatum Blvd",,,,Phoenix,AZ,85028,,
INTL_52f6ea5a-d,UN,"Inspire Integrative Pediatrics, 534 Nautical Drive",,,,Clover,SC,29710,,
INTL_8ca6c7be-5,UN,"Amy Bader, ND, PC, 1401 SE 164th Avenue",,,,Vancouver,WA,98683,,
INTL_cd83be5a-e,UN,"Salt & Light Medical Clinic, 222 Bell Ln",,,,West Monroe,LA,71291,,
INTL_1c21de86-e,UN,"Outreach Medical Group Downtown, 928 Nuuanu Ave.",,,,Honolulu,HI,96817,,
INTL_c1f32a41-f,UN,"Rosen Personalized Medicine, 400 Taylor Blvd, Ste 304",,,,Pleasant Hill,CA,94523,,
INTL_a1b1199b-1,UN,"Madhu Raghavan, MD, 64 Aspen Way",,,,Watsonville,CA,95076,,
INTL_00d4f407-f,UN,"Ascent Elite Health, 206 CHASE PARK",,,,HURRICANE,WV,25526,,
INTL_43892d60-5,UN,"Pocatello Wellness Clinic, 1155 Yellowstone Avenue",,,,Pocatello,ID,83210,,
INTL_cb9da140-2,UN,"The Lanby, 535 Fifth Avenue",,,,New York,NY,10017,,
INTL_a8898840-a,UN,"The Via Center, PC, 3055 Washington Rd",,,,McMurray,PA,15317-3279,,
INTL_0895ee54-0,UN,"Tarantino Medical Group, Inc., 2255 Ygnacio Valley Rd, Ste V",,,,Walnut Creek,CA,94598,,
INTL_d7713181-7,UN,"Hico Medspa, Wellness and Weight Loss Center, 409 Elm St",,,,Hico,TX,76457,,
INTL_fbc7162a-4,UN,"Horse and Buggy Pediatrics, 5753 S Prince St",,,,Littleton,CO,80160,,
INTL_979630c2-8,UN,"CREOKS d/b/a TruHealth Integrated Care, 4103 S. Yale Ave.",,,,TULSA,OK,If 74135,,
INTL_4fbd403d-a,UN,"Nevada Center Inc, 1231 Country Club Dr",,,,Carson City,NV,89703,,
INTL_c26806e5-b,UN,"Medical Genetics of Nevada LLC, 2505  Anthem Village Drive",,,,Henderson,NV,89052,,
INTL_c7b896eb-d,UN,"Sarah Abedi MD, 1902 A. Lincoln Blvd Suite 1141",,,,Santa Monica,CA,90405,,
INTL_8268cf58-b,UN,"Mahoning Valley Direct Primary Care, 25 N CANFIELD-NILES ROAD",,,,YOUNGSTOWN,OH,44515-2332,,
INTL_b14b3a45-9,UN,"Two Rivers Integrative Medicine, 2564 NW Edenbower Blvd",,,,Roseburg,OR,97471,,
INTL_bc154486-e,UN,"Curo Pediatrics, PLLC, 835 7th St",,,,Clermont,FL,34711,,
INTL_a7627afb-5,UN,"Ruth Gallatin, M.D. and Sejal Mattu, M.D., 2401 Brandermill Blvd",,,,Gambrills,MD,210541690,,
INTL_37e3e309-f,UN,"Cityblock - Connecticut, 88 Valley Street",,,,Bristol,CT,06010,,
INTL_3addf999-0,UN,"Arnold Seid M.D., 960 Center St",,,,Wahiawa,HI,96786-2038,,
INTL_8d4f8efd-f,UN,"Midnight Medical of Central Florida, 144 Avenue B SW",,,,Winter Haven,FL,33880,,
INTL_17c22c0c-f,UN,"Ohana Foot & Ankle Specialists, 1245 Kuala Street",,,,Pearl City,HI,96782,,
INTL_90abdad4-4,UN,"Bedside Manner, LLC, 550 W. 125 Pl S.",,,,Glenpool,OK,74033,,
INTL_27cbf8df-7,UN,"Back to Basics Family Practice, LLC, 45 West Caldwell St.",,,,Mount Juliet,TN,37122,,
INTL_e20378cc-b,UN,"Nova Med Care LTD, 1717 W Algonquin Rd.",,,,Mount Prospect,IL,60056,,
INTL_fb40791e-d,UN,"PHYSICIAN EXTENDERS, PA, 3028 Caring Way",,,,Port Charlotte,FL,33952,,
INTL_6f46015c-c,UN,"Fountain Health, 9132 Strada Pl",,,,Naples,FL,34108,,
INTL_ed13150a-0,UN,"Lisa Law, M.D., 728 Pacific Ave Ste 302",,,,San Francisco,CA,94133-4489,,
INTL_a13192d5-3,UN,"Direct Primary Care of Boca Raton, 801 Meadows Road",,,,Boca Raton,FL,33486,,
INTL_2b5d86d5-a,UN,"Centivo Virtual Primary Care, 174 Comstock Ave",,,,Winter Park,FL,32789,,
INTL_ed389687-1,UN,"Florence House Family Practice, 4444 S Harvard Avenue",,,,Tulsa,OK,74135,,
INTL_08b6179d-8,UN,"Sequoia Project, PLLC, 3216 NE 45th Place",,,,Seattle,WA,98105,,
INTL_bbad37b6-6,UN,"Well Family Medical and Urgent Care, 853 Mill Creek Rd",,,,MANAHAWKIN,NJ,08050-4136,,
INTL_60e6eb53-7,UN,"Medicis Primary Care, 750 N. Eastern Avenue",,,,Las Vegas,NV,89101,,
INTL_85e9f064-8,UN,"Vitacare Medical Associates, 966 S. Western Ave.",,,,LOS ANGELES,CA,90006-1015,,
INTL_2ee9d65e-5,UN,"Getzwell Pediatrics, 1701 Church St",,,,San Francisco,CA,94131,,
INTL_caf3fd0a-1,UN,"Cityblock - NY (Fidelis), 546 Eastern Parkway",,,,Brooklyn,NY,11225,,
INTL_379067cf-6,UN,"StemLife Holistic Primary Care, LLC, 1407 Tampa Park Plaza",,,,Tampa,FL,33605,,
INTL_ff9aaca0-6,UN,"Foxhall Internists, PC - Dr. Alexander Chester, 3301 New Mexico ",,,,Washington,DC,20016-3623,,
INTL_c8c7ccbf-1,UN,"F.Frey Azizi MD, Inc., 2220 Lynn Rd Ste 103",,,,Thousand Oaks,CA,91360,,
INTL_f5472d9b-6,UN,"Ridge Family Wellness, LLC, 1409 Luisa St",,,,Santa Fe,NM,87505,,
INTL_e434271e-b,UN,"Susan Dominic, MD, Inc., 7780 N Fresno St",,,,Fresno,CA,93720,,
INTL_8ef7f96a-f,UN,"Blessed Minds, PLLC, 5433 Chumuckla Highway",,,,Pace,FL,32571,,
INTL_abd29d77-3,UN,"David M Jue MD, 3010 Beard ROAD",,,,Napa,CA,94558,,
INTL_408bfd76-d,UN,"Nurture Well Center, 1207 North 200th Street",,,,Shoreline,WA,98133,,
INTL_9cb93aaf-0,UN,"Pinnacle Internal Medicine, 1400 Kirk Rd. Suite 210",,,,Little Rock,AR,72223,,
INTL_2982733d-c,UN,"Dennis Y. Fong, M.D., 160 Alamo Plz",,,,Alamo,CA,94507-9998,,
INTL_13c03c4c-1,UN,"MyDPCdoc Family Medicine, 4953 Van Dyke Road",,,,Lutz,FL,33558,,
INTL_c38b4ecb-4,UN,"Holistic Family Care LLC, 462 E King Rd",,,,Malvern,PA,19355,,
INTL_278c569e-c,UN,"Cityblock - Indiana, 2620 Kessler Blvd E Drive",,,,Indianapolis,IN,46220,,
INTL_fc410cc8-3,UN,"Lisa Trigg, ARNP, 1037 NE 65th St",,,,Seattle,WA,98115,,
INTL_e075a867-e,UN,"Well by AM Nursing, 6025 Waddington Way",,,,Roseville,CA,95747,,
INTL_0593e1ab-9,UN,"Muqeet Siddiqui, MD, LLC, 1588 Citrus Medical Court",,,,Ocoee,FL,34761,,
INTL_35a59970-e,UN,"TruWellness, 2801 Northside Dr.",,,,Bossier,LA,71111,,
INTL_81c529de-6,UN,"Northern Cardiovascular Clinic, 6565 France Ave South",,,,Edina,MN,55435,,
INTL_561124e5-0,UN,"FusionMD, PLLC, 5472 Main Street",,,,Del City,OK,73115,,
INTL_c2212ce5-9,UN,"Revive Wellness, PC, 850 W MAIN ST",,,,ROGERSVILLE,TN,37857,,
INTL_a9ce395a-9,UN,"Health Plus Hormones, 119 S Pacific Dr",,,,American Fork,UT,84003,,
INTL_1d5c19a5-6,UN,"Old Tyme Family Medicine, 117 W High St.",,,,LONDON,OH,43140,,
INTL_329e7ed4-5,UN,"MGW Wellness LLC, .",,,,Newton,MA,02459,,
INTL_d0f2c87d-c,UN,"Eugene M.C. Lee, M.D. Inc., 321 N Kuakini St",,,,Honolulu,HI,968172360,,
INTL_bed3caa5-3,UN,"3:6 Wellness Clinic, 3115 Richmond Street",,,,Needville,TX,77461,,
INTL_53b7b5e6-4,UN,"Access Family Medicine, 1001 East M28",,,,Marquette,MI,49855,,
INTL_83c6a5ac-7,UN,"Progressive Health of Delaware, 3411 Silverside Road Springer Bu",,,,Wilmington,DE,19810,,
INTL_c72e5476-e,UN,"Aveo Wellness, 2550 5th Ave",,,,San Diego,CA,92103,,
INTL_bcc69dce-6,UN,"Today Integrative Health + Wellness, 15962 Boones Ferry Rd",,,,Lake Oswego,OR,97035,,
INTL_40730515-c,UN,"Andrea Young DO, Inc, 516 N Sepulveda Blvd",,,,Manhattan Beach,CA,90266,,
INTL_38aec939-0,UN,"Marable Personal Healthcare, PLLC, 106 Mission Court",,,,Franklin,TN,37067,,
INTL_6359a3c0-1,UN,"Primary Care Physicians of Stow, 1355B CORPORATE DRIVE",,,,HUDSON,OH,442364432,,
INTL_b8118fda-4,UN,"Embrace Health, 920 E Rutherford St",,,,Landrum,SC,29356,,
INTL_fbd2630f-a,UN,"Middle Path Medicine, 180 W Le Point Street",,,,Arroyo Grande,CA,93420,,
INTL_19ec428b-5,UN,"Metsi Care, 1614 E 6th St",,,,Austin,TX,78702,,
INTL_8865e8a9-5,UN,"Alan N. Oki MD, Inc., 98-1079 Moanalua Rd",,,,Aiea,HI,96701-4722,,
INTL_d9b454c7-e,UN,"Lisa L. Wong, MD, 1380 Lusitana St",,,,Honolulu,HI,968132449,,
INTL_80e6b6f4-e,UN,"Walnut Hills Primary Care, 2345 Kemper Lane",,,,Cincinnati,OH,45206,,
INTL_ff10777f-1,UN,"Charlottesville Direct Primary Care, 306 East Jefferson St.",,,,Charlottesville,VA,22902,,
INTL_2627d5eb-8,UN,"Carmen Baybayan, M.D., LLC, 98-029 Hekaha St",,,,Aiea,HI,96701,,
INTL_3c9c8ed8-e,UN,"LumaDoc Health, PA, 798 Executive Drive",,,,Oviedo,FL,32765,,
INTL_08d257f9-4,UN,"Crawford Chung, MD, 3838 California Street",,,,San Francisco,CA,941181507,,
INTL_d7a4e2a6-0,UN,"HIPnation Lawrenceville, 175 Langley Drive",,,,Lawrenceville,GA,30046,,
INTL_6d6c2da8-e,UN,"Empower Sleep, 1364 Cornell Ave",,,,Redlands,CA,92374,,
INTL_6f70781f-1,UN,"Embry Women's Health LLC, 1949 W Ray Rd",,,,Chandler,AZ,85224,,
INTL_1dc1e608-7,UN,"Synergy Telehealth, 1101 Scarborough Dr.",,,,Davie,FL,33324,,
INTL_3ddc931d-3,UN,"Valley Ctr Reproductive Health dbaWCWrc, 4835 Van Nuys Blvd",,,,sherman oaks,CA,91403,,
INTL_6b1043eb-a,UN,"Lakeside Integrative, PLLC, 2205 Eastchester Drive",,,,High Point,NC,27265,,
INTL_dea4f5c7-0,UN,"Pacific Northwest Wellness Center, PLLC, 230 Grant Road",,,,East Wenatchee,WA,98802,,
INTL_62138304-d,UN,"Vibrance Family Health + Care, 416 N. Diers Ave",,,,GRAND ISLAND,NE,688034311,,
INTL_f57c5fde-b,UN,"Valley Village Health Clinic, 12626 Riverside Dr",,,,Valley Village,CA,91607,,
INTL_a25e8bd2-f,UN,"Time for You Direct Primary Care, 2909 N Orange Avenue",,,,Orlando,FL,32804,,
INTL_db6d4044-4,UN,"Periman Eye Institute, 100 West Harrison Street",,,,Seattle,WA,98119,,
INTL_2f234f9c-d,UN,"Shine Health and Wellness, 960 E Green St",,,,Pasadena,CA,91106,,
INTL_391433d1-1,UN,"Sona Wellness, 805 Fairview Rd",,,,Asheville,NC,28803,,
INTL_b719a16b-b,UN,"PEACH Neurology, 3500 Duluth Park Lane",,,,Duluth,GA,30096,,
INTL_7d0bfefc-a,UN,"Embrace Direct Primary Care, 41 Creek Road",,,,Irvine,CA,92604,,
INTL_d77c6a94-1,UN,"VIP Physician Group LLC, 166 Defense Highway",,,,Annapolis,MD,21401,,
INTL_b8a0908f-0,UN,"Truly Well Family Care, 38 N. Jefferson St",,,,Wickenburg,AZ,85390,,
INTL_bbb331d6-6,UN,"Allergy/Asthma Specialties, INC., 405 N Kuakini St",,,,Honolulu,HI,96817-6300,,
INTL_b4013c34-a,UN,"BeYou MD, 17350 State Hwy 249",,,,Houston,TX,77064,,
INTL_88914b87-e,UN,"Copper Canyon Family Health, 348 S Main St #1A",,,,Camp Verde,AZ,86322,,
INTL_d297643f-2,UN,"Direct Primary Care of Coconut Grove, 3436 SW 23 Ter",,,,Miami,FL,33145,,
INTL_fc3b265d-3,UN,"Dr. Edward Hoffman, 8350 W Sahara Ave",,,,Las Vegas,NV,89117,,
INTL_08014a00-c,UN,"Walton Mobile NP OH LLC, 311 Elm St",,,,Cincinnati,OH,45202,,
INTL_6f56ad97-a,UN,"Medical Associates of Pilot Point, 1235 S Highway 377",,,,Pilot Point,TX,76258,,
INTL_ca33132f-6,UN,"KHANH TAN DUONG MEDICAL OFFICE, 9635 MONTE VISTA AVE",,,,MONTCLAIR,CA,917632235,,
INTL_807e0fd3-7,UN,"Pedersen, Razavi, Schlisserman, and Shih, MD, Hoover Pavilion, 2",,,,Palo Alto,CA,94304-1426,,
INTL_5140f3b8-8,UN,"Glenda Malana, MD, 91-2139 Fort Weaver Rd",,,,Ewa Beach,HI,967063609,,
INTL_c82c7b57-f,UN,"Michiana Infectious Disease Specialists, 3838 N. Main St.",,,,Mishawaka,IN,46545,,
INTL_e91c8fa5-b,UN,"Cones Family Medicine, 1100 N. University Ave",,,,Little Rock,AR,72207,,
INTL_b8e576eb-2,UN,"Saema Tahir M.D., PLLC, 1125 Park Avenue",,,,New York,NY,10128,,
INTL_cf2737da-f,UN,"Arizona Metabolic Health, 3195 Stillwater Drive",,,,Prescott,AZ,86301,,
INTL_c30ee47e-b,UN,"RGG Cardiology PC, 600 Providence Park Dr. E",,,,Mobile,AL,36695,,
INTL_aeacb1db-6,UN,"Sejal G. Mattu, MD, PA, 2401 Brandermill Blvd",,,,Gambrills,MD,21054,,
INTL_1ce46fe4-6,UN,"Avalon Family Care, 540 Hughes Rd",,,,Madison,AL,35758,,
INTL_f21a0a1b-7,UN,"Nawal Johansen, MD, 805 El Camino Real",,,,Palo Alto,CA,94301,,
INTL_7aaa5988-2,UN,"Columbia View Family Health, 2800 SW 257th Ave",,,,Troutdale,OR,97060,,
INTL_ae84ab52-f,UN,"Center IPA, 1995 W Malvern Ave",,,,Fullerton,CA,92833,,
INTL_a4898643-1,UN,"Grey Matters, 950 S. Tamiami Trail",,,,Sarasota,FL,34236,,
INTL_82da1b8f-e,UN,"Minerva Medicine, 302 Maple Ave",,,,Snohomish,WA,98290,,
INTL_240c2f5f-4,UN,"Sentry Medical - UT, 258 S Main",,,,Logan,UT,84321,,
INTL_e9b4767a-3,UN,"Celly Health of Northern Michigan PC, 10850 E Traverse Hwy.",,,,Traverse City,MI,49684,,
INTL_dd955a8f-d,UN,"Motion MSK, 1301 2nd Ave SW",,,,Largo,FL,33770,,
INTL_5be71b41-d,UN,"Abundant Health & Vitality  Associates PLLC, 5970 Fairview Rd",,,,CHARLOTTE,NC,28210,,
INTL_69c5fe3f-2,UN,"UR Country Doc, 35280 County Rd 3",,,,Crosslake,MN,56442,,
INTL_dea45dbf-9,UN,"Dennis G Walker Family Clinic - DeQuincy, 302 W 4th Street",,,,DeQuincy,LA,70633,,
INTL_0bd4a527-d,UN,"Seen Health SGV, 1839 W Valley Blvd",,,,Alhambra,CA,91803,,
INTL_1aae543a-5,UN,"Community Wellness, 1999 S Bascom Ave",,,,Campbell,CA,95008,,
INTL_2a2945ad-5,UN,"Valley Cancer Medical Center, 1138 Norman Drive",,,,Manteca,CA,95336,,
INTL_8a7e2c3c-e,UN,"Edward L. Spencer, MD, 450 N. Bedford Dr.",,,,Beverly Hills,CA,90210,,
INTL_df5af778-1,UN,"San Francisco Preventive Medical Group, 380 West Portal Avenue",,,,San Francisco,CA,94127,,
INTL_0829a714-f,UN,"Health Organization Management Enterprises (HOME), 1515 Redwood ",,,,Boulder,CO,80304,,
INTL_6faa04b2-2,UN,"Clever Endo, 1380 NE MIAMI GARDENS DRIVE",,,,NORTH MIAMI BEACH,FL,33179,,
INTL_019cf7ac-3,UN,"Arthur H Skalski MD LLC, 151 Hazard Ave",,,,Enfield,CT,060824584,,
INTL_e5fb09f4-5,UN,"Lifetime Nutrition, LLC, PO Box 61",,,,Maple City,MI,49664,,
INTL_994f50f0-6,UN,"Skiatook Family Clinic, 201 E 2nd St",,,,Skiatook,OK,74070,,
INTL_ae971973-3,UN,"Soh Headache Center, 8746 Frederick St.",,,,Omaha,NE,68124,,
INTL_80f64a43-8,UN,"Sierra Vista Medical, 3111 Innovation Drive",,,,St Cloud,FL,34769,,
INTL_f1f160cb-4,UN,"Healthy You Endocrinology and Weight Loss, 900 Haddon Ave suite ",,,,Collingswood,NJ,08108,,
INTL_15fc35f7-1,UN,"Iasis Boutique Health, 10730 West 143rd St",,,,Orland Park,IL,60462,,
INTL_431b7718-1,UN,"Elixir Health Direct Primary Care, 84 Cropwell Drive",,,,Pell City,AL,35128,,
INTL_68304e7b-9,UN,"Holistic Family Medicine Practice & Healing Center, 433 N Indian",,,,Sellersburg,IN,47172,,
INTL_0b916f4d-d,UN,"Trivas Family Medicine, 4141 SW California Ave",,,,Seattle,WA,98116,,
INTL_9936ef51-9,UN,"LifeBalance Integrative Health & Wellness, 5717 East Avenue",,,,Palmdale,CA,93552,,
INTL_335c39e9-6,UN,"Doc Matt Direct, 6 Consultant Place",,,,Durham,NC,27707-3598,,
INTL_96576d4a-c,UN,"Hope Primary and Urgent Care of Big Rapids, 404 Perry Avenue",,,,Big Rapids,MI,49307,,
INTL_ba707afc-a,UN,"Desert Rain Healthcare, 5721 W Bell rd",,,,Glendale,AZ,85308,,
INTL_f29d778b-a,UN,"Legacy Primary Care, L.L.C., 11990 Grant St",,,,Northglenn,CO,80233,,
INTL_a7c1f34c-6,UN,"Babji Mesipam, MD, 1478 E Valley Rd",,,,Montecito,CA,931081241,,
INTL_291fffb2-9,UN,"H2W Fort Wayne, 7735 W Jefferson Blvd",,,,Fort Wayne,IN,46804,,
INTL_0f9ddd00-7,UN,"Six Pillars Health, 1539 Crescent Road",,,,Clifton Park,NY,12065,,
INTL_f9243291-c,UN,"Unorthodoc PLLC, 127A Fidelity Streeet",,,,Carrboro,NC,27510,,
INTL_8b6a2a8f-5,UN,"Gaston Family Practice, 2290 Remount Rd",,,,Gastonia,NC,28054,,
INTL_b99ebf14-9,UN,"Ultimate MD, 125 Fairfax Ave.",,,,Louisville,KY,40207,,
INTL_e146254d-a,UN,"HIPnation - Flat Shoals, 3662 Flakes Mill Rd",,,,Decatur,GA,30034,,
INTL_a8c60b9c-b,UN,"Meridian Springs Primary Care, 25420 Kyukendahl Rd",,,,Tomball,TX,77375,,
INTL_80794f22-6,UN,"Vertrees Headache Center, 8200 N Mopac Expy Ste 270",,,,Austin,TX,78759,,
INTL_c04659a5-9,UN,"The Golden Stethoscope, 400 Indiana Street",,,,Golden,CO,80401,,
INTL_c072edb3-6,UN,"Bethany Campbell MD, LLC, 150 N Michigan St.",,,,Chicago,IL,60601,,
INTL_8b259bc2-a,UN,"Hudson Family Medicine LLC, 6031 Blair Circle",,,,Gulf Breeze,FL,32563,,
INTL_6f079a92-f,UN,"Deo Medical PC, 535 Boylston St",,,,Boston,MA,02116,,
INTL_ed864bcf-a,UN,"Elkins Park Family Medicine, 7848 Old York Road",,,,Elkins Park,PA,19027,,
INTL_47675181-6,UN,"Immortal Male, 958 N. Western Ave",,,,Hollywood,CA,90029,,
INTL_e7d0d282-9,UN,"MAURICIO GONZALEZ, 160 E 72nd St",,,,NEW YORK,NY,10021,,
INTL_1785f7cb-b,UN,CareSource Indiana,,,,Telehealth Visit,IN,46204,,
INTL_ca1a1a7d-3,UN,"Ian J Barrett| RegenCore, LLC, 2248 PARK BLVD.",,,,PALO ALTO,CA,94306,,
INTL_ba0773a6-0,UN,"Prosper Oak Medical, 1850 S Azusa Ave STE 201",,,,Hacienda Heights,CA,91745-6854,,
INTL_d4423aa2-1,UN,"PrimeCareMDs, 301 S. Fair Oaks Ave",,,,Pasadena,CA,91105,,
INTL_2c0021a4-f,UN,"Family Health and Wellness, Inc., 108 East 9th Street",,,,Libby,MT,59923-2019,,
INTL_00baa06e-f,UN,"Choice Care, 12495 Valley View Street",,,,Garden Grove,CA,92845,,
INTL_395b842f-b,UN,"Your Wellness MD, 20860 N Tatum Blved",,,,Phoenix,AZ,85050,,
INTL_6b1e50fd-9,UN,"Comprehensive Wellness, 8 Camino Encinas",,,,Orinda,CA,94563,,
INTL_8054b50b-2,UN,"Ouilikon Medical Associates, PC, 16 North Village Circle",,,,Reinholds,PA,17569,,
INTL_b42d93f8-8,UN,"CQC Healthcare PA, 100 E Sample Rd.",,,,Pompano Beach,FL,33064,,
INTL_29cfad84-d,UN,"AMG, A Professional Medical Corporation, 925 S. Garfield Ave.",,,,Alhambra,CA,91801,,
INTL_d6dafc41-a,UN,"Rong Shen, MD, 728 Pacific Ave",,,,San Francisco,CA,941334457,,
INTL_9f7da5b7-c,UN,"Corr, 250 East Wisconsin Ave",,,,Milwaukee,WI,53202,,
INTL_d777fe92-e,UN,"Pulse Direct Care, 205 East Harrison St.",,,,Gilmer,TX,75644,,
INTL_013d14bf-6,UN,"Essential Woman, LLC, 1405 SW 6th Ave",,,,Ocala,FL,34471,,
INTL_401966ad-6,UN,"Empower Health Wellness LLC, 1401 Pennsylvania Avenue Suite 105",,,,Wilmington,DE,19806,,
INTL_eaf2805f-5,UN,"Travis Brown, MD, PA, 423 E. Main St",,,,Midlothian,TX,76065,,
INTL_c97f5103-1,UN,"Henning Family Practice, LLC, 124 West Third Street",,,,Hardinsburg,KY,40143,,
INTL_abb77c93-3,UN,"LifeLink Medical Group, PLLC, 901 DENIM DR",,,,ERWIN,NC,28339,,
INTL_2e494895-2,UN,"ABHISHEK PANDEY, MD, 1302 NEW YORK AVE",,,,BROOKLYN,NY,112035508,,
INTL_d3e94be3-d,UN,"Schuster Family Medicine and Osteopathic Care, 6117 Allisonville",,,,Indianapolis,IN,46220,,
INTL_57de1720-4,UN,"Prestige med, 11030 Bollinger canyon rd",,,,San Ramon,CA,94582,,
INTL_7561937d-b,UN,"DTLA Gynecology, 1127 Wilshire Blvd",,,,Los Angeles,CA,90017,,
INTL_d33524dc-c,UN,"Brentwood MD, 301 Seven Springs Way",,,,Brentwood,TN,37027,,
INTL_f3195158-0,UN,"Wai Lap Leung, MD, PC, 136-30 Maple Ave",,,,Flushing,NY,113553865,,
INTL_3ef6f4a2-0,UN,"Diana Hoppe, M.D. INC, 1345 Encinitas Blvd.",,,,Encinitas,CA,92024,,
INTL_b828d1ca-3,UN,"Hui Kokua, 1783 Piikea Street",,,,Honolulu,HI,96818,,
INTL_71277a04-b,UN,"Sara Malakov, 7119 162nd St.",,,,Fresh Meadows,NY,11365,,
INTL_a8bc3d35-2,UN,"Wilmington Adult Medicine, 5041 New Centre Drive",,,,Wilmington,NC,28403,,
INTL_c2a7cf04-5,UN,"Care Clinic Integrated Services, 9912 E. 21st St.",,,,TULSA,OK,74129,,
INTL_5979147f-f,UN,"Nature Logic PS, 250 Market Street",,,,Kirkland,WA,98033,,
INTL_c230837b-4,UN,"Ascent Urology, 3801 Katella Ave. Suite 115",,,,Los Alamitos,CA,90720,,
INTL_b8eeeaed-b,UN,"Dr. Shellie Burdick, 10 Bank St",,,,North Bennington,VT,05257,,
INTL_b79820f7-e,UN,"Complete Women's Health, 200 Lilly Rd Ne",,,,Olympia,WA,985065427,,
INTL_4b871c30-4,UN,"Engage Health, 5109 Peter Taylor Park Dr",,,,Brentwood,TN,37027,,
INTL_0d669a5b-6,UN,"Guinn Healthcare Technologies, LLC, 2300 Circle Drive",,,,Fort Worth,TX,76119,,
INTL_39345e9b-e,UN,"Priti Gagneja, 2323 De La Vina Street",,,,Santa Barbara,CA,93105,,
INTL_3705027b-5,UN,"Rose Hope Primary Care PLLC, 934 Vandora Springs Rd.",,,,Garner,NC,27529,,
INTL_73e79dd6-0,UN,"Hsien Young, MD INC, 101 W Arrellaga St. Suite D",,,,Santa Barbara,CA,93101,,
INTL_3251e0e5-0,UN,"Kamyar Kamjoo, MD., 18370 Burbank Blvd",,,,Tarzana,CA,91356,,
INTL_955c1b18-c,UN,"Nurse Practitioners Insync, 2182 McCulloch Blvd. # 5",,,,Lake Havasu City,AZ,86404,,
INTL_589a3abc-5,UN,"Julianne Clark Pediatric, 44038 E 45th",,,,Shawnee,OK,74804,,
INTL_07e0181d-a,UN,"Blue Line Medical, 8841 Florentine Rd",,,,PRESCOTT VALLEY,AZ,863148610,,
INTL_f1d1fdac-c,UN,"David Layne, MD, 100 North Main Street",,,,Belmont,NC,28012,,
INTL_957bc2a2-c,UN,"Preamble, 16430 North Scottsdale Road",,,,Scottsdale,AZ,85254,,
INTL_f3113067-c,UN,"Baek Primary Clinic, 11275 E Mississippi Ave STE 1E8",,,,Aurora,CO,80012,,
INTL_24000f03-e,UN,"Beyond Primary Care, 3202 S Memorial Drive",,,,Tulsa,OK,74145,,
INTL_3964d17b-b,UN,"Divyang U. Patel, DPM | Bay Area Foot & Ankle Clinics, 2858 San ",,,,San Francisco,CA,941341511,,
INTL_d6a2b570-5,UN,"Kao-Hong Lin, 728 Pacific Ave",,,,San Francisco,CA,941334457,,
INTL_8efde15d-7,UN,"Dr. Alisha Ghajar, 4027 Leary Way NW",,,,Seattle,WA,98107,,
INTL_b6b88fe1-6,UN,"Willamette Family, Inc., 687 Cheshire",,,,Eugene,OR,97402-5087,,
INTL_4c293ccd-e,UN,"Bliv, 2411 Kiesel Ave",,,,Ogden,UT,84401,,
INTL_446ab641-d,UN,"Apex Infectious Disease of Nevada, 801 S Rancho Drive",,,,Las Vegas,NV,89169,,
INTL_569d1784-4,UN,"Advanced Pain and Spine Institute of Florida, 1301 Plantation Is",,,,Saint Augustine,FL,32080,,
INTL_270338b3-9,UN,"Mobile Medicine NJ, 67 Apple Street",,,,Tinton Falls,NJ,07724,,
INTL_a7a4b19c-2,UN,"Alexandre De Moraes MD, 3010 Beard Road",,,,Napa,CA,94558,,
INTL_9c7aeebe-c,UN,"Health on Demand, 9750 W. Skye Canyon Park Dr.",,,,Las Vegas,NV,89166,,
INTL_42d96839-f,UN,"ResPro Sleep, 2711 Peachtree Square",,,,Atlanta,GA,30360,,
INTL_7ab8ee7e-9,UN,"Avinish Reddy MD, 942 Kendall Ct.",,,,Crown Point,IN,46307,,
INTL_8579ff8a-1,UN,"Shafa Medical Center Inc, 26730 Towne Centre Dr",,,,Foothill Ranch,CA,92610,,
INTL_7e18fab5-e,UN,"Miriam Chang, MD, 54-010 Kukuna Rd",,,,Hauula,HI,96717,,
INTL_df28dfc6-0,UN,"Ovadia Heart Health LLC, 204 37th Avenue N",,,,St. Petersburg,FL,33704,,
INTL_d1147e30-b,UN,"Glenville Medical Concierge Care, 7 Riversville Rd",,,,Greenwich,CT,06831,,
INTL_4b536918-7,UN,"Liza Presser Belkin, MD Incorporated, 5333 Hollister Ave",,,,Santa Barbara,CA,93111,,
INTL_36ef332f-1,UN,"Riverstone Medical, 688 vine st ste 16",,,,Murray,UT,84107,,
INTL_0574fc94-f,UN,"Braun Urgent Care Kailua LLC, 130 Kailua Road",,,,Kailua,HI,96734,,
INTL_a9de42a4-1,UN,"Monarch Healthcare Solutions, 216 S Mission Street",,,,Wenatchee,WA,98801,,
INTL_aa73061d-4,UN,"Douglas Severance M.D., 5601 Norris Canyon Rd",,,,San Ramon,CA,945835407,,
INTL_2d1ff671-b,UN,"Trident Healthcare, 401 Hamburg Tpk",,,,Wayne,NJ,07043,,
INTL_96e5fd7e-3,UN,"Exceed Hormone Specialists, 7512 Second Street",,,,Germantown,TN,38138,,
INTL_90d7bf5b-3,UN,"Casa de Salud, 1608 Isleta Blvd SW",,,,Albuquerque,NM,87105,,
INTL_ea63b2d3-0,UN,"LYRAD HEALTH, 2701 Osler Drive",,,,Grand Prairie,TX,75252,,
INTL_2df9ed4c-7,UN,"DPC Clinic, 2240 Providence Place",,,,New Braunfels,TX,78130,,
INTL_0d796fa5-6,UN,"Kahala Pediatrics, 3150 Monsarrat Ave",,,,Honolulu,HI,96815,,
INTL_d1a54879-2,UN,"Miami Lakes Medical Center #2, 15536 NW 77th CT",,,,Miami Lakes,FL,33016,,
INTL_259f0701-e,UN,"Link Primary Care, 1034 S. Brentwood Blvd",,,,Richmond Heights,MO,63117,,
INTL_d09bc92b-4,UN,"Weight Sense LLC, 12617 Narcoossee Road",,,,ORLANDO,FL,32832,,
INTL_72cb3f76-c,UN,"ImagineMD, 10 S. Riverside Plaza",,,,Chicago,IL,60606,,
INTL_6e622a89-6,UN,"Gulf Coast Complete Health Care, 2144 Saint Croix Ave",,,,Fort Myers,FL,39905,,
INTL_ce7d007c-f,UN,"Grace Health Family Practice, 96 Ocean Street",,,,South Portland,ME,04106,,
INTL_37a8bd8b-8,UN,"Samsara Health, 3906 Mockingbird Hill",,,,Sarasota,FL,34231,,
INTL_ec81fb12-2,UN,"Lynda A Hirakami DNP Inc, 15-3014 Pahoa Village Rd",,,,Pahoa,HI,96778,,
INTL_913d6476-7,UN,"DEVINDERJIT SINGH, M.D., 1215 PLUMAS BLVD",,,,YUBA CITY,CA,959915075,,
INTL_704be71e-1,UN,"Juniper Health DPC, 160 SE 6th Ave, Suite A1",,,,Delray Beach,FL,33483,,
INTL_ada49887-2,UN,"Advanced Neurosurgery of Hawaii, 500 Ala Moana Boulevard",,,,Honolulu,HI,96813,,
INTL_54508b09-c,UN,"In-Touch NP, PLLC, 156 S. Main Street",,,,Lumberton,TX,77657,,
INTL_5b216168-b,UN,"Branches of Kare Clinic, 100 Llano St STE A",,,,Aztec,NM,87410,,
INTL_6b06a56a-3,UN,"Overland Wellness PLLC, 660 W Capstone Ct",,,,Hayden,ID,83835,,
INTL_5a8b595e-9,UN,"MARY MONEY, MD, Correspondence address:",,,,Hagerstown,MD,21742,,
INTL_9bd75564-5,UN,"Rainier Natural Health Clinic, 20119 S Prairie Rd E",,,,Bonney Lake,WA,98391,,
INTL_df0a9938-a,UN,"Princeton Integral Endocrinology, 10 Vreeland Drive",,,,Skillman,NJ,08558,,
INTL_7f54b395-2,UN,"Kane Health, 801 Brewster Avenue",,,,Redwood City,CA,94063,,
INTL_b047c9d5-a,UN,"ASAS Health, 502 S Closner Blvd",,,,Edinburg,TX,78539-4660,,
INTL_c43e21f6-f,UN,"Schmitz Family Practice, 1006 E Main Street",,,,Charleston,AR,72933,,
INTL_33c1decc-d,UN,"True North Direct Primary Care, 482 Old Corvallis Road",,,,Hamilton,MT,59840,,
INTL_02b751e4-2,UN,"New Wave in Home Medical Care, 129 Banbridge Ave",,,,Centreville,MD,21617,,
INTL_23eb4977-8,UN,"Campazzi Concierge Medical Services, 440 Royal Palm Way",,,,Palm Beach,FL,33480,,
INTL_81680752-2,UN,"Pacific Integrative Oncology, 4175 E AMAZON DR",,,,EUGENE,OR,97405-4600,,
INTL_be784f7c-f,UN,"Woolley Wellness Clinic, 3918 Pacific Ave",,,,Long Beach,CA,90807,,
INTL_48bc0665-7,UN,"Sebastopol Urgent Care, Inc., 555 Petaluma Ave, #B",,,,Sebastopol,CA,95472,,
INTL_3538ce1c-9,UN,"Beavercreek Family Health Center, 2365 Lakeview Dr",,,,Beavercreek,OH,45431,,
INTL_34e22735-2,UN,"Dongjin Sung, MD (Internal Medicine), 1740 W Gardena Blvd",,,,Gardena,CA,90247,,
INTL_661524d3-5,UN,"Oli Integrative Wellness, 2775 N Howard St",,,,Coeur d' Alene,ID,83815,,
INTL_1ce3994e-9,UN,"Hawaii Island Healthcare, Inc., 75 Puuhonu Place",,,,Hilo,HI,96720,,
INTL_30e77476-e,UN,"TBH Medical, 6285 Lehman Drive Building D Suite",,,,Colorado Springs,CO,80919,,
INTL_dd62d564-9,UN,"Wise Concierge Medicine, LLC, 625 N Flagler Dr",,,,West Palm Beach,FL,33401,,
INTL_b4e5ce1f-7,UN,"The Endocrine Center, 10837 Katy Fwy",,,,Houston,TX,77079-2212,,
INTL_d7c6482e-9,UN,"Amy Kogut, MD, 1243 Loho St",,,,Kailua,HI,96734,,
INTL_fd87c0cc-6,UN,"Monarch Family Medicine, LLC, 17 Market Street",,,,Lyme,NH,03768-0000,,
INTL_983f65c5-d,UN,"Starlight Health, 313 W Drake Rd",,,,Fort Collins,CO,80526,,
INTL_29d393b3-5,UN,"St Luke's DPC, 7901 4th St N",,,,St Petersburg,FL,33702,,
INTL_1b9dc20f-9,UN,"Golden Hour Pediatrics, 6221 Wilshire Blvd",,,,Los Angeles,CA,90048,,
INTL_1024d511-8,UN,"Hawaii Pain & Spine, 40 Aulike St",,,,Kailua,HI,96734,,
INTL_d2f84b8a-b,UN,"James Nien-Chin Wang, D.O., Inc., 103 N Garfield Ave",,,,Alhambra,CA,91801,,
INTL_873a98bc-0,UN,"South Beach Wellness Center LLC, 2975 Allegra Wy",,,,Lutz,FL,33559,,
INTL_35e197fe-d,UN,"M2 Metabolic Medicine, 3487 S. Linden Rd",,,,FLINT,MI,48507,,
INTL_4a14e9a8-7,UN,"Ho Tsuan Tan, MD, 929 Clay Street",,,,San Francisco,CA,94108,,
INTL_ab27d524-6,UN,"Divinity Healthcare Clinic, LLC, 4021 WE Heck Ct. Suite G1 and G",,,,BATON ROUGE,LA,70816,,
INTL_1d429f7f-0,UN,"Henry Youga, 1930 Village Center Circle",,,,Las Vegas,NV,89134,,
INTL_65aa0a3f-f,UN,"Connected Health Medical Services, LLC, 12620 Perry Hwy",,,,Wexford,PA,15090,,
INTL_fa075741-6,UN,"Personalized Mobile Medical LLC, 1202 15th Street",,,,Anacortes,WA,98221,,
INTL_9c4a0916-a,UN,"Hey Jane, 2578 Broadway",,,,New York,NY,10025,,
INTL_7a7c04a7-5,UN,"Episource, LLC, 845 Jackson St",,,,San Francisco,CA,941334851,,
INTL_100fa9ce-b,UN,"Leonardo Cortez, M.D., 76-6225 Kuakini Highway",,,,Kailua Kona,HI,96740-3212,,
INTL_54ad1208-3,UN,"Garden Valley Family Medicine, 856 Banks Lowman Rd",,,,Garden Valley,ID,836228102,,
INTL_5afc8728-8,UN,"Integrative Women's Health SF, 2920 Webster St",,,,San Francisco,CA,94123,,
INTL_452d89a9-0,UN,"Florida Low Carb Direct Primary Care LLC, 12428 San Jose Blvd",,,,Jacksonville,FL,32223,,
INTL_a412e14f-6,UN,"Raj Dalal MD, PA, 192 Abner Jackson Pkwy",,,,Lake Jackson,TX,77566,,
INTL_6f8d4b8b-d,UN,"Shin Wook Kang Medical Clinic, 2727 W Olympic Blvd",,,,Los Angeles,CA,90006,,
INTL_785c6c84-9,UN,"Knoxville Rheumatology PLLC, 2072 Lakeside Center Way",,,,Knoxville,TN,37922,,
INTL_6363ad64-5,UN,"Romana Usman, M.D., 909 Hyde St",,,,San Francisco,CA,94109,,
INTL_d26781a2-e,UN,"Marshall Family Medicine, 4197C Winchester Road",,,,Marshall,VA,20115,,
INTL_a6f70c27-d,UN,"Elevate Health and Wellness of Texas, LLC, 1800 Judson Rd",,,,Longview,TX,75605,,
INTL_79175675-4,UN,"Colima Medical Clinic INC, 1850 S Azusa Ave",,,,Hacienda Heights,CA,91745,,
INTL_ac9e5233-8,UN,"Riverside Endocrinology, 225 Main St",,,,Westport,CT,06880,,
INTL_9b246a5c-4,UN,"Myrostar Health, 1515 116th Ave NE",,,,Bellevue,WA,98004,,
INTL_0f54d758-3,UN,"Integrative Family Medicine of Bend, 2450 NE Mary Rose Place",,,,Bend,OR,97701,,
INTL_b99efff9-d,UN,"Chris C Shin MD Inc, 408 S Beach Blvd",,,,Anaheim,CA,92804,,
INTL_1adeb4c8-c,UN,"Halcyon Health, 28 Market Street",,,,St. Simons Island,GA,31522,,
INTL_5c12084d-1,UN,"Crescendo, 3130 Alpine Road",,,,Portola Valley,CA,94028,,
INTL_14419675-b,UN,"Up North Pediatrics, 802 S Garfield Drive Suite C",,,,Traverse City,MI,49686,,
INTL_e4894131-6,UN,"Coze Health Medical LLC, 156 Sagamore Pkwy W",,,,West Lafayette,IN,47906-1596,,
INTL_77fa3eb9-4,UN,"Dr. Faride Ramos, 1650 NE 26TH ST",,,,Wilton Manors,FL,33305,,
INTL_d24d6fd7-6,UN,"The Guidance Center Primary Care, 3117 South 70th Street",,,,Fort Smith,AR,72903,,
INTL_a2fb29cb-f,UN,"Renew Wellness & Aesthetics, 30130 Bulverde Ln",,,,Bulverde,TX,78163,,
INTL_0928bcc4-f,UN,"Virginia Sleep Specialists, 6330 North Center Drive",,,,Norfolk,VA,23502,,
INTL_1dab4e3f-9,UN,"True Zen Wellness, 5383 E Pleasant Valley Ln",,,,Springfield,MO,65809,,
INTL_e1827914-6,UN,"Ellen Sofio, M.D., 302 California Ave",,,,Wahiawa,HI,96786,,
INTL_4ef02cb5-7,UN,"Thornton Direct Primary Care, 210 Stone Run Ln",,,,Idaho Falls,ID,83404,,
INTL_4afd8b0d-f,UN,"Inertia Concierge & Aesthetic, 202 S. Rome Ave.",,,,Tampa,FL,33606,,
INTL_9f4c6afd-9,UN,"Ruffin Family Medicine, 1940 Harper",,,,Choctaw,OK,73020,,
INTL_1a5c4b89-0,UN,"California Integrative Healthcare, 5765 N Fresno St",,,,Fresno,CA,93710,,
INTL_aaeca042-f,UN,"Integrative Headache Medicine of New York, 308 E 38th St",,,,New York,NY,10016,,
INTL_59faae58-3,UN,"Drip Health, PLLC, 105 Townsend Street",,,,Birmingham,MI,48009,,
INTL_fa9e64d9-5,UN,"Joyn Health, 1515 Mockingbird Lane",,,,Charlotte,NC,28209,,
INTL_c571cbe1-9,UN,"Ohana Pacific Medical LLC, 428 Kawaihae St",,,,Honolulu,HI,96825,,
INTL_212420f5-4,UN,"Spring House Health, 333 W. Coshocton St.",,,,Johnstown,OH,43031,,
INTL_7bd8aebf-e,UN,"Vitality Health of Utah, 641 West 1290 North",,,,Lehi,UT,84043,,
INTL_57d85b5d-1,UN,"Andry Medical Services, 770 E. Rhorer RD",,,,Bloomington,IN,47401-9091,,
INTL_d54b967b-2,UN,"In Tune Healing Arts, 12304 32nd Ave NE",,,,Seattle,WA,98125,,
INTL_277d213f-6,UN,"The Peterson Clinic, 1002 W Elm Ave",,,,Hermiston,OR,978382711,,
INTL_22f08e65-f,UN,"David Laub, M.D., 5333 Hollister Ave",,,,Santa Barbara,CA,93111,,
INTL_8a5d2836-f,UN,"East Maui Medical Clinic, Pueo Family Medicine, 4950 Uakea Road",,,,Hana,HI,967130278,,
INTL_8dee77e7-9,UN,"Wellspring Natural Health, 2 Lower Ragsdale Drive",,,,Monterey,CA,93940,,
INTL_2ddb7023-d,UN,"Hometown Family Healthcare, PLLC, 301 W 6th",,,,CHELSEA,OK,74361,,
INTL_8ecfd623-0,UN,"Private Physicians, PLC, 900 SE Ocean Blvd",,,,Stuart,FL,34994,,
INTL_fe71e1c6-d,UN,"Apple Wellness Center - Austin & Capital Ridge, 5505 W Parmer Ln",,,,Austin,TX,78727,,
INTL_438f26ee-a,UN,"B. Radiant Wellness, 431 Oak St.",,,,Graham,TX,76450,,
INTL_c0c423b3-a,UN,"Adept Labs, Inc., 1416 West Ohio St.",,,,Chicago,IL,60642,,
INTL_9d79bc04-c,UN,"Bebout Family Medicine, 332 NORTH COURT STREET",,,,MORGANFIELD,KY,42437,,
INTL_6b47c6bb-d,UN,"Ninos Adams MD, 2200 Colorado Ave",,,,Turlock,CA,95382,,
INTL_d1ad73a2-f,UN,"Neuroendocrine Associates, PLLC, 3721 Westerre Parkway",,,,Richmond,VA,23233,,
INTL_2ff52231-e,UN,"Primary and Psychiatric Health Care Integration, 215 legris ave",,,,WEST WARWICK,RI,02893,,
INTL_df7df2f3-f,UN,"The Home Doctor, 4903 108th ST SW",,,,Lakewood,WA,98499,,
INTL_8ecfa09a-e,UN,"Hope Headache and Neurology, 2300 HRC Plaza Dr",,,,Lake Saint Louis,MO,63367,,
INTL_4f12b704-c,UN,"Active Choice Healthcare, 13 Chenell Dr",,,,Concord,NH,03301,,
INTL_76499f49-8,UN,"AMR Family Care, LLC, 350 NURSERY RD STE 2102",,,,SPRING,TX,773804070,,
INTL_c2e9fd61-9,UN,"Laurie Goff, ARNP, PC, 113 N. Main St",,,,Melcher,IA,50163,,
INTL_de825001-0,UN,"Deep Salud Health, 101 Centerpoint Drive",,,,Middletown,CT,06457,,
INTL_847a6bfb-3,UN,"Alpenglow Family Medicine, 2925 Professional Place",,,,Colorado Springs,CO,80904,,
INTL_b4bc3bb7-7,UN,"Simon Lee, MD Professional Corp, 1860 El Camino Real",,,,Burlingame,CA,94010,,
INTL_5eb63ac7-e,UN,"Hall Longevity Clinic, 1680 Meridan Ave",,,,Miami Beach,FL,33139,,
INTL_49a0d03d-b,UN,"Alvin Wong, MD, 3838 California",,,,San Francisco,CA,94118,,
INTL_9f072bfe-7,UN,"Renal Physicians Hawaii, Queens POB-2 1329 Lusitana Street",,,,Honolulu,HI,96813,,
INTL_0abf90a2-c,UN,"Hometown Primary Care, 13511 NE 23rd Street",,,,Choctaw,OK,73020,,
INTL_54daf584-e,UN,"CCATR, 671 W Tefft Street",,,,Nipomo,CA,93444,,
INTL_dd18a30e-8,UN,"Kavira Health, 1161 Wayzata Blvd East",,,,Wayzata,MN,55391,,
INTL_48d3c4be-7,UN,"Lena Speck Hopkins, M.D., 1901 Bell Street Suite A",,,,Harlingen,TX,78550-8450,,
INTL_e7324e82-2,UN,"Integrative Direct Primary Care, 2590 Northbrooke Plaza Drive",,,,NAPLES,FL,34119,,
INTL_8a26fc09-2,UN,"Revive Family Medicine, 106 Plaza Dr. SE",,,,Yelm,WA,98597,,
INTL_a40aacc8-3,UN,"Jew & Jew Medical Associates, 919 Clay Street",,,,San Francisco,CA,94108,,
INTL_f2fc383d-b,UN,"Rainbow Chung-ou, M.D., 4195 Chino Hills Pkwy Ste H",,,,Chino Hills,CA,917092618,,
INTL_4ec51634-3,UN,"Ivy Family Medicine, 145 Ednam Drive",,,,Charlottesville,VA,22903,,
INTL_3b1775f9-6,UN,"Dedicated Family Health, LLC, 117 N Main Street",,,,Hebron,IN,46341,,
INTL_89d6bd67-f,UN,"Ochna Health, 1821 Westinghouse Rd",,,,Georgetown,TX,78626,,
INTL_d92384b2-6,UN,"Healing By Nature - Lori DiBacco, ND, 20 Grove Street",,,,Peterborough,NH,03458,,
INTL_e4ed8c5a-1,UN,"The Hormone Advantage, 839 E. Winding Creek Dr",,,,Boise,ID,83616,,
INTL_741dfc4b-4,UN,"Sleep Life Med, 91-3575 Kauluakoko St.",,,,Ewa Beach,HI,96706,,
INTL_59c0ef7e-4,UN,"RVA Baby, 124 Buford Road",,,,Richmond,VA,23235,,
INTL_c94d6f60-a,UN,"Foxhall Internists - Matthew A Parker, 3301 New Mexico Avenue NW",,,,Washington,DC,20016,,
INTL_b78429c8-9,UN,"Blue Spruce Health, 401 E Main St",,,,NEWPORT,VT,05855,,
INTL_f38333a4-b,UN,"Hendrx Health, LLC, 15600 Northwest 15th Avenue, Ste C",,,,Miami Gardens,FL,33169,,
INTL_40feabd7-4,UN,"Total Health, 1203 Brampton Ave",,,,Statesboro,GA,30458,,
INTL_d66d9387-1,UN,"Art and Science of Medicine, 965 High St",,,,Palo Alto,CA,94301,,
INTL_a6842b6d-1,UN,"Cardinal Family Medicine, 225 Hauenstein Rd",,,,Huntington,IN,46750,,
INTL_fb7fdf7c-3,UN,"Harouni Concierge Care, 8960 W Tropicana Ave",,,,Las Vegas,NV,89147,,
INTL_be0f58a6-b,UN,"Salish Sea Medical, 18 Haven Road",,,,Eastsound,WA,98245,,
INTL_088cfd87-c,UN,"Lotus Direct Care, 1516 W MEQUON RD STE 103",,,,MEQUON,WI,530923264,,
INTL_92101bcb-2,UN,"Greenville MVA, 1068 N Church Street",,,,Greenville,SC,29601,,
INTL_d3594313-f,UN,"Solutions-MoCo Inc, 7361 Calhoun Pl",,,,Rockville,MD,20855,,
INTL_284c36b9-e,UN,"Simone Mordas M.D. , P.C., 192 Worcester Rd",,,,Natick,MA,01760,,
INTL_25448adc-e,UN,"Contour Health, 4017 Hillsboro Pike",,,,Nashville,TN,37215,,
INTL_6879bda7-a,UN,"The Data Method, 601 NE 39th st",,,,MIAMI,FL,33137,,
INTL_3a1adb2f-d,UN,"Cold River Health, LLC, 567 Main Street",,,,Lovell,ME,04057,,
INTL_9b12b948-9,UN,"Five Springs LLC, 246 N Absaroka Street",,,,Powell,WY,82435,,
INTL_8e3155f1-8,UN,"Granite State Natural Medicine, LLC, 20 Depot Street, #220, Suit",,,,Peterborough,NH,03458,,
INTL_4b724df8-5,UN,"Flex Sports, 4490 Washington Rd.",,,,Evans,GA,30809,,
INTL_11ef0905-4,UN,"Resolve Family Medicine, 2701 Missouri Ave.",,,,Las Cruces,NM,88011,,
INTL_9b57296c-d,UN,"365 Wellness PLLC, MOBILE FAMILY PRACTICE",,,,Lake Worth,FL,33467,,
INTL_924e0b18-5,UN,"Timothy H Jones MD Inc, 6621 Bay Laurel Place",,,,Avila Beach,CA,93424-2442,,
INTL_78cc19dd-d,UN,"JONGJIN KIM, M.D., 5471 La Palma Ave",,,,La Palma,CA,90623,,
INTL_038159c0-c,UN,"Gillett Health, 6807 W 121st St",,,,Leawood,KS,66209,,
INTL_639b6bff-2,UN,"Eleanor Health, 123 Professional Park Drive",,,,Mooresville,NC,28117,,
INTL_b4f85887-f,UN,"Isom MD, PLLC, 8480 S Eastern Ave",,,,Las Vegas,NV,89123,,
INTL_a98ca558-2,UN,"St. Pete Direct Primary Care, 5047 Central Ave",,,,St Petersburg,FL,33710,,
INTL_fdf54127-0,UN,"UR Family Clinic, 5246 HWY 377",,,,Aubrey,TX,76227,,
INTL_c0613af8-9,UN,"Psychiatric Associates, 98-1247 Kaahumanu Street",,,,Aiea,HI,96701,,
INTL_543cc035-0,UN,"Bridge to Health, P.A., 1817 Hwy 53",,,,COOK,MN,55723,,
INTL_bfad5518-3,UN,"MyDOC, 5920 Saratoga Blvd Suite 460",,,,CORPUS CHRISTI,TX,78414,,
INTL_e8883aa9-4,UN,"Optimize Neurology, PLLC, 6611 River Place Blvd",,,,Austin,TX,78730,,
INTL_9f6d56b2-a,UN,"Ultimate Health DPC, 733 North 3rd Street",,,,Leesburg,FL,34748,,
INTL_737218e2-1,UN,"Galileo, 64 Bleecker Street",,,,New York,NY,10012,,
INTL_c9719af6-f,UN,"Ultimate Physical Med & Rehab, 23276 S Pointe Dr",,,,LAGUNA HILLS,CA,92653,,
INTL_3ffe4029-9,UN,"Atembis LLC, 333 N Dobson Rd",,,,Chandler,AZ,85224,,
INTL_816981ec-a,UN,"Rheumission, 2312 Park Avenue",,,,Tustin,CA,92782,,
INTL_075e4189-4,UN,"Rekindle Health, LLC, 5590 Kirkwood Highway",,,,Wilmington,DE,19808,,
INTL_d7ea56f9-7,UN,"Stephen Nguyen, M.D., 29826 Haun Rd",,,,Menifee,CA,92586,,
INTL_c99ea8fe-2,UN,"3 Point Elite, 8455 Colesville Rd",,,,Silver Spring,MD,20910,,
INTL_5b0782df-f,UN,"Foxhall Internists - Dr. David Hansen, 3301 New Mexico Ave Nw",,,,Washington,DC,200163622,,
INTL_be9e55e9-f,UN,"Good Integrative Healthcare, 5401 S. Prince St Ste 111",,,,Littleton,CO,80120,,
INTL_b47ea900-6,UN,"Aspen Women's Center, 13900 Quailbrook Dr.",,,,Oklahoma City,OK,73134,,
INTL_cc9f3520-a,UN,"Glow Medspa, LLC, 483 Baxter Rd",,,,Loveland,OH,45140,,
INTL_5b0ff598-0,UN,"Woman Rejuvenation PLLC, 5373 W Alabama",,,,Houston,TX,77056,,
INTL_a525d8a1-e,UN,"Medluxe Wellness, 4185 Technology Forest Blvd",,,,The Woodlands,TX,77381,,
INTL_e404c534-c,UN,"Express Medical Care, LLC, 10605 Connor Dr",,,,Williamsport,MD,21795,,
INTL_8cce148e-0,UN,"Integrative Wellness, 1900 Hines St SE",,,,Salem,OR,97302,,
INTL_ded53dc0-2,UN,"Dr Fischer MD, PLLC, 345 Front St",,,,Marion,MA,02738,,
INTL_bcea0344-3,UN,"Consolare, 7125 E Lincoln Drive",,,,Paradise Valley,AZ,85253,,
INTL_e16f12bf-7,UN,"Dina Goytia-leos, MD, PLLC, 202 W Sunset",,,,San Antonio,TX,78209,,
INTL_29293b52-1,UN,"Valar Family Medicine, 671 Mitchell Way",,,,Erie,CO,80516,,
INTL_2072c780-0,UN,"Rheum Without Walls, 268 Green Valley Rd, Freedom, CA 95019",,,,Freedom,CA,95019,,
INTL_04ebd407-d,UN,"Arrowhead Neurosurgical Medical Group, Inc, 1080 N. Indian Canyo",,,,Palm Springs,CA,92262,,
INTL_107a427f-a,UN,"2Be Human, 200 Industrial PKWY",,,,Chagrin Falls,OH,44022,,
INTL_64a3d231-8,UN,"Kiira Health, 7225 Melrose Ave",,,,Los Angeles,CA,90046,,
INTL_3873b54e-9,UN,"Doctors At Home, 5802 Berryhill Dr",,,,Arlington,TX,76017,,
INTL_33f1d86d-9,UN,"Julia Bishop-Tall LLC, 14523 Westlake Drive",,,,Lake Oswego,OR,97035,,
INTL_dbbebc91-8,UN,"Keirn Family Health and Pediatrics LLC, 1470 E Calvada Blvd",,,,Pahrump,NV,89048,,
INTL_0cc5eca4-c,UN,"Michael Y.T. Yee, M.D., Inc., 642 Ulukahiki St",,,,Kailua,HI,96734-5807,,
INTL_e04e9bd4-9,UN,"Island Foot Care Corp, 1441 Kapiolani Blvd. Suite # 608",,,,Honolulu,Hi,96814,,
INTL_b56bcf00-4,UN,"E A McCleskey, DO, LLC, 9290 Madison BLVD",,,,Madison,AL,35758,,
INTL_ab201512-0,UN,"HERMISTON FAMILY FOOT CLINIC, 1050 W Elm Ave",,,,Hermiston,OR,978382715,,
INTL_a508bdc9-b,UN,"Chesapeake Endocrinology, 2191 Defense Hwy",,,,Crofton,MD,21114,,
INTL_28f18fa4-3,UN,"Central Coast Direct Medical Care, 1360 New Wine Pl",,,,Templeton,CA,934659711,,
INTL_86fa9514-d,UN,"Wolf Medical Group, LLC, 120 Ryan Drive",,,,Rising Sun,MD,21911,,
INTL_7d63fe57-6,UN,"Health For Life Naturopathic Family Care, PLLC, 16601 N 40th St",,,,Phoenix,AZ,85032,,
INTL_f05798c4-1,UN,"Ammortal, 4574 Chenault Bridge Road",,,,Danville,KY,40422,,
INTL_474848e1-3,UN,"Jeffrey C. Young, D.O., Inc., 416 W. Las Tunas Dr.",,,,San Gabriel,CA,91776,,
INTL_be9889ed-d,UN,"Freeman Medical, PLLC, 952 Route 146, St 2",,,,Clifton Park,NY,12065,,
INTL_daae22f4-c,UN,"Preston Family Medicine, 43 N 1st E",,,,Preston,ID,83263,,
INTL_0dea1426-b,UN,"Osborn Family Healthcare DBA King Integrative PC, 10165 N. 92nd ",,,,Scottsdale,AZ,85258,,
INTL_1a531add-0,UN,"Cedar Street Medical Associates, LLC, 220 CEDAR ST NW",,,,HARTSELLE,AL,35640,,
INTL_6bb68ca3-a,UN,"Lisa Keiko Togashi, MD, 98-1079 Moanalua Road",,,,Aiea,HI,96701,,
INTL_0d7c85a6-6,UN,"Heartland Medical Center, LLC, 5825 HWY US 27 NORTH",,,,Sebring,FL,33870-1216,,
INTL_f8971f55-1,UN,"Douglas E. Cohen MD, Inc., 655 Redwood Hwy Frontage Rd",,,,Mill Valley,CA,94941,,
INTL_481dcf6d-a,UN,"Astia Health, 6303 Schofield Avenue",,,,Weston,WI,54476,,
INTL_7613aa8e-b,UN,"Ahayah 27 LLC, 22 Madison Ave",,,,Demarest,NJ,07627,,
INTL_20d43588-d,UN,"Reese Family Healthcare, LLC, 100 Tremon St",,,,Gordon,GA,31031,,
INTL_594d888f-a,UN,"Peak Performance, 212 E Broadway",,,,Prosper,TX,75078,,
INTL_34d766ff-5,UN,"Peconic Family Medicine, 33 Montauk Highway",,,,Quogue,NY,11959,,
INTL_d1a76bec-a,UN,"Lumina Hospice and Palliative Care, 720 SW 4th St.",,,,Corvallis,OR,97333,,
INTL_a478506b-c,UN,"Orchard Health, LLC, 107 S. Davis St.",,,,Nashville,GA,31639,,
INTL_c2ba3dd8-2,UN,"Pendleton Primary Care Clinic, 1100 Southgate",,,,Pendleton,OR,97801,,
INTL_7bca0ac3-6,UN,"Guided Psychiatric Services, 627 N Larchmont Blvd",,,,Los Angeles,CA,90004,,
INTL_17c5322f-4,UN,"UltraPersonal Healthcare, 4107 Medical Parkway",,,,Austin,TX,78756,,
INTL_45e92882-9,UN,"Simon Chang, M.D., 1100 Ward Ave",,,,Honolulu,HI,96814-1617,,
INTL_de652f07-9,UN,"Case Family Practice and Sports Medicine, 124 Sleepy Hollow Driv",,,,Middletown,DE,19709,,
INTL_2fb9b2bb-6,UN,"Together Health Inc., 1906 Glen Echo Rd",,,,Nashville,TN,37215,,
INTL_29383c0d-4,UN,"HIPnation - North Druid Hills, 2738 Clairmont Rd NE",,,,Atlanta,GA,30329,,
INTL_6a4a5827-c,UN,"Samir Sairam, MD Inc., 912 Cole St",,,,San Francisco,CA,94117,,
INTL_80fa489c-8,UN,"Central Medical Clinic, 321 N Kuakini St",,,,Honolulu,HI,96817-2399,,
INTL_b4771f84-b,UN,"For Good Weight Loss, 2410 W Shady Glen Ave",,,,Phoenix,AZ,85023,,
INTL_8a57dac5-e,UN,"Praveen Prasad, 1000 73rd St",,,,West Des Moines,IA,50265,,
INTL_8ca0a48b-6,UN,"Rapid Care Center of Visalia, 5127 W. Noble Ave.",,,,Visalia,CA,93291,,
INTL_42dea40d-1,UN,"FHG Wellness, 18555 North 79th Ave #B103",,,,Glendale,AZ,85308,,
INTL_1152ffce-9,UN,"Westfield Premier Physicians, 15229 Westfield Boulevard",,,,Carmel,IN,46032,,
INTL_519a8e13-9,UN,"{READ ONLY} Patrick F. Gartland, M.D., 2100 Forest Ave",,,,San Jose,CA,95128,,
INTL_74f8b043-3,UN,"Jardini and Lomelino Medical Group, 1320 Las Tablas Rd",,,,Templeton,CA,934659711,,
INTL_ee01be8c-a,UN,"V Care America, 1404W. Walnut Hill Lane",,,,Irving,TX,75038,,
INTL_5dc5dfa4-9,UN,"Seaton Family Practice, 16530 Highway 64",,,,Somerville,TN,38068,,
INTL_b4b9dd4f-0,UN,"Cheryl Twu, D.O., LLC, 1441 Kapiolani Blvd.",,,,Honolulu,HI,96814,,
INTL_59f5ed32-0,UN,"Healing Hands Holistic Health, PLLC, 3028 Communications Pkwy",,,,Plano,TX,75093,,
INTL_ca083ccc-0,UN,"Comprehensive Family Care, 40 S Kyrene Rd",,,,Chandler,AZ,85226,,
INTL_5e9cab41-d,UN,"Evolve Direct Primary Care, 509 S Cherry Grove",,,,Annapolis,MD,21401,,
INTL_77ed055c-0,UN,"Molet Health and Wellness, 4693 Log Cabin Dr",,,,MACON,GA,31204,,
INTL_c6e7ba92-9,UN,"St Johns Direct Primary Care, LLC, 10752 Deerwood Park Blvd",,,,Jacksonville,FL,32256,,
INTL_6ad92600-1,UN,"IBS & Gut Microbiome Solutions, 10810 DUNRAVEN LANE",,,,DUBLIN,OH,43017,,
INTL_7f122ca8-6,UN,"[READ-ONLY] Doctors of Waikiki, 120 Kaʻiulani Avenue Ka'iulani",,,,Honolulu,HI,96815,,
INTL_5761b19b-1,UN,"Beth Dorn, MD, 3701 Skypark Drive",,,,Torrance,CA,90505,,
INTL_e3b96b0c-3,UN,"Vancouver Direct Primary Care, 2102 East McLoughlin BLVD",,,,Vancouver,WA,98661,,
INTL_b6963260-1,UN,"Kimberly Burns Bell, MD Inc, 1048 Loma Verde Avenue",,,,Palo Alto,CA,94303,,
INTL_1eb2d36f-6,UN,"Steinman Consultants, LLC, 77 Pondfield Road",,,,Bronxville,NY,10708,,
INTL_5188cb87-8,UN,"John Fuller MD, 5145 Deer Park Drive",,,,New Port Richey,FL,34653,,
INTL_976646b5-f,UN,"Rose M Gillin M.D. Family Medicine LLC, 1119 S Indiana Avenue",,,,Goshen,IN,46526,,
INTL_f5d33e3f-c,UN,"Calvin Oishi, M.D. Inc, 98-1247 Kaahumanu Street",,,,Aiea,HI,96701,,
INTL_7ac9da61-d,UN,"Minnesota Mobile Exams, 401 16th Ave NW",,,,Rochester,MN,55901,,
INTL_f960a09f-5,UN,"Modern Medical, 1821 AVENUE P",,,,Brooklyn,NY,11229,,
INTL_61ce8dfd-e,UN,"Montecito Concierge Medicine, 1127 Coast Village Rd",,,,Santa Barbara,CA,93108,,
INTL_12301c43-6,UN,"Shu May Lee, M.D., 1800 Sullivan Ave #105",,,,Daly City,CA,94015,,
INTL_438e1b68-4,UN,"Daywalker Medical P.A., 16520 Bluejacket St",,,,Overland Park,KS,66221,,
INTL_33eb7ee2-c,UN,"Easy Belly, 1034 S Brentwood Blvd",,,,St. Louis,MO,63117,,
INTL_e3331587-5,UN,"The Urology Place, 9618 Huebner",,,,San Antonio,TX,78240-1660,,
INTL_afa2b988-6,UN,"Pediatrics And Adolescent Medicine, 2051 Professional Center Dri",,,,Orange Park,FL,32073-4461,,
INTL_0e100a8a-b,UN,"Healr, 607 SW 10TH ST",,,,Fort Lauderdale,FL,33315,,
INTL_a45664ad-c,UN,"Pathways to Health, 2 James Way",,,,Pismo Beach,CA,93449,,
INTL_990be7f0-b,UN,"Cory T Miyamoto, M.D., 1380 Lusitana St",,,,Honolulu,HI,96813,,
INTL_5a5eb553-d,UN,"Gillian G. Esser MD, 5727 Baker Way Nw",,,,Gig Harbor,WA,98332,,
INTL_c0973e10-9,UN,"Restorative Natural Medicine, PLLC, 1515 116th Avenue Northeast",,,,Bellevue,WA,98004,,
INTL_0e9a3d82-2,UN,"ASUNTO HEALTH, 1416 W. Glendale",,,,Visalia,CA,93291,,
INTL_3e1b8f49-6,UN,"Riviera ENT, P.C., 1819 State St",,,,Santa Barbara,CA,93101,,
INTL_0a4398d5-f,UN,"Central Valley Liver Pancreas & GI Surgery,Inc, 7780 N Fresno St",,,,Fresno,CA,93720,,
INTL_8adac42c-3,UN,"Gloria Oberbeck, MD, 636 Kattell St",,,,Erie,CO,80516,,
INTL_98b3053a-d,UN,"Wellness Pass, 1534 Elizabeth Ave",,,,Shreveport,LA,71101,,
INTL_29333571-7,UN,"OC Premier Cardiology and Vascular Institute, Inc., 3130 W Olymp",,,,Los Angeles,CA,90006,,
INTL_2d8b0019-b,UN,"Well Span, 1800 Grant St.",,,,Tampa,FL,33605,,
INTL_517cea8f-9,UN,"Matthew Mintz, MD LLC, 6000 Executive Blvd",,,,Rockville,MD,20852,,
INTL_62ef423d-c,UN,"Dynamic Health & Energy, 136 Ohuohu St",,,,Hilo,HI,96720,,
INTL_d5abd504-f,UN,"ADP, 1 ADP Boulevard",,,,Roseland,NJ,07068,,
INTL_32b85212-3,UN,"Grace Nadolny, MD, 851 Fremont Ave",,,,Los Altos,CA,94024,,
INTL_4e14a030-2,UN,"FARHAD FARJOUDI, MD, 24953 Paseo De Valencia Building B",,,,Laguna Hills,CA,92653,,
INTL_fefb6fb3-2,UN,"Edgefield Internal Medicine LLC, 3 Yonce Pond RD",,,,Johnston,SC,29832,,
INTL_b0ef9985-c,UN,"Mint Health Clinics Bakersfield, 9900 Stockdale Highway",,,,Bakersfield,CA,93311,,
INTL_5dac699c-d,UN,"Agave Family Medicine, 1925 W. Orange Grove Road",,,,Tucson,AZ,85704,,
INTL_676e6f47-1,UN,"The VIP Clinic, 1067 FM 306",,,,New Braunfels,TX,78130,,
INTL_63dd355e-4,UN,"Dalton Direct Primary Care PC, 3125 Independence Drive",,,,Homewood,AL,35209,,
INTL_09b91253-c,UN,"Houston Pediatric Neurology and Sleep, PLLC, 701 N. Post Oak Rd",,,,Houston,TX,77024,,
INTL_d51d4fdb-a,UN,"Ember Modern Medicine, 1068 North Church Street",,,,Greenville,SC,29601,,
INTL_a88041a0-a,UN,"Raincross Medical Group, 4646 Brockton Ave",,,,Riverside,CA,92506,,
INTL_301075b9-d,UN,"Hill Country Family Clinic, 400 W. US. HWY 290",,,,Dripping Springs,TX,78620,,
INTL_54d2b0e1-b,UN,"AuraMD, 5718 Westheimer Road",,,,Houston,TX,77057,,
INTL_bec8f42f-a,UN,"Pills By Post, 2232 South Main",,,,Ann Arbor,MI,48103,,
INTL_6095bef1-e,UN,"Bozeman Primary Care PLLC, 4535 Valley Commons Drive",,,,Bozeman,MT,59718,,
INTL_e449605d-b,UN,"Shafiyy Institute, 11 Holly Street",,,,Asheville,NC,28806,,
INTL_5f648693-0,UN,"Patricia Chang,M.D., 2080 Century Park East",,,,Los Angeles,CA,90067,,
INTL_5054fcc8-7,UN,"Timber Medical, 767 Willamette Street",,,,EUGENE,OR,97401,,
INTL_ece04317-b,UN,"Northwest Fire District, 8165 N Wade Rd",,,,Tucson,AZ,85743,,
INTL_27e1c011-e,UN,"Edmund Tsoi, M.D., 950 Stockton St",,,,San Francisco,CA,94108,,
INTL_bacfd096-4,UN,"Kaaya Healthcare, 463 Worcester Road",,,,Framingham,MA,01701,,
INTL_0578512b-c,UN,"Solidaritus, 1025 Connecticut Avenue, NW",,,,Washington,DC,20036,,
INTL_a184765d-f,UN,"Albert R. Katz, M.D., 18345 Ventura Blvd",,,,Tarzana,CA,91356,,
INTL_cbdfbf7a-8,UN,"Ohana Neurology, 1010 South King St.",,,,Honolulu,HI,96814,,
INTL_75767979-4,UN,"QLMD DPC, 24914 Kuykendahl Road",,,,Tomball,TX,77375,,
INTL_08bfa359-3,UN,"IRENE MOREIRA, MD, 246 FEDERAL RD",,,,BROOKFIELD,CT,068042647,,
INTL_0bd1f5c7-2,UN,"Prana Rheumatology, 5975 Sunset Drive",,,,Miami,FL,33143,,
INTL_53ab2ce8-b,UN,"DSC Health & Wellness, 4550 New Linden Hill Road",,,,Wilmington,DE,19808,,
INTL_93744fc0-7,UN,"KG Medical, LLC, 100 South Lincoln St.",,,,Arlington,KS,67514,,
INTL_b8e52436-0,UN,"Integrative Medicine, 6307 Waterford Blvd, Suite 100",,,,Oklahoma City,OK,73118,,
INTL_861a4758-4,UN,"Vitality Direct Primary Care, 8417 Clint Drive",,,,Belton,MO,64012,,
INTL_4cf46c0a-6,UN,"Verve Health, 12400 N Meridian Street",,,,Carmel,IN,46032,,
INTL_7feb8764-6,UN,"Cardiac and Vascular Care, Inc., 2030 Forest Ave",,,,San Jose,CA,951284833,,
INTL_e3cfc451-2,UN,"We Care Comprehensive Family Medicine, 10700 Charter Drive",,,,Columbia,MD,21044,,
INTL_002c5b7e-8,UN,"Raya Primary Care, 2055 Highway 95",,,,Bullhead City,AZ,86442,,
INTL_4ee5ad8f-d,UN,"William M. Bond, MD, PA, 12606 West Houston Center Blvd",,,,Houston,TX,77082,,
INTL_483e1b46-5,UN,"Philip Suh, M.D., 725 Kapiolani Blvd",,,,Honolulu,HI,96813,,
INTL_4efcc065-4,UN,"David Paul, M.D., PH.D., 55 Hitchcock Way",,,,Santa Barbara,CA,93105,,
INTL_b322e66e-9,UN,"Sunnyside Medical Arts P.C., 47-01 Queens Blvd",,,,Sunnyside,NY,11104,,
INTL_68d10830-a,UN,"Premier Medical Group USA - SEC Central, 46-001 Kamehameha Hwy",,,,Kaneohe,HI,96744,,
INTL_4d926d43-5,UN,"Mequon Wellness Center, LLC, 11649 N. Port Washington Dr.",,,,Mequon,WI,53092,,
INTL_31449567-1,UN,"New Valley Medical Group, 415 W Valley Blvd",,,,San Gabriel,CA,91776-3728,,
INTL_3a551f9c-4,UN,"Family 1st Clinic, 3810 Central Pike #105",,,,Hermitage,TN,37076,,
INTL_316ed7f1-b,UN,"Excel Health Primary Care, 5667 Peachtree Dunwoody Rd N.E.",,,,Atlanta,GA,30342,,
INTL_371d5e85-b,UN,"Center for Primary Healthcare, 16450 104th Ave",,,,Orland Park,IL,60467,,
INTL_ce54d59c-0,UN,"Hettlinger Health, PLLC, 6479 Farmdale Rd",,,,Barboursville,WV,25504,,
INTL_132b7bea-6,UN,"McGilligan MD, Inc., 7529 State Road",,,,Cincinnati,OH,45255,,
INTL_dc6f085b-6,UN,"YOUNG RHAN KIM, MD INC, 868 Ululani St # 109",,,,Hilo,HI,96720,,
INTL_f085ac45-e,UN,"Precision Medicine, 9191 R G Skinner Pkwy",,,,Jacksonville,FL,32256,,
INTL_461e163e-3,UN,"Oregon Concierge Medicine, 19000 NE Buena Vista Dr",,,,Dundee,OR,97115,,
INTL_1e8e5eea-9,UN,"Longhurst Family Medicine, 800 Industrial Road",,,,Marshall,MI,49068,,
INTL_24a4ee0d-4,UN,"Concierge Wellness Center, 4035 S. El Capitan Way",,,,Las Vegas,NV,89147,,
INTL_3ea78bb2-b,UN,"Chris Nussbaum, MD, 500 Vonderburg Drive",,,,Brandon,FL,33511,,
INTL_64c56e42-8,UN,"Bluegrass Preventive Medicine, 161 Lexington Green",,,,Lexington,KY,40503,,
INTL_40a0e6c3-7,UN,"Aligned Health, 168 N Olympian Dr",,,,Colorado Springs,CO,80905,,
INTL_121eac89-5,UN,"Acorn Health Services, 112 Main St",,,,Northborough,MA,01532,,
INTL_8049e969-b,UN,"AltuCare, PLLC, 347 Fullerton Avenue",,,,Newburgh,NY,12550,,
INTL_ba97d93f-7,UN,"Claudine Kimura, M.D., 405 N Kuakini St Ste 1011",,,,Honolulu,HI,968176301,,
INTL_ba6eeef1-a,UN,"Tele-Medicine Of South Florida, 2720 Ravella Way",,,,Palm Beach Gardens,FL,33410,,
INTL_1ca28d61-2,UN,"Angel's Star Wellness Center, PA, 8325 Whitley Rd",,,,Watauga,TX,76148,,
INTL_9a3d90b6-a,UN,"Goldsboro Family Physicians, P.A., 1108 PARKWAY DR",,,,GOLDSBORO,NC,27534-9429,,
INTL_c5d746b1-8,UN,"Your Allergy Clinic, 177 W. Cottonwood Lane",,,,Casa Grande,AZ,85122,,
INTL_5d4826a0-4,UN,"Gary T. Lai, M.D., 14335 Pipeline Ave",,,,Chino,CA,917105642,,
INTL_905f1e15-d,UN,"DCPP: Rebecca Byard, MD, 750 Washington Road",,,,Mt. Lebanon,PA,15228,,
INTL_ba31c766-4,UN,"Internal Medicine Group of Palo Alto, 805 El Camino Real",,,,Palo Alto,CA,94301,,
INTL_92b9f3ea-6,UN,"ACE Concierge Care, 1080 E. Indiantown Rd",,,,Jupiter,FL,33477,,
INTL_7c41b21d-b,UN,"Devoted Family Medicine, 101 Bourland Rd",,,,Keller,TX,76248,,
INTL_a6636d93-b,UN,"Dunedin Pediatrics & Family, 640 Douglas Ave",,,,Dunedin,FL,34698,,
INTL_86ea36f3-f,UN,"HomeTown Direct Care P.C., 301 E. Main St.",,,,Cherryville,NC,28021,,
INTL_871ef388-9,UN,"Care Integrative Clinic, 2340 130TH AVE NE",,,,BELLEVUE,WA,98005,,
INTL_749fb40b-a,UN,"Evergreen Primary Care, 570 Asbury St, Suite 208",,,,Saint Paul,MN,55104,,
INTL_c86bc5f1-d,UN,"Moxie MD Direct Care Family Medicine, 445 S. State Street",,,,Rochester,IL,62563,,
INTL_e3dff10c-9,UN,"John Stracks, MD, 1828 West Webster, Suite 450",,,,Chicago,IL,60614,,
INTL_57d6fdfb-f,UN,"Arbora Natural Medicine Solutions, 1801 Hwy 99 N",,,,Ashland,OR,97520,,
INTL_bbbea348-1,UN,"The Pilot Clinic, 1616 N Litchfield Road",,,,Goodyear,AZ,85395,,
INTL_7fecdec2-3,UN,"Achieve More Sports and Wellness PLLC, 6139 S Rural Rd",,,,Tempe,AZ,85283,,
INTL_31eedf1d-a,UN,"Apex Health, 31473 Rancho Viejo Rd",,,,San Juan Capistrano,CA,92675,,
INTL_4365b424-8,UN,"Spectrum Medical Care, Inc, 4505 FAIR MEADOWS LN",,,,RALEIGH,NC,27545,,
INTL_0a95fd4c-1,UN,"Suvida Healthcare NPHO, 2505 Aldine Mail Route Road",,,,Houston,TX,77039-5601,,
INTL_bc63f49b-f,UN,"Healing Journey, LLC, 45-270 William Henry Rd",,,,Kaneohe,HI,967443244,,
INTL_8b45b76b-b,UN,"Eric Grasser, MD, LLC, 1925 Aspen Drive, Ste 502A",,,,Santa Fe,NM,87505,,
INTL_5abcfafb-4,UN,"Vera Dermatology, 981 W Foothill Blvd",,,,Claremont,CA,91711,,
INTL_513053b2-9,UN,"Priority Physicians, 12174 North Meridian Street",,,,Carmel,IN,46032,,
INTL_0fd6187f-3,UN,"Texas Movement Disorder Specialists, PLLC, 204 S Interstate 35",,,,Georgetown,TX,78628,,
INTL_67af6329-3,UN,"Four Points Wellness, 107 SW 7th Avenue",,,,Mineral Wells,TX,76067,,
INTL_422e1bfe-8,UN,"Roman Rodriguez, M.D., 1300 Evans Ave.",,,,San Francisco,CA,94188-2253,,
INTL_dd232829-5,UN,"Apex Health, 1163 pittsford Victor road suite 150 building 4",,,,Pittsford,NY,14534,,
INTL_1e4e9930-5,UN,"InfiniteHeart Health, PLLC, 1449 S Michigan Ave",,,,Chicago,IL,60605,,
INTL_34b254bf-0,UN,"Makemson Family Medicine, 250 CHATEAU DR SW",,,,HUNTSVILLE,AL,35801,,
INTL_026de8b9-1,UN,"Judith F Hernaez MD LLC, 94-873 Farrington Hwy",,,,Waipahu,HI,96797,,
INTL_34426397-b,UN,"Evolve Concierge, 18356 Clark Street",,,,Tarzana,CA,91356,,
INTL_1b25d94f-f,UN,"Direct Wound Care Consulting, 1300 E. 9th St.",,,,Edmond,OK,73034,,
INTL_9c4761c9-4,UN,"Whole Health Family Medicine Clinic, 1305 Escalante Drive",,,,Durango,CO,81303,,
INTL_675b8c1d-6,UN,"Ovido Direct Primary Care, 519 Lake Charm Court",,,,Oviedo,FL,32765,,
INTL_215039b9-a,UN,"Access Urology, 12611 9th Street",,,,Chino,CA,91710,,
INTL_7a0abeb5-2,UN,"1 TO 1 Patient Care, LLC, 6799 Overseas Hwy",,,,Marathon,FL,33050,,
INTL_de616734-a,UN,"Academy Foot Center of Hawaii, 1329 Lusitana St Ste 801",,,,Honolulu,HI,968132434,,
INTL_4db46b22-d,UN,"Bodyshop Wellness, 7719 Sand St",,,,Fort Worth,TX,76118,,
INTL_a45d8bfd-6,UN,"Steven Vasilev, MD, 6621 Bay Laurel Place",,,,Avila Beach,CA,93424,,
INTL_fd8c76df-d,UN,"The Koa Clinic, 75-5995 Kuakini Hwy",,,,Kailua Kona,HI,96740,,
INTL_69ea10f8-9,UN,"ROBERT KROOPNICK, MD, FACP, PLLC, 4000 OLD COURT RD",,,,PIKESVILLE,MD,21209,,
INTL_626c9053-b,UN,"TLC Health Services LLC, 1225 Hancock Rd, BLDG C, STE 302",,,,Bullhead City,AZ,86442,,
INTL_9756110d-9,UN,"Generations Primary Care, LLC, 44 East Spaulding Avenue",,,,Pueblo West,CO,81007,,
INTL_4a09a785-0,UN,"Thrive Conceirge Medicine, 1240 Via Brigitte",,,,Santa Barbara,CA,93111,,
INTL_cc9bed36-9,UN,"Brazos Heart Rhythm, 2421 Earl Rudder Fwy S",,,,College Station,TX,77845,,
INTL_8fc199a8-5,UN,"Wellness Integrative Naturopathic Center, 25431 Cabot Rd",,,,Laguna Hills,CA,92653,,
INTL_eaa78701-f,UN,"Makena Health, 161 Wailea Ike Place",,,,Wailea,HI,96753,,
INTL_b224dd1a-a,UN,"Lawrence Highman, 101 3rd Street",,,,Colusa,CA,95932,,
INTL_6767f9dc-c,UN,"Cersosimo Primary Care, 3900 Eubank Blvd NE",,,,Albuquerque,NM,87111,,
INTL_cf9fc5a8-f,UN,"Deeds Health, PLLC, 4141 California Ave Suite 1",,,,Seattle,WA,98116,,
INTL_f387f27b-4,UN,"Cityblock Virtual Hub, 4444 The Plaza",,,,Charlotte,NC,28215,,
INTL_ab235ac7-8,UN,"Jubilee Primary Care PC, 2090  Lawrenceville Suwanee Rd",,,,Suwanee,GA,30024,,
INTL_f2bc8c23-6,UN,"Gloria Eden G. Domingo, M.D. LLC, 94-333 Waipahu Depot St",,,,Waipahu,HI,96797,,
INTL_6ebc86e3-7,UN,"Hillside Family Medicine LLC, 9220 Lake Otis Pwky Ste 9",,,,Anchorage,AK,99507,,
INTL_9530885d-0,UN,"Central Florida Functional Medicine, 561 E. Mitchell Hammock RD",,,,Oviedo,FL,32766,,
INTL_d5538069-5,UN,"unTo L.L.C., 645 E. 5th Street",,,,Sheridan,WY,82801,,
INTL_4d5e6272-f,UN,"CloseKnit Health, 1501 S Clinton St.",,,,Baltimore,MD,21224-5730,,
INTL_64c61a77-a,UN,"NE Family Medical Clinic INC, 225 NE 38th Terrace",,,,Oklahoma City,OK,73105,,
INTL_ea155958-9,UN,"Vascular Neurology of Southern California, 2190 Lynn Rd.",,,,Thousand Oaks,CA,91360,,
INTL_6b7fcdd1-d,UN,"Michel F Accad, MD, Inc, 2000 Van Ness Avenue",,,,San Francisco,CA,94109,,
INTL_c1a7c05d-0,UN,"Santa Barbara Senior Care, 623 W Junipero St",,,,Santa Barbara,CA,93105-4213,,
INTL_120141d6-9,UN,"Robertsdale Urgent Care, LLC, 18557 E Hammond St",,,,Robertsdale,AL,36567,,
INTL_c6b29953-4,UN,"Family First Primary Care, 208 N 4th Street",,,,BUCKEYE,AZ,85326,,
INTL_6cfb725b-e,UN,"Judy Welch MDPA, 3 Eastview Parkway",,,,Saco,ME,04072,,
INTL_d73b5885-a,UN,"Fireside Family Medicine, 2957 Santa Patricia Court",,,,North Pole,AK,99705,,
INTL_7a1b4bbf-3,UN,"Richard Lau, 405 N Kuakini Street",,,,Honolulu,HI,96817-6302,,
INTL_1539e8bb-3,UN,"Crisis24 Medical Solutions, Inc., 2000 Northwest Corporate Blvd",,,,Boca Raton,FL,33431,,
INTL_9b3bafa8-7,UN,"The EDS Clinic, Virtual Clinic",,,,Chicago,IL,60601,,
INTL_b0aa468e-d,UN,"Hawaii Family Physicians, 75-5870 Walua Rd",,,,Kailua-Kona,HI,96740,,
INTL_56ecd130-1,UN,"Hansen-Smith Family Medicine, 725 W. Shaw Ave.",,,,Fresno,CA,93704,,
INTL_d531723e-b,UN,"Highway Integrative Health Center, 161 webb drive",,,,davenport,FL,33837,,
INTL_b3c3f0f8-d,UN,"Clear Medical Clinic, 5460 Koloa Road",,,,Koloa,HI,96756,,
INTL_d17b22af-5,UN,"Chauntelle Taylor, LLC, 545 County Rd HQ",,,,Marquette,MI,49855,,
INTL_12630764-0,UN,"Priority Medical Partners, SC, 580 Shepard St",,,,Rhinelander,WI,54501,,
INTL_7842c1ae-b,UN,"South Tampa Kids Pediatric Care, 3502 Henderson Blvd",,,,Tampa,FL,33609,,
INTL_65d0d29d-3,UN,"Mountain View OBGYN PC, 6285 Lehman Dr",,,,Colorado Springs,CO,80918,,
INTL_667030d3-b,UN,"SuccessLink, 1501 E. Orange Road",,,,Waterloo,IA,50701,,
INTL_26e4799f-6,UN,"Katy Premier Primary Care, 633 East Fernhurst Drive",,,,Katy,TX,77450,,
INTL_2bb8711f-5,UN,"Alamo Diabetes and Endocrinology, 8042 Wurzbach Rd Ste 230",,,,San Antonio,TX,78229-3806,,
INTL_033ad69d-7,UN,"Bridgeway Recovery Services Inc., 3325 Harold Dr NE",,,,Salem,OR,97305,,
INTL_3b224da4-9,UN,"Dr. Salas Wellness Center, 13241 Bartram Park Blvd",,,,Jacksonville,FL,32258,,
INTL_5174dc47-2,UN,"OVR Health, 501 Congress Ave",,,,Austin,TX,78701,,
INTL_6e35755e-9,UN,"Ofer J. Shustik M.D., PA, 1411 North Flagler Drive",,,,West Palm Beach,FL,33401,,
INTL_bb838b04-9,UN,"Ernie's, 843 Montgomery Street",,,,San Francisco,CA,94133,,
INTL_b0ab5a20-9,UN,"Vermont Integrative MD, 31 Cottonwood Drive",,,,Williston,VT,05495,,
INTL_74227452-6,UN,"Dedea, M.D. Family Medicine, 4052 Commercial Way",,,,SPRING HILL,FL,34606,,
INTL_57807234-5,UN,Pacific Medical Administrative Group (PMAG) - Practice Developme,,,,Honolulu,HI,96814,,
INTL_b1f75999-1,UN,"One Urology, 6226 East Spring Street",,,,Long Beach,CA,90815,,
INTL_83a50ef7-0,UN,"Well Rooted Pediatrics, PLLC, 2955 Eldorado Parkway",,,,Frisco,TX,75033,,
INTL_52e0ee3e-e,UN,"Embody Health Texas, 8821 Davis Blvd",,,,Keller,TX,76248,,
INTL_b49ff49f-5,UN,"Webster Orthopedics, 200 Porter Drive",,,,San Ramon,CA,94583,,
INTL_c1962287-8,UN,"Ronald A. Morton, M.D., Inc., 1380 Lusitana St",,,,Honolulu,HI,96813,,
INTL_e90f61b3-c,UN,"Courtview Gynecology, 706 Summit Crossing Place",,,,Gastonia,NC,28054,,
INTL_83629f9e-b,UN,"Holistic NP Mobile Clinic, PLLC, 1400 N. Coit Rd",,,,Mckinney,TX,75071,,
INTL_ed5045e1-6,UN,"Frame, 447 Sutter St.",,,,San Francisco,CA,94108,,
INTL_6bf0634d-7,UN,"Quintess Primary Care LLC, 818 E. Bristol Street",,,,Elkhart,IN,46514,,
INTL_95bf87bb-6,UN,"Phinney Primary Care and Wellness, 6804 Greenwood Ave N",,,,Seattle,WA,98103,,
INTL_407b2363-5,UN,"Nexus Primary Care, 2905 S Brentwood Blvd",,,,Brentwood,MO,63144,,
INTL_12e5bd21-9,UN,"Madame DuPont Creations, 7316 Wallace rd unit B",,,,CHARLOTTE,NC,28212,,
INTL_48d690d6-8,UN,"Abounding Psychiatry, 8207 Hudson St Ste B",,,,LUBBOCK,TX,79423,,
INTL_57ae5e22-3,UN,"Roman Light Medical, 3400 BEE RIDGE RD",,,,SARASOTA,FL,34239,,
INTL_5621d534-a,UN,"Bainbridge Naturopathic Clinic - Dr. Hinchcliffe, 727 Ericksen A",,,,Bainbridge Island,WA,98110,,
INTL_9ca8be8b-c,UN,"CAIPA Corporate Specialist, 202 Canal St Ste. 500",,,,New York,NY,10013,,
INTL_5e2b4440-e,UN,"Functional Medicine & Integrative Care LLC, 1 Booth House Lane",,,,New Milford,CT,06776,,
INTL_dabbf586-5,UN,"Mindy Hutchinson, MD, PC, 615 Washington Road",,,,Pittsburgh,PA,15228,,
INTL_b8a50581-f,UN,"Graze Anatomy & Associates, 528 SE Osceola Street",,,,Stuart,FL,34994,,
INTL_049bccc3-3,UN,"Rejuvenant Family Health Care, 2140 Riverside Dr",,,,Macon,GA,31204,,
INTL_f7d119b9-f,UN,"Gloria Gates Care, 2525 9th Ave",,,,Altoona,PA,16602,,
INTL_eafa5dc9-2,UN,"My Family Doc, 3227 E Warm Springs Rd Suite 300",,,,Las Vegas,NV,89120,,
INTL_6d6ca790-7,UN,"Coastal Health Concierge, 108 Island Professional Park",,,,Saint Simons Island,GA,31522,,
INTL_e2e6ff55-9,UN,"Elite Medicine, 3100 Tower Blvd",,,,Durham,NC,27707,,
INTL_7831127b-4,UN,"Harley Street Health, 6119 Berkshire Lane",,,,Dallas,TX,75225,,
INTL_d75a10b9-d,UN,"M&A Medical, 255 S 20th Ave",,,,Pocatello,ID,83201,,
INTL_79063d4e-3,UN,"Medical Weight Loss, 111 West F Street",,,,Benicia,CA,94510,,
INTL_7aab4c8d-2,UN,"Direct Primary Care of Oklahoma, 16416 Muirfield Place",,,,Edmond,OK,73013,,
INTL_41b8a72e-2,UN,"Infinity Family Care, PC, 450 Chauncy Street",,,,Mansfield,MA,02048,,
INTL_64614051-5,UN,"Patients First Medical, 2121 South Blackhawk Street",,,,Aurora,CO,80014,,
INTL_f1646d97-f,UN,"LEE Vein & Vascular, 35400 Bob Hope Dr",,,,Rancho Mirage,CA,92270,,
INTL_c2adf849-a,UN,"Three D Wellness, 555 Sun Valley Drive",,,,Roswell,GA,30076,,
INTL_c536d77f-4,UN,"Fig Tree Family Medicine, 76 Newburyport Turnpike",,,,Newbury,MA,01951,,
INTL_76ce579d-3,UN,"MyMD Personal Family Care, 110 West Woodhill Drive Unit",,,,Nags Head,NC,27959,,
INTL_ce73cb14-7,UN,"Sunrise Family Medicine, PLLC, 2302 E SPEEDWAY BLVD",,,,TUCSON,AZ,85719,,
INTL_6dad467f-9,UN,"Pashen Health LLC, 3135 SR 580 E Suite 11",,,,Safety Harbor,FL,34695,,
INTL_c5b2ba01-7,UN,"Trailhead Clinics, 235 N 7th St",,,,Grand Junction,CO,81501,,
INTL_6b5c9061-b,UN,"Harmony Healthcare Orlando, 189 South Orange Ave",,,,Orlando,FL,32801,,
INTL_f9e84af9-8,UN,"Monida Healthcare Network Resources, 107 6th Ave SW",,,,Ronan,MT,59864,,
INTL_3306f739-6,UN,"Susie Liu, MD, 805 El Camino Real",,,,Palo Alto,CA,94301,,
INTL_a695c488-e,UN,"SourceMD: Integrated Wellness Solutions, 345 Saxony Road Suite 2",,,,Encinitas,CA,92024,,
INTL_4d5a30f0-9,UN,"Link Medical, 6710 N 47th Avenue",,,,Glendale,AZ,85301,,
INTL_5190cda6-4,UN,"Yonsei Medical Clinic, 505 S VIRGIL AVE",,,,Los Angeles,CA,90020,,
INTL_e5736107-8,UN,"Dr. Richards, PLLC, 20815 N 25th Pl",,,,Phoenix,AZ,85050,,
INTL_66c72141-0,UN,"Neura Health, 205 East 42nd Street",,,,New York,NY,10017,,
INTL_c8740672-f,UN,"Timothy Au, MD, 321 N Kuakini St",,,,Honolulu,HI,96817-2395,,
INTL_ff8f899e-4,UN,"Neuranimus, 135 N Jackson Ave",,,,San Jose,CA,913451207,,
INTL_1edb81a2-1,UN,"Dr. Molly Bina, 1227 Broadwater Avenue",,,,Billings,MT,59102,,
INTL_81acffb9-2,UN,"Optimum Health Primary Care LLC, 1878 Jeff Road",,,,Huntsville,AL,35806,,
INTL_b2aab316-c,UN,"VERANOVA HEALTH, 7379 PEARL RD",,,,MIDDLEBURG HEIGHTS,OH,44130,,
INTL_c27e8976-2,UN,"Martina Koller, MD, 9730 3rd Ave. NE",,,,Seattle,WA,98115,,
INTL_206b972b-4,UN,"Family Physicians of St Joseph, 147 Peace Blvd",,,,Saint Joseph,MI,49085,,
INTL_ad86f33d-d,UN,"Ozarks Direct Primary Care, 1200 E Woodhurst",,,,Springfield,MO,65804,,
INTL_3f3dd43b-0,UN,"North Bay Private Medicine, Inc, 655 Redwood Highway",,,,Mill Valley,CA,94941,,
INTL_cf4b66f1-1,UN,"Element Primary Care, 10020 Nicholas Street",,,,Omaha,NE,68114,,
INTL_d508ca2e-8,UN,"Her Health LLC, 740 Prince Ave",,,,Athens,GA,30606,,
INTL_2a5af82a-9,UN,"Energize Health and Hormones, 655 Redwood Frontage Road",,,,Mill Valley,CA,94941,,
INTL_e6b14949-8,UN,"Bruce S. Katsura, M.D., 2228 Lilhia St.",,,,Honolulu,HI,96817,,
INTL_e5c92341-3,UN,"Dong Lin, MD, 950 Stockton St",,,,San Francisco,CA,941081619,,
INTL_a5e7ea1d-a,UN,"Evolution Psychiatric & Mental Health Services, 1204 NW 69TH TER",,,,GAINESVILLE,FL,32605,,
INTL_5528d159-a,UN,"Personal ConciergMed, 60 Aragon",,,,Coral Gables,FL,33134,,
INTL_cdf7954b-8,UN,"Dandelion Health, 1312 Hull Street",,,,Richmond,VA,23224,,
INTL_3bffef69-8,UN,"Remedy Health, LLC, 3701 Trakker Trail",,,,BOZEMAN,MT,59718,,
INTL_bb177d7d-8,UN,"TNJ Health Solutions, 1331 H Street NW",,,,"Washington, DC",DC,20005,,
INTL_84b39385-e,UN,"Greater Boston Allergy, Asthma, Sinus & Immunology, 960 Putnam A",,,,Marstons Mills,MA,02648,,
INTL_ad5f9c61-a,UN,"KL Medical Services LLC, 275 Ponahawai St.",,,,Hilo,HI,96720,,
INTL_6d84ecf6-7,UN,"Vanderloo Family Medicine, PLLC, 742 Magnolia St.",,,,Madison,MS,39110,,
INTL_d209de5b-b,UN,"Broadway East Internists, 7525 East Broadway Road",,,,Mesa,AZ,85208,,
INTL_83647dc3-3,UN,"Liberty Health, 1361 Wenner Road",,,,Detroit Lakes,MN,565013905,,
INTL_ab35417e-c,UN,"Roy M Koga, MD, 670 Ponahawai St., Ste. 120",,,,Hilo,HI,96720-2660,,
INTL_8cb84d95-2,UN,"Evergreen Naturopathic, 1801 W Broadway Ave",,,,Spokane,WA,99201,,
INTL_aa8b0b7a-c,UN,"Apple Wellness Center - Sacramento, 2511 Laguna Boulevard",,,,Elk Grove,CA,95758,,
INTL_b0d08e03-e,UN,"Advanced Orthopedic Pain Management, 351 Hospital Road",,,,Newport Beach,CA,926633509,,
INTL_19986901-2,UN,"WishingWellness, 10120 South Eastern Avenue",,,,Henderson,NV,89052,,
INTL_dce85259-d,UN,"Honbo & Nourparvar MDs, 16311 Ventura Boulevard",,,,Encino,CA,91436,,
INTL_de4975a8-7,UN,"Colorado Integrative Healthcare, 1175 S Perry St",,,,Castle Rock,CO,80104,,
INTL_31d8dfd4-b,UN,"Golden Gate Urology Inc, 728 Pacific Avenue",,,,San Francisco,CA,94133,,
INTL_d9636913-3,UN,"Coronado Health Direct Primary Care, 3007 W. Horizon Ridge Pkwy",,,,Henderson,NV,89052,,
INTL_9e1ce7de-0,UN,"Thrive Direct Health Care, 708 E Morris St",,,,La Conner,WA,98257,,
INTL_8bd9dc82-c,UN,"Syuck Ki Saito, MD, 868 Ululani St Ste 110",,,,Hilo,HI,96720-3913,,
INTL_724c1356-a,UN,"Santa Barbara Endocrinology, PC, 1532 State St, 2nd Floor",,,,Santa Barbara,CA,93101,,
INTL_4ec3b572-6,UN,"James Yan DO, 728 Pacific Avenue",,,,San Francisco,CA,94133,,
INTL_3f989747-2,UN,"John P. Nelson, MD, 401 Shady Ave",,,,Pittsburgh,PA,15206,,
INTL_2baed24c-7,UN,"Paul Barkopoulos, MD, 1800 Fairburn Ave",,,,Los Angeles,CA,90025,,
INTL_f9f4b5f6-0,UN,"Wasatch Mobile Medical, 910 E 100 N",,,,Payson,UT,84651,,
INTL_061d5b59-a,UN,"Stephen K. Miyasato M.D.,Inc, 99-128 Aiea Hts Dr",,,,Aiea,HI,96701,,
INTL_de79330b-8,UN,"Empower Health PLLC, 2651 W. South Jordan Pkwy, Ste 101c",,,,South Jordan,UT,84095,,
INTL_322785a3-d,UN,"CCHCA Anthem Auditor Practice, Medicare - West Region",,,,San Francisco,CA,94133,,
INTL_28b77e1e-6,UN,"Thrive Health & Wellness, 3520 Three Bridges Road",,,,Powhatan,VA,23139,,
INTL_d356445d-5,UN,"High Country Family Medicine, 200 Hospital Ave",,,,Jefferson,NC,28640,,
INTL_2c62aa7f-e,UN,"Sequoia Medical 360, P.C., 44 Pondfield Rd",,,,Bronxville,NY,10708,,
INTL_c141750c-b,UN,"Vivek Jain, M.D., INC, 15000 Los Gatos Blvd",,,,Los Gatos,CA,95032,,
INTL_eea64fe7-f,UN,"Scottie, 5646 Milton St",,,,Dallas,TX,75206,,
INTL_35a0cb3c-3,UN,"Face The World MedSpa LLC, 2121 S Mill Avenue",,,,Tempe,AZ,85282,,
INTL_6ce7d7a2-3,UN,"Personalized Medical Care, 191 Albany Turnpike",,,,Canton,CT,06019,,
INTL_f0337de5-e,UN,"Malama Kidney Center, 1357 Kapiolani Blvd",,,,Honolulu,HI,96814,,
INTL_90988ef6-d,UN,"Concierge Medicine Las Vegas, 8435 S. Eastern Ave.",,,,Las Vegas,NV,89123,,
INTL_b5a4dea3-a,UN,"Threefold Medicine, 511 Petaluma Avenue",,,,Sebastopol,CA,95472,,
INTL_1913d93e-6,UN,"Frontier Pediatric Care, 8333 Glynoaks Dr",,,,Lincoln,NE,68516,,
INTL_3c1624af-0,UN,"BENJAMIN Z. ARBESFELD, MD, FACC, 6940 108th Street",,,,FOREST HILLS,NY,11375,,
INTL_0ed841e0-c,UN,"DYNAMIC HEALTH & WELLNESS, INC, 320 W. Fletcher Ave",,,,Tampa,FL,33612,,
INTL_3727e23e-c,UN,"Falls City Family Practice, P.C., 1423 STONE ST",,,,FALLS CITY,NE,683552660,,
INTL_fd26d53e-a,UN,"Neurology Private Practice, 1301 20th St.",,,,Santa Monica,CA,90404,,
INTL_8513f5a3-4,UN,"Jefferson Street Clinic, 618 Jefferson Blvd.",,,,Lafayette,LA,70501,,
INTL_e0c5e8a8-1,UN,"VIP Healthcare CR, 751 Maleta Ln.",,,,CASTLE ROCK,CO,80108,,
INTL_17ab7d58-f,UN,"WellCraft Health, 40 Anna Louise Lane",,,,Roanoke Rapids,NC,27870,,
INTL_62c8675d-8,UN,"MargaritaMed, 817 Bama Breeze Dr",,,,Daytona Beach,FL,32124,,
INTL_42988751-1,UN,"Arthur Douville, 800 Pollard Road",,,,Los Gatos,CA,95032,,
INTL_310fdce6-9,UN,"Pacific Frontier Medical, Inc, 865 Laurel St",,,,San Carlos,CA,94070,,
INTL_c59399a0-b,UN,"Hope Center of the Eagle River Valley, PO Box 212 //",,,,Eagle,CO,81637,,
INTL_39abfdf3-4,UN,"SureAccess MD, LLC, 8525 Line Avenue",,,,Shreveport,LA,71106,,
INTL_d037b583-7,UN,"Brian Pierce, 643 Rockland St.",,,,Rockport,ME,04856,,
INTL_aa4a031b-8,UN,"Golden Gate Radiology, 845 Jackson St",,,,San Francisco,CA,94133,,
INTL_4b74e99a-b,UN,"Buckeye Family Healthcare, 3477 Commerce Parkway",,,,Wooster,OH,44691,,
INTL_d5e8adfd-0,UN,"DocPlusMe PLLC, 12272 Tamiami Trail East",,,,Naples,FL,34113,,
INTL_925997a5-0,UN,"RHMD LLC, 417 Fifth Avenue",,,,Indialantic,FL,32903,,
INTL_a5fa1264-4,UN,"Nisha Jayani, MD, 14708 Pipeline Ave, Suite D",,,,Chino Hills,CA,91709,,
INTL_9c32883b-f,UN,"Peninsula Doctor, 401 Burgess Dr, Suite A",,,,Menlo Park,CA,94025,,
INTL_6f3420e3-a,UN,"Pragma Family Medicine, 5730 Ward Rd",,,,Arvada,CO,80002,,
INTL_343baf24-8,UN,"ProPartners Healthcare, 8500 W 110th St",,,,Overland Park,KS,66210,,
INTL_6bf80c25-4,UN,"CCHCA Blue Shield Auditor Practice, 3840 Kilroy Airport Way",,,,Long Beach,CA,90806,,
INTL_a2c9750e-c,UN,"Miami HPC, 6141 SW 72nd Street",,,,South Miami,FL,33143,,
INTL_f89600e7-7,UN,"Mark Chung MD, 40 Aulike St",,,,Kailua,HI,96734-2757,,
INTL_2bfc0075-1,UN,"Grace Pacific Medical Associates, 1431 Noriega St",,,,San Francisco,CA,94122-4431,,
INTL_80910718-2,UN,"Brilliant Physicians, 51625 Desert Club Dr",,,,La Quinta,CA,92253,,
INTL_2e68a2bc-6,UN,"Brittany Bryan, 1532 State Street 2nd Floor",,,,Santa Barbara,CA,93101,,
INTL_04bf32bd-1,UN,"Proactive MD – Elation Test Practice, 18220 Main St. Modular 1",,,,Peyton,CO,80831,,
INTL_0131fb02-7,UN,"Rob Main Health and Wellness, 3143 SW 32nd Ave",,,,Ocala,FL,34474,,
INTL_c569abdf-0,UN,"Premier Neurology, 420 The Parkway",,,,Greer,SC,29650,,
INTL_da92b7fa-4,UN,"New Life Family Medicine, 1015 Horton Road",,,,ALBERTVILLE,AL,35950,,
INTL_f9674269-a,UN,"Texas Medical Rehabilitation Center, 6776 Southwest Fwy",,,,Houston,TX,770742107,,
INTL_71e54223-5,UN,"PETER MCNEIL, M.D., 240 S HICKORY ST",,,,MT CARMEL,PA,17851,,
INTL_d38b8ac5-5,UN,"Natov Medical Associates, P.C, 851 Main St. Apt 10",,,,Weymouth,MA,02190,,
INTL_9cabbd04-f,UN,"Northern New Mexico Family Medicine LLC, 401 Botulph Ln",,,,Santa Fe,NM,875056912,,
INTL_e4121b8f-6,UN,"RejuvMedical, PLLC, 408 Glenwood St",,,,Glen Rose,TX,76043,,
INTL_cbe799ca-b,UN,"Village Family Healthcare, LLC, 28170 Old Village Road",,,,Mechanicsville,MD,20659,,
INTL_2fe9b3c0-7,UN,"Wellness Care Medical Group APC, 416 16Th Ave",,,,San Francisco,CA,94118,,
INTL_aed68892-7,UN,"Olive Branch Wellness Center, 220 DAVIDSON AVE STE 407F",,,,SOMERSET,NJ,088734146,,
INTL_dc25043d-7,UN,"BitCure, 4750 Ashwood Drive",,,,Blue Ash,OH,45241,,
INTL_dd1ff077-2,UN,"CALEIGH RODRIGUEZ, MD, 790 GENERATIONS DR",,,,New Braunfels,TX,78130,,
INTL_c3166797-c,UN,"PrimaryMD, 101 S. San Mateo Drive",,,,San Mateo,CA,94401,,
INTL_c1ad2702-a,UN,"Zamzam Wellness, 1400 South Orlando Ave",,,,Winter Park,FL,32789,,
INTL_ec34ed12-e,UN,"Yellowstone Naturopathic Clinic, 720 N 30th St",,,,Billings,MT,591010901,,
INTL_d36a8fbf-d,UN,"Alicia  Cunningham, M.D., 181 South Union St",,,,Burlington,VT,05401,,
INTL_afa53fef-5,UN,"Revolutionary Health Services- Charles Whitney, MD, 1121 General",,,,Washington Crossing,PA,18977,,
INTL_57bb1bdb-0,UN,"Aging Optimized, 8160 South Highland Drive",,,,Sandy City,UT,84093,,
INTL_e74e54b6-4,UN,"Maria Ilar-Revilla, MD, 94-866 Moloalo St # 1B",,,,Waipahu,HI,967973354,,
INTL_a90c042f-4,UN,"Tracy Ingram LLC, 98-1247 KAAHUMANU ST STE 106",,,,AIEA,HI,967015300,,
INTL_f1073c09-7,UN,"Elite Medical Associates, 2931 N. TENAYA WAY",,,,Las Vegas,NV,89128,,
INTL_bf641a31-1,UN,"Wright Medicine, 444 South Union St.",,,,Burlington,VT,05401,,
INTL_1643d8c0-9,UN,"Chang Dich Lai M.D. Inc, 1380 Lusitana St",,,,Honolulu,HI,96813,,
INTL_82f7b5b0-9,UN,"Cityblock - Ohio, 6100 E Main St",,,,Columbus,OH,43213,,
INTL_38367fa6-f,UN,"Allara, 636 Broadway",,,,New York,NY,10003,,
INTL_0f05e7ba-a,UN,"Supreme Elevation Medical Center, 2110 E Flamingo Rd",,,,LAS VEGAS,NV,89119,,
INTL_649b2629-a,UN,"Harris Internal Medicine, 4000 Shakerag Hill",,,,Peachtree City,GA,30269,,
INTL_99ef7b74-c,UN,"Dr. Salima Brillman, PC, 512 Hamilton Ave.",,,,Palo Alto,CA,94301,,
INTL_bcdc4766-0,UN,"CCHCA - TKHNC Auditor Practice, 827 Pacific Ave",,,,San Francisco,CA,94133,,
INTL_56e9a861-7,UN,"Journey Wellness Clinic PLLC, 602 Morganton Blvd SW",,,,Lenoir,NC,28645,,
INTL_b9c4cc45-c,UN,"Dedicated Pregnancy Care, 1515 El Camino Real",,,,Palo Alto,CA,94306,,
INTL_c54d7499-9,UN,"Elite Family Care, 121 E Harrall Drive",,,,Russellville,AR,72802,,
INTL_89a8c4a0-7,UN,"Journey Med PLLC, 2389 Main St.",,,,Glastonbury,CT,06033,,
INTL_38cde50b-6,UN,"Siskiyou Vital Medicine LLC, 940 Ellendale dr.",,,,Medford,OR,97504,,
INTL_72145434-a,UN,"Jessica C Joslyn, PA-C, 2 James Way",,,,Pismo Beach,CA,93449,,
INTL_23621587-e,UN,"Citrine Holistic Health, 15962 Boones Ferry Road",,,,Lake Oswego,OR,97035,,
INTL_9a3436be-e,UN,"Mimi Lee Medical Group, 1300 N. Vermont",,,,Los Angeles,CA,90027,,
INTL_4b9f8ea3-1,UN,"Anna-Lia G Quinio, MD Inc, 45-955 Kamehameha Highway",,,,Kaneohe,HI,96744,,
INTL_fc7dcc30-b,UN,"Mode Primary Care, 2110 N Molter Rd",,,,Liberty Lake,WA,99019,,
INTL_a33b0fb0-e,UN,"Traditional Family Healthcare, 202 Watercress Dr.",,,,Lizella,GA,31052,,
INTL_e52e7856-a,UN,"Healthy Connections Hood River, 1700 12th St",,,,Hood River,OR,97031,,
INTL_354a22be-2,UN,"Marianas Footcare Clinic, 122 Tun Jose Toves Way",,,,Tamuning,GU,96913,,
INTL_0846e485-c,UN,"Stewart Medical Group, 1024 S Garfield Ave",,,,Alhambra,CA,91801-4762,,
INTL_3e710a52-8,UN,"Family Medicine Associates of Northridge, 18350 ROSCOE BLVD STE ",,,,NORTHRIDGE,CA,91325,,
INTL_b32c763f-9,UN,"Crossover - Nearsite - East, 25 West 45th Street",,,,New York,NY,10036,,
INTL_cb856a19-7,UN,"Rossignol Medical Center, 24541 Pacific Park Drive",,,,Aliso Viejo,CA,92656,,
INTL_d6c0ed74-b,UN,"DWC Express Care, 3456 Watson Hwy",,,,DU BOIS,PA,15801,,
INTL_9ec4736d-0,UN,"EliteMedNow, 1530 Citrus Medical Court",,,,Ocoee,FL,34761,,
INTL_b333a7bd-d,UN,"Cuevas Center, 100 Covey Dr #211",,,,Franklin,TN,37067,,
INTL_11eb53e1-8,UN,"Lenzmeier Family Medicine, 20100 N. 51st Ave",,,,Glendale,AZ,85308,,
INTL_8e2e9d1f-a,UN,"Heajung Ruesing MD, Inc., 868 Ululani St",,,,Hilo,HI,96720-3913,,
INTL_a609a5e2-3,UN,"FreedomDoc, 114 N Main St",,,,Zionsville,IN,46077,,
INTL_cb5a87d7-3,UN,"Maui Care Physician & Affiliates, 40 KUPAOA ST UNIT B-204",,,,MAKAWAO,HI,96768-6215,,
INTL_67262460-5,UN,"Vidamor Medical Clinic, 1973 Northwest Loop 410",,,,San Antonio,TX,78213,,
INTL_5b6d7996-3,UN,"AIM Primary Care, 1418 Walkers Way",,,,San Antonio,TX,78216,,
INTL_cbc8b2ff-c,UN,"Myra Chai, M.D., 1245 Wilshire Blvd",,,,Los Angeles,CA,90017,,
INTL_46476c21-9,UN,"FREDERICKSBURG CLINIC, 1308 South State Highway 16",,,,Fredericksburg,TX,78624,,
INTL_04554020-6,UN,"Laurence Silverstein, 5620 Wilbur Ave",,,,Tarzana,CA,91356,,
INTL_17d1e323-2,UN,"Saint Moscati Community Healthcare, 1880 Lancaster Ave. NE",,,,Salem,OR,97305,,
INTL_2cb9635a-1,UN,"Elizabeth Dewey MD, 4125 Lawndale Drive",,,,Greensboro,NC,27455,,
INTL_0fb5390c-9,UN,"Texas Elite Family Care, 1401 N. Stagecoach Road",,,,Salado,TX,76571,,
INTL_64d2c87f-9,UN,"Hawaii Homeless Healthcare Hui, 431 Kuwili Street",,,,Honolulu,HI,96817,,
INTL_dc7873bc-9,UN,"Patient Centrix, 1125 Towhee Trail",,,,New Braunfels,TX,78132,,
INTL_b138400f-0,UN,"BY Wound Care Internal Medicine, 34 S Broadway",,,,White Plains,NY,10601,,
INTL_ad9ee953-9,UN,"Full Circle Family Medicine, 68 Chapman St",,,,Damariscotta,ME,04543,,
INTL_f46af8ce-3,UN,"Dr. Kenzie Maloy, DC, LLC, 115 W. Hermiston Ave.",,,,Hermiston,OR,97838,,
INTL_cea368d3-f,UN,"Pediatric Wellness Center, 1901 Medipark Dr., Suite 110",,,,Amarillo,TX,79106,,
INTL_a0c20e97-c,UN,"Rizvi Brain Institute, 16236 San Dieguito Rd",,,,Rancho Santa Fe,CA,92091,,
INTL_bd7b9aa8-2,UN,"Synergy Medical Associates, 57 West Adams Street",,,,Crossville,TN,38555,,
INTL_9995153c-9,UN,"Appalachian Integrative Health, 708 5TH ST SW",,,,ROANOKE,VA,240163912,,
INTL_c13380de-b,UN,"Jeremy Fine, M.D., 2080 Century Park E",,,,Los Angeles,CA,90067,,
INTL_9af25ceb-2,UN,"Linda Hsu, MD, 13132 STUDEBAKER RD",,,,NORWALK,CA,90650,,
INTL_41e40e49-b,UN,"North Coast Naturopathic Medicine, 1727 Central Ave",,,,Mckinleyville,CA,955193601,,
INTL_5e994e92-8,UN,"Whole Living Medical, 1141 16th Street",,,,Bedford,IN,47421,,
INTL_403e97a6-5,UN,"M.G.T MD at Home, 7316 E Southern Ave",,,,Mesa,AZ,85209,,
INTL_7290821b-8,UN,"WeCare tlc, 999 Douglas Ave",,,,Altamonte Springs,FL,32714,,
INTL_7b1493f9-e,UN,"RowanVPaulMD, INC | RegenCore Method, 2100 Webster St",,,,San Francisco,CA,94115,,
INTL_20e69f49-0,UN,"Freedom Family Clinic LLC, 311 West Gabrielson",,,,Luverne,MN,56156,,
INTL_61eeca2f-8,UN,"HomeSteady Health, 1859 Trumansburg Road",,,,Trumansburg,NY,14886,,
INTL_5c913766-9,UN,"Michiana VIP MD, LLC, 3221 Beacon Parkway",,,,Granger,IN,46530,,
INTL_c18e80e9-2,UN,"Unifying Health Center, 2647 Cordes Drive",,,,Sugar Land,TX,77479,,
INTL_29be06cc-7,UN,"Link Medical Inc, 3111 S Valley View Blvd",,,,Las Vegas,NV,89102,,
INTL_49e07f8a-8,UN,"Raafia Memon M.D., 254 Chapman Road",,,,Newark,DE,19702,,
INTL_9987ec26-e,UN,"Embody Medicine, 16850 Frances Street",,,,Omaha,NE,68130,,
INTL_f30a5f1a-e,UN,"Cache Valley Endocrine & Family Medicine, 2150 N Main St",,,,North Logan,UT,84341,,
INTL_58e3e96c-c,UN,"Vibrant Life Direct Care, PLLC, 2618 E Hwy 37",,,,Tuttle,OK,73089,,
INTL_f7446ca3-d,UN,"ElevateMed Wellness, 314 E. 5th St.",,,,OWASSO,OK,74055,,
INTL_1d7a18cc-0,UN,"Rehabilitation Physicians of Pittsburgh, 324 Rodi Road",,,,Pittsburgh,PA,15235,,
INTL_98ca8e09-b,UN,"Cool Springs Direct Primary Care, 3252 Aspen Grove Dr #13",,,,Franklin,TN,37067,,
INTL_285ab389-0,UN,"SoCal Endocrine Associates, 101 E BEVERLY BLVD STE 406",,,,MONTEBELLO,CA,906404317,,
INTL_573aa670-0,UN,"SADPC Alamo Heights, 242 W Sunset",,,,San Antonio,TX,78209,,
INTL_db8579e5-3,UN,"Tara Seneviratne, MD, 1 Shrader Street",,,,San Francisco,CA,94117,,
INTL_56481d91-a,UN,"Institute for Headache and Brain Health, 1275 summer street",,,,Stamford,CT,06905,,
INTL_9bc1253e-2,UN,"Warren Vance Community Health Center, 120 Charles Rollins Rd Sui",,,,Henderson,NC,27536,,
INTL_4f5fa59c-3,UN,"Ivy Wellness Clinic, 1207 Washington St",,,,Vancouver,WA,98660,,
INTL_22ff9f3e-e,UN,"Pono Podiatry, 40 Kupuohi Street",,,,Lahaina,HI,96761-2714,,
INTL_4cf1f028-c,UN,"Outro Health USA Inc., 4695 MacArthur Court",,,,Newport Beach,CA,92660,,
INTL_72f8541a-a,UN,"Innovative Healthcare, 200 Grove Park Lane",,,,Dothan,AL,36305,,
INTL_19e5fa02-8,UN,"Brian B. Lo MD INC, 7545 Irvine Center Drive",,,,Irvine,CA,92618-2933,,
INTL_9c7d1829-8,UN,"Dr. John Boston, 7362 W Parks Hwy",,,,Wasilla,AK,99623,,
INTL_a517fe03-b,UN,"Integrative Medicine of Northern Virginia, 11870 SUNRISE VALLEY ",,,,RESTON,VA,201913303,,
INTL_bc75cd0a-a,UN,"Direct Primary Care of Burleson, 312 E. Renfro St",,,,BURLESON,TX,76028,,
INTL_5fc93bba-d,UN,"Seven Circles Natural Medicine, 5819 N Greeley Ave",,,,Portland,OR,97217,,
INTL_d15daad8-f,UN,"Bliss Health, 169 Madison Ave",,,,New York,NY,10016,,
INTL_0d9984f4-6,UN,"Prime Care VIP, 10055 Yamato Road",,,,Boca Raton,FL,33498,,
INTL_d6121fb4-b,UN,"Central Coast Lifestyle Neurology Medical Group, Inc, 1509 State",,,,Santa Barbara,CA,93101,,
INTL_24cdb7a3-b,UN,"The Mend Wellness, 121 Main St",,,,Northport,NY,11768,,
INTL_2893db77-f,UN,"Lee Kidney Center, 14181 S Tamiami Trail #120 A",,,,Fort Myers,FL,33912,,
INTL_eb66c317-f,UN,"Foothills Family Health & Wellness, 2920 W MAIN ST",,,,RAPID CITY,SD,57702,,
INTL_a7081fea-5,UN,"Neil Paulvin, DO, 5 west 37th st",,,,new york,NY,10018,,
INTL_cf4c9a05-7,UN,"Preventive Medicine and Cancer Care, PC (PMCC), 1211 S Parker Rd",,,,Denver,CO,80231,,
INTL_06b25c46-1,UN,"Apex Men's Health, 504 North Ridgeway Drive",,,,Cleburne,TX,76033-5155,,
INTL_926388f2-1,UN,"Proactive Health Clinics, 3268 Sunrise Ct",,,,Zionsville,IN,46077,,
INTL_fbc58260-a,UN,"Noah's Ark Pediatrics, 1610 Calumet Ave",,,,Valparaiso,IN,46383,,
INTL_fb4229c6-d,UN,"Ivelisse Rivera-Godreau, 1092 Elm St.",,,,Rocky Hill,CT,06067,,
INTL_75acb7ce-0,UN,"Dr. David Chang & Dr. Derek Jue Medical Practice, 1812 San Migue",,,,Walnut Creek,CA,94596,,
INTL_ca659f78-0,UN,"Edwin J.H. Yee, M.D, 405 N KUAKINI STREET",,,,Honolulu,HI,96817-6301,,
INTL_d3a774c7-8,UN,"Big Sky Natural Health, 87 Lone Peak Dr",,,,Big Sky,MT,59716,,
INTL_81be7b91-3,UN,"Thrive Rock Healthcare, 6040 Badura Ave",,,,Las Vegas,NV,89118,,
INTL_a78b1d79-e,UN,"MYMDPHONE.COM, 990 Greg Kruscheck Ave, MB 452",,,,NOME,AK,99762,,
INTL_d7863fdb-e,UN,"The Pagosa Medical Group, 27B Talisman Dr",,,,Pagosa Springs,CO,81147,,
INTL_40609e91-f,UN,"Khalsa Medical Clinic, 150 N Robertson Blvd",,,,Beverly Hills,CA,90211,,
INTL_5a52d52f-5,UN,"Kulveen Sachdeva, MD Inc., 5401 Norris Canyon Rd #110",,,,San Ramon,CA,94583,,
INTL_3d929504-f,UN,"Quick Gyno, 35 Mariposa Ave",,,,Los Gatos,CA,95030,,
INTL_ceb4bbf1-1,UN,"Magnolia Integrative Medicine, LLC, 3107 Sanders Road",,,,CHARLESTON,SC,29414,,
INTL_6c2cc82a-7,UN,"Shoreline Endocrinology, 7505 Waters Avenue",,,,Savannah,GA,31406,,
INTL_eadc62dc-5,UN,"James C.W. Moy, MD, 185 Canal Street",,,,NY,NY,10013,,
INTL_20c2fdfd-3,UN,"Family Convenience Clinic, 2933 CYPRESS ST",,,,WEST MONROE,LA,712915337,,
INTL_1f0491a9-5,UN,"Kevin Yeung, 1380 Lusitana Street",,,,Honolulu,HI,96813-2431,,
INTL_ea4a97f5-d,UN,"Denny A. Nakayama, M.D., 321 N Kuakini St",,,,Honolulu,HI,968172364,,
INTL_046a5a03-2,UN,"Zivi Health, 106 Mission Court",,,,Franklin,TN,37067,,
INTL_a0421232-3,UN,"The AFYA Effect Family Healthcare Services, PLLC, 11815 Fountain",,,,Newport News,VA,23606,,
INTL_6426b6dd-f,UN,"Vitality Wellness Clinic, 3195 W Ray Rd Suite 5",,,,Chandler,AZ,85226,,
INTL_654d529d-8,UN,"Jae Hyung Cho, MD Cardiology, 2727 W. Olympic Blvd",,,,Los Angeles,CA,90006,,
INTL_e8eb0951-a,UN,"Steinhatchee River Primary Care, LLC, 101 11th Street SE",,,,Steinhatchee,FL,32359,,
INTL_cad761aa-b,UN,"Well Life Family Medicine, 11 Medical Dr",,,,Amarillo,TX,79106,,
INTL_bd38eb32-1,UN,"Unique Health, 91 Branscomb Rd",,,,Green Cove Springs,FL,32043,,
INTL_88e3b140-0,UN,"Nenita Bala-Albano, M.D., LLC, 94-216 Farrington Hwy",,,,Waipahu,HI,96797,,
INTL_b88c5a5b-4,UN,"New Tampa Interventional Pain & Sports Medicine, 2321 Crestover ",,,,Wesley Chapel,FL,33544,,
INTL_2eb4bae8-0,UN,"SERES PRIME HEALTHCARE, 841 Blossom Hill Rd",,,,San Jose,CA,951232704,,
INTL_c2c11b94-1,UN,"Chau Chien, MD, 3115 Geary Boulevard",,,,San Francisco,CA,94118,,
INTL_553b96f1-5,UN,"Pinnacle Physicians Group - Woodhaven, 1336 Bristol Pike",,,,Bensalem,PA,190205660,,
INTL_35e5cfbe-7,UN,"Reza Vaghefi MD, 801 S Rancho Drive",,,,Las Vegas,NV,89106,,
INTL_223e65f0-0,UN,"Laverne Kia, MD, 91-2139 Fort Weaver Road",,,,Ewa Beach,HI,96706,,
INTL_aa0bb3b7-e,UN,"Bendavid Clinic PLLC, 305 St. Paul St.",,,,Burlington,VT,05401,,
INTL_f2315ab9-3,UN,"NuMed Primary Care, LLC (NuMed DPC), 7200 E Dry Creek Road",,,,Centennial,CO,80112,,
INTL_bd7a41d6-5,UN,"Schneider Organization, Inc, 2835 Elm Rd NE",,,,Warren,Oh,44483,,
INTL_8ff56bac-9,UN,"Scotland Family Medicine, 3730 Scotland Road",,,,Scotland,PA,172540398,,
INTL_46115e62-c,UN,"Northwest Women's Care, 14300 W Granite Valley Drive",,,,Sun City West,AZ,85375,,
INTL_4c394594-b,UN,"Family First Care Clinic, 108 Grove Street",,,,Eagle,WI,53119,,
INTL_2b72467c-8,UN,"Life is Beautiful, MD, 222 S FLAMINGO RD",,,,PEMBROKE PINES,FL,33027,,
INTL_310acd56-7,UN,"Paul Aijian, M.D., 5350 Hollister Ave",,,,Santa Barbara,CA,93111,,
INTL_7a019a62-a,UN,"Teleoke Wellness, 29250 Old Fredericksburg Rd",,,,Fair Oaks Ranch,TX,78015,,
INTL_48f08f94-0,UN,"George H. Seberg, MD, 850 West Hind Drive",,,,Honolulu,HI,96821,,
INTL_0121e25d-0,UN,"Full Circle Medicine, 687 Harbor Rd",,,,Shelburne,VT,05482,,
INTL_a4af8419-8,UN,"Crossover - Nearsite - Arizona, 5251 W Campbell Avenue",,,,Phoenix,AZ,85031,,
INTL_149c02e0-3,UN,"Flourishing Life Holistic Healthcare, LLC, 120 Center Pointe Dri",,,,Clarksville,TN,37040-1632,,
INTL_59185e49-b,UN,"WLNS, 3017 South Island Drive",,,,Seabrook,TX,77586,,
INTL_9529579f-2,UN,"Island Life Personalized Medicine, 3817 Gulf Shores Parkway Suit",,,,Gulf Shores,AL,36542,,
INTL_7b7ebd4c-f,UN,"Carlo Medina Medical Corporation, 4560 Admiralty Way #201",,,,Marina Del Rey,CA,90292,,
INTL_535d2beb-c,UN,"Ryu Hurvitz Orthopedic Clinic - Danielle Thomas, 2936 De La Vina",,,,Santa Barbara,CA,93105,,
INTL_135bf2a8-9,UN,"Steel City Direct Care, 12620 Perry Highway",,,,Wexford,PA,15090,,
INTL_9d06374a-c,UN,"Mandy Nichols Wellness, 1540 W Main Ave Door B",,,,De Pere,WI,54115,,
INTL_ef7fc0fd-f,UN,"Quality Family Medical Clinic, 1440 HWY 1 S",,,,Greenville,MS,38701,,
INTL_0537b004-0,UN,"Cityblock - Employee Health, 55 Washington Street",,,,Brooklyn,NY,11201,,
INTL_4f4885df-e,UN,"Circadian Health, 222 Lakeview Avenue",,,,West Palm Beach,FL,33401,,
INTL_d2221a31-4,UN,"Foothill Medical Clinic, Inc., 10011 N Foothill Blvd",,,,Cupertino,CA,95014-5649,,
INTL_24032f6c-8,UN,"Carri A Jones, MD | RegenCore, LLC, 2248 Park Blvd",,,,Palo Alto,CA,94306,,
INTL_b15059fd-7,UN,"D And A Family Care, 7919 Golf Rd",,,,Morton Grove,IL,60053,,
INTL_655c5982-b,UN,"Kenneth Chang, MD, 728 Pacific Ave",,,,San Francisco,CA,94133,,
INTL_d5a9e1ba-d,UN,"Midnight Sun Clinic and Medical Spa, 91-3633 Kauluakoko Street",,,,Ewa Beach,HI,96706,,
INTL_7e0faeff-c,UN,"Dr. Rachel Mayorga, MD PC, 421 March Ave",,,,Healdsburg,Ca,95448,,
INTL_1a2f4ad5-8,UN,"ALVARADO MEDICAL CLINIC, 115 E College Ave.",,,,Alvarado,TX,76009,,
INTL_c9df14ab-f,UN,"Arizona Medical Group, 2606 E Greenway Pkwy",,,,Phoenix,AZ,850323601,,
INTL_42d742e4-2,UN,"Gesundheit Carolina, LLC, 852 Lowcountry Blvd.",,,,Mt. Pleasant,SC,29464,,
INTL_24c2cf55-c,UN,"Chris I Lee, M.D. Inc, 18897 Colima Rd.",,,,Rowland Heights,CA,91748,,
INTL_054cc91d-2,UN,"Lighter For Life RX, 689 Unionville Rd",,,,Kennett Square,PA,19348,,
INTL_7d6d883e-9,UN,"One to One Health, 1110 Market St",,,,Chattanooga,TN,37402,,
INTL_92c47d71-0,UN,"Gretna Medical Center, 315 WestBank Expressway",,,,Gretna,LA,70053,,
INTL_cd3d4edc-7,UN,"Rejuvi Wellhealth LLC, 161 East ave, suite 101",,,,Norwalk,CT,06851,,
INTL_a8e67695-d,UN,"AAMG, 1828 El Camino Real",,,,Burlingame,CA,94010,,
INTL_db046b91-a,UN,"Affirm Endocrinology, 20 W Park St",,,,Lebanon,NH,03766,,
INTL_8bfbed20-6,UN,"Sentinal Health, PLLC, 6995 Linda Vista Blvd",,,,MISSOULA,MT,59803,,
INTL_0739ca5c-9,UN,"Ahra Cho MD INC, 2727 W Olympic Blvd",,,,Los Angeles,CA,90006,,
INTL_07a91448-e,UN,"McAlester DPC, 601 East Carl Albert PWY",,,,McAlester,OK,74501,,
INTL_c1c80e78-7,UN,"Redlands Perinatal Services, 802 W Colton Ave",,,,Redlands,CA,92373,,
INTL_2e40ea8f-b,UN,"Garry W. Magouirk, MDPC, 110 23rd St NW",,,,Fayette,AL,35555,,
INTL_abb42a9b-9,UN,"NIGHTINGALE DIRECT CARE, 120 N MCCONNELL ST",,,,CLARKSVILLE,AR,72830,,
INTL_408efb6c-a,UN,"Align Health & Aesthetics, 226 Spring Ln",,,,Royersford,PA,19468,,
INTL_3c431af8-a,UN,"Comprehensive Footcare Clinic, 615 Piikoi St",,,,Honolulu,HI,96814-3186,,
INTL_eed6eacb-f,UN,"Bridge Clinic of Colorado City, 446 Walnut",,,,Colorado City,TX,79512,,
INTL_a4160a62-6,UN,"A-Plus Family Medicine LLC, 3201 N Van Buren Street",,,,Enid,OK,73703,,
INTL_29a1330a-0,UN,"North Bethesda Primary Care, 11300 Rockville Pike",,,,North Bethesda,MD,20852,,
INTL_5116680c-d,UN,"Charlene Lichtash, M.D. A Medical Corporation, 292 S. La Cienega",,,,Beverly HIlls,CA,90211,,
INTL_c59359d1-0,UN,"Abundant Life Concierge, LLC, 736 Saint Andrews Rd",,,,Columbia,SC,29210,,
INTL_ba83d27d-4,UN,"Creekside Retreat MD, 6635 W Central Avenue",,,,Toledo,OH,43617,,
INTL_42ffdcdb-0,UN,"Elevate Health, 801 W. Main St",,,,Bozeman,MT,59715,,
INTL_b1812035-7,UN,"Amitabha Medical Clinic, 398 Tesconi Center",,,,Santa Rosa,CA,95401,,
INTL_e16e10f8-7,UN,"Curative, 900 Congress Ave",,,,Austin,TX,78701,,
INTL_dafdc8d2-3,UN,"Jan T Fujita, MD, Inc, 99-128 Aiea Heights Dr Ste 403",,,,Aiea,HI,967013934,,
INTL_5cb3a289-4,UN,"Vitaly Mozeson, D.C. | RegenCore, 2248 Park Blvd",,,,Palo Alto,CA,943061532,,
INTL_cc06ede8-7,UN,"Wellness Medical Clinic And Geriatric Center, 12741 MIRAMAR PKWY",,,,Miramar,FL,33027-2904,,
INTL_79e54a18-8,UN,"Mariposa Family Medicine, 5910 Cubero Dr NE",,,,Albuquerque,NM,87109,,
INTL_68d5f0d5-9,UN,"Joseph Kamaka III, MD, 99 South Market Street",,,,Wailuku,HI,96793,,
INTL_907db454-0,UN,"Sparrow Integrated Health, 9508 W FAIRVIEW AVE",,,,BOISE,ID,837048103,,
INTL_0a76651c-e,UN,"CCSM, 1301 20th St Ste 590",,,,Santa Monica,CA,904042054,,
INTL_21362b85-d,UN,"Facilicare, PO Box 2137",,,,Birmingham,MI,48012,,
INTL_30c21afd-f,UN,"Internal Medicine of Tampa Bay, 2835 W DeLeon St",,,,Tampa,FL,336094186,,
INTL_7caf2d23-0,UN,"Tong Medical, PLLC, 2 Mott St",,,,New York,NY,10013,,
INTL_a136ae0e-b,UN,"Tracy Health Center, 7 Campus Center Dr",,,,Meriden,NH,03770,,
INTL_ec7cfffe-5,UN,"TelescopeRx, 8509 30th Ave NW",,,,Seattle,WA,98117,,
INTL_3ad4c9ff-1,UN,"Direct Primary Care Mebane, 302 W. Graham Street",,,,Mebane,NC,27302,,
INTL_4dd3d557-4,UN,"Allergy and Immunology Clinic, 3675 Ruffin Rd",,,,San Diego,CA,92123,,
INTL_c0e1ee61-5,UN,"Craig Y Hamasaki, MD, 98-1247 Kaahumanu Street",,,,Aiea,HI,96701,,
INTL_8f256d78-4,UN,"Luz Medicine, PC, 29 Cloister Avenue",,,,Ephrata,PA,17522,,
INTL_170de2bb-2,UN,"SoCal Arthritis, Inc., 13768 Roswell Ave",,,,Chino,CA,91710,,
INTL_a72b4cbb-a,UN,"IDEAL NEUROLOGY CLINIC PLLC, 7000 W. Palmetto Park Rd",,,,Boca Raton,FL,33433,,
INTL_a664fee5-a,UN,"The Smart Age, 16216 BAXTER RD",,,,CHESTERFIELD,MO,63017,,
INTL_a4b4dfeb-1,UN,"Morayo Medical, LLC, 12200 Annapolis Rd",,,,Glenn Dale,MD,20769,,
INTL_8efcae21-9,UN,"Lesly Honore, MD, PC, 6 Clarendon Rd",,,,Hempstead,NY,11550,,
INTL_cfec48d0-c,UN,"SLO Health, 1495 Palm St.",,,,San Luis Obispo,CA,93401,,
INTL_7df3d6ee-1,UN,"AG Medical Wellness, 200 S Broadway",,,,Tarrytown,NY,10591,,
INTL_dd6679f7-d,UN,"Naples Independent Physicians, 1217 Piper Blvd",,,,NAPLES,FL,34110,,
INTL_25b2b9dc-1,UN,"Prosperity Health, Supervising Physician: Brian Crenshaw MD- T57",,,,109 W Main Street  Azle,TX,76020,,
INTL_80e9b7fb-9,UN,"Core Health Strategies, 3000 N 14th St",,,,Bismarck,ND,58503,,
INTL_030ec673-6,UN,"JS healthcare, Inc, 201 N lakemont Ave",,,,Winter Park,FL,32792,,
INTL_a3769769-3,UN,"Southwest Family Medicine, 102 E. 11th",,,,Liberal,KS,67901,,
INTL_e6fc6eef-d,UN,"Fowler Medical Group, 213 Paloma Dr.",,,,Temple,TX,76502,,
INTL_c195f674-9,UN,"Jeffrey M. Bloom, M.D., 1318 Johnson Ave.",,,,San Luis Obispo,CA,93401,,
INTL_7417859c-e,UN,"MBODY HEALTHCARE LLC, 1378 Papermill Pointe Way",,,,KNOXVILLE,TN,37909,,
INTL_e4b7462b-6,UN,"Ron Teramoto, MD, 99-128 Aiea Heights Drive",,,,Aiea,HI,96701-3916,,
INTL_4bab8d0f-3,UN,"Seger MD, 8038 Wurzbach Rd. Physicians plaza 1",,,,San Antonio,TX,78229,,
INTL_704444b6-f,UN,"Mahinaona Pediatrics LLC, 3465 Waialae Avenue",,,,Honolulu,HI,96816,,
INTL_ecfe4372-3,UN,"Sorbella Guillermo, MD, 94-300 Farrington Hwy",,,,Waipahu,HI,967972648,,
INTL_18298433-2,UN,"Optimal Family Health, Inc, 7984 Forest City Road",,,,Orlando,FL,32810,,
INTL_50a2ddbf-7,UN,"Mullock Health Care, 2332 S MAIN ST",,,,MARYVILLE,MO,644683622,,
INTL_8670a32e-9,UN,"Dr. Andre Haynes' Clinic, 229 RUGGED CREEK DR",,,,STOCKBRIDGE,GA,302814568,,
INTL_1396a39c-3,UN,"Cosmas Integrated Care Solution, 4405 7th Ave",,,,Lacey,WA,98503,,
INTL_3b452545-5,UN,"Tula Medical Weight Loss & Wellness, 21040 Highland Knolls Dr.",,,,Katy,TX,77450,,
INTL_918574e2-d,UN,"Jinichi Tokeshi, M.D., Inc., 405 N Kuakini Street",,,,Honolulu,HI,96817-6300,,
INTL_bda28149-5,UN,"Cara Cares, 210 Jupiter Lakes Blvd",,,,Jupiter,FL,33458,,
INTL_64a9d5c8-f,UN,"Sung Yup Jung NP Inc, 1441 Kapiolani Blvd",,,,Honolulu,HI,96814,,
INTL_d7b5fc68-0,UN,"Remedy Health Direct Primary Care, 5014 E 101st St",,,,Tulsa,OK,74137,,
INTL_5adeb2ae-d,UN,"Wanda Meurs MD LLC, 120 Pauahi Street",,,,Hilo,HI,96720-3048,,
INTL_a3abe011-4,UN,"Leo Treyzon, MD, 9454 Wilshire Blvd",,,,Beverly Hills,CA,90212,,
INTL_b6eb8d24-c,UN,"Man-Kit Leung, MD, 1199 Bush St",,,,San Francisco,CA,94109,,
INTL_35633d0a-b,UN,"Henderson Direct Primary Care, 3041 W. Horizon Ridge Pkwy",,,,Henderson,NV,89044,,
INTL_1b67a8c7-f,UN,"Form Health, 109 State Street",,,,Boston,MA,02109-2906,,
INTL_5dfa9ae5-2,UN,"Ross Family Medical, PLLC, 69 S Main Street",,,,Whitley City,KY,42653,,
INTL_9769930f-4,UN,"Elite Medical, 300 W41st Street",,,,Miami Beach,FL,33140,,
INTL_98b1ca29-f,UN,"Guided Healthcare, a Nursing corporation, 3000-F Danville Blvd.",,,,Alamo,CA,94507,,
INTL_50537689-e,UN,"Ark Health PA, 201 Oak Drive South Ste 104",,,,Lake Jackson,TX,77566,,
INTL_feec21f7-2,UN,"Rosalo Paeste MD Inc, 2256 N School St.",,,,Honolulu,HI,96819,,
INTL_e72d06a1-4,UN,"Legacy Family Health Care, 308 S Scott St",,,,Warsaw,IN,46580,,
INTL_d3a1436a-8,UN,"Sylvester Medical Center, 2347 W Lincoln Rd",,,,KOKOMO,IN,46902,,
INTL_2d50fbae-6,UN,"Prosper Health and Wellness, 7901 W 159th Street",,,,Tinely Park,IL,60477,,
INTL_b70696d3-e,UN,"JumpstartMD, 350 Lorton Avenue",,,,Burlingame,CA,94010,,
INTL_35e7f994-7,UN,"Living Medical Arts, 232 A Street",,,,Friday Harbor,WA,98250,,
INTL_847d960a-a,UA,550 Summit Avenue,Suite B1 Basement,,,JERSEY CITY,NJ,07306,,
INTL_bada0ebe-a,00,MarinHealth Outpatient Clinics,4000 Civic Center Dr Ste 205,,,San Rafael,CA,94903-5233,,
INTL_4fa88c7c-f,00,Angela Pollard MD,700 W Parr Ave Ste I,,,Los Gatos,CA,95032-1416,,
INTL_9c83710a-3,00,MarinHealth Outpatient Clinics,7100 Redwood BlvdSte 100,,,Novato,CA,94945-4110,,
INTL_d7c4561a-2,00,Almaden Pediatrics,"6489 Camden Ave, Ste 102",,,San Jose,CA,95120,,
INTL_8e616ab9-2,00,UCSF Benioff Children's Hospital Oakland - Castlemont Clinic,8711 Macarthur Blvd,,,Oakland,CA,94605-4000,,
INTL_882a3c85-f,00,MarinHealth Outpatient Clinics,1100 S Eliseo Dr Ste 3,,,Greenbrae,CA,94904-2017,,
INTL_c99b3aa0-5,00,MarinHealth Outpatient Clinics,1352 S Eliseo Dr Ste 100,,,Greenbrae,CA,94904-2011,,
INTL_1d5dddea-7,00,UCSF Balance and Falls Center,"2380 Sutter St, Fl 1",,,San Francisco,CA,94115-3006,,
INTL_366f37ea-f,00,By The Bay Health,"180 Redwood St, Ste 350",,,San Francisco,CA,94102,,
INTL_cf8cce44-2,00,By The Bay Health,17 E Sir Francis Drake Blvd,,,Larkspur,CA,94939,,
INTL_c833d5e0-a,00,MarinHealth Outpatient Clinics,1351 S Eliseo Dr Ste 300,,,Greenbrae,CA,94904-2009,,
INTL_bc753351-1,00,UCSF Benioff Children's Hospitals - Greenbrae Specialties Clinic,1300 S Eliseo Dr,,,Greenbrae,CA,94904,,
INTL_9e9f3ceb-a,00,UCSF Dental Center - Buchanan,100 Buchanan St,,,San Francisco,CA,94102-6417,,
INTL_9f276acb-1,00,UCSF Osher Center for Integrative Health,"1545 Divisadero St, Fl 1",,,San Francisco,CA,94115-3010,,
INTL_f1e03840-5,00,MarinHealth Outpatient Clinics,5000 Civic Center Drive,,,San Rafael,CA,94903-4184,,
INTL_21b168e7-9,00,UCSF ALS Satellite Clinic – Stockton,"2800 N. California St, Ste 15B",,,Stockton,CA,95204,,
INTL_ded56da6-e,00,Hope Hospice,"6801 Koll Center Parkway, Ste 140",,,Pleasanton,CA,94566-7047,,
INTL_dffa6928-7,00,UCSF Benioff Children's Physicians - Primary Pediatrics Medical ,"1332 Park St, Ste 200",,,Alameda,CA,94501,,
INTL_48c6a5d7-c,00,MarinHealth Outpatient Clinics,1100 S Eliseo Dr Ste 2A,,,Greenbrae,CA,94904-2017,,
INTL_c6fee9dc-7,00,UCSF Dermatology China Basin Waterfront,"185 Berry St, Ste 1000",,,San Francisco,CA,94107-1756,,
INTL_08a84696-e,00,UCSF Cancer Center Redwood City,"2900 Whipple Ave, Ste 130",,,Redwood City,CA,94062-2851,,
INTL_1932293c-c,00,UCSF Occupational and Environmental Medicine Clinic,"2230 Post St, Ste 460",,,San Francisco,CA,94115-3465,,
INTL_68c5a2c7-7,00,UCSF Benioff Children's Hospital Oakland - Chappell Hayes McClym,2607 Myrtle St,,,Oakland,CA,94607-3415,,
INTL_dfbfd67d-c,00,UCSF Headache Center,"2330 Post St, Fl 6",,,San Francisco,CA,94115,,
INTL_2325bcc6-2,00,UCSF Rehabilitation and Physical Therapy,"1500 Owens St, Ste 400",,,San Francisco,CA,94158,,
INTL_08570c05-c,00,MarinHealth Outpatient Clinics,3250 Beard Rd,,,Napa,CA,94558-3406,,
INTL_0248348d-4,00,"UCSF Health Orthopedic Surgery, St. Mary’s","1 Shrader St., Suite 650",,,San Francisco,CA,94117,,
INTL_372fc91a-6,00,UCSF Pediatric Neurosurgery Sacramento,"1111 Exposition Blvd, Ste 102",,,Sacramento,CA,95815-4314,,
INTL_67b361a0-a,00,UCSF Laurel Heights Campus,3333 California St,,,San Francisco,CA,94118,,
INTL_6fc65e2d-9,00,UCSF Benioff Children's Hospitals - Walnut Creek Outpatient Cent,2401 Shadelands Dr,,,Walnut Creek,CA,94598,,
INTL_02e37664-7,00,San Francisco Otolaryngology Medical Group - Pacific Heights,"2100 Webster St, Ste 202",,,San Francisco,CA,94115,,
INTL_a51b5150-e,00,MarinHealth Outpatient Clinics,"4000 Civic Center Dr, Ste 209",,,San Rafael,CA,94903-5233,,
INTL_da8b8bff-5,00,UCSF Benioff Children's Hospital - Oakland Psychological Service,770 53rd St,,,Oakland,CA,94609,,
INTL_cef63240-a,00,UCSF Occupational Health Fresno,"155 Fresno St, Ste 237",,,Fresno,CA,93701-2302,,
INTL_96fb766a-b,00,UCSF Neurosurgery at Washington Health,2000 Mowry Ave,,,Fremont,CA,94538-1716,,
INTL_313cbb50-e,00,UCSF Vision Center,8 Koret Way Ste U545,,,San Francisco,CA,94143,,
INTL_7882f0a0-a,00,UCSF Facial Plastic and Reconstructive Surgery,"2320 Sutter St, Ste 102",,,San Francisco,CA,94115,,
INTL_85f936b6-5,00,UCSF Benioff Children's Hospitals - Pediatric Primary Care Mount,"2330 Post St, Ste 320",,,San Francisco,CA,94115-3465,,
INTL_3d301862-8,00,San Francisco Otolaryngology Medical Group - Castro,"45 Castro St, Ste 325",,,San Francisco,CA,94114,,
INTL_7315e733-f,00,UCSF Benioff Children's Physicians - Bancroft Pediatrics,"1555 Doolittle Dr, Ste 180",,,San Leandro,CA,94577,,
INTL_3bad4606-6,00,Latitude Food Allergy Care,"2610 Crow Canyon Road, Ste 200",,,San Ramon,CA,94583,,
INTL_028c24a7-0,00,UCSF Benioff Children's Hospital - Oakland Outpatient Clinic,2500 Fairmont Dr Ste C3013,,,San Leandro,CA,94939-1870,,
INTL_2cc80af1-b,00,"Tri-Valley Pediatrics, Incorporated","12677 Alcosta Blvd, ste 475",,,San Ramon,CA,94583,,
INTL_f863f095-1,00,MarinHealth Outpatient Clinics,7100 Redwood Blvd Ste 200,,,Novato,CA,94945-4110,,
INTL_060a40d0-e,00,MarinHealth Outpatient Clinics,7120 Redwood Blvd,,,Novato,CA,94945-4114,,
INTL_7d77ae20-1,00,"Ling P Chen, MD FACOG","360 Dardanelli Lane, Suite 2D",,,Los Gatos,CA,95032,,
INTL_3c8b142d-5,00,UCSF Cardiovascular and Prevention,302 Silver Ave,,,San Francisco,CA,94112-1510,,
INTL_7c16d4f7-0,00,MarinHealth Outpatient Clinics,23 Reed Blvd Ste 120,,,Mill Valley,CA,94941-2301,,
INTL_8aa886a1-7,00,UCSF OBGYN and Reproductive Health,"333 Gellert Blvd, Ste 120",,,Daly City,CA,94015,,
INTL_a698691b-f,00,MarinHealth Outpatient Clinics,1341 S Eliseo Dr Ste 200,,,Greenbrae,CA,94904-2000,,
INTL_04cdd5b6-7,00,UCSF Comprehensive Cancer Center - Mount Zion,1600 Divisadero Street,,,San Francisco,CA,94115,,
INTL_76f2756f-c,00,UCSF Oral Medicine Clinical Center,521 Parnassus Ave,,,San Francisco,CA,94143,,
INTL_902547ae-a,00,Pacific Pediatrics,"45 Castro St, Ste 232",,,San Francisco,CA,94114,,
INTL_15e35747-8,00,MarinHealth Outpatient Clinics,180 Rowland Way,,,Novato,CA,94945-5009,,
INTL_5a5143a0-3,00,UC Berkeley Optometry,200 MINOR ADDITION,,,Berkeley,CA,94720-2020,,
INTL_ebfedc26-e,00,UCSF Women's Health Center,"2356 Sutter St, Fl 6",,,San Francisco,CA,94115,,
INTL_665f5da0-b,00,UCSF Ophthalmology - Santa Rosa,"3035 Cleveland Ave, Ste 100",,,Santa Rosa,CA,95403-3037,,
INTL_fa94b2a8-b,00,Lloyd H. Takao MD,"15 Altarinda Road, Ste 100",,,Orinda,CA,94563,,
INTL_09e33804-5,00,UCSF Benioff Children's Hospital Oakland - Center for the Vunera,380 Martin Luther King Jr Way,,,Oakland,CA,94607,,
INTL_dcd4466c-f,00,UCSF Memory and Aging Center,"675 Nelson Rising Ln, ste 190",,,San Francisco,CA,94143-0003,,
INTL_59a2f1b3-9,00,UCSF GoHealth Urgent Care - Market,2288 Market Street,,,San Francisco,CA,94114,,
INTL_2592d470-9,00,UCSF Family Medicine Santa Cruz,"1665 Dominican Way, Ste 224",,,Santa Cruz,CA,95065,,
INTL_bcb6295a-1,00,UCSF Cardiology - Daniel Burnham Ct.,"1 Daniel Burnham Ct, Ste 260",,,San Francisco,CA,94109-5455,,
INTL_c69b8e95-b,00,Presidio Dermatology,"2211 Post St, Ste 404",,,San Francisco,CA,94115,,
INTL_5da16d07-4,00,UCSF Neurosurgery,"3421 Villa Ln, Ste 2C",,,Napa,CA,94558-3060,,
INTL_dc81c561-f,00,UCSF Radiology Montgomery,"1725 Montgomery St, Ste 250",,,San Francisco,CA,94111,,
INTL_f1bdc280-b,00,San Francisco Otolaryngology Medical Group - Marin,"899 Northgate Dr, Ste 304",,,San Rafael,CA,94903,,
INTL_8a99149d-b,00,Neela Parekh M.D.,"15000 Los Gatos Blvd, Ste 3",,,Los Gatos,CA,95032,,
INTL_305a245e-e,00,MarinHealth Outpatient Clinics,"2 Bon Air Road, Ste 120A",,,Larkspur,CA,94939-1142,,
INTL_03c5a847-f,00,Latitude Food Allergy Care,"14981 National Ave, Ste 300",,,Los Gatos,CA,95032,,
INTL_a73e1dc2-4,00,MarinHealth Outpatient Clinics,7100 Redwood BlvdSte 200,,,Novato,CA,94945-4110,,
INTL_76b3f193-1,00,Adrouny Women's Health,"14880 Los Gatos Blvd., 2nd Floor",,,Los Gatos,CA,95032,,
INTL_9dc873f1-7,00,UC Berkeley Optometry - Bancroft,2222 Bancroft Way 3rd Fl,,,Berkeley,CA,94720,,
INTL_407e8452-6,00,"UCSF Health Sports Medicine, Ballpark",24 Willie Mays Plaza,,,San Francisco,CA,94107,,
INTL_824ffef9-4,00,California Pacific Orthopaedics,"1099 D St, Ste 105",,,San Rafael,CA,94901,,
INTL_61af34d3-a,00,Latitude Food Allergy Care,"4000 Civic Center Dr, Ste 300",,,San Rafael,CA,94903,,
INTL_af1c8280-a,00,MarinHealth Outpatient Clinics,1240 S Eliseo Dr Ste 101,,,Greenbrae,CA,94904-2026,,
INTL_eba929bc-9,00,Terra Linda Pediatrics,"4000 Civic Center Drive, Suite 201",,,San Rafael,CA,94903,,
INTL_59efeb3f-4,00,South East Bay Pediatrics Medical Group,"2191 Mowry Ave, Ste 600C",,,Fremont,CA,94538,,
INTL_895a8ca5-8,00,UCSF Gender Affirming Health Program,"1725 Montgomery, Fl 2",,,San Francisco,CA,94111-1019,,
INTL_fdd1be4c-d,00,UCSF Cardiology - Chinatown,845 Jackson St,,,San Francisco,CA,94133-4851,,
INTL_ab2e8ecd-3,00,MarinHealth Outpatient Clinics,1240 S Eliseo Dr Ste 103,,,Greenbrae,CA,94904-2026,,
INTL_13605af0-0,00,SF Bay Pediatrics,"591 Redwood Hwy, Ste 5215",,,Mill Valley,CA,94941,,
INTL_d0adc4ce-6,00,SF Bay Pediatrics,"525 Spruce St, Ste 3",,,San Francisco,CA,94118,,
INTL_ce68165b-2,00,Allergy and Asthma Associates of Northern California,"200 Jose Figueres Ave, Ste 470",,,San Jose,CA,95116,,
INTL_8e46b8a1-e,00,UCSF GoHealth Urgent Care - Columbus,170 Columbus Ave Ste. 110,,,San Francisco,CA,94133,,
INTL_077e894d-c,00,UCSF Benioff Children's Physicians - Primary Pediatrics Medical ,"20126 Stanton Ave, Ste 200",,,Castro Valley,CA,94546,,
INTL_53d85307-2,00,UC Berkeley Optometry - Minor,200 Minor Addition,,,Berkeley,CA,94720,,
INTL_87aa1296-7,00,Hospice By The Bay,17 E Sir Francis Drake Blvd,,,Larkspur,CA,94939,,
INTL_5ec28870-3,00,Silicon Valley Maternal-Fetal Medicine,14880 Los Gatos Blvd,,,Los Gatos,CA,95032,,
INTL_7cf69a0d-0,00,UCSF GoHealth Urgent Care - Valencia,1085 Valencia Street,,,San Francisco,CA,94110,,
INTL_1ddd38dd-a,00,"UCSF Health Primary and Specialty Care, St. Mary’s","2250 Hayes, Suite 302",,,San Francisco,CA,94117,,
INTL_fccc6ee3-0,00,UCSF Benioff Children's Hospital - Oakland,747 52nd St,,,Oakland,CA,94609,,
INTL_240d0a9d-9,00,UCSF Benioff Children's Hospitals - Monterey Clinic,2 Upper Ragsdale Drive Ste B100,,,Monterey,CA,93940,,
INTL_6b7e41d4-4,00,UCSF Benioff Children's Hospitals - Pediatric Early Intervention,312 Clay Street,,,Oakland,CA,94607-3508,,
INTL_047979de-e,00,UCSF Pediatric Gastroenterology Clinic,14880 Los Gatos Blvd,,,Los Gatos,CA,95032-2011,,
INTL_bd2f14e8-c,00,Chris Threatt MD,"801 Brewster Ave, Ste 240",,,Redwood City,CA,94063,,
INTL_5677f7be-e,00,UCSF Weill Institute for Neurosciences Building,1651 4th St,,,San Francisco,CA,94158-2324,,
INTL_75ab3541-c,00,San Francisco Audiology,"365 Lennon Ln, Ste 130",,,Walnut Creek,CA,94598,,
INTL_d36b36fa-7,00,UCSF San Mateo Primary and Specialty Care Clinic,1100 Park Pl. Ste 100,,,San Mateo,CA,94403-7119,,
INTL_334de3c8-b,00,Peninsula Gastroenterology Medical Group,"2900 Whipple Ave, Ste 245",,,Redwood City,CA,94062,,
INTL_94168085-6,00,Adrouny Womens Health,14880 Los Gatos Blvd 2nd Floor,,,Los Gatos,CA,95032-2011,,
INTL_87a632e0-5,00,Allergy and Asthma Associates of Northern California,"393 Blossom Hill Rd, Ste 315",,,San Jose,CA,95123,,
INTL_1072139e-8,00,UCSF Health Peninsula Outpatient Center,225 California Dr,,,Burlingame,CA,94010-4145,,
INTL_a4f6ab44-5,00,UCSF Pain Management Center,2255 Post St,,,San Francisco,CA,94115,,
INTL_75fa2388-5,00,UCSF GoHealth Urgent Care - Market,1600 Market Street,,,San Francisco,CA,94102,,
INTL_98d3afbe-d,00,UCSF - John Muir Jean and Ken Hofmann Cancer Center,177 La Casa Via,,,Walnut Creek,CA,94598,,
INTL_a5de0bd0-f,00,UCSF Benioff Children's Physicians - Women's Group for Health,"2920 Telegraph Ave, Ste 200",,,Berkeley,CA,94705,,
INTL_d387b8c4-5,00,UCSF Shelter Clinic,525 5th St,,,San Francisco,CA,94107-1012,,
INTL_d5d54e76-5,00,UCSF Specialty Clinic Greenbrea,"1100 S Eliseo Dr, Ste 200",,,Greenbrae,CA,94904-2017,,
INTL_5b1a3f7b-8,00,Medical Arts OBGYN,136 North San Mateo Dr. Ste101,,,San Mateo,CA,94401,,
INTL_3b1ca5bc-e,00,Pediatric Wellness Group,"801 Brewster Ave, Ste 175",,,Redwood City,CA,94063,,
INTL_4be8f926-6,00,MarinHealth Outpatient Clinics,335 South McDowell Blvd,,,Petaluma,CA,94954-3507,,
INTL_afbdff0e-a,00,MarinHealth Outpatient Clinics,651 1st St West Ste H,,,Sonoma,CA,95476-7046,,
INTL_838db5dc-4,00,LG Pediatrics,"15000 Los Gatos Blvd, Ste 4",,,Los Gatos,CA,95032,,
INTL_fbb0be43-8,00,UCSF Berkeley Outpatient and Surgery Center,3100 San Pablo Ave,,,Berkeley,CA,94702,,
INTL_925179b2-6,00,UCSF Pediatric Dentistry - Tenderloin,627 Turk St,,,San Francisco,CA,94102-0000,,
INTL_dda3b243-e,00,UCSF Benioff Children's Hospitals - Pediatric Cardiology Clinic,2700 Dolbeer St,,,Eureka,CA,95501-4736,,
INTL_25064044-4,00,UCSF Orthopaedic Surgery - San Jose,225 N Jackson Ave,,,San Jose,CA,95116-1603,,
INTL_13e3ae74-1,00,MarinHealth Outpatient Clinics,75 Roland Way,,,Novato,CA,94945,,
INTL_67d31959-8,00,By The Bay Health,"355 West Napa Street, Ste B",,,Sonoma,CA,95476,,
INTL_70f3eabf-d,00,UCSF Lung Transplant - Sacramento,"1508 Alahambra Blvd, Ste 200",,,Sacramento,CA,95816-6510,,
INTL_9f4abaa3-8,00,UCSF Bayfront Medical Building,520 Illinois St,,,San Francisco,CA,94158,,
INTL_939b715e-f,00,Almaden Pediatrics,"16130 Juan Hernandez Dr., Ste 102",,,Morgan Hill,CA,95037,,
INTL_00c7d371-d,00,OBGYN of Silicon Valley,"2490 Hospital Dr, Ste 300",,,Mountain View,CA,94040,,
INTL_d42b987e-7,00,MarinHealth Outpatient Clinics,100a Drakes Landing Rd Ste 225,,,Greenbrae,CA,94904-2438,,
INTL_7534dbd4-3,00,UCSF Primary Care China Basin,"185 Berry St, Ste 130",,,San Francisco,CA,94107,,
INTL_26e7d1c0-e,00,UCSF Benioff Children's Physicians - Primary Pediatrics Medical ,"3300 Webster St, Ste 1202",,,Oakland,CA,94609,,
INTL_b65a8f87-6,00,UCSF Primary Care China Basin Waterfront,"185 Berry St, Ste 1000",,,San Francisco,CA,94107,,
INTL_8a5e0b49-b,00,Dr. Xie Inc.,1750 El Camino Real Suite 305,,,Burlingame,CA,94010,,
INTL_e1dca109-3,00,San Francisco Audiology,"899 Northgate Dr, Ste 110",,,San Rafael,CA,94903,,
INTL_4bb89453-f,00,UCSF Advanced Heart Failure - WHHS,"39141 Civic Center Dr, Ste 335",,,Fremont,CA,94538,,
INTL_892d80b7-a,00,San Francisco Audiology,6600 Lone Tree Way,,,Brentwood,CA,94513,,
INTL_f7ef9618-6,00,UCSF Orthopedic Institute,"490 Post St, Ste 900",,,San Francisco,CA,94102,,
INTL_e7758c32-e,00,UCSF Radiology at China Basin,"185 Berry St, Ste 190",,,San Francisco,CA,94107,,
INTL_653e1466-2,00,UCSF Kidney Transplant at Walnut Creek,1450 Treat Blvd Ste 200,,,Walnut Creek,CA,94597-2168,,
INTL_f2bb04c7-b,00,MarinHealth Outpatient Clinics,100a Drakes Landing Rd Ste 140,,,Greenbrae,CA,94904-2438,,
INTL_b41ab801-3,00,Pacific Pediatrics,"2100 Webster St, Ste 427",,,San Francisco,CA,94115,,
INTL_a1d39de7-5,00,Allergy and Asthma Associates of Northern California,"2287 Mowry Avenue, Ste E",,,Fremont,CA,94538,,
INTL_f4131101-4,00,UCSF ALS Satellite Clinic - Santa Rosa,100 Brookwood Ave,,,Santa Rosa,CA,95404-5202,,
INTL_314bd913-6,00,UCSF Center For Geriatric Care,"3575 Geary Blvd, Fl 1",,,San Francisco,CA,94118,,
INTL_5c8507b3-a,00,UCSF Benioff Children's Hospitals - Claremont Clinic East,5275 Claremont Ave,,,Oakland,CA,94618,,
INTL_77fb27f7-8,00,MarinHealth Outpatient Clinics,4000 Civic Center Dr Ste 110,,,San Rafael,CA,94903-5232,,
INTL_1c0df976-a,00,UCSF Benioff Children's Hospitals - Stockton Clinic,2800 N. California Street,,,Stockton,CA,95204,,
INTL_2d2aad0f-5,00,MarinHealth Outpatient Clinics,4000 Civic Center DrSte 209,,,San Rafael,CA,94903-5233,,
INTL_f75a7586-4,00,MarinHealth Outpatient Clinics,651 1st St West Ste K,,,Sonoma,CA,95476-7046,,
INTL_833b240e-7,00,San Francisco Allergy Asthma and Immunology,"899 Northgate Dr, Ste 110",,,San Rafael,CA,94903,,
INTL_2fc34ef0-9,00,UCSF Otolaryngology Head and Neck Surgery Clinic,2380 Sutter St,,,San Francisco,CA,94115-3006,,
INTL_a972afa1-9,00,UCSF General Internal Medicine,1701 Divisadero St,,,San Francisco,CA,94115-3011,,
INTL_9d7dcdcc-6,00,UCSF Kidney Surgery Pre-Transplant Clinic -Fresno,7415 N Cedar Ave,,,Fresno,CA,93720-3834,,
INTL_1b6c4de4-4,00,San Francisco Allergy Asthma and Immunology,"45 Castro St, Ste 325",,,San Francisco,CA,94114,,
INTL_6a3426ca-3,00,San Francisco Audiology,"2100 Webster St, Ste 202",,,San Francisco,CA,94115,,
INTL_431563f0-8,00,UCSF Precision Spine and Peripheral Nerve Center,"185 Berry St, Lobby 6",,,San Francisco,CA,94107,,
INTL_b969314d-2,00,Peninsula Gastroenterology Medical Group,"2495 Hospital Drive, Ste 600",,,Mountain View,CA,94040,,
INTL_851d8db1-b,00,UCSF Medical Center Parnassus,505 Parnassus Ave.,,,San Francisco,CA,94143,,
INTL_960eacd1-5,00,UCSF Benioff Children's Physicians - Pediatric After Hours Clini,"3838 California Street, Ste 111",,,San Francisco,CA,94158,,
INTL_dedd3026-1,00,MarinHealth Outpatient Clinics,900 South Eliseo Dr Ste 201,,,Greenbrae,CA,94904-2018,,
INTL_1875ba06-4,00,UCSF Cardiology - Vallejo St.,789 Vallejo St,,,San Francisco,CA,94133,,
INTL_1a3f2220-2,00,California Pacific Orthopaedics,"3838 California St, Ste 715",,,San Francisco,CA,94118,,
INTL_98e5a469-9,00,MarinHealth Outpatient Clinics,1353 S Eliseo Dr Ste 250,,,Greenbrae,CA,94904-2011,,
INTL_a419803c-6,00,UCSF Kidney Surgery Pre-Transplant Clinic - Hawaii,"3288 Moanalua Rd, Fl 2",,,Honolulu,HI,96819-1469,,
INTL_6cde244f-1,00,UCSF Proctor PROSE Clinic,95 Kirkham St,,,San Francisco,CA,94122-3814,,
INTL_b26a53dc-7,00,San Francisco Audiology,"100 S Ellsworth Ave, Ste 303",,,San Mateo,CA,94401,,
INTL_f9cd7206-c,00,UCSF Orthopaedic Institute,"1500 Owens St, Fl 2",,,San Francisco,CA,94158,,
INTL_502c1aff-7,00,UCSF Rehabilitation and Physical Therapy,"2655 Bush St, Ste C-1",,,San Francisco,CA,94115,,
INTL_51bf3ab8-e,00,UCSF ALS Satellite Clinic – Santa Barbara,2409 De La Vina St,,,Santa Barbara,CA,93105-3819,,
INTL_8526ba70-8,00,MarinHealth Outpatient Clinics,651 1st St West Ste L,,,Sonoma,CA,95476-7046,,
INTL_5ac98e40-6,00,UCSF Benioff Children's Hospitals - Claremont Clinic,5220 Claremont Ave,,,Oakland,CA,94618,,
INTL_8b76a505-e,00,UCSF Pediatric Neurosurgery,2425 Samaritan Dr,,,San Jose,CA,95124-3908,,
INTL_aaa8511c-c,00,UCSF GoHealth Urgent Care - Redwood,"750 Redwood Highway, Frontage Road Ste 1204",,,Mill Valley,CA,94941,,
INTL_dc4e0a75-f,00,UCSF Benioff Children's Hospitals - San Ramon Clinic,2303 Camino Ramon,,,San Ramon,CA,94583,,
INTL_42961cf8-a,00,UCSF Comprehensive Ophthalmology and Optometry Clinic,490 Illinois St,,,San Francisco,CA,94158,,
INTL_2cfb59fb-1,00,UCSF Pulmonary and Sleep Disorders Center,"2330 Post St, Ste 420",,,San Francisco,CA,94115,,
INTL_21fb2686-d,00,UCSF Pritzker Psychiatry Building,675 18th St,,,San Francisco,CA,94107,,
INTL_44c5faa6-a,00,West Valley Women's Health,"777 Knowles Drive, Ste 7",,,Los Gatos,CA,95032-1400,,
INTL_285641a9-7,00,San Francisco Audiology,752 Broadway,,,Sonoma,CA,95476,,
INTL_24cd0259-b,00,UCSF Cancer Center Burlingame,225 California Dr,,,Burlingame,CA,94010-4145,,
INTL_7d61a1d4-2,00,Latitude Food Allergy Care,"2001 Van Ness Ave, Ste 407",,,San Francisco,CA,94109,,
INTL_265a00d3-d,00,San Francisco Audiology,"45 Castro St, Ste 325",,,San Francisco,CA,94114,,
INTL_6fe79216-4,00,UCSF Family Medicine Center at Lakeshore,"1569 Sloat Blvd, Ste 333",,,San Francisco,CA,94132,,
INTL_5533acc5-8,00,UCSF School of Dentistry,707 Parnassus Avenue,,,San Francisco,CA,94143,,
INTL_cea13dca-5,00,MarinHealth Outpatient Clinics,2 Bon Air Rd Ste 150,,,Larkspur,CA,94939-1142,,
INTL_ea98da80-2,00,MarinHealth Outpatient Clinics,"4000 Civic Center Dr, Ste 206",,,San Rafael,CA,94903-5233,,
INTL_3025f377-1,00,UCSF Psychology - UC Berkeley,2121 Berkeley Way,,,Berkeley,CA,94720-1650,,
INTL_4157945e-7,00,UCSF Psoriasis and Skin Treatment Center,515 Spruce St,,,San Francisco,CA,94118,,
INTL_b619ba3f-9,00,UCSF Lung Transplant - Roseville,"5 Medical Plaza Dr, Ste 190",,,Roseville,CA,95661-2867,,
INTL_f0441d90-1,00,"UCSF Health Primary and Specialty Care, Saint Francis","1199 Bush Street, Suite 400",,,San Francisco,CA,94109,,
INTL_931750de-a,00,UCSF Helen Diller Medical Center at Parnassus Heights,400 Parnassus Ave,,,San Francisco,CA,94143,,
INTL_a1af19d1-3,00,UCSF Movement Disorder And Neuromodulation Center,"1635 Divisadero St, Ste 520",,,San Francisco,CA,94115,,
INTL_86a9838e-d,00,Freyja Medical Clinic,"570 Price Ave, Ste 100",,,Redwood City,CA,94063,,
INTL_a55ba981-b,00,MarinHealth Outpatient Clinics,1350 S Eliseo Dr Ste 130,,,Greenbrae,CA,94904-1702,,
INTL_1e0644cf-c,00,UCSF ALS Satellite Clinic – Fresno,"2335 E. Kashian Ln, Ste 301",,,Fresno,CA,93701,,
INTL_15a3a19c-3,00,Allergy and Asthma Associates of Northern California,4050 Moorpark Ave.,,,San Jose,CA,95117,,
INTL_bbf7f876-0,00,San Mateo Primary Care,"101 S. San Mateo Dr, Sute 102",,,San Mateo,CA,94401,,
INTL_2975c8ee-6,00,UCSF Cardiovascular Care and Prevention Center at Mission Bay,535 Mission Bay Blvd S,,,San Francisco,CA,94158,,
INTL_2e7c0023-8,00,UCSF Benioff Children's Hospital Oakland - Bone Density Clinic,5700 Martin Luther King Jr Way,,,Oakland,CA,94939-1872,,
INTL_f3ca85bb-e,00,MarinHealth Outpatient Clinics,5 Bon Air Rd Ste 129,,,Larkspur,CA,94939-1139,,
INTL_5cbdc0c3-0,00,UCSF Benioff Children's Hospital - Oakland Outpatient Center,744 52nd St,,,Oakland,CA,94609,,
INTL_0581bd57-8,00,Los Gatos Pediatrics,"320 Dardanelli Ln, Ste 16",,,Los Gatos,CA,95032,,
INTL_d52b5821-1,00,UCSF Helen Diller Family Comprehensive Cancer Center,1450 3rd St,,,San Francisco,CA,94158,,
INTL_749dfab5-3,00,UCSF Psoriasis and Skin Treatment Center,517 Spruce St,,,San Francisco,CA,94118,,
INTL_f0078f8a-d,00,MarinHealth Medical Center - Hospital,250 Bon Air Road,,,Greenbrae,CA,94904-1702,,
INTL_385f675d-8,00,MarinHealth Outpatient Clinics,3 Harbor Dr Ste 111,,,Sausalito,CA,94965-1454,,
INTL_56cb76a9-c,00,West Valley Womens Health,777 Knowles Dr Ste 7,,,Los Gatos,CA,95032-1417,,
INTL_6860163c-a,00,UCSF GoHealth Urgent Care - Diamond,2895 Diamond Street,,,San Francisco,CA,94131,,
INTL_2deb25a4-5,00,UCSF Primary Care at Laurel Village,"3490 California St, Ste 200",,,San Francisco,CA,94118-1891,,
INTL_969664de-d,00,UCSF Neurosurgery,"1100 Trancas St, Ste 200",,,Napa,CA,94558,,
INTL_ab8a331b-5,00,UCSF GoHealth Urgent Care - Cole,930 Cole Street,,,San Francisco,CA,94117,,
INTL_e8ebce02-3,00,UCSF Birth Center,"1855 4th St, Fl 3",,,San Francisco,CA,94158-2515,,
INTL_bb1d2047-c,00,UCSF School of Dentistry - Citywide,1263 Mission St,,,San Francisco,CA,94103-2705,,
INTL_39e13000-2,00,UCSF Benioff Children's Physicians - Women's Group for Health,"500 Alfred Nobel Dr, Ste 200",,,Hercules,CA,94547,,
INTL_5d2ba7e7-b,00,MarinHealth Outpatient Clinics,1260 S Eliseo Dr Ste 100,,,Greenbrae,CA,94904-2009,,
INTL_506a7be2-7,00,UCSF Cardiology at Sequoia Living,1400 Geary St,,,San Francisco,CA,94109-6561,,
INTL_c99a3aee-8,00,UCSF Radiology Mission Bay,1700 4th St,,,San Francisco,CA,94158-2330,,
INTL_7f6b765f-c,00,UCSF Medical Center Parnassus,533 Parnassus Ave,,,San Francisco,CA,94143,,
INTL_39a5278f-5,00,UCSF Benioff Children's Physicians - Hilltop Pediatrics,"2970 Hilltop Mall Rd, Ste 305",,,Richmond,CA,94806,,
INTL_8cfef87e-f,00,UCSF Oral and Maxillofacial Surgery,"513 Parnassus Ave, S-738",,,San Francisco,CA,94143-2205,,
INTL_dcd64630-1,00,UCSF GoHealth Urgent Care - Piedmont,3900 Piedmont Ave,,,Oakland,CA,94611,,
INTL_221a1fbc-7,00,UCSF GoHealth Urgent Care - W. Portal,199 West Portal Avenue,,,San Francisco,CA,94127,,
INTL_b0d49b40-0,00,UCSF Benioff Children's Hospitals - Fremont Clinic,1900 Mowry Ave,,,Fremont,CA,94538,,
INTL_9845c592-1,00,UCSF Clinical Services at Lakeshore,"1569 Sloat Blvd, Ste 333A",,,San Francisco,CA,94132,,
INTL_d5cf5281-e,00,UCSF Kidney Transplant at Fresno,"1313 E Herndon Ave, Ste 106",,,Fresno,CA,93720-3396,,
INTL_645c2099-5,00,UCSF Langley Porter Psychiatric Hospital And Clinics,"1600 Divisidero St, Fl 7",,,San Francisco,CA,94115,,
INTL_253dfd75-a,00,RAMBLC Pediatric Health Medical Group,14880 Los Gatos Blvd,,,Los Gatos,CA,95032,,
INTL_e704b99d-3,00,UCSF School of Dentistry - Tenaya,19177 CA State Highway 120,,,Groveland,CA,95321-0000,,
INTL_a150eb2a-b,00,MarinHealth Outpatient Clinics,5 Bon Air Rd Ste 101,,,Larkspur,CA,94939-1134,,
INTL_eb601dd3-f,00,UCSF Benioff Children's Physicians - Pinwheel Pediatrics,2165 East St,,,Concord,CA,94520,,
INTL_495110da-c,00,MarinHealth Outpatient Clinics,2 Bon Air Rd Ste 120,,,Larkspur,CA,94939-1142,,
INTL_a022b529-4,00,UCSF Betty Irene Moore Women's Hospital,1855 4th St,,,San Francisco,CA,94158,,
INTL_18397380-b,00,UCSF Benioff Children's Hospitals - Modesto Clinic,1444 Florida Ave.,,,Modesto,CA,95350,,
INTL_42105101-6,00,Ling Chen MD,360 Dardenlli Ln Ste 2,,,Los Gatos,CA,95032-1421,,
INTL_351a2a88-6,00,UCSF Benioff Children's Physicians - Pediatric Ophthalmology,"2301 Camino Ramon, Ste 104",,,San Ramon,CA,94583,,
INTL_c126975f-6,00,UCSF Kidney Surgery Post Transplant Clinic - Fresno,"568 E Herndon Ave, Ste 201",,,Fresno,CA,93720-2989,,
INTL_53b25be9-2,00,Mission Hospice,"66 Bovet Road, Ste 100",,,San Mateo,CA,94402-3126,,
INTL_4c150bfc-2,00,UCSF Benioff Children's Hospitals - Santa Rosa Clinic,500 Doyle Park Dr.,,,Santa Rosa,CA,95404,,
INTL_248a885f-6,00,MarinHealth Outpatient Clinics,165 Rowland Way Ste 103,,,Novato,CA,94945-5055,,
INTL_6d0d296a-d,00,Bay Area Obstetrics and Gynecology (BAOG),"1850 Sullivan Ave, Ste 550",,,Daly City,CA,94015,,
INTL_f2ec1b72-e,00,UCSF Parnassus Heights Medical Center,350 Parnassus Ave,,,San Francisco,CA,94117,,
INTL_feb08ff2-c,00,MarinHealth Outpatient Clinics,4000 Civic Center Dr Ste 200B,,,San Rafael,CA,94903-4171,,
INTL_31184c60-0,00,San Francisco Otolaryngology Medical Group,752 Broadway,,,Sonoma,CA,95476,,
INTL_f3771116-a,00,Latitude Food Allergy Care,"570 Price Avenue, Ste 400",,,Redwood City,CA,94063,,
INTL_c5e9f09a-7,00,MarinHealth Outpatient Clinics,2 Bon Air Rd Ste 100,,,Larkspur,CA,94939-1142,,
INTL_cd9af1f0-8,00,UCSF Medical Center Parnassus,500 Parnassus Ave,,,San Francisco,CA,94143,,
INTL_67bb455a-2,00,San Francisco Otolaryngology Medical Group,"2512 Samaritan Court, Ste S",,,San Jose,CA,95124,,
INTL_2e1ec079-6,00,Renaissance Health for Women,"2485 Hospital Dr, Ste 515",,,Mountian View,CA,94040,,
INTL_2334de1d-2,00,UCSF Dialysis Mount Zion,1675 Scott St,,,San Francisco,CA,94115-3010,,
INTL_672f82ae-1,00,MarinHealth Outpatient Clinics,18 Bon Air Rd,,,Larkspur,CA,94939-1123,,
INTL_0cefd2dd-b,00,UCSF Plastic Surgery Hayes Street,"2250 Hayes St, Ste 600",,,San Francisco,CA,94117,,
INTL_95ba44ff-2,00,UCSF Orthopaedic Surgery,"2230 Post St, Ste 460",,,San Francisco,CA,94115-3465,,
INTL_2ff40986-7,00,MarinHealth Outpatient Clinics,250 Bon Air Rd,,,Greenbrae,CA,94904-1702,,
INTL_69489bd8-b,00,UCSF Specialty Clinics,"1701 Divisadero St, Ste 120",,,San Francisco,CA,94115-3011,,
INTL_de4320db-9,00,UCSF ALS Center at Monterey,"2 Upper Ragdale Dr, Ste B100",,,Monterey,CA,93940-5902,,
INTL_1d539002-7,00,UCSF GoHealth Urgent Care - Lombard,2395 Lombard Street,,,San Francisco,CA,94123,,
INTL_3d3b05da-3,00,UCSF Benioff Children's Hospitals - Teen and Adolescent Clinic,5400 Telegraph Ave,,,Oakland,CA,94609,,
INTL_0824b698-f,00,UCSF Benioff Children's Hospitals - San Mateo Clinic,1100 Park Place,,,San Mateo,CA,94403,,
INTL_9058370c-6,00,MarinHealth Outpatient Clinics,4000 Civic Center Dr Ste 200A,,,San Rafael,CA,94903-5233,,
INTL_fd320f84-1,00,UCSF Mission Bay  Medical Center,1825 4th St,,,San Francisco,CA,94158,,
INTL_447a4d54-e,00,San Francisco Allergy Asthma and Immunology,"450 Sutter St, Ste 1404",,,San Francisco,CA,94108,,
INTL_2693f1db-8,00,UCSF General Internal Medicine at Munt Zion,1545 Divisadero St,,,San Francisco,CA,94115,,
INTL_bde111c9-f,00,San Francisco Audiology,"450 Sutter St, Ste 1400",,,San Francisco,CA,94108,,
INTL_bc4e6236-e,00,UCSF Specialty Clinic Greenbrea,"1100 S Eliseo Dr, Ste 1",,,Greenbrae,CA,94904-2017,,
INTL_cc7915f6-d,00,UCSF GoHealth Urgent Care - El Camino,1310 El Camino Real Suites I and J,,,San Bruno,CA,94066,,
INTL_291ef51a-9,00,UCSF Care at Home,8000 Marina Blvd Ste 600,,,Brisbane,CA,94005-1887,,
INTL_7911dd17-1,00,California Pacific Orthopedics,"3838 California St, Ste 108",,,San Francisco,CA,94118,,
INTL_4b1c4ba8-0,00,Magnolia Pediatrics of Marin,"655 Redwood Hwy, Ste 216",,,Mill Valley,CA,94941,,
INTL_652c8604-6,00,MarinHealth Outpatient Clinics,2 Bon Air Rd Ste 100A,,,Larkspur,CA,94939-1142,,
INTL_4311ae18-5,00,UCSF Specialty Clinic Greenbrea,"1300 S Eliseo Dr, Ste 204",,,Greenbrae,CA,94904-2015,,
INTL_8582a68b-0,00,UCSF Liver Transplant at Walnut Creek,"1450 Treat Blvd, Ste 250B",,,Walnut Creek,CA,94597,,
INTL_46796d0f-f,00,Monterey Peninsula Pediatric Medical Group,"2 Upper Ragsdale Dr, Ste B210",,,Monterey,CA,93940,,
INTL_28e5cb26-4,00,UCSF Orthopedics and Sports Medicine - Mill Valley Clinic,"750 Redwood Hwy, Ste 1204",,,Mill Valley,CA,94941,,
INTL_8e743b86-7,00,Marin Pediatric Associates,"1100 South Eliseo Dr, Ste 106",,,Greenbrae,CA,94904-2017,,
INTL_4ef3b577-e,00,MarinHealth Outpatient Clinics,"1701 4th St, Ste 120",,,Santa Rosa,CA,95404-3658,,
INTL_01c62a3f-6,00,UCSF Advanced Heart Failure at Walnut Creek,"1450 Treat Blvd, Ste 120",,,Walnut Creek,CA,94597-2168,,
INTL_36c24089-f,00,"Tri-Valley Pediatrics, Incorporated","5565 West Las Positas Blvd, Ste 240",,,Pleasanton,CA,94588,,
INTL_51ef5f0c-1,00,San Francisco Audiology,"877 W. Fremont Ave, Ste I4",,,Sunnyvale,CA,94087,,
INTL_4bde56ba-7,00,UCSF Neurology Fresno,"550 E Shaw Ave, Ste 105",,,Fresno,CA,93710-7702,,
INTL_4d4a5523-1,00,"UCSF Health, UCSF Children's, Marin Health, and Affiliates",505 Parnassus Ave.,,,San Francisco,CA,94143,,
INTL_4c2392ee-1,00,San Francisco Otolaryngology Medical Group,"100 S Ellsworth Ave, Ste 308",,,San Mateo,CA,94401,,
INTL_172244ab-d,00,UCSF Benioff Children's Physicians - Medical Arts OB/GYN,"136 North San Mateo Dr, Ste 101",,,San Mateo,CA,94401,,
INTL_58065062-3,00,UCSF Benioff Children's Hospitals - Redwood Shores Clinic,290 Redwood Shores Parkway,,,Redwood City,CA,94065,,
INTL_4a279218-e,00,Allergy and Asthma Associates of Northern California,3329 Mission Drive,,,Santa Cruz,CA,95065,,
INTL_235f78d7-3,00,Pan Peninsula Obstetrics and Gynecology,"1820 Ogden Dr, Ste 200",,,Burlingame,CA,94010,,
INTL_411c7120-7,00,UCSF Benioff Children's Physicians - Laurel Heights Pediatric an,"3838 California St, Ste 111",,,San Francisco,CA,94118,,
INTL_d12e8b86-a,00,UCSF Center for Reproductive Health at Mission Bay,"499 Illinois St, Fl 6",,,San Francisco,CA,94158,,
INTL_5a1695b4-f,00,UCSF Clinical Cancer Genomics Laboratory,"2340 Sutter St, ste S151",,,San Francisco,CA,94115-3024,,
INTL_1f13c3fc-4,00,UCSF School of Medicine,513 Parnassus Ave,,,San Francisco,CA,94143,,
INTL_85fb84fd-e,00,MarinHealth Outpatient Clinics,1240 S Eliseo Dr Ste 200,,,Greenbrae,CA,94904-2151,,
INTL_0399b69a-f,00,UCSF Bakar Cancer Hospital,1855 4th St,,,San Francisco,CA,94158,,
INTL_404d886f-c,00,,,,,,CA,,,
INTL_06977697-1,00,,,,,,HI,,,
INTL_64d1a7e1-0,00,Berkeley Pediatrics,1650 Walnut Street,,,Berkeley,CA,94709,,
INTL_44247f71-8,00,MarinHealth Outpatient Clinics,1100 S Eliseo Dr Ste 2,,,Greenbrae,CA,94904-2017,,
INTL_9c3ef3f4-e,00,Pan Peninsula Obstetrics and Gynecology,"1850 Sullivan Ave, Ste 550",,,Daly City,CA,94015,,
INTL_d5047dd9-5,00,MarinHealth Outpatient Clinics,1100 Larkspur Landing Circle Ste 10,,,Larkspur,CA,94939-1827,,
INTL_c42e738b-c,00,UCSF Benioff Children's Physicians - Maternal Fetal Medicine,"3100 San Pablo Ave, Ste 400",,,Berkeley,CA,94702,,
INTL_37d4db15-e,00,San Francisco Audiology,"1 Shrader St, Ste 578",,,San Francisco,CA,94117,,
INTL_aebb5fb2-c,00,MarinHealth Outpatient Clinics,"200 Tamal Plaza, Ste 200",,,Corte Madera,CA,94925-1196,,
INTL_9cc26349-f,00,UCSF Benioff Children's Hospitals - Brentwood Specialty Care Cli,1181 Central Blvd Ste B,,,Brentwood,CA,94513,,
INTL_8cea8fcd-f,00,Allergy and Asthma Associates of Northern California,"337 El Dorado Street, Ste 2A",,,Monterey,CA,93940,,
INTL_63a05d33-0,00,UCSF GoHealth Urgent Care - Jefferson,830 Jefferson Avenue,,,Redwood City,CA,94063,,
INTL_f0250428-a,00,UCSF GoHealth Urgent Care - Divisadero,1801 Divisadero Street,,,San Francisco,CA,94115,,
INTL_4d0fa5c9-4,00,Allergy and Asthma Associates of Northern California,"285 South Drive, Ste 1",,,Mountain View,CA,94040,,
INTL_cb8f6158-d,00,UCSF Liver and Kidney Transplant Clinic at Modesto,"1444 Florida Ave, Ste 100",,,Modesto,CA,95350,,
INTL_672d5b9f-6,00,UCSF Liver Transplant at Fresno,"2335 E Kashian Ln, Ste 280",,,Fresno,CA,93701-2211,,
INTL_f78171a2-7,00,MarinHealth Outpatient Clinics,1350 S Eliseo Dr Ste 120,,,Greenbrae,CA,94904-2011,,
INTL_bd9ae9e0-3,00,MarinHealth Outpatient Clinics,1350 S Eliseo Dr Ste 140,,,Greenbrae,CA,94904-2009,,
INTL_5bc61d4b-e,00,San Francisco Otolaryngology Medical Group - Union Square,"450 Sutter St, Ste 933",,,San Francisco,CA,94108,,
INTL_6e2058d7-1,00,UCSF Bakar Precision Cancer Medicine Building,1825 4th St,,,San Francisco,CA,94158,,
INTL_e51bdae8-d,00,UCSF GoHealth Urgent Care - Gellert,325 Gellert Boulevard,,,Daly City,CA,94015,,
INTL_4e10d635-9,00,California Pacific Orthopedics,"3838 California St, Ste 516",,,San Francisco,CA,94118,,
INTL_ea17cc46-8,00,UCSF Benioff Children's Hospital - San Francisco at Mission Bay,1975 4th St,,,San Francisco,CA,94158,,
INTL_0c1366d6-9,00,San Francisco Allergy Asthma and Immunology,"2100 Webster St, Ste 202",,,San Francisco,CA,94115,,
INTL_f591b994-e,00,UCSF Advanced Heart Failure - Santa Rosa,"3536 Medocino Ave, Ste 200",,,Santa Rosa,CA,95403-3634,,
INTL_3fda8061-2,00,UCSF Cancer Center San Mateo,218 De Anza Blvd,,,San Mateo,CA,94402-3913,,
INTL_b4f09cfe-a,00,UCSF Benioff Children's Hospital - San Francisco Outpatient Cent,1825 4th St,,,San Francisco,CA,94158,,
INTL_0f7b9507-f,00,Allergy and Asthma Associates of Northern California,"9360 No Name Uno, Ste 250",,,Gilroy,CA,95020,,
INTL_b5695d7d-6,00,UCSF Benioff Children's Hospitals - Summit Medical Campus,3100 Summit St Fl 4,,,Oakland,CA,94609,,
INTL_9f922333-8,UN,"988 El Camino Real, Suite 5",,,,S.S.F.,CA,94080,,
INTL_56ceac35-3,UN,1121 EL CAMINO REAL,,,,SOUTH SAN FRANCISCO,CA,94080,,
INTL_78640260-f,UN,57 B Highway,,,,E Haddonfield,NJ,08033,,
INTL_8f6d4dbd-c,UN,2740 Seven Springs Blvd,,,,New Port Richey,FL,34655,,
INTL_fd4e965d-7,UN,11973 SWEETWATER DR,,,,Grand Ledge,MI,48837,,
INTL_553d416c-9,UN,1306 West Ave J Suite B,,,,Lancaster,CA,93534,,
INTL_660b9694-2,UN,43927 15TH Street,,,,W Lancaster,CA,93534,,
INTL_e14a26de-5,UN,8721 Digges Road,,,,Manassas,VA,20110-4403,,
INTL_7d58786e-2,UN,8721 Digges Rd,,,,Manassas,VA,20110,,
INTL_8c22303a-d,UN,2180 TROOP DR,,,,Sartell,MN,56377,,
INTL_82f7380f-d,UN,2913 S 38TH ST STE B3,,,,Tacoma,WA,98409,,
INTL_8e775f17-c,UN,735 N 6TH AVE,,,,WAUCHULA,FL,33873,,
INTL_b555f2a0-0,UN,735 N. 6th Ave.,,,,Wauchula,FL,33873,,
INTL_3fe8c362-a,UN,2521 Noriega Street,,,,San Francisco,CA,94122,,
INTL_62b73348-9,UN,1360 Medical Park Drive,,,,Maysville,KY,41056,,
INTL_fa804a40-b,UN,94 B Serramonte Ctr,,,,Daly City,CA,94015,,
INTL_492ffc56-5,UN,5919 Harbour Park Dr.,,,,Midlothian,VA,23112,,
INTL_cc253f3d-4,UN,5919 HARBOUR PARK DR,,,,MIDLOTHIAN,VA,23112,,
INTL_a90dffe6-b,UN,123 Main St,,,,Boca Raton,FL,33482,,
INTL_6ab9da4f-6,UN,3600 FAU Blvd,,,,Boca Raton,FL,33431,,
INTL_7da14ba8-8,UN,943 LINDER AVE STE 102,,,,Kuna,ID,83634,,
INTL_b5fc8994-9,UN,15337 Southwest Fwy,,,,Sugar Land,TX,77478,,
INTL_da92133e-4,UN,3535 River Point Pkwy,Ste. 200,,,Sheridan,CO,80110,,
INTL_2a6c88c0-c,UN,3900 E Mexico Ave Suite 100,,,,Denver,CO,80210,,
INTL_d364bebc-0,UN,5970 JOG RD STE D,,,,LAKE WORTH,FL,33467,,
INTL_2998e985-f,UN,14429 S DIXIE HWY,,,,Miami,FL,33176,,
INTL_e3fa3887-c,UN,8854 KATY FWY,,,,Houston,TX,77024,,
INTL_632fc018-5,UN,10024 SE 240TH ST STE 220,,,,Kent,WA,98031,,
INTL_37709ea5-8,UN,966 HOUSTON NORTHCUTT BLVD D,,,,MOUNT PLEASANT,SC,29464,,
INTL_6aacfbc4-0,UN,966 Houston Northcutt Blvd.,Suite D,,,Mt. Pleasant,SC,29464-3487,,
INTL_525f20a6-f,UN,5258 Linton Blvd,Suite 306,,,Delray Beach,FL,334846530,,
INTL_71c0a222-c,UN,3964 Goodman Road E Suite 125,,,,Southhaven,MO,38672,,
INTL_b6d12ed0-5,UN,2350 32ND ST SE,,,,Grand Rapids,MI,49508,,
INTL_7017201a-0,UN,40033 10TH ST W STE A,,,,PALMDALE,CA,93551,,
INTL_5bdf2f64-5,UN,45 Street Ave,,,,Rancho Cordova,CA,95670,,
INTL_7bb9ac7a-d,UN,7960 S Unversity Blvd State 102,,,,Centennial,CO,80122,,
INTL_fc49536f-2,UN,15537 Old Hickory Blvd,,,,Nashville,TN,37211,,
INTL_8d6c2d0a-4,UN,2650 Jamacha Road Suite 155,,,,El Cajon,CA,92019,,
INTL_427c64b1-4,UN,"2650 Jamacha Rd., Ste. 155",,,,El Cajon,CA,92019,,
INTL_87f20a70-b,UN,1023 S MAIN ST,,,,MALVERN,AR,72104,,
INTL_1dbc07a5-7,UN,608 Pearl Street,,,,Watertown,NY,13601-2170,,
INTL_8ba253f6-7,UN,608 Pearl Street,,,,Watertown,NY,13601,,
INTL_fa352bf8-8,UN,485 Willard Ave,,,,Newington,CT,06111,,
INTL_f467f3d0-0,UN,485 Willard Avenue,,,,Newington,CT,06111-2318,,
INTL_afe614f4-1,UN,725 Erie Blvd,,,,W Syracuse,NY,13204,,
INTL_1482dc65-d,UN,334 South Main Street,,,,Findlay,OH,45840,,
INTL_e802fb70-a,UN,107 S MAIN ST,,,,Ada,OH,45810,,
INTL_6c1ccfe1-8,UN,1747 MEDICAL CTR PKWY STE 130,,,,MURFREESBORO,TN,37129,,
INTL_44d51246-2,UN,1284 W SHAW AVE STE 105,,,,Fresno,CA,93711,,
INTL_1d5a4e6e-e,UN,7355 N PALM AVE,STE 109,,,FRESNO,CA,93711,,
INTL_7bb398c9-0,UN,700 N RAYMOND ST,,,,Boise,ID,83704,,
INTL_d021179d-f,UN,700 N. Raymond,,,,Boise,ID,83704-9261,,
INTL_b7d727e3-a,UN,12623 MERIDIAN E STE B1A,,,,PUYALLUP,WA,98373,,
INTL_ef564513-b,UN,111 S Bailey Ave,,,,North Platte,NE,69101,,
INTL_3b722a9f-0,UN,22312 EL PASEO STE D,,,,RANCHO SANTA MARGARITA,CA,92688,,
INTL_44955f7f-7,UN,338 E HAMILTON AVE,,,,Campbell,CA,95008,,
INTL_37191055-4,UN,338 E Hamilton Ave,,,,Campbell,CA,95008-0207,,
INTL_4313d650-4,UN,8269 SW Wilsonville Suite G,,,,Wilsonville,OR,97070-7719,,
INTL_fb2413c1-5,UN,8269 SW Wilsonville Road Suite C,,,,Wilsonville,OR,97070,,
INTL_1680f595-b,UN,20929 Ventura Blvd Suite 23,,,,Woodland Hills,CA,91364,,
INTL_2f0469ba-2,UN,11020 Beaverton Hillsdale HWY,,,,Beaverton,OR,97005,,
INTL_94dee600-2,UN,3502 Kyoto Gardens Dr,Suite B,,,Palm Beach Gardens,FL,334102984,,
INTL_3436a5b1-b,UN,1430 GUERNEVILLE RD STE 3,,,,Santa Rosa,CA,95403,,
INTL_5e669a21-1,UN,374 E H ST STE 1708,,,,CHULA VISTA,CA,91910,,
INTL_6be304b4-1,UN,11893 VALLEY VIEW ST,,,,Garden Grove,CA,92845,,
INTL_facdb0d0-d,UN,495 West 600 North,P.O. Box 155,,,Tremonton,UT,84337,,
INTL_a54113c5-d,UN,495 W 600 N,,,,TREMONTON,UT,84337,,
INTL_ea643a32-b,UN,123 Test Dr,,,,Rancho Cordova,CA,95670,,
INTL_398c92d1-6,UN,233 Street Dr,,,,Rancho Cordova,CA,95670,,
INTL_44ca5e16-7,UN,233 Street Dr,,,,Rancho Cordova,CA,95670,,
INTL_85942769-e,UN,420 E ELM ST,,,,CALDWELL,ID,83605,,
INTL_d8e567e8-2,UN,11200 Rockville Pike STE 150,,,,Rockville,MD,20852,,
INTL_c9686958-c,UN,100 N MORAIN ST STE 212,,,,KENNEWICK,WA,99336,,
INTL_47d2c3c9-9,UN,3700 W. Clearwater Ave.,,,,Kennewick,WA,99336,,
INTL_d0ee2e0e-a,UN,742 North York Street,,,,Muskogee,OK,74403,,
INTL_a98eea12-6,UN,3805 Cypress Street,,,,West Monroe,LA,71291,,
INTL_717d2e5a-5,UN,400 E 18th Street,,,,Cheyenne,WY,82001,,
INTL_2e1c97e9-b,UN,400 E. 18th,,,,Cheyenne,WY,82001-4616,,
INTL_5a9282fb-c,UN,3600 FAU Blvd,,,,Boca Raton,FL,33421,,
INTL_ba05efaa-2,UN,2294 W LINCOLN HWY,,,,MERRILLVILLE,IN,46410,,
INTL_e14074ff-9,UN,5053 South Congress Ave,Suite 204,,,Lake Worth,FL,33461,,
INTL_81c7e730-6,UN,1680 Willow Creek Road,,,,Prescott,AZ,86301,,
INTL_3b912541-c,UN,7505 Quivira Rd,,,,Shawnee,KS,66216,,
INTL_c39b2f8b-5,UN,5323 Mt View Road,,,,Antioch,TN,37013,,
INTL_473b13a3-d,UN,2207 N MOLTER RD STE 100,,,,Liberty Lake,WA,99019,,
INTL_0f8e30db-7,UN,22011 E. Country Vista Dr.,"Building A, Suite 101",,,Liberty Lake,WA,99019-5242,,
INTL_bf897bfc-e,UN,"3800 N. Mesa, Suite B-1",,,,El Paso,TX,79902-1535,,
INTL_3a55df35-4,UN,3800 N MESA ST STE B1,,,,El Paso,TX,79902,,
INTL_feca5006-0,UN,225 S MAIN ST,,,,Lakeport,CA,95453,,
INTL_7d1e0363-f,UN,1372 9th Ave,,,,San Francisco,CA,94122,,
INTL_911ecb27-0,UN,1372 Ninth Avenue,,,,San Francisco,CA,94122-2309,,
INTL_9f56e094-6,UN,960 Center Street Suite #2,,,,Wahiawa,HI,967862038,,
INTL_f9d90ba0-3,UN,960 CENTER STREET,,,,WAHIAWA,HI,96786,,
INTL_f29c9e82-7,UN,13605 Xavier Ln Ste G,,,,Broomfield,CO,80023,,
INTL_e5fa4572-4,UN,13605 Xavier Lane,Suite G,,,Broomfield,CO,80023,,
INTL_9ff5ec15-4,UN,1005 S FERDON BLVD,,,,Crestview,FL,32536,,
INTL_cbf180ff-7,UN,1005 S Ferdon Blvd.,,,,Crestview,FL,32536-4509,,
INTL_a0b4e71d-8,UN,1807 TAFT HWY STE 9,,,,Signal Mountain,TN,37377,,
INTL_704766b5-9,UN,218 West 75th Street,,,,Kansas City,MO,64114,,
INTL_5991db1f-b,UN,218 W 75TH ST,,,,Kansas City,MO,64114,,
INTL_52e5c6ff-0,UN,123 Main St,,,,Boynton Beach,FL,33435,,
INTL_33562ab6-1,UN,555 Test Dr.,,,,Boca Raton,FL,33431,,
INTL_1a42c513-b,UN,123 Main Street,,,,Boca Raton,FL,33411,,
INTL_40cecaae-0,UN,BLDG 38200 Ave Of The States,,,,FORT GORDON,GA,30905-3236,,
INTL_1b5a33aa-a,UN,"Optical Center Fort Gordon Pxtra, Bldg. 35200",,,,Fort Gordon,GA,30905-5143,,
INTL_8152c08e-7,UN,130 AMITY RD,,,,New Haven,CT,06515,,
INTL_195113da-a,UN,7922 Long Point,,,,Houston,TX,77055,,
INTL_a36863a3-d,UN,9 Mount Bethel Plaza,,,,Mount Bethel,PA,18343,,
INTL_adb63bcb-2,UN,#9 Mt. Bethel Plaza,,,,Mt. Bethel,PA,18343-5212,,
INTL_adfab2fa-e,UN,101 RiverStone Vista,Suite 215,,,Blue Ridge,GA,305136648,,
INTL_ace3d90b-6,UN,164 Sylvan Street,,,,Danvers,MA,01923,,
INTL_8fe53e69-9,UN,306 KIRBY RD,,,,King,NC,27021,,
INTL_90d0fc38-9,UN,Harbor Eye Associates,303 W Seneca St,,,Oswego,NY,13126-2045,,
INTL_5e7f18f3-6,UN,147 W 1St Street,,,,Oswego,NY,13126,,
INTL_9b294ef6-7,UN,500 Alfred Nobel Drive Suite 117,,,,Hercules,CA,94547,,
INTL_e61e504b-c,UN,"500 Alfred Nobel Drive, Suite 117",,,,Hercules,CA,94547-1839,,
INTL_e9997a0f-d,UN,5959 Greenback Lane,Suite 130,,,Citrus Heights,CA,95621-4700,,
INTL_7850360e-9,UN,5959 GREENBACK LN STE 130,,,,Citrus Heights,CA,95621,,
INTL_b5f04736-1,UN,1112 Vine St.,,,,Paso Robles,CA,93446,,
INTL_df3602fb-d,UN,1112 VINE ST,,,,Paso Robles,CA,93446,,
INTL_a89142a2-8,UN,22191 Powerline Road,Suite 29C,,,Boca Raton,FL,334333463,,
INTL_350b1ab2-4,UN,ROUTE 202 JUNCTION 116,,,,Somers,NY,10589,,
INTL_97ebb2bd-c,UN,123 Test Dr,,,,Rancho Cordova,CA,95670,,
INTL_5da64eda-6,UN,9868 S St Rd 7,Suite 330,,,Boynton Beach,FL,334727400,,
INTL_d0cd5446-8,UN,7410 Greenhaven Drive Suite 140,,,,Sacramento,CA,95831,,
INTL_ccc51a61-1,UN,"7410 Greenhaven Drive, Suite 140",,,,Sacramento,CA,95831-5165,,
INTL_c73f0169-0,UN,1135 W UNIVERSITY STE 346,,,,ROCHESTER,MI,48307,,
INTL_5464f4cf-0,UN,1282 Walton Blvd.,,,,Rochester,MI,48307,,
INTL_72a73605-0,UN,3350 W Ball Rd,,,,Anaheim,CA,92804,,
INTL_3721b3c2-a,UN,37300 Dequindre DR,Suite 115,,,Sterling Heights,MI,48310,,
INTL_43ad6f49-0,UN,233 E. Erie St,Suite 305,,,Chicago,IL,60611,,
INTL_b8f7d8f8-0,UN,2812 Cochran St.,,,,Simi Valley,CA,93065,,
INTL_12cb0016-1,UN,2435 Plantation Center DR  120,,,,Matthews,NC,28105,,
INTL_be41dc3c-c,UN,2201 Charles Street    STE 103,,,,Fredericksburg,VA,22401,,
INTL_479090be-0,UN,2338 N Clark Street,,,,Chicago,IL,60614,,
INTL_16b543ce-9,UN,2525 N. Ankeny Blvd. Ste. 109,,,,Ankeny,IA,50023,,
INTL_d59694cc-0,UN,1288 Dakota Avenue South Suite 3,,,,Huron,SD,57350,,
INTL_eac09a4c-7,UN,630 N Last Chance Gulch Suite 1200,,,,Helena,MT,59601,,
INTL_f2a7b8ad-9,UN,416 Southcenter Mall,,,,Tukwila,WA,98188,,
INTL_4fa17ee6-1,UN,1270 Ribaut Rd,,,,Beaufort,SC,29902,,
INTL_60986c30-f,UN,"2010 West Lincoln Ave, Ste 1",,,,Yakima,WA,98902,,
INTL_dcffcf7c-a,UN,7300 Sw 57Th Avenue,,,,Miami,FL,33143,,
INTL_3d5169ba-5,UN,2625 Piedmont Rd. Ne Suite 36,,,,Atlanta,GA,30324,,
INTL_e62d9105-7,UN,7200 South Penn Avenue Suite D,,,,Oklahoma City,OK,73159,,
INTL_ecf697eb-b,UN,452 Massachusetts Ave.,,,,Arlington,MA,02474,,
INTL_00058853-1,UN,2180 Hillsboro Blvd,,,,Manchester,TN,37355,,
INTL_1a7309ce-7,UN,490 Alabama St. Ste. 107,,,,Redlands,CA,92373,,
INTL_5612045a-3,UN,59 Clement Street,,,,San Francisco,CA,94118,,
INTL_5e02b7ca-0,UN,47 S. 6Th Ave Suite H,,,,La Grange,IL,60525,,
INTL_c3481c4a-4,UN,5890 Edinger Avenue,,,,Huntington Beach,CA,92649,,
INTL_8b916c3b-2,UN,"2275 Swallow Hill Road,Building # 700",,,,Pittsburgh,PA,15220,,
INTL_6496320b-7,UN,"708 West 20th Street, Suite A",,,,Merced,CA,95340,,
INTL_455486ad-1,UN,"670 Depot Street,P O Box 1100",,,,North Easton,MA,02356,,
INTL_5616076d-3,UN,48 W. Romie Lane,,,,Salinas,CA,93901,,
INTL_6221183a-8,UN,360 Sierra College Dr. Suite 100,,,,Grass Valley,CA,95945,,
INTL_c56872fb-9,UN,97 St. Clair St.,,,,Tracy City,TN,37387,,
INTL_20efb3d9-8,UN,"5425 Matlock Road, Ste. 100",,,,Arlington,TX,76018,,
INTL_ad73edce-5,UN,42 N. Main,,,,Canton,IL,61520,,
INTL_08e5d512-c,UN,2300 Computer Avenue Suite A2,,,,Willow Grove,PA,19090,,
INTL_a9c2fbfe-0,UN,518 S Cedar St,,,,Imlay City,MI,48444,,
INTL_f6416f77-e,UN,6999 S. Memorial Dr.,,,,Tulsa,OK,74133,,
INTL_6baa1307-d,UN,"14140 Meridian Parkway, Suite 101",,,,Riverside,CA,92518,,
INTL_98772253-9,UN,11500 Lake Potomac Drive,,,,Potomac,MD,20854,,
INTL_76f73135-6,UN,110 N Grand Avenue,,,,West Covina,CA,91791,,
INTL_251fa868-d,UN,944 Baldwin Rd Suite H,,,,Lapeer,MI,48446,,
INTL_0ff621c3-a,UN,274 Calle Convento,,,,San Juan,PR,00912,,
INTL_01a0e176-7,UN,902 Ave D Ste 102 B,,,,Gothenburg,NE,69138,,
INTL_164da30e-b,UN,303 Horsham Road Suite G,,,,Horsham,PA,19044,,
INTL_4340f469-c,UN,"110 Buffalo Way, Ste A",,,,Jackson,WY,83002,,
INTL_ae01d763-9,UN,91 Main Street,,,,Middlebury,VT,05753,,
INTL_902b1313-5,UN,108 Commercial Ave,,,,Springfield,KY,40069,,
INTL_b24f850a-0,UN,Westview Professional Center 528 Waterloo Road,,,,Warrenton,VA,20186,,
INTL_a564f9b1-6,UN,555 W. Schrock Rd Suite B,,,,Westerville,OH,43081,,
INTL_651e0fb1-8,UN,535 9Th St.,,,,Florence,OR,97439,,
INTL_00da8a8f-1,UN,843 W Stuart Drive,,,,Hillsville,VA,24343,,
INTL_a2054ca1-a,UN,225 State St,,,,Boyne City,MI,49712,,
INTL_aad1cd0c-0,UN,2261 Broadway,,,,New York,NY,10024,,
INTL_87fe4f7d-8,UN,610 S. 12th Street,,,,Worland,WY,82401,,
INTL_b4b505ee-0,UN,618 Blossom Hill Road Suite 100,,,,San Jose,CA,95123,,
INTL_3b13e67d-5,UN,"3500 N. Midkiff Rd., Suite #100",,,,Midland,TX,79705,,
INTL_8366223c-b,UN,877 Ne 25Th Ave,,,,Hillsboro,OR,97124,,
INTL_f61fdb57-2,UN,Pentagon Bldg Concourse Room 2C113,,,,Washington,DC,20301,,
INTL_bef43d29-9,UN,118 S. Main St,,,,Montesano,WA,98563,,
INTL_5c665608-7,UN,"4211 Waialae Avenue, Suite 108",,,,Honolulu,HI,96816,,
INTL_9c967b6c-5,UN,601 Route 206 Unit 36,,,,Hillsborough,NJ,08844,,
INTL_a988334d-4,UN,"1651 Galisteo St, Suite 1",,,,Santa Fe,NM,87505,,
INTL_9ff0f936-9,UN,500 Willapa Place,,,,Raymond,WA,98577,,
INTL_7dd2d6d1-b,UN,621 S New Ballas Road Suite 7A,,,,Saint Louis,MO,63141,,
INTL_917af55d-5,UN,"10699 Old Hwy 280 Building 2, Unit 1",,,,Chelsea,AL,35043,,
INTL_b8d5bcfb-c,UN,19733 Rinaldi Street,,,,Porter Ranch,CA,91326,,
INTL_21d8d7b3-2,UN,309 Eaton Lewisburg Rd,,,,Eaton,OH,45320,,
INTL_0bdbb565-7,UN,1549 Union Valley Road,,,,West Milford,NJ,07480,,
INTL_a6dd6ac5-9,UN,128 Willow Creek Drive,,,,Weatherford,TX,76085,,
INTL_95f41a2d-8,UN,2070 S. State Rd 39,,,,Frankfort,IN,46041,,
INTL_a84a017d-e,UN,1748 Crosby Avenue,,,,Bronx,NY,10461,,
INTL_d0b13cd8-6,UN,"3300 Grant Avenue, Suite 21",,,,Philadelphia,PA,19114,,
INTL_10e7db72-8,UN,6 North Elm Ave,,,,Sylacauga,AL,35150,,
INTL_69718177-4,UN,55 Campau Ave Nw Ste 10,,,,Grand Rapids,MI,49503,,
INTL_8fc463e7-b,UN,3252 Prospect Street NW,,,,Washington,DC,20007,,
INTL_974f761d-6,UN,2323 N Ohio,,,,Augusta,KS,67010,,
INTL_70891e1f-2,UN,"25 Monument Rd, Suite 297",,,,York,PA,17403,,
INTL_46eeee17-6,UN,1045 N Grand Ave Ste E,,,,Pullman,WA,99163,,
INTL_106f5323-2,UN,1340 S Ammon Rd,,,,Idaho Falls,ID,83406,,
INTL_1698a612-6,UN,851 Bayside Road,,,,Arcata,CA,95521,,
INTL_cb51093a-2,UN,2330 U.S. Hwy 93 N.,,,,Kalispell,MT,59901,,
INTL_0a435145-4,UN,1250 E Mason St.,,,,Green Bay,WI,54301,,
INTL_54e5d083-e,UN,322 Mt Rushmore Rd Ste 120,,,,Custer,SD,57730,,
INTL_cb116d0c-1,UN,1940 Black Lake Blvd SW,,,,Olympia,WA,98512,,
INTL_cef535a8-e,UN,810 East Colfax Ave.,,,,South Bend,IN,46617,,
INTL_ca395be9-3,UN,366 Dixie Highway,,,,Chicago Heights,IL,60411,,
INTL_c0e434e4-6,UN,1844 Divisadero Street,,,,San Francisco,CA,94115,,
INTL_0f12b3c0-b,UN,3528 East Main St.,,,,Waterbury,CT,06705,,
INTL_f4ae58ef-6,UN,504 North Franklin Street,,,,Frankenmuth,MI,48734,,
INTL_ebcdc395-8,UN,410 Louisiana Avenue,,,,Perrysburg,OH,43551,,
INTL_84a0e003-f,UN,"Dr. Deborah Osborne, 388 N. Third Avenue Suite I",,,,Fruitport,MI,49415,,
INTL_ddb58489-f,UN,327 Springbrook Dr,,,,Canton,PA,17724,,
INTL_dece5121-2,UN,2300 NE Broadway,,,,Portland,OR,97232,,
INTL_4d380b0d-3,UN,120 Commercial Parkway,,,,Branford,CT,06405,,
INTL_37afa599-1,UN,80 Technology Drive,,,,South Charleston,WV,25309,,
INTL_0d51b907-3,UN,"1702 Transportation Blvd, Suite I",,,,Crofton,MD,21114,,
INTL_2fff1161-6,UN,"341 W Tudor Road, Suite 101",,,,Anchorage,AK,99503,,
INTL_9f03c90f-4,UN,219 West 231St Street,,,,Bronx,NY,10463,,
INTL_05eda9c1-9,UN,"975 Peachtree Parkway, Suite A",,,,Cumming,GA,30041,,
INTL_0bcd7d81-7,UN,2020 Frederickson Place,,,,Greensburg,PA,15601,,
INTL_d2845ba0-6,UN,2220 Rt 9 South,,,,Howell,NJ,07731,,
INTL_b9545b58-4,UN,"2860 S. Bristol St., Suite D",,,,Santa Ana,CA,92704,,
INTL_4b88c261-1,UN,3218 Del Prado Boulevard S,,,,Cape Coral,FL,33904,,
INTL_9260ae84-e,CA,33-50 Selkirk Avenue,,,,Thompson,MB,R8N 0M7,,
INTL_8bb3f169-a,UN,183 Hospital Road Suite H,,,,Winchester,TN,37398,,
INTL_43f18848-7,UN,100 Commons Drive,,,,Parkesburg,PA,19365,,
INTL_594c535c-8,UN,2155 W Vienna Rd,,,,Clio,MI,48420,,
INTL_04363a6e-4,UN,161 North Main Street,,,,Waterbury,CT,06702,,
INTL_c45b4383-7,UN,4601 1/2 Wichers Drive,,,,Marrero,LA,70072,,
INTL_9def6ab5-8,UN,1930 S. Bascom Ave. Ste 210,,,,Campbell,CA,95008,,
INTL_94c53ec1-0,UN,3159 E Mission BLVD STE 1,,,,Fayetteville,AR,72703,,
INTL_c6329ca3-c,UN,16816 Clark Ave.,,,,Bellflower,CA,90706,,
INTL_c1f26e3c-0,UN,PO Box 69 3 High Street,,,,Milbridge,ME,04658,,
INTL_72ac08c4-8,UN,4720 Peachtree Ind. Blvd. Ste 206,,,,Berkeley Lake,GA,30071,,
INTL_715678e7-3,UN,1501 E 10Th,,,,Atlantic,IA,50022,,
INTL_0bb0a2ca-a,UN,2456 N Western Ave,,,,Chicago,IL,60647,,
INTL_522f734d-e,UN,416 Hastings Street,,,,Pittsburgh,PA,15206,,
INTL_1fbe217c-0,UN,108 Olde Farm Office Road,,,,Duncansville,PA,16635,,
INTL_7cc42a2c-7,UN,1110 Seven Lakes Drive,,,,West End,NC,27376,,
INTL_64482fa3-d,UN,300 Sanchez Street,,,,San Francisco,CA,94114,,
INTL_5af115f1-8,UN,5030 Hamner Avenue,,,,Eastvale,CA,91752,,
INTL_23464d0d-b,UN,3341 8th Street South,,,,Wisconsin Rapids,WI,54494,,
INTL_0c9b7711-f,UN,3905 Victory Drive,,,,Marshall,TX,75672,,
INTL_2571752b-e,UN,2500 W Moreland Rd # 1116,,,,Willow Grove,PA,19090,,
INTL_3127a130-6,UN,108 Washington Towne Blvd. N,,,,Edinboro,PA,16412,,
INTL_c81751c0-8,UN,307 Sagamore Parkway West Suite A,,,,West Lafayette,IN,47906,,
INTL_bfb496fe-6,UN,5407 Bristol Bend Ct,,,,Las Vegas,NV,89135,,
INTL_0391d340-2,UN,608 Trent Street Ne,,,,Norton,VA,24273,,
INTL_adba7093-7,UN,83 S Main St.,,,,Waterbury,VT,05676,,
INTL_d814b690-9,UN,2910 Reynolda Road,,,,Winston Salem,NC,27106,,
INTL_4dd14497-7,UN,12043 Ventura Pl,,,,Studio City,CA,91604,,
INTL_bfd3b47d-d,UN,1100 Stone Road Suite 2020,,,,Kilgore,TX,75662,,
INTL_a12c6de2-6,UN,17432 Smokey Point Blvd Suite 102,,,,Arlington,WA,98223,,
INTL_32475c6f-d,UN,11151 Tampa Ave,,,,Porter Ranch,CA,91326,,
INTL_e17d9fa6-d,UN,1702 County Road Suite A4,,,,Minden,NV,89423,,
INTL_e0804390-5,UN,127 Hospital Drive Ste 201,,,,Vallejo,CA,94589,,
INTL_21e799f2-5,UN,407 Main,,,,Seneca,KS,66538,,
INTL_bd16346a-5,UN,1172 Lincoln Ave,,,,San Jose,CA,95125,,
INTL_41eef396-9,UN,2384 Ferguson Road,,,,Allison Park,PA,15101,,
INTL_e17218d2-b,UN,7111 Orchard Centre Drive,,,,Holland,OH,43528,,
INTL_719cd6b1-5,UN,"8907 Wilshire Blvd, Floor 3",,,,Beverly Hills,CA,90211,,
INTL_024d0a4a-3,UN,131 W. Washington St.,,,,Marquette,MI,49855,,
INTL_68718031-6,UN,1649 W Eau Gallie Blvd Ste 100,,,,Melbourne,FL,32935,,
INTL_e4c7c4d1-4,UN,8981 W Sahara Ave Ste 270,,,,Las Vegas,NV,89117,,
INTL_55b3017a-4,UN,4740 O Hear Ave,,,,North Charleston,SC,29405,,
INTL_639a8ca7-8,UN,960 Fulton Ave. Suite 400,,,,Sacramento,CA,95825,,
INTL_31df2945-d,UN,2311 W. Hayes Ave. Suite B,,,,Fremont,OH,43420,,
INTL_a02ac53f-5,UN,10130 Louetta Road Suite B,,,,Houston,TX,77070,,
INTL_02e7db47-d,UN,9710-A Sam Furr Rd.,,,,Huntersville,NC,28078,,
INTL_1d4b1e35-3,UN,1300 Grant Ave Ste 102,,,,Novato,CA,94945,,
INTL_e2f99058-b,UN,"622 W. Duarte Rd #106,",,,,Arcadia,CA,91007,,
INTL_82592ac5-6,UN,4005 Holcomb Bridge Road,,,,Peachtree Corners,GA,30092,,
INTL_606fe5af-c,UN,1565 Post Rd,,,,Warwick,RI,02888,,
INTL_11613c84-b,UN,13321 Moorpark St.,,,,Sherman Oaks,CA,91423,,
INTL_c8caa74f-5,UN,305 East Water Street,,,,Decorah,IA,52101,,
INTL_95172cb7-f,UN,N2577 Plaza Rd,,,,Wautoma,WI,54982,,
INTL_b79a0634-5,UN,10225 Sw Hall Blvd. #101,,,,Tigard,OR,97223,,
INTL_ad381007-0,UN,535 Wellington Way Suite 160,,,,Lexington,KY,40503,,
INTL_5b1a5f8e-f,UN,1811 N Dal Paso,,,,Hobbs,NM,88240,,
INTL_5bfc71f3-5,UN,935 Horicon Street,,,,Mayville,WI,53050,,
INTL_59577d92-8,UN,49 East 1St South,,,,Rexburg,ID,83440,,
INTL_272dd246-2,UN,10775 Pioneer Trl Ste 104,,,,Truckee,CA,96161,,
INTL_a0c2d3dc-d,UN,417 Main St Sw,,,,Ronan,MT,59864,,
INTL_dccf9a91-2,UN,120 Lambert Lind Hwy Suite 7,,,,Warwick,RI,02886,,
INTL_0a2442f0-6,UN,401 N Buffalo Dr Suite 205,,,,Las Vegas,NV,89145,,
INTL_59d02ede-c,UN,1439 Cook Parkway,,,,Oceana,WV,24870,,
INTL_44209bae-8,UN,8022 Melrose Ave,,,,Los Angeles,CA,90046,,
INTL_442dd675-f,UN,2020 Huntington Dr,,,,San Marino,CA,91108,,
INTL_80991ec1-1,UN,1211 5th St S,,,,Great Falls,MT,59405,,
INTL_0839b097-6,UN,350 S. Northwest Hwy Suite 104,,,,Park Ridge,IL,60068,,
INTL_8b9d5df7-3,UN,149 Altama Connector.,,,,Brunswick,GA,31525,,
INTL_5df2cff6-8,UN,"45 East Main Street, Suite 201",,,,Newark,DE,19711,,
INTL_3c75371f-5,UN,92 Alexandria Pike,,,,Fort Thomas,KY,41075,,
INTL_ccc589c2-f,UN,"2100 E. Sample Road,Suite 102",,,,Light House Point,FL,33064,,
INTL_743b6885-8,UN,N2577 Plaza Rd,,,,Wautoma,WI,54982,,
INTL_07a3f616-c,UN,369 Revolution Dr,,,,Somerville,MA,02145,,
INTL_c269d06f-5,UN,"3130 Alpine Road, Suite 220",,,,Portola Valley,CA,94028,,
INTL_07e4a5b7-c,UN,419 East Romie Lane,,,,Salinas,CA,93901,,
INTL_6307e747-0,UN,522 Main Street,,,,Bottineau,ND,58318,,
INTL_841dad4f-e,UN,537 S. 7th Street,,,,Bismarck,ND,58504,,
INTL_3b81dc17-d,UN,4070 N Belt Line Rd Ste 168,,,,Irving,TX,75038,,
INTL_2d959848-0,UN,8619 S. Vermont Avenue,,,,Los Angeles,CA,90044,,
INTL_d6a705c9-d,UN,9 Barns Lane,,,,East Hampton,NY,11937,,
INTL_a57681fb-4,UN,"2700 Miamisburg-Centerville Rd,#850",,,,Dayton,OH,45459,,
INTL_c27d5190-6,UN,1645 N Central Ave,,,,Marshfield,WI,54449,,
INTL_325ca951-6,UN,780 W. Olive Ave Suite 103,,,,Merced,CA,95348,,
INTL_a5fe6cf2-0,UN,4023 E. Sunset Road,,,,Henderson,NV,89014,,
INTL_8a24fb6c-b,UN,"4L Plaza, Suite #35",,,,Galesburg,IL,61401,,
INTL_c76c8521-5,UN,777 N Texas Blvd,,,,Alice,TX,78332,,
INTL_9ebbbd47-7,UN,16111 San Pedro Avenue Suite 123,,,,San Antonio,TX,78232,,
INTL_f30dbd39-4,UN,196 Paterson Avenue,,,,East Rutherford,NJ,07073,,
INTL_e54bf5b1-4,UN,463 Worcester Road Suite 300,,,,Framingham,MA,01701,,
INTL_2cdb187d-b,UN,1114 E State St,,,,Fremont,OH,43420,,
INTL_1b4a83ff-b,UN,1 Stewart Plaza,,,,Dunbar,WV,25064,,
INTL_f59dd1be-0,UN,336 10Th Ave Ne,,,,Hickory,NC,28601,,
INTL_62c1e417-1,UN,5020 Spedale Court,,,,Spring Hill,TN,J3G 2P8,,
INTL_98d1a74c-9,UN,1935 State Road 436,,,,Winter Park,FL,32792,,
INTL_79ebaf7c-5,UN,691 E. 400 N Suite 220,,,,Vineyard,UT,84059,,
INTL_a8187985-1,UN,4103 Boardwalk  Ste 100,,,,Ft Collins,CO,80525,,
INTL_b645eded-3,UN,1539 Industrial Road,,,,Greeneville,TN,37745,,
INTL_2656dd21-b,UN,10752 Bustleton Avenue,,,,Philadelphia,PA,19116,,
INTL_7306a911-6,UN,28 Second Street Nw,,,,Kenmare,ND,58746,,
INTL_14df209b-9,UN,310 East 14th Street Suite 304 South Building,,,,New York,NY,10003,,
INTL_11e1eab7-4,UN,5092 W. Vienna Rd.Suite I,,,,Clio,MI,48420,,
INTL_5deb9ce6-1,UN,20 Orinda Way,,,,Orinda,CA,94563,,
INTL_3e1e74ac-1,UN,7310 Esquire Ct. Suite 3,,,,Elkridge,MD,21075,,
INTL_2d7a3a19-4,UN,104 Gin Oaks Court,,,,Madison,AL,35758,,
INTL_9d1710a6-c,UN,1611 Tiki Lane,,,,Lancaster,OH,43130,,
INTL_a9f45b8f-f,UN,700 Helen Keller Blvd.,,,,Tuscaloosa,AL,35404,,
INTL_2d7d4a16-0,UN,4445 W Sunset Blvd,,,,Los Angeles,CA,90027,,
INTL_24a35062-f,UN,200 N Harwood St.,,,,Newport,AR,72112,,
INTL_ac789592-3,UN,"2 Union Square, First Floor",,,,Union City,CA,94587,,
INTL_60f75d48-2,UN,1406 Hailey St,,,,Sweetwater,TX,79556,,
INTL_9b118824-5,UN,1442 N. 31St Street,,,,Sheboygan,WI,53081,,
INTL_cf88c1c3-9,UN,"4000 Calle Tecate , Suite 100",,,,Camarillo,CA,93012,,
INTL_e716d728-e,UN,466 Pompton AVE,,,,Cedar Grove,NJ,07009,,
INTL_654140d5-6,UN,1721 22Nd Avenue,,,,Seattle,WA,98122,,
INTL_91485654-6,UN,2550 Superior St Suite 150,,,,Lincoln,NE,68521,,
INTL_f8e88174-6,UN,3238 West Truman Boulevard,,,,Jefferson City,MO,65109,,
INTL_1e0561d6-2,UN,10434 S Kedzie Ave,,,,Chicago,IL,60655,,
INTL_1c1eef06-7,UN,13114 S. Western Ave.,,,,Blue Island,IL,60406,,
INTL_07179899-f,UN,805 Patriot Drive E,,,,Wellington,OH,44090,,
INTL_83e41d5c-f,UN,N82W15340 Appleton Ave,,,,Menomonee Falls,WI,53052,,
INTL_a3e871e6-4,UN,"604 S Sullivan Rd, Suite D",,,,Spokane Valley,WA,99037,,
INTL_755563d3-b,UN,2151 West Oaklawn Rd.,,,,Pleasanton,TX,78064,,
INTL_5449392c-3,UN,9415 Campus Point Drive,,,,La Jolla,CA,92093,,
INTL_ea554b5c-f,UN,100 N. Choctaw Ave.,,,,El Reno,OK,73036,,
INTL_18e3a134-2,UN,"1780 E Boston St, Suite 101",,,,Gilbert,AZ,85295,,
INTL_98a1ea4e-c,UN,"450 Sutter Street, Suite 1500",,,,San Francisco,CA,94108,,
INTL_9403920a-b,UN,15 West Franklin St,,,,Liberty,MO,64068,,
INTL_ac83eafd-5,UN,42041 Cypress Parkway Suite 3,,,,Punta Gorda,FL,33982,,
INTL_ffa28767-2,UN,3710 Main Ave Ste 203,,,,Durango,CO,81301,,
INTL_83720b84-c,UN,412 Oil Well Road,,,,Jackson,TN,38305,,
INTL_4cd6084f-0,UN,1019 16th Street,,,,Modesto,CA,95354,,
INTL_641c5049-f,UN,3000 E 9th Ave,,,,Winfield,KS,67156,,
INTL_9ce3b986-b,UN,8121 National Avenue Ste. 409,,,,Midwest City,OK,73110,,
INTL_0e7930b4-b,UN,6380 N. Ridge Rd,,,,Madison,OH,44057,,
INTL_34216b35-0,UN,"Drive In Plaza2135,Carr.# 2 Suite 65",,,,Bayamon,PR,00953,,
INTL_5a82d252-7,UN,6506 Ne Campus Way,,,,Hillsboro,OR,97124,,
INTL_d2ebb09f-b,UN,7550 E. Second St.,,,,Scottsdale,AZ,85251,,
INTL_267e8c5d-f,UN,5201 SE 14th Street,,,,Des Moines,IA,50320,,
INTL_b7e20f5f-9,UN,423 South Main Street,,,,Providence,RI,02903,,
INTL_e0d935c6-4,UN,530 Running W Drive #110,,,,Gillette,WY,82718,,
INTL_f0ca257e-a,UN,88 Highland Xing,,,,East Ellijay,GA,30540,,
INTL_01f0e68d-0,UN,31553 West Ten Mile Road,,,,Farmington,MI,48336,,
INTL_671c2705-c,UN,198 East Main Street,,,,New Britain,CT,06051,,
INTL_507dc3f1-b,UN,5450 William Flynn Highway,,,,Gibsonia,PA,15044,,
INTL_69ae79e6-f,UN,67 E 500 S Suite 100,,,,Heber City,UT,84032,,
INTL_d97fdb55-1,UN,410 Campus Drive,,,,Garden City,KS,67846,,
INTL_1d0d0db4-5,UN,75 Leighton Rd,,,,Falmouth,ME,04105,,
INTL_805824fd-1,UN,2829 Great Northern Loop Ste 100,,,,Missoula,MT,59808,,
INTL_ee9b66f4-0,UN,2501 Atrium Drive Suite 150,,,,Raleigh,NC,27607,,
INTL_6f1f8fef-8,UN,22633 Savi Ranch Parkway,,,,Yorba Linda,CA,92887,,
INTL_519f66fe-b,UN,677 South Jackson Street,,,,Seattle,WA,98104,,
INTL_e0327c49-c,UN,127 Chestnut St.,,,,Roselle Park,NJ,07204,,
INTL_93af57f1-d,UN,274 Calle Convento,,,,San Juan,PR,00912,,
INTL_ee2fa90a-3,UN,303 Elm Street,,,,Big Rapids,MI,49307,,
INTL_17136b03-a,UN,3051 Cahill Main,,,,Fitchburg,WI,53711,,
INTL_d40414df-8,UN,180 Bolton Street,,,,Marlborough,MA,01752,,
INTL_4dd6eed0-3,UN,116 E. Pine St.,,,,Clearfield,PA,16830,,
INTL_0659cefc-1,UN,940 Geneva Ave.,,,,San Francisco,CA,94112,,
INTL_67bcfdc3-9,UN,1098 Us Hwy 31 Sw,,,,Hartselle,AL,35640,,
INTL_f293806b-a,UN,"2901 Clint Moore Rd, Ste 8",,,,Boca Raton,FL,33496,,
INTL_7d09026f-b,UN,8155 Piney River Avenue Suite 120,,,,Littleton,CO,80125,,
INTL_675946f5-0,UN,811 Santa Cruz Avenue,,,,Menlo Park,CA,94025,,
INTL_dc9a8bc7-d,UN,60 Church St Rt. 68,,,,Wallingford,CT,06492,,
INTL_84d7421e-c,UN,428 W Main St,,,,Mount Horeb,WI,53572,,
INTL_f8a6b559-7,UN,7322 Kingsgate Way,,,,West Chester,OH,45069,,
INTL_9edb6887-7,UN,567 Vauxhall Street Suite 105,,,,Waterford,CT,06385,,
INTL_10816d09-c,UN,1640 Charles Place Ste 103,,,,Manhattan,KS,66502,,
INTL_51c85e96-f,UN,110 Andreas Dr. NE,,,,Sugarcreek,OH,44681,,
INTL_d63715d8-0,UN,709 Morgantown Avenue,,,,Fairmont,WV,26554,,
INTL_10a0f121-e,UN,1415 Valencia St,,,,San Francisco,CA,94110,,
INTL_1d63249e-3,UN,115 E. Glenside Avenue Suite 2,,,,Glenside,PA,19038,,
INTL_aaf3d4f2-f,UN,125 Main Street PO Box 129,,,,Kingsley,IA,51028,,
INTL_ebb10dff-8,UN,416 Southcenter Mall,,,,Tukwila,WA,98188,,
INTL_23ad1564-a,UN,101 Capri Isles Blvd Suite 101,,,,Venice,FL,34292,,
INTL_04233526-5,UN,1100 2Nd Pl Se Ste 200,,,,Washington,DC,20003,,
INTL_416caccd-c,UN,740 West Green Meadows Dr Suite 300,,,,Greenfield,IN,46140,,
INTL_ad8e2632-5,UN,320 South Main Street,,,,Verona,WI,53593,,
INTL_87fe1ac1-a,UN,19301 Cantrell Rd,,,,Little Rock,AR,72223,,
INTL_3bf508b3-d,UN,4070 N Belt Line Rd Ste 168,,,,Irving,TX,75038,,
INTL_85ce49d3-1,UN,6239 Woodlawn Ave N,,,,Seattle,WA,98103,,
INTL_9238340b-f,UN,"1232 Prospect Street,",,,,La Jolla,CA,92037,,
INTL_dfc46c1f-1,UN,100 N. Choctaw Ave.,,,,El Reno,OK,73036,,
INTL_a4ee389b-2,UN,"11921 Rockville Pike, Suite 110",,,,Rockville,MD,20852,,
INTL_f48d5610-0,UN,2300 NE Broadway,,,,Portland,OR,97232,,
INTL_e77dfc34-6,UN,10 Bryson Drive,,,,Sutter Creek,CA,95685,,
INTL_2ed760b3-f,UN,2704 Pinole Valley Road,,,,Pinole,CA,94564,,
INTL_653dbb28-b,UN,11065 Pflumm Rd.,,,,Lenexa,KS,66215,,
INTL_2b30426d-f,UN,"1118 Park West Blvd, Suite 5",,,,Mount Pleasant,SC,29466,,
INTL_58fe3097-e,UN,138 East Third Ave,,,,San Mateo,CA,94401,,
INTL_092ffdbd-4,UN,"7347 Powell Rd, Suite B",,,,Wildwood,FL,34785,,
INTL_cdf9445d-6,UN,20525 Mack Ave,,,,Grosse Pointe Woods,MI,48236,,
INTL_25d2035d-e,UN,"Street 189, Plaza Gurabo",,,,Gurabo,PR,00778,,
INTL_0c9813f5-c,UN,2804 19th Avenue,,,,Forest Grove,OR,97116,,
INTL_ce0b7acf-a,UN,"25401 Alicia Pkwy., Ste. E",,,,Laguna Hills,CA,92653,,
INTL_e4d00f98-6,UN,1109 Club Village Drive Suite 106,,,,Columbia,MO,65203,,
INTL_cd5408d8-7,UN,3340 Galleria,,,,Edina,MN,55435,,
INTL_6db800da-d,UN,2130 Redondo Beach Blvd. Suite G,,,,Torrance,CA,90504,,
INTL_245db5c0-b,UN,698 South Milledge Avenue,,,,Athens,GA,30605,,
INTL_1c62e886-f,UN,87 Davis Straits,,,,Falmouth,MA,02540,,
INTL_075f913a-c,UN,1871 S. Randall Road Suite A,,,,Geneva,IL,60134,,
INTL_f533caa5-f,UN,360 Sierra College Dr. Suite 100,,,,Grass Valley,CA,95945,,
INTL_bf59106f-a,UN,"105 Crossfield Drive, Suite B",,,,Versailles,KY,40383,,
INTL_31e2fb13-4,CA,"Unit-3100, Cityscape Landing Plaza 4310 104 Ave NE",,,,Calgary,AB,T3N 1W3,,
INTL_6f3cc56a-8,UN,3708  N. Roosevelt Blvd.,,,,Key West,FL,33040,,
INTL_2ec3bbed-a,UN,3300 Godfrey Road,,,,Godfrey,IL,62035,,
INTL_4d745514-9,UN,811 Georgiana,,,,Port Angeles,WA,98362,,
INTL_cd3f3dfa-1,UN,2325 Aberdeen Blvd Ste A,,,,Gastonia,NC,28054,,
INTL_d7a4d48e-7,UN,5734 Sheridan Lake Road Suite 202,,,,Rapid City,SD,57702,,
INTL_1a83d5d2-d,UN,1445 E. 10Th Street,,,,Cookeville,TN,38501,,
INTL_21e9fa38-b,UN,4202 Maccorkle Avenue Se,,,,Charleston,WV,25304,,
INTL_ed544f9d-f,UN,903 Hartford Turnpike Unit 29,,,,Waterford,CT,06385,,
INTL_5a7a0783-c,UN,1673 Branham Lane,,,,San Jose,CA,95118,,
INTL_14320d1a-f,UN,107 N. Main St.,,,,Bluffton,OH,45817,,
INTL_ee23941d-9,UN,390 High Street,,,,Somersworth,NH,03878,,
INTL_9fc5e322-a,UN,2407 12th Street Ct,,,,De Witt,IA,52742,,
INTL_13e18eec-7,UN,272 Main Street,,,,Harleysville,PA,19438,,
INTL_dc07e40b-8,UN,4070 N Belt Line Rd Ste 168,,,,Irving,TX,75038,,
INTL_cf050f24-7,UN,1321 Aaron Drive,,,,Richland,WA,99352,,
INTL_c04465b5-d,UN,1450 Sugarland Dr.,,,,Sheridan,WY,82801,,
INTL_6862b917-1,UN,572 Hank Aaron Drive SE Suite 1130,,,,Atlanta,GA,30312,,
INTL_f19e93f6-1,UN,210 S. Grand Ave Ste 115,,,,Glendora,CA,91741,,
INTL_95baff26-f,UN,1700 A Ranch Road 620 S,,,,Lakeway,TX,78734,,
INTL_e7a1e670-1,UN,605 Stanford Shopping Center,,,,Palo Alto,CA,94304,,
INTL_13fa8a79-f,UN,1221 MADISON ST SUITE 1200,,,,Seattle,WA,98104,,
INTL_c0270f51-4,UN,1501 E. 10th Street Suite 200,,,,Atlantic,IA,50022,,
INTL_77d812af-a,UN,2101 S Hwy 77,,,,Lynn Haven,FL,32444,,
INTL_a33b1583-7,UN,380 Adams Street,,,,Rochester,PA,15074,,
INTL_9ebc9c74-6,UN,65 N. Madison Ave Suite 103,,,,Pasadena,CA,91101,,
INTL_bb543719-2,UN,2201 Charles Street    STE 103,,,,Fredericksburg,VA,22401,,
INTL_efd8abbe-c,UN,49 Turnpike Square,,,,Milford,CT,06460,,
INTL_f57b624f-7,UN,"1171 Murrieta Blvd., Ste. 100",,,,Livermore,CA,94550,,
INTL_b574f895-d,UN,181 Shunpike Rd Ste B,,,,Cromwell,CT,06416,,
INTL_f63c938a-4,UN,3311 Unicorn Lake Blvd Suite 181,,,,Denton,TX,76210,,
INTL_926f835c-e,UN,"10564 N. Main Street, Suite E",,,,Archdale,NC,27263,,
INTL_f772fbcd-b,UN,2964 Ewalu Street Ste 1,,,,Lihue,HI,96766,,
INTL_3b2a8b4b-b,UN,611 Stevens Drive,,,,Wausau,WI,54401,,
INTL_21078695-7,UN,N2577 Plaza Rd,,,,Wautoma,WI,54982,,
INTL_1b1859e7-1,UN,9205 N Union Blvd Suite 110,,,,Co Spgs,CO,80920,,
INTL_63a9c94a-0,UN,4088 E. I-H 20 Service Road,,,,Willow Park,TX,76087,,
INTL_485d1d7d-0,UN,610 S Americana Blvd,,,,Boise,ID,83702,,
INTL_ca7df212-b,UN,101 Middlesex Turnpike Suite 8,,,,Burlington,MA,01803,,
INTL_3a4fd382-9,UN,820 West Main Street,,,,Hamilton,MT,59840,,
INTL_2b45f0d6-3,UN,16 Mix Avenue,,,,Towanda,PA,18848,,
INTL_b80675cd-f,UN,1175 S Arizona AVE,,,,Chandler,AZ,85286,,
INTL_cb693fab-6,UN,610 W Main Street,,,,Alma,NE,68920,,
INTL_ad7d94b9-2,UN,1033 East Mt. Pleasant Suite B,,,,Evansville,IN,47725,,
INTL_7765a1f2-1,UN,1905 Abbot Rd Suite 1,,,,East Lansing,MI,48823,,
INTL_3eede81f-9,UN,3464 Camino Tassajara,,,,Danvlle,CA,94506,,
INTL_1a662a0f-d,UN,"51 Sherman Hill Road, A101",,,,Woodbury,CT,06798,,
INTL_11db1fdd-d,UN,401 East Main Street,,,,Henderson,TN,38340,,
INTL_24dfb1e2-3,UN,1555 Sw Hwy 97 Suite C,,,,Madras,OR,97741,,
INTL_5d6c6e4d-8,UN,3225 Williams Parkway Sw Suite 1,,,,Cedar Rapids,IA,52404,,
INTL_203ac80f-d,UN,"2222 E Street, Suite 1",,,,Bakersfield,CA,93301,,
INTL_2ccec628-5,UN,253 Hwy 515 E Bldg C,,,,Blairsville,GA,30512,,
INTL_8a78bf5a-4,UN,2300 NE Broadway,,,,Portland,OR,97232,,
INTL_ca2a079b-7,UN,1517 Sw Marlow Ave,,,,Portland,OR,97225,,
INTL_a75c2007-d,UN,1030 West I Street,,,,Los Banos,CA,93635,,
INTL_2ee92fb2-1,UN,5620 East Broadway Road Suite 101,,,,Mesa,AZ,85206,,
INTL_a53f21b3-8,UN,3120 Karnes Rd. Suite A,,,,St Joseph,MO,64506,,
INTL_c6592a49-2,UN,320 S. Madison Avenue,,,,Aurora,MO,65605,,
INTL_701a0f77-7,UN,29890 Town Center Loop W Ste E,,,,Wilsonville,OR,97070,,
INTL_5f04dca9-6,UN,12370 Hesperia Rd Ste 11,,,,Victorville,CA,92395,,
INTL_14a0ec6b-9,UN,500 Tamal Plaza 503,,,,Corte Madera,CA,94925,,
INTL_e11cda02-0,UN,600 West Pine St.,,,,Hattiesburg,MS,39401,,
INTL_69546531-f,UN,423 South Main St.,,,,Providence,RI,02903,,
INTL_ba1fa980-d,UN,270 North Broad St.,,,,Carlinville,IL,62626,,
INTL_e708939e-a,UN,112 22nd Ave S,,,,Brookings,SD,57006,,
INTL_66d7fe63-0,UN,"211 North Harrison St., Suite C",,,,Princeton,NJ,08540,,
INTL_f8ccd04b-b,UN,1673 Branham Lane,,,,San Jose,CA,95118,,
INTL_93c54cc2-e,UN,715 Morton St.,,,,Paris,TN,38242,,
INTL_21b29171-b,UN,Drs Bidlack and Karcher 1183 Westwood Dr.,,,,Van Wert,OH,45891,,
INTL_8f7dec5d-e,UN,1817 Hamilton Avenue,,,,San Jose,CA,95125,,
INTL_7f1ce15d-7,UN,7290 Hanover Green Drive,,,,Mechanicsville,VA,23111,,
INTL_437c53b4-6,UN,115 W Valentine,,,,Glendive,MT,59330,,
INTL_8f2a57e1-0,UN,3162 Campus Dr.,,,,San Mateo,CA,94403,,
INTL_cdda35c4-9,UN,272 Main Street,,,,Harleysville,PA,19438,,
INTL_cfc692ea-8,UN,"1214 Reynolda Rd, Suite A",,,,Winston Salem,NC,27104,,
INTL_29bd17c0-0,UN,"3801 W. 15Th Street Building A, Suite 110",,,,Plano,TX,75075,,
INTL_440128ed-9,UN,401 N Buffalo Dr Suite 205,,,,Las Vegas,NV,89145,,
INTL_4ac5ff89-b,UN,2286 E Main Street,,,,Bexley,OH,43209,,
INTL_f94d9cef-1,UN,3041 S Kimbrough Ave,,,,Springfield,MO,65807,,
INTL_85b6e86b-5,UN,7310 Esquire Ct. Suite 3,,,,Elkridge,MD,21075,,
INTL_1d1b1aa3-b,UN,3417B Hwy 5,,,,Douglasville,GA,30135,,
INTL_8c8271ce-e,UN,5502 Broadway Blvd,,,,Garland,TX,75043,,
INTL_d9cf85b0-b,UN,395 N West Street Suite B,,,,Westerville,OH,43082,,
INTL_7f220704-6,UN,1003 Harrison  Ave. Suite 100,,,,Harrison,OH,45030,,
INTL_1ba3d400-8,UN,12598 Fairview Ave Suite 103,,,,Boise,ID,83713,,
INTL_7ce35e4d-4,UN,366 Dixie Highway,,,,Chicago Heights,IL,60411,,
INTL_46f3f674-3,UN,854 Ridgewood Drive,,,,Berea,KY,40403,,
INTL_70e95a34-c,UN,3401 Golden Triangle Blvd STE 121,,,,Ft Worth,TX,76177,,
INTL_35358299-f,UN,50 Valley Street,,,,Lewistown,PA,17044,,
INTL_890f916a-f,UN,3265 S. M-129,,,,Sault Sainte Marie,MI,49783,,
INTL_a1a638d2-6,UN,517 Lincolnway East,,,,Mishawaka,IN,46544,,
INTL_66a1b5c7-f,UN,2001 Loy Lake Rd. Suite A,,,,Sherman,TX,75090,,
INTL_4c3fae18-a,UN,"15725 Hawthorne Blvd., Suite 100",,,,Lawndale,CA,90260,,
INTL_54854553-2,UN,2829 Great Northern Loop Ste 100,,,,Missoula,MT,59808,,
INTL_9ae7e4a9-1,UN,6209 West 95th Street,,,,Oak Lawn,IL,60453,,
INTL_758235a8-a,UN,303 Harris Industrial Blvd. Suite 7,,,,Vidalia,GA,30474,,
INTL_3edad5da-9,UN,"Irving Edelsberg Od,3331 Sunset Avenue",,,,Ocean Township,NJ,07712,,
INTL_15708e3a-9,UN,1055 E Brokaw Rd Ste 50,,,,San Jose,CA,95131,,
INTL_1822d0a6-0,UN,203A Ridgewater Drive,,,,Polson,MT,59860,,
INTL_1863d446-c,UN,1508 Sioux Drive,,,,Marion,IL,62959,,
INTL_d63dc5f4-b,UN,1220 W Higgins  Suite 102,,,,Hoffman Estates,IL,60169,,
INTL_3f7725f1-2,UN,"7200 South Penn Avenue, Suite D",,,,Oklahoma City,OK,73159,,
INTL_b5231e0b-0,UN,14617 Lawyers Road Suite A,,,,Matthews,NC,28104,,
INTL_2ea14259-c,UN,2338 N Clark Street,,,,Chicago,IL,60614,,
INTL_c56f2e31-0,UN,802 North Campus Drive,,,,Garden City,KS,67846,,
INTL_cc885b7c-3,UN,8319 Embassy Blvd.,,,,Port Richey,FL,34668,,
INTL_2e48892c-9,UN,"8907 Wilshire Blvd, Floor 3",,,,Beverly Hills,CA,90211,,
INTL_0d3f4c11-0,CA,9350 Yonge St. (Hillcrest Mall),,,,Richmond Hill,ON,L4C 5G2,,
INTL_0107a225-d,UN,10709  South Walton Road,,,,La Grande,OR,97850,,
INTL_10f84d39-1,UN,1341 West Main Street,,,,Lake City,IA,51449,,
INTL_cca555ae-2,UN,714 N Canyon St,,,,Carlsbad,NM,88220,,
INTL_368c9456-f,UN,439 Channel Road #103,,,,Lake Wylie,SC,29710,,
INTL_e5c86904-6,UN,606 20th Street South,,,,Brookings,SD,57006,,
INTL_4bdd7bcf-b,UN,5601 Washington Avenue,,,,Houston,TX,77007,,
INTL_3370bdbd-0,UN,6828 Stonebrook Parkway Suite 200,,,,Frisco,TX,75034,,
INTL_efbad6ec-4,UN,515 N 17th Ave,,,,Wausau,WI,54401,,
INTL_9293c3b0-4,UN,171 East 84th Street,,,,New York,NY,10028,,
INTL_b52fb7c8-e,UN,274 Calle Convento,,,,San Juan,PR,00912,,
INTL_03d5ddc9-a,UN,1701 N Stockton Hill Rd STE D,,,,Kingman,AZ,86401,,
INTL_b78197e2-4,UN,55 Broad Street,,,,Pawtucket,RI,02860,,
INTL_abd09b53-7,UN,75 166 KALANI ST 102,,,,Kailua Kona,HI,96740,,
INTL_16522b80-a,UN,1005 N. 6Th St,,,,Blytheville,AR,72315,,
INTL_57afcdb6-8,UN,2323 N Ohio,,,,Augusta,KS,67010,,
INTL_d9f0afc8-9,UN,1880 S. Norfolk St,,,,San Mateo,CA,94403,,
INTL_4a38c299-b,UN,1116 E Westview Ct Suite A,,,,Spokane,WA,99218,,
INTL_48e64166-6,UN,411 State Route 34 ; Ste. 515,,,,Colts Neck,NJ,07722,,
INTL_ffac405b-1,UN,2601 20th Street,,,,Slayton,MN,56172,,
INTL_90d57b4a-2,UN,835 Paoli Pike,,,,West Chester,PA,19380,,
INTL_78e906a8-d,UN,2534 Berryessa Road,,,,San Jose,CA,95132,,
INTL_95fa6f60-3,UN,"844 West Nye Lane, Suite 104",,,,Carson City,NV,89703,,
INTL_5310a7d9-3,UN,112 W. 1st St,,,,Cloverdale,CA,95425,,
INTL_48551eba-4,UN,321 MAIN STREET,,,,ORLANDO,FL,32817,,
INTL_a28f27d4-9,UN,123 Main Street,,,,orlando,FL,32765,,
INTL_95d6ad1e-c,UN,,,,,Tampa,FL,33629,,
INTL_424941b0-b,UN,32125 Hollingsworth Ave Ste 200,,,,Warren,MI,48092,,
INTL_6e4df5d8-3,UN,2180 Satellite Bvld,,,,Duluth,GA,30097,,
INTL_dec33828-e,UN,254 Lueilwitz Lodge,,,,Larsonport,CA,40378-1800,,
INTL_c05e2428-f,UN,254 Lueilwitz Lodge,,,,Larsonport,CA,40378-1800,,
INTL_869c460e-d,UN,"1245 Whitehorse Mercerville Road, Suite 423",,,,Hamilton,NJ,08619-3838,,
INTL_4974e89f-9,UN,,,,,,,,,
INTL_31bb58bb-c,UN,27483 Dequindre Rd,,,,Madison Heights,MI,48071,,
INTL_8158924c-9,UN,2605 North Lebanon Street,,,,Lebanon,IN,46052,,
INTL_e841c06b-3,UN,100 5TH ST NE,,,,ALICEVILLE,AL,35442-2200,,
INTL_3c1501d0-a,UN,2180 Main St.,,,,Wailuku,HI,96793,,
INTL_05bd14d8-2,UN,4725 Mobile Highway,,,,Montgomery,AL,36108,,
INTL_61c194ea-b,UN,27483 Dequindre,,,,Madison Heights,MI,48071,,
INTL_4b97718f-0,UN,,,,,,,,,
INTL_0884158c-b,UN,123 E CAPITOL ST,,,,DEMOPOLIS,AL,36732-2218,,
INTL_42d33bde-0,UN,7223 Engle Road,,,,Fort Wayne,IN,46807,,
INTL_ab30faf6-b,UN,648 S Walker St,,,,Bloomington,IN,47403-2158,,
INTL_2bc4c1b7-1,UN,4306 E STATE BLVD,,,,FORT WAYNE,IN,46815-6915,,
INTL_823e88dd-5,UN,,,,,,,,,
INTL_e7567e60-1,UN,1015 N ELM ST,,,,HENDERSON,KY,42420-2712,,
INTL_0a433753-9,UN,P.O. Box 622,,,,Gardendale,AL,35071,,
INTL_51ca12ec-e,UN,1100 Southfield Drive,,,,Plainfield,IN,46168,,
INTL_65920b27-d,UN,P.O. Box 622,,,,Gardendale,AL,35071,,
INTL_b73b0fc6-f,UN,"1 Layfair Drive, Suite 120",,,,Flowood,MS,39232,,
INTL_420de95f-2,UN,32255 Northwestern Hwy,,,,Farmington Hills,MI,48334-1566,,
INTL_569e1703-9,UN,,,,,,,,,
INTL_387870ff-9,UN,,,,,,,,,
INTL_50935b94-d,UN,,,,,,IN,,,
INTL_046d6bfd-9,UN,4300 W MAIN ST,,,,DOTHAN,AL,36305-1054,,
INTL_9fdfbefe-2,UN,P. O. Box 240128,,,,Montgomery,AL,36124-0128,,
INTL_23f8d87f-0,UN,,,,,,,,,
INTL_efdc48a4-7,UN,126 HOSPITAL AVE,,,,OZARK,AL,36360-2018,,
INTL_9bedd484-f,UN,1215 Hadley Road Suite 101,,,,Indianapolis,IN,46158,,
INTL_ab029de1-c,UN,"3950 S. Rochester Rd, Suite 12",,,,Rochester Hills,MI,48307,,
INTL_93795282-6,UN,3060 Mitchellville Rd,,,,Bowie,MD,20716,,
INTL_c6ce5c5c-1,UN,3400 East Coliseum Blvd.,,,,Fort Wayne,IN,46805,,
INTL_89eb35d0-6,UN,,,,,,,,,
INTL_eacb6029-c,UN,,,,,,,,,
INTL_3b3d7259-1,UN,1612 HIGHWAY 78 EAST,,,,OXFORD,AL,36203,,
INTL_fa9f7f9a-1,UN,925 West Birch Street,,,,Glenrock,WY,82637,,
INTL_f611cc9b-8,UN,,,,,,,,,
INTL_dab35a27-9,UN,1385 E 12 Mile Rd #100,,,,Madison Heights,MI,48071-2618,,
INTL_e61218be-9,UN,701 E Countyline Rd,,,,Greenwood,IN,46143,,
INTL_c0b52b32-a,UN,2304 GATEWAY DR STE B,,,,OPELIKA,AL,36801-7273,,
INTL_703b1b96-e,UN,,,,,,,,,
INTL_04ca694c-8,UN,,,,,,,,,
INTL_aaee935d-4,UN,,,,,,,,,
INTL_feeb6e37-6,UN,9350 E 35th St N,,,,Wichita,KS,67226,,
INTL_3c3f44a1-c,UN,,,,,,,,,
INTL_93dcd438-c,UN,3702 South 4th Street,,,,Terre Haute,IN,47802,,
INTL_f1231e76-1,UN,,,,,,,,,
INTL_5b7c535c-f,UN,,,,,,,,,
INTL_ba10196b-1,UN,,,,,,,,,
INTL_20c5b1e1-b,UN,,,,,,,,,
INTL_ed279817-e,UN,709 Clay Street,,,,Fort Wayne,IN,46802,,
INTL_7fb970ae-1,UN,420 LOWELL DR,,,,HUNTSVILLE,AL,35801-3762,,
INTL_a4bc88ce-f,UN,3030 Lake Ave,,,,Fort Wayne,IN,46805,,
INTL_8472d49a-a,UN,32255 Northwestern Highway,,,,Farmington Hills,MI,,,
INTL_66ea8832-6,UN,804 CRAWFORD ST,,,,TUSKEGEE,AL,36083-7262,,
INTL_baa2edd2-e,UN,203 W LEE ST,,,,TUSKEGEE,AL,36083-1719,,
INTL_7fddbe96-4,UN,,,,,,,,,
INTL_14c9c406-4,UN,"3100 S. Tamiami Trail, Suite B",,,,Sarasota,FL,34239,,
INTL_630ecd61-2,UN,49 Cleveland St,,,,Crossville,TN,38555,,
INTL_f3055916-a,UN,,,,,,,,,
INTL_0e8b4412-4,UN,1217 S. East Ave,,,,Sarasota,FL,34239,,
INTL_362978f5-a,UN,3755 Carmia Dr,,,,Atlanta,GA,30331,,
INTL_619c04ba-9,UN,300 N COLLEGE ST,,,,GREENVILLE,AL,36037-2025,,
INTL_e96036bf-1,UN,1810 Stadium Drive,,,,Phenix City,AL,36867,,
INTL_d11e2b1e-7,UN,4300 W MAIN ST,,,,DOTHAN,AL,36305-1054,,
INTL_a265dc2b-a,UN,,,,,,,,,
INTL_dc62cf1b-6,UN,17501 Generations Drive,,,,South Bend,IN,46635-1589,,
INTL_7703e153-7,UN,,,,,,,,,
INTL_5c68eb8a-4,UN,6101 Yellowstone Rd. Suite 210,,,,Cheyenne,WY,82002,,
INTL_9931d410-9,UN,3577 West 13 Mile Rd.,,,,Royal Oak,MI,48073,,
INTL_599eb7c6-8,UN,,,,,,,,,
INTL_061d64da-1,UN,1716 TEMPLE AVE N,,,,FAYETTE,AL,35555-1309,,
INTL_32d9e873-a,UN,,,,,,,,,
INTL_cfc9d0b6-b,UN,6119 West Jefferson Blvd,,,,Fort Wayne,IN,46804,,
INTL_43977ec1-a,UN,,,,,,,,,
INTL_63ccddd5-0,UN,906 North Main Street,,,,Arlington,OH,45814,,
INTL_d7893085-c,UN,220 HOSPITAL DR,,,,JACKSON,AL,36545-2459,,
INTL_680d1f1c-f,UN,,,,,,,,,
INTL_e84b1d7a-a,UN,7956 West Jefferson Blvd.,,,,Fort Wayne,IN,46804,,
INTL_ff738a1b-b,UN,"340 College Street, Suite 600",,,,"Toronto, Ontario",,M5T 3A9,,
INTL_78f3ec3f-d,UN,,,,,,,,,
INTL_b541e173-0,UN,6994 WINTON BLOUNT BLVD,,,,MONTGOMERY,AL,36117-3556,,
INTL_91b4b75e-2,UN,901 MEDICAL CENTER PKWY,,,,SELMA,AL,36701-6746,,
INTL_270fcfa5-9,UN,1131 LEIGHTON AVE,,,,ANNISTON,AL,36207-4610,,
INTL_f243ab6c-b,UN,,,,,,,,,
INTL_a8b2aee7-6,UN,7910 West Jefferson Blvd,,,,Fort Wayne,IN,46804,,
INTL_4062fd19-b,UN,3010 15th Avenue South,,,,Great Falls,MT,59405,,
INTL_273addc4-d,UN,2260 Executive Drive,,,,LEXINGTON,KY,40505,,
INTL_165ff2a8-c,UN,425 Pine Ridge Blvd,,,,WAUSAU,WI,54401,,
INTL_93c3ce76-d,UN,4750 President George Bush Hwy,,,,Sachse,TX,75048,,
INTL_c21fb9b6-c,UN,Area De Centro Medico Monacillos,,,,Rio Piedras,PR,00935,,
INTL_3224625d-4,UN,1215 Court Street,,,,Seguin,TX,78155,,
INTL_e66668dc-7,UN,1600 South 20th Ave,,,,Safford,AZ,85546,,
INTL_b3b1ddd5-9,UN,,,,,Redlands,CA,,,
INTL_07d49239-7,UN,600 East First Street,,,,Spring Valley,IL,61362,,
INTL_f1cf944e-b,UN,817 Commercial St,,,,Leavenworth,WA,98826,,
INTL_5edb4d25-3,UN,6800 State Route 162,,,,Maryville,IL,62062,,
INTL_89fa6dad-3,UN,204 Hospital Avenue,,,,Dubois,PA,,,
INTL_94fc5018-e,UN,1710 South 70th Street,,,,Lincoln,NE,68506,,
INTL_94ff1862-7,UN,100 Woman's Way,,,,Baton Rouge,LA,70817,,
INTL_cea15d21-e,UN,2018 W Clinch Avenue,,,,Knoxville,TN,37916,,
INTL_5e0079dc-e,UN,11 Whitehall Road,,,,Rochester,NH,03867,,
INTL_26cfab26-a,UN,"Km 39.5 Road 2, Call Box 7001",,,,Vega Baja,PR,00694,,
INTL_525d3ba0-c,UN,215 Chisholm Trail,,,,Jacksboro,TX,76458,,
INTL_d93ded76-2,UN,Carr 2,,,,San German,PR,00683,,
INTL_dc31392d-c,UN,1 Meditech Circle,,,,Westwood,MA,,,
INTL_c91d5c91-6,UN,1313 East Thirty-Second Street,,,,Silver City,NM,88061,,
INTL_e94a7e4e-c,UN,510 East Carthage,,,,Meade,KS,67864,,
INTL_f1f305bd-0,UN,1600 North Second Street,,,,Clinton,MO,64735,,
INTL_8454b7f4-f,UN,917 Tito Castro Avenue,,,,Ponce,PR,07336,,
INTL_669011f7-b,CA,3045 Baseline Rd,,,,Nepean,ON,K2H 8P4,,
INTL_2d01d07b-c,UN,4000 Meridian Boulevard,,,,Franklin,TN,37067,,
INTL_ef574638-7,UN,46 Fairview Avenue,,,,Skowhegan,ME,04976,,
INTL_56664d24-6,UN,3333 West 9000 South,,,,West Jordan,UT,,,
INTL_4b40cad0-0,UN,1111 Hayes Avenue,,,,Sandusky,OH,44870,,
INTL_1adc99c9-e,UN,330 Seven Springs Way,,,,Brentwood,TN,37027,,
INTL_4ba817f1-a,UN,101 Dates Drive,,,,Ithaca,NY,14850,,
INTL_d38fa6f5-9,UN,3100 Channel Dr,Suite 300,,,Juneau,AK,99801,,
INTL_50b34767-5,UN,960 Highway 71 N,,,,De Queen,AR,71832,,
INTL_e73ec333-3,UN,1401 South Park Street,,,,El Dorado Springs,MO,64744,,
INTL_c35d9006-5,UN,200 East State Street,,,,Alliance,OH,44601,,
INTL_8254963e-b,UN,600 Ranch Road,,,,Reedsport,OR,97467,,
INTL_d3a11d85-4,UN,"4605 MacCorkle Avenue, SW",,,,South Charleston,WV,,,
INTL_878f894a-0,UN,106 Blanca Avenue,,,,Alamosa,CO,81101,,
INTL_a3a58d2c-2,UN,20 University Road Suite 700,,,,Cambridge,MA,02138,,
INTL_890e82ee-b,UN,1411 Denver Avenue,,,,Dalhart,TX,79022,,
INTL_56d2f574-c,UN,830 Rockford Street,,,,Mount Airy,NC,27030,,
INTL_ea9c4d4b-d,UN,850 West Irving Park Road,,,,Chicago,IL,60613,,
INTL_45564860-0,UN,427 Highway 51 North,,,,Brookhaven,MS,39601,,
INTL_596b94f6-1,UN,1201 West 12th Avenue,,,,Emporia,KS,66801,,
INTL_199c4f35-b,UN,3300 East Guasti Road,,,,Ontario,CA,91761,,
INTL_7a3d59f6-b,UN,225 S Bluff St,,,,Winnebago,NE,68071,,
INTL_e1136e12-5,UN,255 East Bonita Avenue,,,,Pomona,CA,91769-6001,,
INTL_50e23f9f-6,UN,1025 Garner Field Road,,,,Uvalde,TX,78801,,
INTL_4432573b-3,UN,10201 Highway 16 North,,,,Comanche,TX,76442,,
INTL_e31f1c10-f,UN,417 W. Third Avenue,,,,ALBANY,GA,31706-3770,,
INTL_e7bb2fa1-d,UN,607 Beaman Street,,,,Clinton,NC,28328,,
INTL_dc2631e0-f,UN,8200 East Thorn,,,,WICHITA,KS,67226,,
INTL_15c20a8f-c,UN,311 South Clark Street,,,,Carroll,IA,51401,,
INTL_e843485d-5,UN,130 Division Street,,,,Derby,CT,06418,,
INTL_c30f3730-f,UN,475 West River Woods Parkway,,,,Glendale,WI,53212,,
INTL_a579a375-c,UN,106 Bow Street,,,,Elkton,MD,21921,,
INTL_5cfc324e-b,UN,1190 Waianuenue Avenue,,,,Hilo,HI,96720,,
INTL_554c06aa-d,UN,100 Kenyon Avenue,,,,Wakefield,RI,02879,,
INTL_c30a9edd-2,UN,1120 North Melvin Street,,,,Gibson City,IL,60936,,
INTL_a909d93a-3,UN,"10105 Park Rowe Circle, 1st and 2nd floor",,,,Baton Rouge,LA,70810,,
INTL_62c18d9a-6,UN,575 Beech Street,,,,Holyoke,MA,01040,,
INTL_5e9f195f-6,UN,"14000 Quail Springs Pkwy, Ste 400",,,,Oklahoma City,OK,73134,,
INTL_ac30e3d8-7,UN,509 Biltmore Ave,,,,ASHEVILLE,NC,28801,,
INTL_62222c65-1,UN,621 Third Street South,,,,Glasgow,MT,59230,,
INTL_7c82629e-7,UN,1000 Technology Drive,,,,Fairmont,WV,26554,,
INTL_a998f19f-1,UN,1761 Beall Avenue,,,,Wooster,OH,44691,,
INTL_d6f8fa8d-e,UN,2351 G Road,,,,Grand Junction,CO,81505,,
INTL_36917ef3-6,UN,101 North Main Street,,,,Coupeville,WA,98239,,
INTL_9eac636f-a,UN,4000 Cambridge Street,,,,Kansas City,KS,66160,,
INTL_a321a679-b,UN,1800 South Renaissance Boulevard,,,,Edmond,OK,73013,,
INTL_e01fd876-f,UN,3300 Healthplex Parkway,,,,Norman,OK,73071,,
INTL_05381ce4-0,UN,155 Wellness Way,,,,State College,PA,16803,,
INTL_603b3b23-c,UN,1045 West Stephenson Street,,,,Freeport,IL,61032,,
INTL_f7057338-7,UN,2875 West 19th Street,,,,Chicago,IL,60623,,
INTL_6125576f-0,UN,5900 Bond Avenue,,,,Cahokia Heights,IL,62207,,
INTL_2a117d72-2,CA,9355 Leslie Street,,,,Richmond Hills,ON,L4B 3B6,,
INTL_740e6e94-e,UN,450 West Williams Way,,,,Moab,UT,84532,,
INTL_d91b0da7-b,UN,501 Airport Road,,,,Rifle,CO,81650,,
INTL_046cda69-9,UN,500 Osborn Boulevard,,,,Sault Saint Marie,MI,49783,,
INTL_0f28699b-e,UN,1500 South Main Street,,,,Eaton Rapids,MI,48827,,
INTL_cef232db-f,UN,133 Fairfield Street,,,,Saint Albans,VT,05478,,
INTL_29c0fba8-c,UN,2000 North Avenue,,,,Northfield,MN,55057,,
INTL_797055d6-5,UN,5401 Paulsen Street,,,,Savannah,GA,31405,,
INTL_da414e94-4,UN,111 South Fifth Street,,,,Douglas,WY,82633,,
INTL_535f0de1-1,UN,800 Raven Hill Drive,,,,Atchison,KS,66002,,
INTL_356d34dc-3,UN,510 North Green Street,,,,Valentine,NE,69201,,
INTL_2bc69a16-e,UN,1902 South US Highway 59,,,,Parsons,KS,67357,,
INTL_9a65dda1-5,UN,1475 FM 1960 East Bypass,,,,Humble,TX,77338,,
INTL_f0c4be91-f,UN,2213 Ponce By Pass,,,,Ponce,PR,00717,,
INTL_17bea7c9-8,UN,400 South Santa Fe Avenue,,,,Salina,KS,67401,,
INTL_8ad56eaa-7,UN,600 South Pine Street,,,,DeRidder,LA,70634,,
INTL_b50d8c98-5,UN,"State Road 349, Cerro Las Mesas",,,,Mayaguez,PR,00681,,
INTL_dfdbe1f8-6,UN,3366 Northwest Expressway,,,,Oklahoma City,OK,73112-9756,,
INTL_fe7165b5-2,UN,1400 West Main Street,,,,Bellevue,OH,44811,,
INTL_6317f08a-2,UN,401 Matthew Street,,,,Marietta,OH,45750,,
INTL_2862aa1e-9,UN,425 Woodbury Turnersville Road,,,,Blackwood,NJ,08012,,
INTL_280cbffb-7,UN,303 North Jackson Street,,,,Morrison,IL,61270,,
INTL_d2578413-7,UN,300 North Columbia,,,,Seward,NE,68434,,
INTL_961deed0-5,UN,1500 North Oakland Avenue,,,,Bolivar,MO,65613-3099,,
INTL_0d05ceeb-6,UN,4023 Reas Lane,,,,New Albany,IN,47150,,
INTL_36b13589-7,UN,680 South Fourth Street,,,,Louisville,KY,40202,,
INTL_db559407-f,UN,100 South Raymond Avenue,,,,Alhambra,CA,91801,,
INTL_da168b0f-6,UN,317 Western Blvd,,,,Jacksonville,NC,28546,,
INTL_b3658b78-8,UN,3214 E. Race Ave.,,,,SEARCY,AR,72143,,
INTL_390e2dbd-e,UN,801 North State Street,,,,Greenfield,IN,46140,,
INTL_61e4658d-0,UN,10 Fourth Avenue Southeast,,,,Glenwood,MN,56334,,
INTL_8b1a59f3-0,UN,5515 Peach Street,,,,ERIE,PA,16509,,
INTL_856f7848-5,UN,122 Twelfth Street,,,,Princeton,WV,24740,,
INTL_95e7f8ca-b,UN,809 University Boulevard East,,,,Tuscaloosa,AL,35401,,
INTL_88200cda-9,UN,1364 Clifton Rd NE,,,,ATLANTA,GA,30322,,
INTL_2b41e603-9,UN,6300 Main Street,,,,Zachary,LA,70791,,
INTL_49c6c313-e,UN,7630 Southern Blvd,,,,Boardman,OH,44512,,
INTL_d6b662f1-2,UN,One Park Plaza,,,,Nashville,TN,,,
INTL_e1444607-c,UN,801 Bedell Avenue,,,,Del Rio,TX,78840,,
INTL_98b6a27c-f,UN,1305 Highway 6 & 34,,,,Cambridge,NE,69022,,
INTL_78b1e67f-e,UN,147 N. Brent Street,,,,Ventura,CA,93003,,
INTL_8073a3b9-0,UN,1200 Centre Street,,,,Boston,MA,02131,,
INTL_a0eaa793-a,UN,1200 East Pecan St,,,,Altus,OK,73521,,
INTL_de3615a0-9,UN,301 Cedar Street,,,,Orofino,ID,83544,,
INTL_9f623454-9,UN,600 Medical Center Drive,,,,Newton,KS,67114,,
INTL_647eff1e-8,UN,95 Bradhurst Avenue,,,,Valhalla,NY,10595,,
INTL_4894338f-2,UN,"1900 N Pearl Street, Suite 2400",,,,Dallas,TX,75201,,
INTL_a4487c4e-8,UN,2451 Intelliplex Drive,,,,Shelbyville,IN,46176,,
INTL_f45462eb-4,UN,6800 Northwest 39th Expressway,,,,Bethany,OK,73008,,
INTL_b5bda53f-8,UN,1012 S 3rd Street,,,,Dayton,WA,99328,,
INTL_75fdbc08-f,UN,4600 Edmundson Rd,,,,Saint Louis,MO,63134-3806,,
INTL_044c5e29-d,UN,43 New Scotland Avenue,,,,Albany,NY,12208,,
INTL_9329157f-2,UN,465 West Putnam Avenue,,,,Porterville,CA,93257,,
INTL_f3586b2b-e,UN,3269 Stockton Hill Road,,,,Kingman,AZ,86409,,
INTL_05d28a9c-b,UN,200 High Park Avenue,,,,Goshen,IN,46526,,
INTL_1efe6fb9-e,UN,101 Sivley Road,,,,HUNTSVILLE,AL,35801,,
INTL_6d95c84e-e,UN,7785 North State Street,,,,Lowville,NY,13367,,
INTL_b6c79770-8,CA,2175 Keele St,,,,Toronto,ON,M6M 3Z4,,
INTL_feef97d7-f,UN,955 Ribaut Road,,,,Beaufort,SC,29902,,
INTL_edeec262-f,UN,42121 United States Highway 70,,,,Portales,NM,88130,,
INTL_8c19ee33-7,UN,217 South 3rd Street,,,,Danville,KY,40422,,
INTL_0ec7c36a-c,UN,30 13th Street,,,,Havre,MT,59501,,
INTL_0a6a0280-f,UN,121 East Baker Street,,,,Indianola,MS,38751,,
INTL_ee315f59-e,UN,2600 Greenwood Road,,,,Shreveport,LA,71103,,
INTL_36758c89-c,UN,100 Pioneers Medical Center Drive,,,,Meeker,CO,81641,,
INTL_34e8fd96-a,UN,1315 Hospital Drive,,,,Saint Johnsbury,VT,05819,,
INTL_4c92c7d9-d,UN,210 West Walnut Street,,,,Canton,IL,61520,,
INTL_9f9b20d7-c,UN,5880 South Hospital Drive,,,,Globe,AZ,85501,,
INTL_f9f82d64-e,UN,1323 West Sixth,,,,Stillwater,OK,74074,,
INTL_4349afda-a,UN,330 Brookline Avenue,,,,BOSTON,MA,02215,,
INTL_8f88d145-7,UN,54 Hospital Drive,,,,Osage Beach,MO,65065,,
INTL_c0b1d61d-6,UN,100 West Main Street,,,,Springfield,OH,45502,,
INTL_10d478ad-c,UN,210 West San Bernardino Road,,,,Covina,CA,91723-1901,,
INTL_37e7944a-0,UN,120 West MacArthur,,,,SHAWNEE,OK,74804,,
INTL_f337c9e9-4,UN,700 Lawn Avenue,,,,Sellersville,PA,18960,,
INTL_924e1570-8,UN,810 Fairgrove Church Road Southeast,,,,Hickory,NC,28602,,
INTL_d12c38fa-1,UN,"14528 South Outer Forty, Suite 100",,,,CHESTERFIELD,MO,63017,,
INTL_19883b76-7,UN,1100 Kentucky Avenue,,,,West Plains,MO,65775,,
INTL_46b9a732-9,UN,14 Prospect Street,,,,Milford,MA,01757,,
INTL_34014b99-9,UN,3050 Science Park Dr.,,,,BEACHWOOD,OH,44122,,
INTL_3694f208-7,UN,10780 Santa Monica Boulevard,,,,Los Angeles,CA,90025,,
INTL_17533dc9-7,UN,27200 Calaroga Avenue,,,,Hayward,CA,94545,,
INTL_fcea9eaa-e,UN,804 22nd Avenue,,,,Kearney,NE,68845,,
INTL_f4b1def4-9,UN,110 West Sixth Street,,,,Oswego,NY,13126,,
INTL_fcb288fd-1,UN,800 Park Street,,,,Bowling Green,KY,42101,,
INTL_fa68d98b-3,UN,2302 College Avenue,,,,Conway,AR,72034,,
INTL_1b8b2730-e,UN,One Park Plaza,,,,Nashville,TN,,,
INTL_4c8d744a-3,UN,3307 Barada Street,,,,Falls City,NE,68355,,
INTL_aed26177-b,UN,606 Black River Road,,,,Georgetown,SC,29440,,
INTL_2d54000c-1,UN,3260 Hospital Drive,,,,Juneau,AK,99801,,
INTL_b9841a65-4,UN,1211 Twenty Fourth Street,,,,Anacortes,WA,98221,,
INTL_184ab1bb-b,UN,36 Klondike Road,,,,Republic,WA,99166,,
INTL_77a2c9ba-e,UN,1 General Street,,,,Lawrence,MA,01841,,
INTL_0611a5f4-5,UN,404 Jefferson Street,,,,Pella,IA,50219,,
INTL_4fd2b52e-0,UN,680 Centre Street,,,,Brockton,MA,02302,,
INTL_f8fd2c96-c,UN,400 West Seventh Street,,,,Frederick,MD,21701,,
INTL_55401d20-1,UN,1301 East Lincoln Road,,,,Idabel,OK,74745,,
INTL_50052f4b-c,UN,500 22nd Street South,,,,BIRMINGHAM,AL,35223,,
INTL_2f0bb343-3,UN,240 South Main Street,,,,Wolfeboro,NH,03894,,
INTL_1860df9b-f,UN,915 West Michigan Street,,,,Sidney,OH,45365,,
INTL_e7b50661-8,UN,444 West Lake Street,,,,Chicago,IL,60606,,
INTL_c793ba1d-e,UN,1600 South 48th Street,,,,Lincoln,NE,68506,,
INTL_0848f6d0-6,UN,1113 Sherman Street,,,,Saint Paul,NE,68873,,
INTL_43689d12-f,UN,"340 Seven Springs Way, Suite 600",,,,Brentwood,TN,37027,,
INTL_c51665cd-b,UN,1105 Sixth Street,,,,Traverse City,MI,,,
INTL_c15ead88-d,UN,Box 1379,,,,Aibonito,PR,00705,,
INTL_5e856ba9-9,UN,1211 Old Main Street,,,,Hartford,KY,42347,,
INTL_610615eb-7,UN,450 East Romie Lane,,,,Salinas,CA,93901,,
INTL_5e2ac8ca-0,CA,Suite 204-2355 Acland Road,,,,Kelowna,BC,V1X 7X9,,
INTL_0a6b3222-7,UN,400 Fourth Avenue Northwest,,,,Sleepy Eye,MN,56085,,
INTL_29b5b9fa-4,UN,4 Valley Health Plaza,,,,Paramus,NJ,07652,,
INTL_16aef0d3-d,UN,99 East State Street,,,,Gloversville,NY,12078,,
INTL_6c48c676-b,UN,21230 Dequindre Road,,,,Warren,MI,48091,,
INTL_9890e4bc-5,UN,3131 South Main Street,,,,Moultrie,GA,31768,,
INTL_beb48c4f-3,UN,1221 Highland Avenue,,,,Clarkston,WA,99403,,
INTL_555ad00a-0,UN,22 Anna Marsh Lane,,,,Brattleboro,VT,05301,,
INTL_df71069c-5,IR,Eccles Street,,,,Dublin 7,,D07 WKW8,,
INTL_8e8340e2-8,UN,Medical Center,,,,San Juan,PR,00936,,
INTL_93c96bc2-1,UN,196 North Street,,,,Geneva,NY,14456,,
INTL_c7bd6312-7,UN,252 San Jorge Street,,,,San Juan,PR,00912,,
INTL_1ddccda8-5,UN,1000 Medical Center Drive,,,,Monticello,IL,61856,,
INTL_ffb2b0a3-3,UN,602 North Acadia Road,,,,Thibodaux,LA,70301,,
INTL_d5adc7b7-d,UN,103 Medicine Way Road,,,,Peridot,AZ,85542,,
INTL_52197012-7,CA,6 Albert St,,,,Parry Sound,ON,P2A 3A4,,
INTL_60d001bf-4,UN,595 West State Street,,,,Doylestown,PA,18901,,
INTL_05f141e2-f,CA,381 Church St,,,,Markham,ON,L3P 7P3,,
INTL_810ed5c9-5,UN,,,,,Ste. Genevieve,MO,,,
INTL_b916bb09-0,UN,111 East 210th Street,,,,BRONX,NY,10467,,
INTL_f5d0b22a-6,UN,404 South Bradley Street,,,,Warren,AR,71671,,
INTL_d920329c-3,UN,100 Hospital Drive,,,,Pender,NE,68047,,
INTL_4e9fcc56-a,UN,5215 Ashe Road,,,,BAKERSFIELD,CA,93313,,
INTL_f596df22-c,UN,3333 North Webb Road,,,,Wichita,KS,67226,,
INTL_f163008a-f,UN,1805 27th Street,,,,Portsmouth,OH,45662,,
INTL_793e6a99-3,UN,2800 East Rock Haven Road,,,,Harrisonville,MO,64701,,
INTL_54bea339-7,UN,303 North Clyde Morris Blvd,,,,Daytona Beach,FL,32114-2709,,
INTL_1025e445-f,UN,958 US Highway 64 East,,,,Plymouth,NC,27962,,
INTL_78844b54-f,UN,400 South West 25th Ave,,,,Mineral Wells,TX,76067,,
INTL_c2f0e464-5,UN,302 South Wayne Street,,,,Alma,GA,31510,,
INTL_af8f81e1-3,UN,720 North Lincoln Street,,,,Greensburg,IN,47240,,
INTL_759cfa49-7,UN,333 East Second,,,,Richland Center,WI,53581,,
INTL_ec21e49f-8,UN,150 West High Street,,,,Morris,IL,60450,,
INTL_e305f88f-a,UN,20555 Victor Parkway,,,,LIVONIA,MI,48152-7018,,
INTL_ba6cea9e-4,UN,1001 Bellefontaine Avenue,,,,Lima,OH,45804,,
INTL_9c1b16b3-5,UN,"PR696, Km. 3.2, Esquina Efron Barrio Higuilar",,,,Dorado,PR,00646,,
INTL_78942437-7,UN,214 Peach Orchard Road,,,,McConnellsburg,PA,17233,,
INTL_bb79ad24-c,UN,1829 College Avenue,,,,Manhattan,KS,66502,,
INTL_81b2d99a-b,UN,1200 West Mohave Road,,,,Parker,AZ,85344,,
INTL_22f270f2-e,UN,44 South Main Street,,,,Randolph,VT,05060,,
INTL_18a6b0f7-0,UN,2520 Valley Drive,,,,Point Pleasant,WV,25550,,
INTL_b57598ff-8,UN,826 West King Street,,,,Owosso,MI,48867,,
INTL_3be2ba2c-e,UN,551 Hill Country Drive,,,,Kerrville,TX,78028,,
INTL_e05b001b-a,UN,611 Alcorn Drive,,,,Corinth,MS,38834,,
INTL_13e0d855-d,UN,1 Medical Center Drive,,,,Lebanon,NH,03756,,
INTL_c8831b11-1,UN,2605 North Lebanon Street,,,,Lebanon,IN,46052,,
INTL_a9999bd8-9,UN,P.O. Box 363027,,,,SAN JUAN,PR,00936,,
INTL_0a800385-b,UN,330 Seven Springs Way,,,,Brentwood,TN,37027,,
INTL_80345aaf-7,UN,1400 East Union Street,,,,Greenville,MS,38703,,
INTL_b0837808-c,UN,1708 West Rogers Avenue,,,,Baltimore,MD,21209,,
INTL_b830fcfc-6,UN,2 Cavendish Square,,,,London,ENG,,,
INTL_b261908f-6,UN,One Clark Bass Boulevard,,,,McAlester,OK,74501,,
INTL_b0217388-f,UN,200 Somerset Street,,,,Millinocket,ME,04462,,
INTL_6b638669-b,UN,1015 Union Street,,,,Boone,IA,50036,,
INTL_157c3e6d-6,UN,55 Lake Avenue North,,,,Worcester,MA,01655-0108,,
INTL_72f0cadc-d,UN,One Park Plaza,,,,NASHVILLE,TN,37203-1548,,
INTL_6b3253e5-3,UN,1021 Holden Street,,,,Glen Rose,TX,76043,,
INTL_f0129dd9-4,UN,185 Berry Street,,,,San Francisco,CA,94107,,
INTL_c835ff5d-d,UN,1 Park Plaza,,,,Nashville,TN,,,
INTL_d84a17d2-e,UN,1400 West Fourth Street,,,,Coffeyville,KS,67337,,
INTL_a1fe1da4-a,UN,1210 Kentucky Highway 36 East,,,,Cynthiana,KY,41031,,
INTL_69df1a83-3,UN,205 Palmer Avenue,,,,Bellefontaine,OH,43311,,
INTL_9f9c5789-d,UN,550 Concepcion Vera Ayala,,,,Moca,PR,00676,,
INTL_b099b4ce-c,UN,100 Hospital Road,,,,Prince Frederick,MD,20678,,
INTL_98294c64-3,UN,Calle Hernandez Carrion 668,,,,Manati,PR,00674,,
INTL_c0abd3f7-c,UN,200 Hospital Drive,,,,Spencer,WV,25276,,
INTL_c730bf0a-4,UN,2600 Miller Street,,,,Bethany,MO,64424,,
INTL_2838cdfd-0,UN,29101 Hospital Road,,,,Lake Arrowhead,CA,92352,,
INTL_d488f2c0-b,UN,200 Trenton Road,,,,Browns Mills,NJ,08015,,
INTL_5d9be149-7,UN,601 East 14th Street,,,,Sedalia,MO,65301,,
INTL_550e0593-c,UN,3599 University Boulevard South,,,,Jacksonville,FL,32216,,
INTL_e76ce275-d,UN,California Avenue at Fifthteenth Street,,,,CHICAGO,IL,60608,,
INTL_3121a288-9,UN,720 Hospital Drive,,,,Andrews,TX,79714,,
INTL_f30c3422-4,UN,98 Poplar Street,,,,Blackfoot,ID,83221,,
INTL_3c53dd6f-d,UN,28 Chick Street,,,,Metropolis,IL,62960,,
INTL_ed5b4667-f,UN,323 South 18th Avenue,,,,Sturgeon Bay,WI,54235,,
INTL_e540bc48-4,UN,700 17th Street,,,,Modesto,CA,95354,,
INTL_abe2f012-a,UN,222 Medical Circle Drive,,,,Morehead,KY,40351,,
INTL_a0bb099a-b,UN,315 West 15th Street,,,,Liberal,KS,67901,,
INTL_47263afc-0,UN,201 Bailey Lane,,,,Benton,IL,62812,,
INTL_ef681b41-1,UN,2621 Whisenant Drive,,,,Duncan,OK,73533,,
INTL_0cc45fb5-7,UN,4321 Carothers Parkway,,,,Franklin,TN,37067,,
INTL_42f38fb3-6,UN,401 6th Avenue,,,,Montgomery,WV,25136,,
INTL_8edae51d-6,UN,5601 South County Line Road,,,,HINSDALE,IL,60521,,
INTL_c693b9a4-2,NG,#11 Jamiu Eletu Street,Along Chresol College st  Awoyaya,,,Lekki Ajah,Lagos,23401,,
INTL_c331a88e-7,IN,"40, SOUTH USMAN ROAD",T NAGAR,,,CHENNAI,Tamil Nadu,600017,,
INTL_2230d973-1,PR,P.O. Box 2866,,,,Guayama,PR,00785,,
INTL_1198a638-0,CA,Unit 105-491 Appleby Line,,,,Burlington,Ontario,L7L 2Y1,,
INTL_c1a3a97c-c,AU,Sparrow Holistic Health,,,,Somerville,Victoria,3912,,
INTL_859f6f1f-d,CA,933 - 17 Avenue SW,Suite 500,,,Calgary,Alberta,T2T 5R6,,
INTL_c9468300-b,VI,6115 Estate Smith Bay,Box 5,,,St Thomas,VI,00802,,
INTL_8f94d656-4,KE,"Suite 306 ,Chandarana Building",Lavington,,,Nairobi,Nairobi,652-0060,,
INTL_a6a370ec-e,CA,2867 panorama drive,,,,North Vancouver,British Columbia,v7g1v7,,
INTL_ec5a369a-b,CA,51 Berwick Cres,,,,Richmond Hill,Ontario,L4C0B8,,
INTL_3b709e6e-0,PR,A6 Blvd. Cristóbal Colon,,,,Caguas,Puerto Rico,00725,,
INTL_68abd068-4,AE,API trio office towers  # 1801,Sheikh Zayed Road,,,Dubai,Dubai,92309,,
INTL_8d4fa69a-b,PR,40 Calle Georgetti,,,,Comerio,Puerto Rico,00782,,
INTL_4c176f47-5,IN,"No 630, Mini Bypass Road",Eranhipalam,,,Kozhikode,Kerala,673006,,
INTL_3f81e3c7-5,IN,601/1B 602/1B 1A Muthumalaipuram Rd,Gunaramanallur,,,Tenkasi,Tamil Nadu,627814,,
INTL_ae84a76c-0,IN,"No 33, Baliamman Koil Street",Villivakkam,,,Chennai,Tamil Nadu,600049,,
INTL_80eb37a5-a,CA,494 Veterans Dr,,,,Barrie,Ontario,L4N-9J5,,
INTL_5c9cbc14-7,IN,"Door No 2/303, Akanad,",Mudakkuzha,,,Ernakulam,Kerala,683-546,,
INTL_c44ee6e3-f,MM,181 Bo Myat Tun Street,,,,Botataung,Yangon,11161,,
INTL_b151ccf7-c,IN,"No 630, Mini Bypass Road",Eranhipalam,,,Kozhikode,Kerala,673006,,
INTL_93fa4e61-c,PR,Ave. Luis Muñoz Marín #75,,,,Cayey,Puerto Rico,00736,,
INTL_a5ca6600-a,CA,1850 Grant St,,,,Vancouver,British Columbia,V5L2Y8-V5L2,,
INTL_01dece02-0,PR,Carr # 2 km 68.8,,,,Camuy,puert rico,00627,,
INTL_a3345db8-7,IN,"7/5, car street",044 27555512,,,Maduranthakam,Tamil Nadu,603306,,
INTL_f8294456-0,IL,"54/19 Zeit Shemen Street, 7",,,,Efrat,Gush Etzion,9043500,,
INTL_47ee8e20-9,IN,"72, Nelson Manickam Road",,,,Chennai,Tamil Nadu,600029,,
INTL_b7e7e49f-7,CA,1277 Lynn Valley Rd,,,,North Vancouver,British Columbia,V7J-0A2,,
INTL_00bf3aec-5,TC,5b Leeward Highway,,,,Providenciales,none,TKCA 1ZZ-TKCA,,
INTL_74afae0e-2,JO,Al Madina Al Monawwara St,,,,Amman,Capital,11910-1191,,
INTL_31ba61bd-8,MX,Carretera Nacional 6501,La Estanzuela,,,Monterrey,Nuevo León,64988,,
INTL_e24fb9f7-7,IN,"MLCP, Estancia IT Park, GST Road,","Vallancherry Village, Chengalpattu",,,Chennai,Tamil Nadu,603202,,
INTL_b180e44e-0,IN,"No 46, GPM Street, Ambapuram",Gudiyattam,,,Vellore,Tamil Nadu,632602,,
INTL_7047ba37-1,CA,525 March Road,,,,Kanata,Ontario,K2K2P4,,
INTL_472b3292-d,PR,C-1 km 138.2 C# 3 Calle Bering,,,,Guayama,Puerto Rico,00784,,
INTL_b3fc1749-4,TC,Town Centre Mall,,,,Down Town,Providenciales,TKCA 1ZZ,,
INTL_6a594481-0,CA,50 Sumac Lane,,,,Sherwood Park,AB,T8H 0Z5,,
INTL_493579dc-3,AU,Hampton,,,,Melbourne,Victoria,3188,,
INTL_17b8d92c-9,CA,2540 Marr Creek Court,,,,West Vancouver,BC,V7S 0A3,,
INTL_aa2794f7-0,KE,"Fortis Suites, Upper Hill,",Hospital Road,,,Adams Arcade,Nairobi,21609-0,,
INTL_efa9045b-a,IN,Shollinganallur,,,,Chennai,Tamil Nadu,600119,,
INTL_b74f96a9-b,IN,"Plot no 19 and 20, Therodum Veethi",Thiruverkadu,,,Chennai,Tamil Nadu,600077,,
INTL_d0b1d2c6-f,BO,Calle Chuturubises,,,,Santa Cruz de la Sierra,Santa Cruz,UV113,,
INTL_3bc06c41-d,KE,Westside Towers 501 - (5th Floor),at Lower Kabete Roundabout,,,Nairobi,Nairobi,42273-0010,,
INTL_1af8d15b-2,MM,"No. 28, Second cross street",,,,Pleasanton,Burma,00909,,
INTL_35a19396-0,PR,Condominio San Vicente,Calle Concordia #8169,,,Ponce,Puerto Rico,00717,,
INTL_03717bac-4,PR,Quinta Del Rio,L3 Plaza 18,,,Bayamon,PR,00961-3030,,
INTL_f8813cd6-3,KY,Grand Harbour Shoppes,,,,Georgetown,Grand Cayman,11204,,
INTL_20ad4b76-4,KE,"3rd Parklands Avenue, PMC Building",,,,Nairobi,Nairobi,00100,,
INTL_ed4512d5-e,KE,"Hurlingham Park,",Argwings Kodhek road,,,Nairobi,Nairobi,19975-0202,,
INTL_55fb8657-a,CA,1087 Lacon Rd,,,,Denman Island,British Columbia,V0R 1T0,,
INTL_109355ed-9,IN,Unit of Sadaika Healthcare Pvt Ltd,Dhanvantari Ayurveda Hospital,,,Udupi,Karnataka,576104,,
INTL_23a3e612-1,KE,PANDYA MEMORIAL HOSPITAL,DOCTORS PLAZA SUITE 4,,,Mombasa,Mombasa,80100,,
INTL_024a2c58-4,JM,65 East Street,,,,Kingston,jm,00000,,
INTL_1ad1e7aa-5,PR,Po box 363824,,,,San Juan,PR,00936,,
INTL_94f22a01-6,IN,"2, Lakshmi Commercial Complex","North,  High Ground Road",,,"Palayamkottai, Tirunelveli",Tamil Nadu,627002,,
INTL_9c814675-7,IN,"No. 241-F, Brindavan Road, 4th Cros",Salem,,,Salem,Tamil Nadu,600025-025,,
INTL_ef7de535-a,IN,"M floor ,Tower Building",Estancia,,,"Chengalpattu ,Chennai",Tamil Nadu,603202-6032,,
INTL_0ea6b368-d,IN,H.No 5/84,Dhonwaddo,,,Saligao,Goa,403511,,
INTL_f11e4a46-b,AU,11 Lorikeet Lane,,,,Mullumbimby,New South Wales,2482,,
INTL_4ed570a6-b,CA,10 Honeysuckle Dr.,,,,Markham,ON,L3S4C4,,
INTL_e8657395-b,IN,"530/7,GROUND FLOOR,ROOM NO : 2","CHENGAM ROAD, THIRUVANNAMALAI",,,LICENSE NUMBER :  06/VLT/1582/20,Tamil Nadu,606603,,
INTL_5b6a7bb6-f,CO,Cell-based Therapies,,,,Pereira,Risaralda,660000,,
INTL_896a4257-8,AU,678 Victoria Street,"Level 1, Suite 13",,,Richmond,Victoria,3121,,
INTL_b71b124c-9,TH,"NICHE Health Co.,Ltd.","85 Thonglor 13, Sukhumvit 55 Road",,,"North Klongtan, Wattana",Bangkok,10110,,
INTL_de427fc8-9,IN,"Fraser Road, Patna",,,,Patna,Bihar,800001,,
INTL_7b267b5b-9,IN,"Ground Floor No. 8, Bajanaimadam St",Ellaipillaichavadi,,,Pondicherry,Puducherry,605005,,
INTL_44c6de90-d,IN,"8/11,1st Cross Street Sivagamipuram","Thiruvanmiyur, Chennai - 600041.",,,Chennai,Tamil Nadu,600041-6000,,
INTL_dae1e18b-2,MM,181 Bo Myat Tun Street,,,,Botataung,Yangon,11161,,
INTL_7ba0d860-5,IN,No 17 Sai Anandam Layout,Chandapura,,,Bangalore,Karnataka,562106,,
INTL_2ebe2ec1-a,HR,Poljicka 19,,,,Zagreb,Grad Zagreb,10000,,
INTL_16a04c20-0,IN,Vardaan Clinic and Hospital,"House No. 29, Pocket 16,",,,Delhi,Delhi,110085,,
INTL_7261e7de-a,FM,"1 Keng Rd, PBC Apartment Level 1","Suite D, Box 1246 Colonia",,,YAP,FM,96943,,
INTL_e621bd85-7,CA,194 Ferndale Dr N,,,,Barrie,ON,L4N 9W1,,
INTL_bcfb6f93-8,IN,"103, GST Road",,,,Tirunelveli,Tamil Nadu,627001,,
INTL_cb8a34d8-3,BH,Flat 31  Building 1168 Road 3831,Block 328,,,Manama,Manama,973,,
INTL_97c3c9f2-4,PR,Carr PR#2 KM 124.2 BO,,,,Aguadilla,Puerto Rico,00603,,
INTL_d2618b21-a,PR,Gastby Plaza,Suite 226,,,Caguas,Puerto Rico,00725,,
INTL_39552229-4,PR,Carretera P.R. #2 Km 18.6,Bo. Candelaria,,,Toa Baja,PR,00949,,
INTL_74b872b7-0,MX,Eugenio Sue 355,Polanco,,,Miguel Hidalgo,Distrito Federal,11560,,
INTL_e9851dd5-e,CA,1324 36 Ave NE,,,,Calgary,Alberta,T2E 8S1,,
INTL_48bece64-e,CA,518 Dalton Drive,,,,Mayne Island,BC,V0N2J2,,
INTL_3a0f2c01-0,CA,69 Clover Ridge Drive West,,,,Ajax,ON,L1S 3M3-1,,
INTL_490820f5-3,CA,#305-2730 Commercial Drive,,,,Vancouver,BC,V5L 2H4,,
INTL_4742f257-2,IN,1.1987-Maryland corner,Sion West,,,Mumbai,Andhra Pradesh,400022,,
INTL_1b1d1bf6-4,SC,Hermitage,,,,"Mahe, Seychelles",Mahe,248,,
INTL_a9aa21a6-c,MM,"174-178, BO MYAT TUN STREET",PAZUNDAUNG TSP,,,YANGON,YANGON,11171,,
INTL_c93a4a23-c,CA,2238 Dundas St W suite 215,,,,Toronto,Ontario,M6R 3A9-M6R,,
INTL_0e28b9e9-3,PR,Calle Ensenada Caparra Heigh 369,,,,San Juan,PR,00720,,
INTL_cb018e47-3,IL,"142 Ahuza Street, Raanana","36 Dam HaMacbim St, Modiin",,,*,Israel,*,,
INTL_2785c001-c,TT,5 Herbert Street,,,,St. Clair,Port - Of - Spain,000000,,
INTL_745fd6d9-d,PG,"PO Box 2206, Vision City, NCD, PNG",,,,Port Moresby,National Capital District,+675,,
INTL_cd1acebb-6,KH,253 Preah Sisowath,"Psar Kandal, Daun Penh",,,Phnom Penh,Phnum Penh,12200,,
INTL_a68cb1f3-c,IN,Sri Ragavendhra Neuro Care Pvt. Ltd,"Three Roads, Meyyanur Road",,,Salem,Tamil Nadu,636009,,
INTL_957f91de-5,IN,"Old 164 / New 28, Annasalai","Little Mount, Saidapet",,,Chennai,Tamil Nadu,600015,,
INTL_1daa47bf-5,JM,PCAL Professional Suites,67 Old Hope Road,,,Kingston 5,St. Andrew,000,,
INTL_e913daeb-d,KH,drlaim@cambocare.com,www.cambocare.com,,,"Bamboo St,  Wat Damnak,Sala Kamreuk",SIEM Reap,KH,,
INTL_f39979f2-a,CA,45 Bloomingdale Lane,,,,Vaughan,Ontario,L4L6X5,,
INTL_92b5026d-f,IE,7 Chestnut Crescent,"Castlelake, Carrigtohill",,,Cork,-----------,,,
INTL_1eb7c661-8,CA,13020 Canso Place SW,,,,Calgary,AB,T2W3B1,,
INTL_4bc21a96-e,CA,2238 Dundas St West Unit 215,,,,Toronto,Ontario,M6R 3A9,,
INTL_89e2967f-c,KY,"Unit-D3,Countryside ShoppingVillage","33 Hirst road, Savannah",,,Grand Cayman,Cayman Island,KY1-1202,,
INTL_d3ba8896-c,IN,"162/16, Mangalam Colony, 7th Avenue",Anna Nagar,,,Chennai,Tamil Nadu,600040,,
INTL_95f4f12b-2,IN,421 Arthur Street,,,,Nairobi,Haryana,600031,,
INTL_b57de05c-f,CA,155 Market street,Unit 1004,,,Hamilton,Ontario,L8R-3H5,,
INTL_01c788d5-7,IN,"#417, 4th Floor, DLF Star Tower,",Sector 30,,,Gurgaon,Haryana,122003,,
INTL_9fe19c3e-1,BH,info@biolabbh.com,"F16, B1309, R5043, Block 450",,,Manama,Bahrain,973,,
INTL_423f2966-5,PR,100 carr 842 #68,,,,San Juan,Puerto Rico,00926,,
INTL_df3d6aef-5,IN,"Plot No.357, Second Floor, ECR","Sri Kapaleeswarar Nagar,Neelankarai",,,Chennai,Tamil Nadu,600115,,
INTL_80e8d835-f,UN,570 Park Avenue,,,,East Orange,NJ,07017,,
INTL_81040ced-1,UN,36622 5 Mile Road,Suite 101,,,Livonia,MI,48154,,
INTL_93cc9133-c,UN,Address Line,,,,Amarillo,TX,79106,,
INTL_77ec4fe1-c,UN,254 Lueilwitz Lodge,,,,Larsonport,CA,40378-1800,,
INTL_35905daa-a,UN,20 24th Street,,,,Pittsburgh,PA,15201,,
INTL_aee830d3-d,37,,,,,Jacksboro,TN,37757,,
INTL_b181f23d-6,U.,"7600 Corporate Center Drive,Suite 200",,,,Miami,FL,331261219,,
INTL_49e3e722-7,Q,,,,,Merrickville,ON,00000,,
INTL_06d3847c-4,U.,"7600 Corporate Center Drive,Suite 200",,,,Miami,FL,331261219,,
INTL_38ad91ba-1,76,8840 Benbrook Blvd.,,,,Fort Worth,TX,76126,,
INTL_06ad859f-6,US,"Dept 7420,PO Box 4110",,,,Woburn,MA,018884110,,
INTL_59e4eacd-5,12,,,,,Shreveport,LA,71118,,
INTL_34427848-3,58,2055 15th Street North,,,,Saint Cloud,MN,563031758,,
INTL_33fc7472-7,AM,670 Glades Road,,,,Boca Raton,FL,334316461,,
INTL_62e2c47a-f,UN,812 Gorman Ave,,,,Elkins,WV,26241,,
INTL_62500fdd-3,UN,E. Skyline Drive,,,,Ogden,UT,84405,,
INTL_7d0369b5-3,UN,950 Matthew Dr,,,,Waynesboro,MS,39367,,
INTL_c9a4da8e-d,UN,12728 Augusta Avenue,,,,Omaha,NE,68144,,
INTL_78943504-3,UN,77 Massachusetts Ave Bldg E19432,,,,Cambridge,MA,02139,,
INTL_311abbfb-7,UN,1000 North Allen St.,,,,ROBINSON,IL,62454,,
INTL_4f3c9634-b,UN,513 Brookwood Boulevard Ste 400,,,,Birmingham,AL,35209,,
INTL_d8bec40e-f,UN,1611 Spur TX-576,,,,Rankin,TX,79778,,
INTL_02f91ed6-f,UN,1084 Ribaut Road,,,,Beaufort,SC,29902,,
INTL_95d87d2b-9,UN,"6200 Sunset Drive, Suite 303",,,,Miami,FL,33143,,
INTL_b008d32b-c,UN,PO Box 38,,,,Sacaton,AZ,85147,,
INTL_bfd35ace-a,UN,4643 Waimea Canyon Dr,,,,Waimea,HI,96796,,
INTL_78b3515d-6,UN,209 W 47th St Ste 200,,,,Kansas City,MO,64112,,
INTL_89217cd1-0,UN,823 S Parsons Ave,,,,Brandon,FL,33511,,
INTL_39c4a1d7-f,UN,"3650 S Eastern Ave, Suite 200",,,,Las Vegas,NV,89169,,
INTL_682c5bf4-d,UN,205 W 3rd St Ste 3,,,,Mountain Grove,MO,65711,,
INTL_a06af55c-f,UN,1400 East Union Street,,,,Greenville,MS,38703,,
INTL_48be34be-7,UN,"1701 North Senate Blvd P.O. Box 1367, FS 6100",,,,Indianapolis,IN,46206,,
INTL_d6b2e491-b,UN,4200 Houma Boulevard,,,,Metairie,LA,70006,,
INTL_79197d02-a,UN,401 East St,,,,Texarkana,AR,71854,,
INTL_2e1a594e-6,UN,818 N 7th St,,,,Leavenworth,KS,66048,,
INTL_f5fb191b-0,UN,20 Research Place Suite 130,,,,North Chelmsford,MA,01863,,
INTL_90bc98d8-b,UN,485 N KS Hwy 2,,,,Anthony,KS,67003,,
INTL_3ee0a8e4-3,UN,100 Medical Dr,,,,Borger,TX,79007,,
INTL_64b92098-e,UN,811 Hwy 31 E,,,,Chandler,TX,75758,,
INTL_cd3c7604-c,UN,3925 Embassy Pkwy Ste 250,,,,Akron,OH,44333,,
INTL_af3554a7-b,UN,1220 Jefferson St,,,,Laurel,MS,39440,,
INTL_931b8e79-e,UN,102 E South St,,,,Bassett,NE,68714,,
INTL_d49c0d35-3,UN,3600 Arco Corporate Drive Suite 300,,,,CHARLOTTE,NC,28273,,
INTL_bcd105ee-7,UN,502 W Highland Blvd,,,,Inverness,FL,34452,,
INTL_05a6b2e5-3,UN,"3355 Burns Rd, Suite 207",,,,Palm Beach Gardens,FL,33410,,
INTL_0947bc49-9,UN,1500 11th Street,,,,Monroe,WI,53566,,
INTL_61ea977b-9,UN,"417 Biltmore Avenue, Suite 5A",,,,Asheville,NC,28801,,
INTL_7dcaf404-d,UN,204 Medical Drive,,,,Lafayette,TN,37083,,
INTL_e1538c15-7,UN,1317 St Claire Blvd Ste A5,,,,Mission,TX,78572,,
INTL_4cea67dc-4,UN,800 Boylston St,,,,Boston,MA,02199,,
INTL_27538dcc-8,UN,1245 Westgate Parkway,,,,Dothan,AL,36303,,
INTL_85f475de-5,UN,250 W 300 N,,,,ROOSEVELT,UT,84066,,
INTL_8f7a2677-d,UN,1101 W University Dr,,,,Rochester,MI,48307,,
INTL_65cdbb23-d,UN,4102 Crosspoint Blvd,,,,Edinburg,TX,78539,,
INTL_e9647cc3-4,UN,172 SE 4th St,,,,HURON,SD,57350,,
INTL_92eb4731-b,UN,120 Park Avenue,,,,Hebron,NE,68370,,
INTL_8ea68df4-0,UN,3231 Highway 34 E Ste C,,,,Newnan,GA,30265,,
INTL_60a03e3f-b,UN,5673 Peachtree Dunwoody Rd Ste 745,,,,Atlanta,GA,30342,,
INTL_bd1ae809-7,UN,713 Oak St,,,,Sundance,WY,82729,,
INTL_d469039a-4,UN,1 McLaren Pkwy,,,,Grand Blanc,MI,48439,,
INTL_118ce089-1,UN,7141 Moon Rd.,,,,Columbus,GA,31909,,
INTL_fdf7403a-d,UN,4 Courthouse Ln,,,,Chelmsford,MA,01824,,
INTL_4385d442-5,UN,1687 E Division Street,,,,River Falls,WI,54022,,
INTL_4e8485ed-1,UN,2811 Tieton Dr,,,,Yakima,WA,98902,,
INTL_aa169083-3,UN,1214 Hospital Street,,,,Greenville,MS,38703,,
INTL_a29c10b9-d,UN,445 Hilltop St,,,,Elkhart,KS,67950,,
INTL_e9ac043d-b,UN,4021 Balmoral Drive SW,,,,Huntsville,AL,35801,,
INTL_f887bab1-7,UN,61 West Jimmie Leeds Road,,,,Pomona,NJ,08240,,
INTL_313a2f56-2,UN,1920 Atherholt Road,,,,Lynchburg,VA,24501,,
INTL_c6d116f2-3,UN,1199 Pleasant Valley Way,,,,West Orange,NJ,07052,,
INTL_d0b0e595-3,UN,211 Skyline Drive,,,,White Salmon,WA,98672,,
INTL_1a11a944-4,UN,1401 W Pawnee St,,,,Cleveland,OK,74020,,
INTL_5b19b331-3,UN,208 North Columbus Street,,,,Hicksville,OH,43526,,
INTL_5204065d-f,UN,624 Hospital Drive,,,,MOUNTAIN HOME,AR,72653,,
INTL_ed675963-d,UN,9 Hospital Dr,,,,Toms River,NJ,08755,,
INTL_7fafbeb8-c,UN,637 River Ave,,,,Lakewood,NJ,08701,,
INTL_aa0426d2-d,UN,5501 Old York Rd,,,,Philadelphia,PA,19141,,
INTL_1b4e866f-6,UN,411 Fortuyn Road,,,,Grand Coulee,WA,99133,,
INTL_747cb452-4,UN,945 E. Zero Street,,,,AINSWORTH,NE,69210,,
INTL_988150cd-3,UN,403  Burkarth Rd,,,,Warrensburg,MO,64093,,
INTL_849da8c6-1,UN,106 Rowe St,,,,Dublin,GA,31021,,
INTL_eebb9906-4,UN,1861 Powder Mill Road,,,,York,PA,17402,,
INTL_28636e1f-3,UN,75 Colonia De Salud,,,,Sierra Vista,AZ,85635,,
INTL_4754d8ae-b,UN,400 W Mineral King,,,,Visalia,CA,93291,,
INTL_786b126e-f,UN,100 Reserve Drive,,,,Danbury,CT,06810,,
INTL_7086b7b5-9,UN,1011 Leighton Ave,,,,Anniston,AL,36207,,
INTL_02243b8e-6,UN,37 E Washington Ave,,,,Atlantic Highlands,NJ,07716,,
INTL_70c6e286-5,UN,3201 1st St.,,,,Emmetsburg,IA,50536,,
INTL_81cc844a-8,UN,8815 Germantown Avenue,,,,Philadelphia,PA,19118,,
INTL_e2e0b5bf-2,UN,1890 Silver Cross Blvd Ste 450,,,,New Lenox,IL,60451,,
INTL_93a2d218-b,UN,817 Merrimack St,,,,Lowell,MA,01854,,
INTL_17d71ff9-7,UN,28780 Single Oak Dr Suite 160,,,,Temecula,CA,92590,,
INTL_6f09f36b-2,UN,900 S. Third Street,,,,McGehee,AR,71654,,
INTL_1a86245e-d,UN,3043 State Route 4,,,,Hudson Falls,NY,12839,,
INTL_5ce80bff-1,UN,902 N. 7th St.,,,,CORDELE,GA,31015,,
INTL_ec1f7a90-9,UN,584 Ridgewood Ave,,,,Glen Ridge,NJ,07028,,
INTL_3455633a-1,UN,712 S Cage Blvd,,,,Pharr,TX,78577,,
INTL_85a3f298-4,UN,8391 COMMERCE RD STE 101,,,,COMMERCE TOWNSHIP,MI,48382,,
INTL_f6f3e369-8,UN,4727 Hiawatha Ave,,,,Minneapolis,MN,55406,,
INTL_d92759d1-9,UN,510 N Elam Ave Ste 202,,,,Greensboro,NC,27403,,
INTL_5f215751-d,UN,12330 Metcalf Ave Ste 550,,,,Overland Park,KS,66213,,
INTL_f7a611f6-3,UN,1866 Buford Blvd,,,,Tallahassee,FL,32308,,
INTL_bc81793d-a,UN,4316 N. McColl,,,,McAllen,TX,78504,,
INTL_77954c37-0,UN,1800 Hollister Dr,,,,Libertyville,IL,60048,,
INTL_1934ecd2-c,UN,"8885 Rio San Diego Drive, Suite 301",,,,San Diego,CA,92108,,
INTL_04ebd1a4-9,UN,1340 West Washington Boulevard,,,,Chicago,IL,60607,,
INTL_57baf1e5-9,UN,579 Main Street,,,,Metuchen,NJ,08840,,
INTL_66bf3916-1,UN,1930 Alabama Highway 157,,,,Cullman,AL,35058,,
INTL_c0d3f17f-2,UN,201 Ridge St Ste 214,,,,Council Bluffs,IA,51503,,
INTL_e4b9036b-9,UN,1907 Atlantic Blvd,,,,Jacksonville,FL,32207,,
INTL_fc5e261b-9,UN,102 E Holme PO Box 250,,,,Norton,KS,67654,,
INTL_7f1a4ec0-d,UN,35629 Highway 72,,,,Salem,MO,65560,,
INTL_e237b5be-2,UN,1272 W Main St,,,,Newark,OH,43055,,
INTL_9a8a7600-e,UN,3155 N Union Blvd,,,,Colorado Springs,CO,80907,,
INTL_d791c249-1,UN,4401 Penn Avenue,,,,Pittsburgh,PA,15224,,
INTL_02c30a50-0,UN,"1500 Delhi Street, Suite 4200",,,,Dubuque,IA,52001,,
INTL_10d27608-3,UN,400 Maple Summit Road,,,,Jerseyville,IL,62052,,
INTL_03091f42-c,UN,1001 Beningo Lane,,,,Bay Saint Louis,MS,39520,,
INTL_689076c9-2,UN,20 Hospital Dr Suite B5,,,,Toms River,NJ,08755,,
INTL_53e2ec32-d,UN,1 Liberty Square,,,,New Britain,CT,06051,,
INTL_1e4ff8a4-2,UN,401 Cheyenne Ave,,,,Satanta,KS,67870,,
INTL_bd7f2f53-b,UN,611 Lido Park Dr Apt 4-A,,,,Newport Beach,CA,92663,,
INTL_72a8d42c-8,UN,2105 East South Blvd.,,,,Montgomery,AL,36116,,
INTL_9f6f7485-c,UN,1001 Holland Avenue,,,,PHILADELPHIA,MS,39350,,
INTL_fe7bb401-f,UN,1112 Goodlette Rd suite 202,,,,Naples,FL,34102,,
INTL_bf66b8ab-3,UN,1300 State Hwy 35,,,,Ocean,NJ,07712,,
INTL_31d34e48-0,UN,1900 W Polk St,,,,Chicago,IL,60612,,
INTL_3d910f87-c,UN,701 Tennent Rd,,,,Manalapan,NJ,07726,,
INTL_60ba8fc9-b,UN,10442 W Cermak Rd,,,,Westchester,IL,60154,,
INTL_9f573797-7,UN,3245 Henderson Drive,,,,Jacksonville,NC,28546,,
INTL_5069fcd1-f,UN,1760 COUNTY RD J,,,,WAHOO,NE,68066,,
INTL_3a6dfffd-5,UN,750 Central Avenue,,,,Dover,NH,03820,,
INTL_c94687ff-c,UN,1100 SW 57th Ave Penthouse 1,,,,Miami,FL,33144,,
INTL_45900a38-4,UN,2800 Rockcreek Pkwy,,,,Kansas City,MO,64117,,
INTL_6b638bf5-6,UN,7699 E Pinnacle Peak Rd Ste 115,,,,Scottsdale,AZ,85255,,
INTL_0e4100d1-8,UN,48 W 1500 N,,,,Nephi,UT,84648,,
INTL_5a2e884d-d,UN,1003 Willow Crk Rd,,,,Prescott,AZ,86301,,
INTL_b373fa10-9,PU,Ponce DeLeon Avenue 715,,,,San Juan,PR,00919,,
INTL_8dce217b-c,UN,"555 Tacheva Drive, Building 1 West",,,,Palm Springs,CA,92262,,
INTL_ddc65a9d-7,UN,304 Willow Ave.,,,,Honesdale,PA,18431,,
INTL_c046a62f-c,UN,607 West Main Street,,,,Grangeville,ID,83530,,
INTL_51f62951-0,UN,ComIT/Business Center,,,,VIRGINIA BEACH,VA,23456,,
INTL_25ee9aa7-b,UN,161 Riverside Dr,,,,Binghamton,NY,13905,,
INTL_7570be5f-0,UN,4315 Diplomacy Dr,,,,Anchorage,AK,99508,,
INTL_3703dcb4-2,UN,346 South Ave,,,,Fanwood,NJ,07023,,
INTL_629a77aa-d,UN,7002 Arundel Mills Circle,,,,HANOVER,MD,21076,,
INTL_93c8367c-0,UN,3366 NW Expressway Ste 650,,,,Oklahoma City,OK,73112,,
INTL_1f44d3ba-d,UN,"55 N. Gilbert St., Ste 3105",,,,Tinton Falls,NJ,07701,,
INTL_9a7a0a92-b,UN,4520 Wichers Dr Ste 202,,,,Marrero,LA,70072,,
INTL_51d15f79-2,UN,4425 North Port,,,,GLENDALE,WI,53212,,
INTL_8732630b-d,UN,1310 San Bernardino Rd,,,,Upland,CA,91786,,
INTL_fc133c47-7,UN,GLN:1100003148101 110S00000A,,,,SALT LAKE CITY,UT,84111,,
INTL_58548e59-f,UN,22 Old Short Hills Rd Ste 112,,,,Livingston,NJ,07039,,
INTL_cb0eead0-5,UN,295 Varnum Ave,,,,Lowell,MA,01854,,
INTL_4bcbda37-8,UN,1798 N Garey Ave,,,,Pomona,CA,91767,,
INTL_1f8f67a5-2,UN,367 S Gulph Rd,,,,King Of Prussia,PA,19406,,
INTL_db8de9dd-f,UN,1719 Penn Avenue,,,,Wyomissing,PA,19609,,
INTL_968af894-a,UN,6067 Kennerly Road,,,,Jacksonville,FL,32216,,
INTL_c65c41f3-2,UN,1041 Noell Ln Ste 105,,,,Rocky Mount,NC,27804,,
INTL_ad812e27-6,UN,7798 Cherry Ave,,,,Fontana,CA,92336,,
INTL_0bcce6c4-e,UN,1219 Coolidge St,,,,Lafayette,LA,70503,,
INTL_7a2d8557-e,UN,2330 Post St,,,,San Francisco,CA,94115,,
INTL_6f79a9a2-8,UN,775 Weatherly Drive,,,,Clarksville,TN,37043,,
INTL_fc570199-1,UN,2205 Jordan Avenue,,,,Juneau,AK,99801,,
INTL_6dcc3dc2-a,UN,1540 East Main Street,,,,Dothan,AL,36301,,
INTL_a28c54c2-4,UN,4202 Southwest Lee Boulevard,,,,Lawton,OK,73505,,
INTL_78d8e3ee-3,UN,10 Bannockburn Court,,,,Bannockburn,IL,60015,,
INTL_6c0f7a4f-b,UN,1401 Garces Hwy,,,,Delano,CA,93215,,
INTL_2ae47306-1,UN,5928 Springboro,,,,Dayton,OH,45449,,
INTL_61ad9c6a-4,UN,1006 S Jackson St,,,,Hugoton,KS,67951,,
INTL_a0e35741-b,UN,250 N 1st St,,,,BLYTHE,CA,92225,,
INTL_8e7e6fcd-c,UN,103 Fram Street,,,,Petersburg,AK,99833,,
INTL_a2a9dc0a-2,UN,41 Oakland Rd Ste 200,,,,Asheville,NC,28801,,
INTL_9f389b4d-3,UN,4000 Meridian Blvd,,,,Franklin,TN,37067,,
INTL_ba50ef1d-2,UN,2420 G Street,,,,Belleville,KS,66935,,
INTL_68e408f9-d,UN,190 Meisel Avenue,,,,Springfield,NJ,07081,,
INTL_34df5dbd-e,UN,100 Reserve Road,,,,Danbury,CT,06810,,
INTL_b8f29e62-e,UN,6 Brooklet St,,,,Asheville,NC,28801,,
INTL_6b43dde7-a,UN,360 NEWARK POMPTON TPKE,,,,WAYNE,NJ,07470,,
INTL_b71678bf-f,UN,119 E Main St,,,,Norman,OK,73069,,
INTL_0af9d921-f,UN,6567 E Carondelet Dr Ste 305,,,,Tucson,AZ,85710,,
INTL_13a4193b-1,UN,165 Rowland Way STE 206,,,,Novato,CA,94945,,
INTL_fcf86292-d,UN,8008 US Route 130 Ste. 310,,,,Delran,NJ,08075,,
INTL_cfb0de38-d,UN,14555 Levan Rd Ste 116,,,,Livonia,MI,48154,,
INTL_bf18417a-3,UN,85 Civic Center Plz Suite 106,,,,Poughkeepsie,NY,12601,,
INTL_e951b57b-8,UN,308 S. Main Street,,,,Sapulpa,OK,74066,,
INTL_354e82ef-5,UN,535 Main St,,,,Olean,NY,14760,,
INTL_28b02d44-1,UN,8015 SE 28th St STE 310,,,,Mercer Island,WA,98040,,
INTL_a0177aa4-b,UN,101 Cole Ave,,,,Bisbee,AZ,85603,,
INTL_7bf61184-3,UN,605 N Main St,,,,Ellinwood,KS,67526,,
INTL_d54383b4-5,UN,201 Cedar Falls Road,,,,Menomonie,WI,54751,,
INTL_a35844f9-6,UN,"6010 Lakeside Commons Drive, Ste A",,,,Macon,GA,31210,,
INTL_e61012fe-2,UN,286 Sills Rd SUITE 5,,,,East Patchogue,NY,11772,,
INTL_b4b36924-f,UN,804 Ainsworth Dr Suite 103,,,,Prescott,AZ,86301,,
INTL_b006437d-d,UN,1550 N. Milford Rd Ste 307,,,,Milford,MI,48381,,
INTL_47919964-c,UN,191 Lower St.,,,,Shelburne Falls,MA,01370,,
INTL_ccfb1eec-7,UN,3990 John R St,,,,Detroit,MI,48201,,
INTL_0880dcce-5,UN,101 Old Short Hills Rd Ste 409,,,,West Orange,NJ,07052,,
INTL_c40fbd97-0,UN,3019 North Arnoult Rd,,,,Metairie,LA,70002,,
INTL_3fef0d91-b,UN,Hardin Medical Center,,,,Savannah,TN,38372,,
INTL_7b3a10d9-0,UN,1650 Cowles St,,,,Fairbanks,AK,99701,,
INTL_03c6bf7f-1,UN,1900 S Main St,,,,Franklinton,LA,70438,,
INTL_f5d24262-1,UN,402 North Maple,,,,Osmond,NE,68765,,
INTL_f3f95eef-e,UN,1233 E 2nd St,,,,Casper,WY,82601,,
INTL_aa107063-3,UN,1225 South Main Street,,,,Greensburg,PA,15601,,
INTL_06fe0353-3,UN,1400 Andrews Pkwy #1040,,,,Allen,TX,75002,,
INTL_caf6480d-c,UN,739 S Logan Boulevard,,,,Hollidaysburg,PA,16648,,
INTL_c026c94f-a,UN,1103 Galvin Road South,,,,Bellevue,NE,68005,,
INTL_2a9ad0cd-f,UN,14700 Lake Shore Drive,,,,Charlevoix,MI,49720,,
INTL_7687da9a-b,UN,2301 Eastern Ave,,,,Red Oak,IA,51566,,
INTL_eb16bdd4-3,UN,1138 West High Street,,,,Lima,OH,45805,,
INTL_0a3e3941-b,UN,"11775 Pointe Place, Ste 103",,,,Roswell,GA,30076,,
INTL_94a968d8-f,UN,33 N Fullerton Ave,,,,Montclair,NJ,07042,,
INTL_f8f790c2-9,UN,2800 Rockcreek Parkway,,,,Kansas City,MO,64117,,
INTL_64e5852a-4,UN,1901 Red Rock Dr,,,,Gallup,NM,87301,,
INTL_183a92c9-f,UN,5810 NW Barry Rd Lower Level,,,,Kansas City,MO,64154,,
INTL_8c72445b-e,UN,1920 Coral Way,,,,Miami,FL,33145,,
INTL_4896cd74-8,UN,2150 N Josey Ln,,,,Carrollton,TX,75006,,
INTL_d0d7f42a-b,UN,1016 Delaware Ave,,,,Wilmington,DE,19806,,
INTL_c51e16ac-7,UN,101 Sivley Rd SW,,,,Huntsville,AL,35801,,
INTL_13bbd9c4-9,UN,111 6th St,,,,Hugo,CO,80821,,
INTL_d40e7f7c-8,UN,150 S Main Rd,,,,Vineland,NJ,08360,,
INTL_224e196b-0,UN,845 Jackson St,,,,San Francisco,CA,94133,,
INTL_db738b35-e,UN,2000 Pepperell Pkwy,,,,Opelika,AL,36801,,
INTL_ae455738-9,UN,1471 Marvin Gardens Ln,,,,Prescott,AZ,86301,,
INTL_24c2ac3a-1,UN,3955 Parklawn Ave Ste 120,,,,Edina,MN,55435,,
INTL_8abf434d-5,UN,1401 10th Ave W,,,,Mobridge,SD,57601,,
INTL_1cbcf3e3-5,UN,210 W First St,,,,Saint Francis,KS,67756,,
INTL_f8101c0d-2,UN,3330 Lomita Blvd,,,,Torrance,CA,90505,,
INTL_6a886546-d,UN,118 North Hospital Drive,,,,ABBEVILLE,LA,70510,,
INTL_bfaf1e7c-b,UN,3300 East 10th Street,,,,Trenton,MO,64683,,
INTL_62174189-1,UN,840 5th Ave,,,,Chambersburg,PA,17201,,
INTL_f7274c4f-e,UN,11 Hospital Dr,,,,MACHIAS,ME,04654,,
INTL_04ffb20a-f,UN,35 Hospital Rd,,,,Blairsville,GA,30512,,
INTL_deb0bb1a-2,UN,59 Cavalier Blvd,,,,Florence,KY,41042,,
INTL_c8a99442-d,UN,1065 Bucks Lake Rd,,,,Quincy,CA,95971,,
INTL_da35963a-8,UN,1200 N Beaver St,,,,FLAGSTAFF,AZ,86001,,
INTL_0d276894-2,UN,425 SE Baseline,,,,Hillsboro,OR,97123,,
INTL_c74313d3-7,UN,701 North First St,,,,Springfield,IL,62781,,
INTL_f11e528d-2,UN,5501 US Hwy 30 W,,,,Fort Wayne,IN,46818,,
INTL_fd08d2bf-6,UN,"230 Beiser Blvd, Suite 200",,,,Dover,DE,19904,,
INTL_f77164a2-9,UN,101 Prospect Suite 107,,,,Lakewood,NJ,08701,,
INTL_861b8901-b,UN,91 East Ave,,,,Norwalk,CT,06851,,
INTL_a10e61d6-2,UN,130 Brentwood Dr,,,,Chester,CA,96020,,
INTL_5d3da42e-b,UN,1900 S Main St,,,,Findlay,OH,45840,,
INTL_616d4919-e,UN,272 Benedict Ave,,,,NORWALK,OH,44857,,
INTL_aa54aab7-4,UN,100 Medical Pkwy,,,,Denison,IA,51442,,
INTL_856718e0-7,UN,"1450 Muldoon Road, #111",,,,Anchorage,AK,99504,,
INTL_c0e22cd4-9,UN,321 Mitchell Avenue,,,,Batesville,IN,47006,,
INTL_26e265d1-5,UN,101 Posey Ave,,,,Clifton,TX,76634,,
INTL_fbbf1a51-d,UN,2665 N Decatur Rd,,,,Decatur,GA,30033,,
INTL_141de903-d,UN,2760 SW 97th Ave Suite 105,,,,Miami,FL,33165,,
INTL_f25a010a-0,UN,817 Merrimack Street,,,,Lowell,MA,01854,,
INTL_5a86bcfd-4,UN,233 S Congress St,,,,Rushville,IL,62681,,
INTL_1acb82dd-d,UN,500 Lauchwood Dr,,,,Laurinburg,NC,28352,,
INTL_96d3757e-2,UN,54 Hospital Drive,,,,Osage Beach,MO,65065,,
INTL_176acc0c-5,UN,921 E Highway 36,,,,Smith Center,KS,66967,,
INTL_50f213a5-9,UN,101 Day Street,,,,FLORENCE,SC,29506,,
INTL_5a4a13b4-8,UN,400 W 8th St,,,,BELOIT,KS,67420,,
INTL_e97c56eb-2,UN,10 New Driftway Road,,,,Scituate,MA,02066,,
INTL_87ffb890-7,UN,2621 W 9th St,,,,Chester,PA,19013,,
INTL_f2c24d17-a,UN,1701 S Shackleford Road,,,,LITTLE ROCK,AR,72211,,
INTL_123132e2-0,UN,1150 State St,,,,Phillipsburg,KS,67661,,
INTL_caf9b9a6-7,UN,7800 SW 87th Ave # C-350,,,,Miami,FL,33173,,
INTL_9fbc1a52-c,UN,6425 Old Plank Rd Ste 109,,,,High Point,NC,27265,,
INTL_8d0c3248-c,UN,4650 W Sunset Blvd,,,,Los Angeles,CA,90027,,
INTL_f17d7eb2-f,UN,110 Shult Drive,,,,Columbus,TX,78934,,
INTL_aed213c2-0,UN,105 N Keene St,,,,Columbia,MO,65201,,
INTL_a80a4be2-0,UN,16463 SW Boones Ferry Rd.,,,,Lake Oswego,OR,97035,,
INTL_731e98e5-f,UN,100 E. Carroll St.,,,,Salisbury,MD,21801,,
INTL_f873014d-d,UN,605 N Westover Blvd,,,,Albany,GA,31707,,
INTL_ddfc3d66-8,UN,100 Park St,,,,Glens Falls,NY,12801,,
INTL_181e7bd9-9,UN,20 Research Pl Ste 130,,,,North Chelmsford,MA,01863,,
INTL_8b0a4099-3,UN,900 Hope Way,,,,Altamonte Springs,FL,32714,,
INTL_668b4a0f-1,UN,1184 S Lapeer Rd Suite 1234,,,,Lake Orion,MI,48360,,
INTL_d89f9d58-4,UN,3959 Pender Dr Ste 100,,,,Fairfax,VA,22030,,
INTL_8feb1735-4,UN,6 Th Avenue & Franklin St,,,,Red Cloud,NE,68970,,
INTL_98195cf8-2,UN,2951 NW 49th Ave Suite 207,,,,Lauderdale Lakes,FL,33313,,
INTL_84f16f66-b,UN,1900 State Street,,,,Chester,IL,62233,,
INTL_f3512141-4,UN,532 West Pittsburgh Street,,,,Greensburg,PA,15601,,
INTL_132e6dd5-3,UN,41 Nautilus Dr.,,,,Manahawkin,NJ,08050,,
INTL_d89a2e52-f,UN,1141 Beach Blvd.,,,,Jacksonville,FL,32250,,
INTL_bf81b20a-4,UN,"Endoscopy Center of Colorada Springs, 2940 N Circle Dr",,,,COLORADO SPRINGS,CO,80909,,
INTL_8d69bbaa-a,UN,"5565 Blaine Avenue, Suites 225 & 275",,,,Inver Grove Heights,MN,55076,,
INTL_72067904-d,UN,1206 W. Avenue J Unit 100,,,,Lancaster,CA,93534,,
INTL_7684aaae-e,UN,2800 Rockcreek Pkwy,,,,Kansas City,MO,64117,,
INTL_47727240-c,UN,6704 Keaton Corporate Parkway,,,,O'Fallon,MO,63368,,
INTL_612921f4-8,UN,1300 Miccosukee Road,,,,Tallahassee,FL,32308,,
INTL_26adcc1d-6,UN,3712 Macarthur Blvd Ste 202,,,,New Orleans,LA,70114,,
INTL_de705bab-7,UN,753 E Scenic Dr Pass Christian,,,,Pass Christian,MISSISSIPPI,39571,,
INTL_5adb8807-d,UN,1000 W Pinhook Ste 310,,,,Lafayette,LA,70503,,
INTL_0e93d215-d,UN,304 South Daugherty Street,,,,EASTLAND,TX,76448,,
INTL_89f3935a-6,UN,4514 Cole Ave Ste 600,,,,Dallas,TX,75205,,
INTL_71ed5296-b,UN,1301 Taylor Street,,,,Columbia,SC,29201,,
INTL_a3cb4812-4,UN,1111 Medical Center Blvd Ste S-113,,,,Marrero,LA,70072,,
INTL_43df3d72-c,UN,705 N. Bishop Lane,,,,Mobile,AL,36608,,
INTL_a7167838-2,UN,603 S. Chestnut Street,,,,Ellensburg,WA,98926,,
INTL_f367ce68-7,UN,3750 W 16th Ave Suite 102,,,,Hialeah,FL,33012,,
INTL_4f956463-4,UN,2525 S Michigan Ave,,,,Chicago,IL,60616,,
INTL_44f3c798-a,UN,309 N 14Th St,,,,Okemah,OK,74859,,
INTL_f54f4aa7-e,UN,619 Morris Ave,,,,Springfield,NJ,07081,,
INTL_0efbf528-f,UN,2111 Exchange St,,,,Astoria,OR,97103,,
INTL_6ff73fcc-4,UN,1215 Highway 70 Ste 1005,,,,Lakewood,NJ,08701,,
INTL_1616a3f6-f,UN,1110 S Stewart Rd,,,,San Juan,TX,78589,,
INTL_f2a1704c-7,UN,3215 N Hills Blvd,,,,Fayetteville,AR,72703,,
INTL_db97e415-3,UN,5 Franklin Ave. Ste 401,,,,Belleville,NJ,07109,,
INTL_28383524-0,UN,1360 Burton Dr Ste 160,,,,Vacaville,CA,95687,,
INTL_cc9b7c0b-c,UN,780 Rte 37 W Ste 110,,,,Toms River,NJ,08755,,
INTL_9fa80ae9-9,UN,1016 Tacoma Ave,,,,Sunnyside,WA,98944,,
INTL_605dd07f-d,UN,6601 Winchester Ave Ste 280,,,,Kansas City,MO,64133,,
INTL_47648ca5-f,UN,5501 S McColl Rd,,,,EDINBURG,TX,78539,,
INTL_df3c914f-3,UN,13737 Noel Road Suite 1200,,,,Dallas,TX,75240,,
INTL_78667765-a,UN,403 N 13th St,,,,Richmond,VA,23298,,
INTL_eacb555e-1,UN,1670 W Sunset Ave,,,,Springdale,AR,72762,,
INTL_c51e7914-f,UN,42 W Warren Ave,,,,DETROIT,MI,48201,,
INTL_8ce8a990-3,UN,2335 Tamiami Trl N Ste 501,,,,Naples,FL,34103,,
INTL_5d850594-a,UN,6543 Madison Street,,,,New Port Richey,FL,34652,,
INTL_30e41218-8,UN,600 I Street,,,,Pawnee City,NE,68420,,
INTL_2168ad38-6,UN,165 Wells Rd,,,,Orange Park,FL,32073,,
INTL_ac5e1eca-4,UN,60 Northfield Ave The Health Institute,,,,West Orange,NJ,07052,,
INTL_77800f99-9,UN,78 Hospital Road,,,,Macon,MS,39341,,
INTL_3087c9a3-b,UN,1113 Villa Linde Court,,,,Flint,MI,48532,,
INTL_f16de13d-7,UN,2808 S 143rd Plaza,,,,Omaha,NE,68144,,
INTL_ad58ee7e-8,UN,2030 Center St,,,,Northampton,PA,18067,,
INTL_ea412a8d-8,UN,330 N Ohio Ave,,,,Mercedes,TX,78570,,
INTL_1bfe550f-3,UN,1701 West 5th St Suite A,,,,Sheridan,WY,82801,,
INTL_13ab500d-9,UN,700 Montgomery Hwy Ste 194,,,,Vestavia,AL,35216,,
INTL_9c823a49-1,UN,723 W FAIRVIEW ST,,,,ALBION,NE,68620,,
INTL_f186c12f-0,UN,11775 Borman Drive Suite 340,,,,St. Louis,MO,63146,,
INTL_fb6976b6-4,UN,898 N Pacific Coast Hwy Ste 700,,,,El Segundo,CA,90245,,
INTL_71629018-6,UN,1190 NW 95 Street Suite 101,,,,Miami,FL,33150,,
INTL_2ab33905-5,UN,901 18th St E,,,,Tifton,GA,31794,,
INTL_29958ab6-1,UN,2925 Chicago Ave,,,,MINNEAPOLIS,MN,55407,,
INTL_b0fcbbb7-1,UN,915 1st Ave South,,,,Great Falls,MT,59403,,
INTL_5cd9d17a-1,UN,"9195 Sunset Drive, Suite 100",,,,Miami,FL,33173,,
INTL_67945c6c-8,UN,4000 Meridian Blvd,,,,Franklin,TN,37067,,
INTL_45441fbc-0,UN,617 Liberty Street,,,,CLAY CENTER,KS,67432,,
INTL_16b61ee5-4,UN,611 S Carlin Springs Rd Ste 512,,,,Arlington,VA,22204,,
INTL_3381b442-8,UN,1301 S Main St,,,,Ottawa,KS,66067,,
INTL_159b327d-e,UN,1384 E 19th St,,,,Brooklyn,NY,11230,,
INTL_8427fe0e-c,UN,255 E Bonita Ave,,,,Pomona,CA,91767,,
INTL_e44df76f-2,UN,821 Jeffee Dr,,,,Kermit,TX,79745,,
INTL_754d7ad0-c,UN,1500 Sand Point Road,,,,Munising,MI,49862,,
INTL_e987c40e-e,UN,134 S. Euclid Avenue,,,,Westfield,NJ,07090,,
INTL_57592136-7,UN,7030 Helen Witt Dr Ste B,,,,Lincoln,NE,68512,,
INTL_cdfb4d0b-7,UN,958-A Joe Frank Harris Pk #102,,,,Cartersville,GA,30120,,
INTL_2dd1c38c-1,UN,100 Medical Center Way,,,,Somers Point,NJ,08244,,
INTL_c79b0707-6,UN,539 W Commerce St Ste 678,,,,Dallas,TX,75208,,
INTL_747496b8-d,UN,67252 Industry Ln,,,,Covington,LA,70433,,
INTL_60d73a13-8,UN,"2125 Citracado Parkway,",,,,Escondido,CA,92029,,
INTL_21a368a1-b,UN,DEPT OF EDUCATION,,,,TOPEKA,KS,66612,,
INTL_91d3a8f3-4,UN,26393 Dequindre Road,,,,Madison Heights,MI,48071,,
INTL_9642a58d-8,UN,4810 N. Loop 289,,,,Lubbock,TX,79416,,
INTL_085f11b7-5,UN,600 W 12th St,,,,Imperial,NE,69033,,
INTL_4c02a40d-f,UN,3100 SW 62nd Ave,,,,Miami,FL,33155,,
INTL_5ac3e98b-9,UN,59 Main St Ste 204,,,,West Orange,NJ,07052,,
INTL_da734dad-9,UN,740 E STATE ST,,,,SHARON,PA,16146,,
INTL_894c7773-0,UN,801 E Nolana St Ste 2,,,,McAllen,TX,78504,,
INTL_146a7c89-3,UN,118 E Haskell St,,,,Winnemucca,NV,89445,,
INTL_be944f55-e,UN,316 North 3rd Street,,,,Hamilton,MT,59840,,
INTL_55e2e7fc-a,UN,2800 Rockcreek Parkway,,,,North Kansas City,MO,64117,,
INTL_46e4db17-d,UN,1675 Bethany Road,,,,Sycamore,IL,60178,,
INTL_eb39a51d-a,UN,160 Route 37 W Ste A,,,,Toms River,NJ,08755,,
INTL_18d3f93b-8,UN,1000 SW Blue Pkwy,,,,Lees Summit,MO,64063,,
INTL_6bcd937a-c,UN,2900 N Rocky Point Dr,,,,TAMPA,FL,33607,,
INTL_3fe9e143-b,UN,30701 Lorain Road,,,,North Olmsted,OH,44070,,
INTL_d82ca0cc-c,UN,305 N Main St,,,,Ennis,MT,59729,,
INTL_24cf37a0-f,UN,"455 School St. Bldg 1, Suite 10",,,,Tomball,TX,77375,,
INTL_e1d836f8-d,UN,1301 Belleville Ave,,,,Brewton,AL,36426,,
INTL_d14d4eff-7,UN,"1420 Spring Street, Suite 300",,,,Silver Spring,MD,20910,,
INTL_c3507d77-5,UN,8101 Hinson Farm Rd #301,,,,Alexandria,VA,22306,,
INTL_c03bc7d5-b,UN,"122 North 20th St., Bldg. 25",,,,Opelika,AL,36801,,
INTL_7802cc25-3,UN,6855 Red Rd Ste 600,,,,Coral Gables,FL,33143,,
INTL_9298fc0c-5,UN,509 W 18th St,,,,Hermann,MO,65041,,
INTL_2dc07bdb-6,UN,2349 Medical Drive,,,,Pecos,TX,79772,,
INTL_77673a27-8,UN,100 W Sproul Rd,,,,Springfield,PA,19064,,
INTL_f739ece7-0,UN,2645 Ocean Ave,,,,San Francisco,CA,94132,,
INTL_22bb4327-8,UN,"180 White Rd, Suite105",,,,Little Silver,NJ,07739,,
INTL_bbf62aec-d,UN,2800 Rockcreek Pkwy,,,,Kansas City,MO,64117,,
INTL_4f50f9b1-f,UN,1409 N Decatur Rd,,,,Atlanta,GA,30306,,
INTL_bca0baa7-b,UN,125 Doughty Street,,,,CHARLESTON,SC,29403,,
INTL_5f041629-1,UN,700 Lea Blvd #301,,,,Wilmington,DE,19802,,
INTL_19078ee5-b,UN,8900 N Kendall Dr,,,,Miami,FL,33176,,
INTL_4470780c-6,UN,100 Rodolphe St,,,,Durham,NC,27712,,
INTL_ef12a484-c,UN,22 Old Short Hills Rd Suite 108,,,,Livingston,NJ,07039,,
INTL_49dc12ab-8,UN,712 S Cascade St,,,,Fergus Falls,MN,56537,,
INTL_031d999d-a,UN,407 North Main St,,,,Thiensville,WI,53092,,
INTL_5a0b276d-f,UN,1700 Cesar East Chaves Avenue Suite 3900,,,,Los Angeles,CA,90033,,
INTL_e8201fb3-2,UN,1415 Ross Avenue,,,,El Centro,CA,92243,,
INTL_fe74e8f1-8,UN,1227 E Rusholme St,,,,DAVENPORT,IA,52803,,
INTL_0b08756b-2,UN,232 SE 7th Ave,,,,Hillsboro,OR,97123,,
INTL_9ea6243d-8,UN,1405 Hwy 35 N Ste 103,,,,Ocean,NJ,07712,,
INTL_67d1aeef-c,UN,11885 E. 12 Mile Road Suite 201A-204A,,,,Warren,MI,48093,,
INTL_5c3af49d-5,UN,75 Barclay Cir Ste 120,,,,Rochester Hills,MI,48307,,
INTL_ac0876b0-0,UN,5715 Cornelison Rd,,,,Chattanooga,TN,37411,,
INTL_70d3c972-a,UN,24 Norris St,,,,Eureka Springs,AR,72632,,
INTL_fe42fdf8-6,UN,3590 Camino Del Rio N,,,,San Diego,CA,92108,,
INTL_b7f2604d-4,UN,48 Medical Park East Dr Suite 452,,,,Birmingham,AL,35235,,
INTL_02a8c217-8,UN,1502 N Jefferson,,,,Carrollton,MO,64633,,
INTL_371c72e1-7,UN,600 St Johnsbury Rd,,,,Littleton,NH,03561,,
INTL_0f7d2373-8,UN,310 Eisenhower Drive,,,,Savannah,GA,31406,,
INTL_45711fd2-1,UN,318 East Main Street,,,,Ellsworth,ME,04605,,
INTL_22ae55e7-4,UN,111 6th St,,,,Hugo,CO,80821,,
INTL_042249a1-2,UN,832 Weathered Rock Court,,,,Jefferson City,MO,65101,,
INTL_1620898a-2,UN,4807 Vasca Dr,,,,Sarasota,FL,34240,,
INTL_88c7f621-d,UN,16700 North Thompson Peak Parkway,,,,Scottsdale,AZ,85260,,
INTL_fc2f8003-a,UN,1900 Silver Cross Blvd,,,,New Lenox,IL,60451,,
INTL_5575a1ce-7,UN,401 S. Santa Fe,,,,Salina,KS,67401,,
INTL_cbd0c296-c,UN,18300 NW 62 Ave Ste 230,,,,Hialeah,FL,33015,,
INTL_e0659d07-0,UN,"2854 Highway 55, Ste 130",,,,Eagan,MN,55121,,
INTL_56e6bb75-6,UN,410 Celebration Pl Ste 206,,,,Kissimmee,FL,34747,,
INTL_aff418a3-d,UN,232 Bullard Pkwy,,,,Temple Terrace,FL,33617,,
INTL_6914474a-a,UN,1110 Hillcrest Parkway,,,,Dublin,GA,31021,,
INTL_3e49a5c0-c,UN,1000 Johnson Ferry Rd NE,,,,Atlanta,GA,30342,,
INTL_df037054-c,UN,102 S. Grand Avenue West,,,,Springfield,IL,62704,,
INTL_fd892916-c,UN,130 Rick Francis St.,,,,El Paso,TX,79905,,
INTL_655de86f-c,UN,143 E Main St,,,,FORT KENT,ME,04743,,
INTL_52f81b00-f,UN,711 W Adams St,,,,Black River Falls,WI,54615,,
INTL_042231fd-f,UN,4300 Houma Blvd,,,,Metairie,LA,70006,,
INTL_6c9baad9-b,UN,13500 South West 88th Street Suite 181,,,,Miami,FL,33186,,
INTL_d627d1d7-7,UN,201 Pecan Park Ave,,,,Alexandria,LA,71303,,
INTL_be7b018f-a,UN,"3340 Severn Ave., Suite 206",,,,Metairie,LA,70002,,
INTL_3d9b505a-1,UN,11880 SW 40 St Ste 212,,,,Miami,FL,33175,,
INTL_8864520f-0,UN,709 W Main,,,,Manchester,IA,52057,,
INTL_e4375adc-a,UN,501 Morris St,,,,Charleston,WV,25301,,
INTL_11382c2a-a,UN,228 N Cherry St,,,,Fruita,CO,81521,,
INTL_3740dba8-3,UN,7915 Farnam Dr.,,,,OMAHA,NE,68114,,
INTL_fb8d2188-f,UN,2351 Clay St,,,,SAN FRANCISCO,CA,941151931,,
INTL_ab14e425-7,UN,8 E Cottonwood St,,,,Cottonwood,AZ,86326,,
INTL_32251b95-f,UN,607 N Jerome Ave,,,,Margate City,NJ,08402,,
INTL_f6dbcc9c-4,UN,3333 Burnet Ave.,,,,Cincinnati,OH,45229,,
INTL_f2314d66-2,UN,2760 SW 97 Ave  Ste 105,,,,Miami,FL,33165,,
INTL_b1d3613f-4,UN,3 Shircliff Way,,,,Jacksonville,FL,32204,,
INTL_af1409a6-0,UN,609 Morris Ave,,,,Springfield,NJ,07081,,
INTL_7b687005-7,UN,20400 Livernois Ave,,,,Detroit,MI,48221,,
INTL_624b5477-0,UN,347 N KUAKINI ST.,,,,HONOLULU,HI,96817,,
INTL_f088c2a0-9,UN,1500 Associates Dr,,,,DUBUQUE,IA,52002,,
INTL_3df81b0f-6,UN,1801 Research Blvd # 300,,,,Rockville,MD,20850,,
INTL_48d18c92-e,UN,1342 Lakeland Hills Blvd,,,,Lakeland,FL,33805,,
INTL_5a045b8d-9,UN,755 Stirling Center Place,,,,Lake Mary,FL,32746,,
INTL_f02dcea6-2,UN,3280 University Avenue,,,,Morgantown,WV,26505,,
INTL_4a8012e0-4,UN,"1200 US Hwy 22 East, Suite 17",,,,Bridgewater,NJ,08807,,
INTL_d1fe095d-b,UN,30701 Lorain Road,,,,North Olmsted,OH,44070,,
INTL_a9384d61-d,UN,210 East Houston Street,,,,Cleveland,TX,77327,,
INTL_e9293d09-0,UN,133 Mill St,,,,Bradford,PA,16701,,
INTL_c8129c16-3,UN,1923 S Utica Ave,,,,Tulsa,OK,74104,,
INTL_10c8e900-0,UN,2000 NEUSE BLVD,,,,NEW BERN,NC,28561,,
INTL_e73f3d01-f,UN,17030 Lakeside Hills Plaza #102,,,,Omaha,NE,68130,,
INTL_9dd7c714-1,UN,227 Industrial Blvd,,,,Dublin,GA,31021,,
INTL_fea2daec-8,UN,1521 Gull Rd.,,,,Kalamazoo,MI,49048,,
INTL_66dbcd8a-2,UN,1220 BANK ST,,,,RICHMOND,VA,23219,,
INTL_5d7f016c-6,UN,255 Bert Kouns Industrial Loop,,,,Shreveport,LA,71106,,
INTL_01f4abb6-f,UN,2555 Court Dr Ste 460,,,,Gastonia,NC,28054,,
INTL_1a325c8f-9,UN,206 Champagne Boulevard,,,,Breaux Bridge,LA,70517,,
INTL_7338f778-8,UN,600 E Interstate 20,,,,Stanton,TX,79782,,
INTL_0b70cf34-7,UN,11900 FM 1960 West,,,,Houston,TX,77065,,
INTL_7adef0d8-c,UN,801 E. Nolana,,,,McAllen,TX,78504,,
INTL_aeed91e5-8,UN,509 E Monroe St,,,,Corydon,IA,50060,,
INTL_a6017d49-c,UN,4141 Shore Drive,,,,INDIANAPOLIS,IN,46254,,
INTL_82b7326d-d,UN,498 Wando Park Blvd Ste 500,,,,Mount Pleasant,SC,29464,,
INTL_007afd24-9,UN,4850 N 9th Ave,,,,Pensacola,FL,32503,,
INTL_cedaf10c-7,UN,Hwy 17 N,,,,CARROLLTON,AL,35447,,
INTL_d21e62e2-b,UN,349 Inverness Drive South,,,,Englewood,CO,80112,,
INTL_f7404640-d,UN,4315 Houmas Blvd Ste 401,,,,Metairie,LA,70006,,
INTL_2f8ed31a-b,UN,310 West Halsell St.,,,,Dimmitt,TX,79027,,
INTL_eaeb8a22-d,UN,730 Thimble Shoals Blvd Ste 130,,,,Newport News,VA,23606,,
INTL_d67d9fdb-e,UN,401 Shore Road,,,,Somers Point,NJ,08244,,
INTL_9207ca49-d,UN,6311 Garners Ferry Road,,,,Columbia,SC,29209,,
INTL_a6b05b7f-2,UN,1245 Westgate Parkway,,,,Dothan,AL,36303,,
INTL_5fdb037e-f,UN,201 Albert Ave,,,,Scott City,KS,67871,,
INTL_d179ff72-2,UN,609 SE KENT ST,,,,GREENFIELD,IA,50849,,
INTL_7b0390b1-b,UN,226 North Kuakini St,,,,Honolulu,HI,96817,,
INTL_56104ae0-8,UN,95-1091 'Ainamakua Drive,,,,Mililani,HI,96789,,
INTL_b6326d7d-a,UN,550 S. Trimble Rd.,,,,Mansfield,OH,44906,,
INTL_b56e0db8-8,UN,257 O Street,,,,Seaside Park,NJ,08752,,
INTL_d89b671f-c,UN,2233 N Commerce Pkwy Ste 2,,,,Weston,FL,33326,,
INTL_9553b475-5,UN,2004 Hazel St.,,,,Birmingham,MI,48009,,
INTL_44777caa-8,UN,300 W Hutchings St,,,,Winterset,IA,50273,,
INTL_29ba6ae7-7,UN,120 Speer Road Suite 2,,,,Chestertown,MD,21620,,
INTL_7f694eb1-6,UN,PO Box 2001,,,,Woodsville,NH,03785,,
INTL_e925d235-d,UN,9330 Park West Boulevard,,,,Knoxville,TN,37923,,
INTL_e6f76901-8,UN,1400 East Downing Street,,,,Tahlequah,OK,74464,,
INTL_4b3b1427-2,UN,1182 Stuyvesant Ave,,,,Irvington,NJ,07111,,
INTL_1bd009bb-1,UN,2010 Pecan Drive,,,,Alamogordo,NM,88310,,
INTL_9d46ec16-6,UN,"5901 Lincoln Drive Edina, MN 55436",,,,EDINA,MN,55436,,
INTL_15e2e4c0-f,UN,100 Physicians Way Suite 330,,,,Lebanon,TN,37090,,
INTL_c25964e7-4,UN,2211 Lomas Blvd NE,,,,Albuquerque,NM,87106,,
INTL_bb7e8aa0-4,UN,4224 Houma Blvd Ste 140,,,,Metairie,LA,70006,,
INTL_e9ca66fb-e,UN,189 Prouty Dr,,,,Newport,VT,05855,,
INTL_33eb50ad-2,UN,1700 Madison Avenue,,,,Lakewood,NJ,08701,,
INTL_cb745091-1,UN,695 N Krome Ave,,,,Homestead,FL,33030,,
INTL_cf2a79a5-c,UN,"5600 Wyoming Blvd NE, Suite 225",,,,Albuquerque,NM,87109,,
INTL_cf9cb8e2-6,UN,4000 Meridian Blvd,,,,Franklin,TN,37067,,
INTL_fa970e35-4,UN,897 West Main Street,,,,Dover Foxcroft,ME,04426,,
INTL_636b2eeb-b,UN,64 Robbins St,,,,Waterbury,CT,06708,,
INTL_06731c45-6,UN,123 Pompano Pl Ste 100,,,,Jacksonville,NC,28546,,
INTL_f3a4c4b9-d,UN,1710 E Saunders,,,,Laredo,TX,78041,,
INTL_17752ee8-9,UN,8111 Dodge Street Suite 363,,,,Omaha,NE,68114,,
INTL_9b6f1ae4-0,UN,1002 South Lincoln Street,,,,Knoxville,IA,50138,,
INTL_6f7d5682-c,UN,750 South Whitehorse Pike,,,,Hammonton,NJ,08037,,
INTL_eb6e1de2-1,UN,2534 W 15th Ave,,,,Emporia,KS,66801,,
INTL_76dcc606-0,UN,801 W Maple,,,,FARMINGTON,NM,87401,,
INTL_25802be0-e,UN,3400 West Purdue Ave.,,,,Muncie,IN,47304,,
INTL_0524b0f8-1,UN,9001 Liberty Parkway,,,,Birmingham,AL,35242,,
INTL_a79d922c-c,UN,509 Biltmore Ave,,,,Asheville,NC,28801,,
INTL_2f782e0b-e,UN,1230 York Ave,,,,New York,NY,10065,,
INTL_38997828-8,UN,198 South Green St.,,,,Nazareth,PA,18064,,
INTL_c072a2a9-b,UN,"100 Woods Road, 20 Plaza West",,,,Valhalla,NY,10595,,
INTL_76a8d73a-0,UN,2305 S Highway 65,,,,Marshall,MO,65340,,
INTL_5d1bb13a-3,UN,21 Franciscan Way,,,,Garrison,NY,10524,,
INTL_e3e31e47-3,UN,906 South Bridge Ave,,,,Weslaco,TX,78596,,
INTL_ece29fc6-5,UN,700 South J Street,,,,Lakeview,OR,97630,,
INTL_be789e48-3,UN,PO Box 02789,,,,Detroit,MI,48202,,
INTL_49f31a0c-0,UN,2500 Bernville Rd,,,,Reading,PA,19605,,
INTL_626f9c1b-0,UN,11401 Lamar Avenue,,,,Overland Park,KS,66211,,
INTL_06223d80-5,UN,17 Belmont Ave,,,,Brattleboro,VT,05301,,
INTL_e677a7f5-c,UN,13225 North Meridian Street,,,,Carmel,IN,46032,,
INTL_407b00c1-4,UN,7777 Forest Ln Ste C528,,,,Dallas,TX,75230,,
INTL_ae1481f9-7,UN,400 Celebration Pl Ste A280,,,,Celebration,FL,34747,,
INTL_8c3f17b2-6,UN,10 Wayman Lane,,,,BAR HARBOR,ME,04609,,
INTL_c3d05d48-7,UN,150 Pioneer Ln,,,,Bishop,CA,93514,,
INTL_01905112-2,UN,"19289 Saint Joseph Street, Suite C",,,,Biloxi,MS,39532,,
INTL_a4934646-7,UN,825 South 169th Street,,,,Omaha,NE,68118,,
INTL_eb5b4ae1-2,UN,64-1035 Mamalahoa Hwy F,,,,Kamuela,HI,96743,,
INTL_0338a549-8,UN,1370 West D Street,,,,NORTH WILKESBORO,NC,28659,,
INTL_75df04ff-2,UN,602 Indiana Ave,,,,Lubbock,TX,79415,,
INTL_d14fcee0-a,UN,200 N. Hammes Avenue,,,,Joliet,IL,60435,,
INTL_73c697d2-3,UN,804 Ainsworth Dr Ste 103,,,,Prescott,AZ,86301,,
INTL_af36ec76-e,UN,901 US Hwy 202,,,,Raritan,NJ,08869,,
INTL_97132d26-7,UN,2000 Wilkes Ridge Dr,,,,Henrico,VA,23233,,
INTL_4d096985-2,UN,4402 Peach Street,,,,Erie,PA,16509,,
INTL_e1c7d7f7-6,UN,520 E Prudhomme Ln,,,,OPELOUSAS,LA,70570,,
INTL_9b647890-1,UN,20 Hospital Drive St. Suite 17B,,,,Toms River,NJ,08755,,
INTL_d8b80bbd-c,UN,825 CENTENNIAL DRIVE,,,,CHADRON,NE,69337,,
INTL_39007819-4,UN,454 Elizabeth Ave Ste 210,,,,Somerset,NJ,08873,,
INTL_db3db4af-d,UN,1607 St James Court Ste 2,,,,Tallahassee,FL,32308,,
INTL_244b0af1-1,UN,10600 Quivira Road,,,,Overland Park,KS,66215,,
INTL_25352d6e-d,UN,308 S Main Street,,,,Northville,MI,48167,,
INTL_85ef0ef8-3,UN,85 SIERRA PARK RD,,,,MAMMOTH LAKES,CA,93546,,
INTL_25f41a5a-5,UN,57 Executive Park South,,,,Atlanta,GA,30329,,
INTL_b8f9e05d-0,UN,1600 Glacier Ave,,,,Juneau,AK,99801,,
INTL_d0fd50b3-e,UN,1867 Airport Way,,,,Fairbanks,AK,99701,,
INTL_0a7f882f-2,UN,421 Huguenot Street,,,,New Rochelle,NY,10801,,
INTL_c1d5ec97-4,UN,522 North New Ballas Road,,,,Saint Louis,MO,63141,,
INTL_43c7384a-8,UN,5667 Peachtree Dunwoody Rd,,,,Atlanta,GA,30342,,
INTL_5e5dc8ff-4,UN,1415 Broadway Blvd,,,,Flint,MI,48506,,
INTL_abbf790a-5,UN,628 NW 22nd Avenue,,,,Miami,FL,33125,,
INTL_a88b55a6-2,UN,3745 33rd St N,,,,St Petersburg,FL,33713,,
INTL_5bd97122-0,UN,100 Chesterfield Business Parkway Suite 110,,,,Chesterfield,MO,63005,,
INTL_918d0042-5,UN,200 Banning St Ste 370,,,,Dover,DE,19904,,
INTL_2be1acd1-a,UN,708 Springville Road,,,,Taylorville,IL,62568,,
INTL_cea5b3b9-0,UN,3200 SW 60th Ct Suite 201,,,,Miami,FL,33155,,
INTL_33bea93c-1,UN,4485 Furling Lane,,,,Destin,FL,32541,,
INTL_deb6244b-9,UN,6580 165th Street,,,,Albia,IA,52531,,
INTL_3a6f9086-1,UN,129 Route 37 W Ste 4,,,,Toms River,NJ,08755,,
INTL_4baf9fcf-1,UN,1223 Grant Ave,,,,Novato,CA,94945,,
INTL_ba8870e1-f,UN,"2708 S. Rochester Rd., Suite A",,,,Rochester Hills,MI,48307,,
INTL_0a314158-4,UN,511 Burkarth Road,,,,Warrensburg,MO,64093,,
INTL_ce98315c-9,UN,1283 Murfreesboro Pike,,,,Nashville,TN,37217,,
INTL_163564d7-3,UN,1405 Kellum St Suite 200,,,,Fairbanks,AK,99701,,
INTL_ff85d67b-d,UN,2451 University Hospital Dr,,,,Mobile,AL,36617,,
INTL_268d4138-3,UN,101 Nicolls Rd,,,,Stony Brook,NY,11794,,
INTL_e082a9cf-c,UN,600 South Austin Road,,,,Eagle Lake,TX,77434,,
INTL_31b8d12c-3,UN,100 Crestvue Avenue,,,,Mankato,KS,66956,,
INTL_d7a92c67-9,UN,2800 Clay Edwards Dr,,,,North Kansas City,MO,64116,,
INTL_833d1524-5,UN,1201 N Erie St,,,,Lexington,NE,68850,,
INTL_c6464071-0,UN,"71 US Route One, Suite E",,,,Scarborough,ME,04074,,
INTL_b897c3ed-6,UN,711 S Broadway St,,,,Church Point,LA,70525,,
INTL_edf3a095-2,UN,315 Boulevard NE Suite 224,,,,Atlanta,GA,30312,,
INTL_a53a0fb8-d,UN,5811 Jack Springs Road,,,,Atmore,AL,36502,,
INTL_57b378c3-d,UN,2800 Rockcreek Pkwy,,,,Kansas City,MO,64117,,
INTL_8862a222-9,UN,1900 Kem Road,,,,Marion,IN,46952,,
INTL_001effa1-4,UN,101 East Union Avenue,,,,Bound Brook,NJ,08805,,
INTL_b66f7a04-5,UN,160 Allen St,,,,Rutland,VT,05701,,
INTL_f0c54d50-2,UN,869 Cherry St,,,,Tulare,CA,93274,,
INTL_58acab3a-5,UN,6039 W. Belmont Avenue,,,,Chicago,IL,60634,,
INTL_5d596503-6,UN,2408 EAST 81ST ST,,,,TULSA,OK,74137,,
INTL_60cd7ed2-2,UN,1011 Old Hwy 60,,,,Hardinsburg,KY,40143,,
INTL_3ee08871-b,UN,9226 W. Burleigh Street,,,,Milwaukee,WI,53222,,
INTL_741ea264-d,UN,"1926 Via Centre Drive, Suite A",,,,Vista,CA,92081,,
INTL_1ce8c7ea-7,UN,1801 N. Senate Blvd. #400,,,,Indianapolis,IN,46202,,
INTL_d589fac2-0,UN,810 Jasmine St.,,,,Omak,WA,98841,,
INTL_ed001095-a,UN,1100 Olive Way,,,,SEATTLE,WA,98103,,
INTL_66385a76-e,UN,5670 54th Ave. N. Ste A-1,,,,Kenneth City,FL,33709,,
INTL_63f97b09-3,UN,509 N Broad St,,,,Woodbury,NJ,08096,,
INTL_56e845a6-4,UN,10700 Caribbean Blvd Ste 108,,,,Miami,FL,33189,,
INTL_66c0528b-4,UN,3575 Moreau CT,,,,SOUTH BEND,IN,46628,,
INTL_a5a4a771-0,UN,629 S Plummer,,,,Chanute,KS,66720,,
INTL_aab7818e-8,UN,3850 S. National Ave Ste 500,,,,Springfield,MO,65807,,
INTL_520331a6-6,UN,2800 Rockcreek Pkwy,,,,Kansas City,MO,64117,,
INTL_32652351-3,UN,50 West 97th Street,,,,New York,NY,10025,,
INTL_5d9b061b-8,UN,11801 Southwest 90th Street Suite 101,,,,Miami,FL,33186,,
INTL_977dbabf-3,UN,10001 S Eastern Ave,,,,Henderson,NV,89052,,
INTL_a55983f9-a,UN,940 E 3rd St Ste 107,,,,Casper,WY,82601,,
INTL_106681f3-6,UN,1507 W Main St,,,,Gatesville,TX,76528,,
INTL_e7bd223e-6,UN,521 Adams Ave.,,,,Morton,WA,98356,,
INTL_be36061a-6,UN,1017 West 7th Street,,,,WRAY,CO,80758,,
INTL_02cd7374-5,UN,3255 Camino Del Rio S,,,,San Diego,CA,92108,,
INTL_f80f8148-9,UN,127 S Broadway,,,,Yonkers,NY,10701,,
INTL_1e53ff5e-0,UN,"1301 Barbara Jordan Blvd, Suite #302",,,,Austin,TX,78723,,
INTL_4fa84b17-c,UN,9655 Tamiami Trl N Ste 202,,,,Naples,FL,34108,,
INTL_700de57a-7,UN,1101 Medical Ctr Blvd,,,,Marrero,LA,70072,,
INTL_fe9db741-a,UN,815 South Pine St,,,,Vivian,LA,71082,,
INTL_7d49cf43-6,UN,14201 Dallas Parkway,,,,Dallas,TX,75254,,
INTL_9796f0aa-b,UN,1912 ALABAMA HIGHWAY 157,,,,CULLMAN,AL,35055,,
INTL_58f78e30-8,UN,901 Adams Blvd,,,,Boulder City,NV,89005,,
INTL_45bee732-7,UN,910 20th St,,,,Gothenburg,NE,69138,,
INTL_4e6c7434-c,UN,2800 Rock Creek Pkwy,,,,Kansas City,MO,64117,,
INTL_5582e15e-2,UN,367 S Gulph Rd,,,,King Of Prussia,PA,19406,,
INTL_5162fe48-d,UN,1210 S Old Dixie Highway,,,,JUPITER,FL,33458,,
INTL_24a53e7a-6,UN,7700 Forsyth Blvd,,,,SAINT LOUIS,MO,63105,,
INTL_34f0e871-4,UN,9500 Independence Drive,,,,Anchorage,AK,99507,,
INTL_7122b220-4,UN,11365 Dorsett Rd,,,,Maryland Heights,MO,63043,,
INTL_70895085-1,UN,2410 Patterson St Ste 401,,,,Nashville,TN,37203,,
INTL_dcd8c936-b,UN,372 S 9th St,,,,David City,NE,68632,,
INTL_de271cb1-a,UN,1200 Westwood Dr,,,,Hamilton,MT,59840,,
INTL_5f45553d-a,UN,6200 N La Cholla Blvd,,,,Tucson,AZ,85741,,
INTL_50a667c1-2,UN,367 S Gulph Rd,,,,King Of Prussia,PA,19406,,
INTL_55d45851-7,UN,1879A N Westwood Blvd,,,,Poplar Bluff,MO,63901,,
INTL_80427c2e-5,UN,701 E 2nd St,,,,Ida Grove,IA,51445,,
INTL_55d4909c-1,UN,39 Rittenhouse Place,,,,Ardmore,PA,19003,,
INTL_928ffdcd-6,UN,2001 Centro Familiar Blvd SW,,,,Albuquerque,NM,87105,,
INTL_a71c6638-b,UN,10 Research Pl Ste 203,,,,Chelmsford,MA,01863,,
INTL_10fa5960-b,UN,530 South Jackson Street,,,,Louisville,KY,40202,,
INTL_ac3d4167-a,UN,2415 Parkwood Drive,,,,BRUNSWICK,GA,31520,,
INTL_81fee2b5-7,UN,1248 E 90 N Ste 202,,,,American Fork,UT,84003,,
INTL_05dd421a-3,UN,19 Green St,,,,Norway,ME,04268,,
INTL_16538772-e,UN,1020 S 4th St,,,,Canadian,TX,79014,,
INTL_d82a5228-c,UN,"800 West 4th Street, 1C64",,,,Odessa,TX,79763,,
INTL_ca323909-2,UN,1700 E. Cesar E. Chavez Ave Suite L200,,,,Los Angeles,CA,90033,,
INTL_a7e0f40e-6,UN,1 Saint Dunstans Rd,,,,Asheville,NC,28803,,
INTL_5c8998f7-d,UN,15929 S. Bell Road,,,,Homer Glen,IL,60491,,
INTL_0db044cd-a,UN,"33 S.W. Upper Riverdale Road, Suite 117",,,,Riverdale,GA,30274,,
INTL_7d207508-4,UN,"1901 S. 1st St., Suite 600",,,,Mc Allen,TX,78503,,
INTL_5562bca0-7,UN,1972 Bayshore Blvd,,,,Dunedin,FL,34698,,
INTL_da8e622d-5,UN,403 First St,,,,Dixon,IL,61021,,
INTL_c6f9c652-c,UN,826 N Diers Ave,,,,Grand Island,NE,68803,,
INTL_b738b0e0-3,UN,"833 Northern Blvd, Suite160",,,,Great Neck,NY,11021,,
INTL_ee511d80-f,UN,1907 Atlantic Blvd,,,,Jacksonville,FL,32207,,
INTL_2e0c115c-1,UN,15251 Pleasant Valley Rd,,,,CENTER CITY,MN,55012,,
INTL_8dee351d-5,UN,1725 Harrodsburg Road,,,,Lexington,KY,40504,,
INTL_baf41fdb-a,UN,307 N Salinas Blvd,,,,Donna,TX,78537,,
INTL_cdfee6f8-c,UN,421 West Stone Drive,,,,Kingsport,TN,37660,,
INTL_2bda507a-b,UN,566 Nye Ave,,,,Irvington,NJ,07111,,
INTL_c7b3025a-6,UN,5437 Kietzke Lane,,,,Reno,NV,89511,,
INTL_653d2430-a,UN,198 Inverness Dr West,,,,Englewood,CO,80112,,
INTL_c391a265-4,UN,1016 E. Roosevelt Ave,,,,GRANTS,NM,87020,,
INTL_ce375eef-f,UN,"901 Davidson Street, NW",,,,ELKADER,IA,52043,,
INTL_c08a0216-a,UN,1125 W. Jefferson St.,,,,FRANKLIN,IN,46131,,
INTL_5d17da8b-9,UN,320 School Rd,,,,Denver,PA,17517,,
INTL_15d2ff13-f,UN,3901 Houma Blvd Ste 500,,,,Metairie,LA,70006,,
INTL_b064c1bd-6,UN,111 Michigan Ave NW,,,,Washington,DC,20010,,
INTL_6d686761-5,UN,235 West Vine Street,,,,Dighton,KS,67839,,
INTL_4ea857ee-5,UN,373 E Tenth Ave,,,,Springfield,CO,81073,,
INTL_b9768bd4-7,UN,222 New Road,,,,Linwood,NJ,08221,,
INTL_fbae6eac-2,UN,25 Woodbridge Rd,,,,Somerville,TN,38068,,
INTL_761202c5-d,UN,98-1079 Moanalua Rd Ste 400,,,,Aiea,HI,96701,,
INTL_a36091ed-d,UN,1805 N California St Ste 201,,,,Stockton,CA,95204,,
INTL_f805fcba-1,UN,829 Chief Eddie Hoffman Highway,,,,Bethel,AK,99559,,
INTL_acc7f6b1-0,UN,325 Maine St,,,,Lawrence,KS,66044,,
INTL_851efa65-2,UN,200 W Esplanade Ave Ste 410,,,,Kenner,LA,70065,,
INTL_d94a1ed6-d,UN,2000 16th St,,,,Denver,CO,80202,,
INTL_7bc008f3-7,UN,"4815 Alameda Ave, PO Box 20009",,,,EL PASO,TX,79905,,
INTL_0222cc8f-0,UN,625 Kentucky St,,,,Ashland,KS,67831,,
INTL_2b283c15-5,UN,1111 6th Ave,,,,Des Moines,IA,50314,,
INTL_20c2f8b8-4,UN,1000 Health Ctr Dr,,,,Mattoon,IL,61938,,
INTL_2f6d0fdc-7,UN,165 Beech Springs Rd,,,,Jonesboro,LA,71251,,
INTL_f3dc4391-8,UN,555 E Broadway Ave,,,,Jackson,WY,83001,,
INTL_89236b1a-7,UN,102 US 321 By-Pass,,,,Winnsboro,SC,29180,,
INTL_b8e10de6-8,UN,621 10th St,,,,Niagara Falls,NY,14301,,
INTL_e342d0e0-1,UN,1900 Bluegrass Avenue Suite 100,,,,Louisville,KY,40215,,
INTL_791740ab-8,UN,400 North Brown Avenue,,,,Hamilton,TX,76531,,
INTL_7142e217-3,UN,232 S Woodsmill Rd,,,,Chesterfield,MO,63017,,
INTL_6efa0448-5,UN,2601 Annand Dr,,,,Wilmington,DE,19808,,
INTL_b690ff87-d,UN,431C Savannah Road,,,,LEWES,DE,19958,,
INTL_49af263f-f,UN,13660 North 94th Drive Ste F1,,,,Peoria,AZ,85381,,
INTL_3d5f942f-d,UN,355 E. Erie Street,,,,Chicago,IL,60611,,
INTL_007f1001-4,UN,9195 Sunset Drive,,,,Miami,FL,33173,,
INTL_c4300f98-b,UN,740 E STATE ST,,,,SHARON,PA,16146,,
INTL_8530611e-5,UN,"726 Exchange St, Suite 200",,,,BUFFALO,NY,14210,,
INTL_3e791e18-e,UN,2260 Highway 33,,,,Neptune,NJ,07753,,
INTL_d4644db3-2,UN,2106 Loop Rd,,,,Winnsboro,LA,71295,,
INTL_c2564bc8-d,UN,170 Ford Road,,,,John Day,OR,97845,,
INTL_ad676c1e-3,UN,20333 W 151st St,,,,Olathe,KS,66061,,
INTL_d2ad89b6-2,UN,349 SE 7th Avenue,,,,Hillsboro,OR,97123,,
INTL_5238e9d7-5,UN,1830 Independence Square,,,,Atlanta,GA,30338,,
INTL_d8c3435d-0,UN,6600 Seminary Woods Pl Unit 702,,,,Louisville,KY,40241,,
INTL_8dcf1cd4-a,UN,12301 Main St,,,,Houston,TX,77035,,
INTL_365601a1-d,UN,1924 Alcoa Highway,,,,Knoxville,TN,37920,,
INTL_d480292b-0,UN,1100 Hospital Cir,,,,Kingfisher,OK,73750,,
INTL_74288c90-2,UN,2101 Arlington Heights Road,,,,Arlington Heights,IL,60005,,
INTL_1b0d6cf8-a,UN,One Adventist Health Way,,,,Roseville,CA,95661,,
INTL_d65e408b-5,UN,5415 Park Street North Suite C,,,,Kenneth City,FL,33709,,
INTL_d8cce78a-1,UN,113 Cumberland Road,,,,Cedar Bluff,VA,24609,,
INTL_f3143e96-c,UN,2000 S Wheeling Ste 510,,,,Tulsa,OK,74104,,
INTL_d1f85885-7,UN,900 Cairo Road,,,,THOMASVILLE,GA,31792,,
INTL_570aa284-f,UN,44 N Cummings St,,,,Bellville,TX,77418,,
INTL_70d6b2bd-8,UN,500 First Avenue,,,,Portola,CA,96122,,
INTL_394b2b51-b,UN,840 Walnut St,,,,Philadelphia,PA,19107,,
INTL_3a28c40a-d,UN,"1150 ""O"" Street",,,,Greeley,CO,80631,,
INTL_d5a38082-d,UN,1611 Nw 12th Ave,,,,Miami,FL,33136,,
INTL_6099cdf6-1,UN,898 College Street,,,,Monticello,GA,31064,,
INTL_8b0127c7-9,UN,4021 Ave B,,,,Scottsbluff,NE,69361,,
INTL_855f46c2-c,UN,300 Canal Street,,,,KING CITY,CA,93930,,
INTL_db0c7950-b,UN,4105 North Perryville Road,,,,Loves Park,IL,61111,,
INTL_55828f84-2,UN,803 Poplar St,,,,Murray,KY,42071,,
INTL_942d6517-2,UN,12350 WEST 87TH STREET,,,,LENEXA,KS,66285,,
INTL_c81fb393-1,UN,"1151 Cleveland Avenue, Suite C",,,,Atlanta,GA,30344,,
INTL_b45613e7-f,UN,784 Chimney Rock Rd,,,,Martinsville,NJ,08836,,
INTL_f72d87c5-1,UN,530 Park Ave E,,,,Princeton,IL,61356,,
INTL_7fcbf180-9,UN,721 W. Kansas,,,,Greensburg,KS,67054,,
INTL_0d0727d2-a,UN,95 Spring Street,,,,LEWISTON,ME,04240,,
INTL_be492891-4,UN,5000 Sw 21st St,,,,Topeka,KS,66604,,
INTL_1e65086a-1,UN,"1000 W 8th Ave,",,,,Yuma,CO,80759,,
INTL_69a636f0-a,UN,PO Box 487,,,,Upland,CA,91785,,
INTL_a90d8957-a,UN,14th & Oregon Street,,,,Sabetha,KS,66534,,
INTL_f0602afc-8,UN,1705 E 19th St Ste 410,,,,Tulsa,OK,74104,,
INTL_14e0db74-9,UN,1008 Paluxy Road,,,,Granbury,TX,76048,,
INTL_b9399dd5-4,UN,4302 Alton Road - Suite #410,,,,Miami Beach,FL,33140,,
INTL_25fb50ad-7,UN,2929 E Thomas Road,,,,Phoenix,AZ,85016,,
INTL_0bb3a319-a,UN,539 SE 2nd St,,,,Tulia,TX,79088,,
INTL_5dc1dc81-b,UN,4 1/2 MI So On Hwy 62,,,,TAHLEQUAH,OK,74464,,
INTL_e27a4205-9,UN,5109 Lexington Sq Ste 200,,,,Amarillo,TX,79119,,
INTL_56fefa83-e,UN,4500 W Railroad St,,,,Gulfport,MS,39501,,
INTL_216876ee-6,UN,1002 S 4th Street,,,,Kiowa,KS,67070,,
INTL_c1430add-e,UN,14201 Dallas Parkway,,,,Dallas,TX,75254,,
INTL_5707cf98-e,UN,21 Village Sq,,,,Chelmsford,MA,01824,,
INTL_78622bf2-1,UN,2259 Myrtle Ave,,,,Eureka,CA,95501,,
INTL_f6a8d4fc-b,UN,3510 Corporate Dr,,,,DALTON,GA,30721,,
INTL_3a88e3c1-a,UN,4000 Meridian Blvd,,,,Franklin,TN,37067,,
INTL_73695a50-f,UN,245 Atwood St Ste 211,,,,CORYDON,IN,47112,,
INTL_842ed75f-4,UN,2901 N. Central Ave,,,,Phoenix,AZ,85012,,
INTL_fec968f7-4,UN,1000 Walnut Street Suite 122,,,,Lansdale,PA,19446,,
INTL_44c6ca2b-8,UN,1147 Red Tail Way,,,,Simi Valley,CA,93065,,
INTL_428f0bd2-8,UN,"215 Oak Drive South, Suite F",,,,Lake Jackson,TX,77566,,
INTL_ba0f1cd4-2,UN,15035 Burnt Store Road,,,,Hughesville,MD,20637,,
INTL_92cbd6df-9,UN,8468 Herring Run Road,,,,Seaford,DE,19973,,
INTL_c15fc8f2-f,UN,1740 Lion Club Rd,,,,Madison,GA,30650,,
INTL_b240a581-9,UN,1710 E Saunders St Ste B440,,,,Laredo,TX,78041,,
INTL_578bcb3b-0,UN,185 Berry St Ste 300,,,,San Francisco,CA,94107,,
INTL_977bd351-e,UN,8303 Dodge St Suite 225,,,,Omaha,NE,68114,,
INTL_b4a6e8df-c,UN,2 Lincoln Hwy Ste 501,,,,Edison,NJ,08820,,
INTL_5ffa2bbb-6,UN,200 University Ave E,,,,SAINT PAUL,MN,55101,,
INTL_4a2e6935-8,UN,30701 Lorain Road,,,,North Olmsted,OH,44070,,
INTL_78459791-c,UN,227 Thorn Avenue,,,,Orchard Park,NY,14127,,
INTL_85a1cb52-8,UN,161 E. Washington Street,,,,Painesville,OH,44077,,
INTL_772980ba-5,UN,509 Biltmore Ave,,,,Asheville,NC,28801,,
INTL_aca396a9-2,UN,43 Whiting Hill Rd.,,,,Brewer,ME,04412,,
INTL_5b7cdd0e-e,UN,508 Princeton Rd Ste 202,,,,Johnson City,TN,37601,,
INTL_cbcd2462-7,UN,1124 W. 21st Street,,,,Andover,KS,67002,,
INTL_e451ab5e-b,UN,855 MANKATO AVE,,,,WINONA,MN,55987,,
INTL_31f2142f-9,UN,1224 Trotwood Avenue,,,,Columbia,TN,38401,,
INTL_8c0b407a-0,UN,6 Courners Medical Center,,,,Chicago,IL,60641,,
INTL_4b7c7667-b,UN,1818 Verdugo Blvd Ste 107,,,,Glendale,CA,91208,,
INTL_a465fbf0-b,UN,25 Jacobs Gulch Rd,,,,KELLOGG,ID,83837,,
INTL_b18dd8e2-9,PU,85 Cervantes #6,,,,SAN JUAN,PR,00907,,
INTL_a6425034-d,UN,"30 Medical Ctr Blvd, Professional Bldg 1, Ste305",,,,Upland,PA,19013,,
INTL_9768e506-6,UN,197 Main St,,,,Cooperstown,NY,13326,,
INTL_8052767a-3,UN,14201 Dallas Parkway,,,,Dallas,TX,75254,,
INTL_b44223c7-8,UN,5729 Center Square Drive,,,,Centreville,VA,20120,,
INTL_fd412055-9,UN,"1500 Delhi Street, Suite 4200",,,,Dubuque,IA,52001,,
INTL_4a29eb69-0,UN,4002 Vista Way,,,,Oceanside,CA,92056,,
INTL_a055dbf0-a,UN,228 Business Center Drive,,,,Reisterstown,MD,21136,,
INTL_a3a639af-3,UN,3100 SW 62nd Avenue,,,,Miami,FL,33155,,
INTL_4a865a93-0,UN,2600 6th St Sw,,,,Canton,OH,44710,,
INTL_7673a88f-3,UN,4500 Main St,,,,Kansas City,MO,64111,,
INTL_be62580a-4,UN,300 West 11th Street,,,,Kansas City,MO,64105,,
INTL_ecbebf8c-e,UN,5050 Crenshaw Rd Suite 100,,,,Pasadena,TX,77505,,
INTL_c08a0e5a-2,UN,1818 Henderson Street,,,,Columbia,SC,29201,,
INTL_88bcf96a-2,UN,4153 Flat Shoals Parkway,,,,Decatur,GA,30034,,
INTL_ff4247d9-e,UN,222 Ashland Avenue,,,,Asheville,NC,28801,,
INTL_9048c45e-c,UN,710 N. Walnut Street,,,,Medicine Lodge,KS,67104,,
INTL_cf3ec992-3,UN,520 E 10th St,,,,Superior,NE,68978,,
INTL_8341c409-7,UN,156 Lyons Ave,,,,Newark,NJ,07112,,
INTL_612936c9-4,UN,55 Dodge Rd,,,,Getzville,NY,14068,,
INTL_fb6f40ef-d,UN,100 3rd Ave SE,,,,Winchester,TN,37398,,
INTL_38a04d50-b,UN,8328 Cleveland Avenue Northwest,,,,North Canton,OH,44720,,
INTL_60d2a917-d,UN,289 Access Rd.,,,,Waynesville,NC,28785,,
INTL_cbf9d8fc-0,UN,2044 Ocean Ave Ste B1,,,,Brooklyn,NY,11230,,
INTL_1e6bf970-5,UN,15 Newark Avenue,,,,Belleville,NJ,07109,,
INTL_da05f6d5-c,UN,2570 Village Professional Drive,,,,Opelika,AL,36801,,
INTL_00906fd0-7,UN,3635 Clyde Morris Blvd.,,,,Port Orange,FL,32129,,
INTL_90a91101-5,UN,335 E. Waterloo Road,,,,Akron,OH,44319,,
INTL_f604b81f-e,UN,1008 N Main St,,,,SIKESTON,MO,63801,,
INTL_0fc79666-c,UN,1200 J  D Anderson Dr,,,,Morgantown,WV,26505,,
INTL_b80874de-0,UN,88 Hospital Dr,,,,Spruce Pine,NC,28777,,
INTL_de21b470-1,UN,7000 SW 97 Ave,,,,Miami,FL,33173,,
INTL_65c0cbd8-d,UN,412 Suburban Plaza,,,,Newark,DE,19711,,
INTL_b3df002b-9,UN,34 Sycamore Ave Ste 2A,,,,Little Silver,NJ,07739,,
INTL_a3d84c83-f,UN,11212 Waples Mill Rd,,,,Fairfax,VA,22030,,
INTL_01d5078b-f,UN,1901 N Dupont Hwy,,,,New Castle,DE,19720,,
INTL_447c2642-7,UN,100 E Ridge Road,,,,McAllen,TX,78503,,
INTL_ab8cb670-f,UN,3215 Willowcreek Rd,,,,Portage,IN,46368,,
INTL_6d3a2887-0,UN,60 Rochester Hill Road,,,,Rochester,NH,03867,,
INTL_32f6e6df-b,UN,1650 Moon Lake Blvd,,,,Hoffman Estates,IL,60169,,
INTL_a7316d3e-7,UN,2690 Pacific Ave Suite 380,,,,Long Beach,CA,90806,,
INTL_8d598d46-5,UN,"4520 Oak Fair Boulevard, Suite 100",,,,Tampa,FL,33610,,
INTL_4be56df6-4,UN,1000 Elmwood Ave.,,,,ROCHESTER,NY,14620,,
INTL_5e10c256-1,UN,1353 N. Travis,,,,Liberty,TX,77575,,
INTL_8afca551-b,UN,1700 W Stout St.,,,,Rice Lake,WI,54868,,
INTL_b6293b08-f,UN,"1650 Beam Avenue, Suite 200",,,,Saint Paul,MN,55109,,
INTL_f9a08a59-1,UN,328 W Houston St,,,,San Antonio,TX,78205,,
INTL_fa97dc5d-5,UN,899 Main Street,,,,Buffalo,NY,14203,,
INTL_9c7574ef-a,UN,1805 Foulk Rd Ste F,,,,Wilmington,DE,19810,,
INTL_8fb503ff-c,UN,100 GRAND ST,,,,NEW BRITAIN,CT,06052,,
INTL_dff501dc-e,UN,209 Hospital Rd NW,,,,Red Bay,AL,35582,,
INTL_eab585fa-3,UN,134 Evergreen PL,,,,East Orange,NJ,07018,,
INTL_f57c9c5c-7,UN,7910 W Jefferson Blvd Ste 201,,,,Fort Wayne,IN,46804,,
INTL_b47fa442-3,UN,999 San Bernardino Rd,,,,Upland,CA,91786,,
INTL_f1befb16-6,UN,330 W. Tienken Rd.,,,,Rochester Hills,MI,48306,,
INTL_f9656e8d-6,UN,25775 McBean Pkwy Ste 105,,,,Santa Clarita,CA,91355,,
INTL_2e123ec5-e,UN,300 Central Ave,,,,East Orange,NJ,07018,,
INTL_bcd63f4c-7,UN,1900 F St,,,,Geneva,NE,68361,,
INTL_b50a7eb5-8,UN,112 W. Jefferson Blvd. Ste 600,,,,South Bend,IN,46601,,
INTL_9cf8fc1a-9,UN,"2006 Limestone Road, Suite 7",,,,Wilmington,DE,19808,,
INTL_ca8f1eb4-5,UN,2900 1st Ave,,,,HUNTINGTON,WV,25702,,
INTL_579d41a4-5,UN,1617 University Blvd NE,,,,Albuquerque,NM,87102,,
INTL_64c8f640-0,UN,1408 Gregg St,,,,Columbia,SC,29201,,
INTL_79fff8ef-0,UN,130 E Lockling Ave,,,,Brookfield,MO,64628,,
INTL_c8f2e4bc-a,UN,7001 Johnnycake Rd,,,,Windsor Mill,MD,21244,,
INTL_e158a88f-f,UN,2505 Village Professional Drive,,,,Opelika,AL,36801,,
INTL_2eb44207-3,UN,5 Franklin Avenue 609,,,,Belleville,NJ,07109,,
INTL_34fde6ff-7,UN,131 Hospital Dr,,,,Salem,KY,42078,,
INTL_94b8c458-2,UN,530 Old Country Rd Ste 1B,,,,Westbury,NY,11590,,
INTL_c482085e-5,UN,"8260, Long Leaf Drive",,,,ELK GROVE,CA,95758,,
INTL_eb01efd8-6,UN,4455 S I 19 Frontage Rd,,,,Green Valley,AZ,85614,,
INTL_c60f325e-7,UN,2600 Glasgow Ave Ste 101,,,,Newark,DE,19702,,
INTL_3825574f-e,UN,"500 W Hospital Rd,",,,,French Camp,CA,95231,,
INTL_61849e5a-9,UN,1100 E Poplar Street,,,,CLARKSVILLE,AR,72830,,
INTL_40f81ed8-3,UN,349 East Northfield Rd,,,,Livingston,NJ,07039,,
INTL_30ab56bd-5,UN,18697 E Bagley Rd Receiving Dock,,,,Middleburg Heights,OH,44130,,
INTL_c69833da-a,UN,249 Billingsley Road,,,,Charlotte,NC,28211,,
INTL_962abdea-3,UN,5555 Ferguson Dr,,,,Los Angeles,CA,90022,,
INTL_0182a051-c,UN,1000 Hospital Dr Ste 301,,,,McPherson,KS,67460,,
INTL_2ac359aa-d,UN,7926 W. Hillsborough Avenue,,,,Tampa,FL,33615,,
INTL_ce0b1551-9,UN,12-45 River Rd,,,,Fair Lawn,NJ,07410,,
INTL_0db5f155-8,UN,16463 SW Boones Ferry Rd.,,,,Lake Oswego,OR,97035,,
INTL_96b437da-a,UN,2731 Healthcare Dr,,,,Syracuse,NE,68446,,
INTL_f7314e8a-5,UN,300 S. Third West Street,,,,Soda Springs,ID,83276,,
INTL_b434cb62-0,UN,520 N. Prospect Avenue,,,,Redondo Beach,CA,90277,,
INTL_2c69a430-d,UN,"1526 Walden Avenue, Ste. 400",,,,Cheektowaga,NY,14225,,
INTL_d84edacb-0,UN,459 Highway 119 S,,,,Springfield,GA,31329,,
INTL_0933be08-8,UN,269 Sage Sparrow Circle,,,,Vacaville,CA,95687,,
INTL_58d70a03-d,UN,101 E 9th St,,,,Pana,IL,62557,,
INTL_11970378-6,UN,"29645 Rancho California Road, Suite 226",,,,Temecula,CA,92591,,
INTL_99a80d55-7,UN,801 SE Main St,,,,Simpsonville,SC,29681,,
INTL_cf19dda2-a,UN,"2400 Marshall Street, Suite A",,,,Wausau,WI,54403,,
INTL_62866023-5,UN,9765 SAN JOSE BLVD STE 102,,,,Jacksonville,FL,32257,,
INTL_d82312ca-1,UN,8110 Cass Ave,,,,Darien,IL,60561,,
INTL_1baba263-5,UN,2349 North California Street,,,,Stockton,CA,95204,,
INTL_14b5ac89-e,UN,163 S Tallahassee St,,,,Hazlehurst,GA,31539,,
INTL_db07a225-d,UN,3890 Johns Creek Pkwy Ste 200,,,,Suwanee,GA,30024,,
INTL_6b5fa66d-9,UN,82 Blueberry Lane,,,,Concord,MA,01742,,
INTL_dc099b05-0,UN,249 5th Ave,,,,PITTSBURGH,PA,15222,,
INTL_6af85c01-7,UN,750 Brunswick Avenue,,,,Trenton,NJ,08638,,
INTL_37e28d2e-f,UN,1202 E Locust St,,,,Emmett,ID,83617,,
INTL_87fc6d5b-0,UN,8695 Spectrum Center CT,,,,San Diego,CA,92123,,
INTL_8765e5bf-8,UN,100 West 16th Street,,,,Eureka,KS,67045,,
INTL_79286194-7,UN,5301 Legacy Dr,,,,Plano,TX,75024,,
INTL_40533977-5,UN,256 Landis Ave,,,,Chula Vista,CA,91910,,
INTL_fc0a9083-4,UN,403 Gilead Rd Suite B,,,,Huntersville,NC,28078,,
INTL_500dbc43-8,UN,250 W 9th,,,,Hoisington,KS,67544,,
INTL_fa28d9cf-2,UN,6705 Old York Rd,,,,Philadelphia,PA,19126,,
INTL_46652748-3,UN,"55 Old Nyack Turnpike, Suite407",,,,Nanuet,NY,10954,,
INTL_da68c347-c,UN,500 Commack Rd Unit 206,,,,Commack,NY,11725,,
INTL_a1a895d3-4,UN,335 Blakely Avenue,,,,Woodstock,IL,60098,,
INTL_f39a9ee4-5,UN,2865 Chancellor Drive,,,,Crestview Hills,KY,41017,,
INTL_fa87d510-f,UN,213 2nd Ave NE,,,,Rolla,ND,58367,,
INTL_9eab66ce-3,UN,120 W 8th St,,,,ONAGA,KS,66521,,
INTL_b7a12d2e-d,UN,721 North 31st St. #100,,,,Kansas City,KS,66102,,
INTL_7398c436-3,UN,1100 West 21st,,,,Clovis,NM,88101,,
INTL_7236e62d-2,UN,1890 Al Highway 157 Ste 430,,,,Cullman,AL,35058,,
INTL_15e55416-9,UN,5575 WARREN PKWY STE 304,,,,Frisco,TX,75034,,
INTL_985f1820-4,UN,175 Franklin Ave Ste 103,,,,Nutley,NJ,07110,,
INTL_80ca4071-e,UN,564 E Pioneer Dr,,,,Heppner,OR,97836,,
INTL_8d1f567b-e,UN,1388 Papermill Point Way,,,,Knoxville,TN,37909,,
INTL_b181678c-a,UN,711 North Atlantic Street,,,,Tullahoma,TN,37388,,
INTL_00bf6afb-a,UN,1948 Al Hwy 157,,,,Cullman,AL,35058,,
INTL_1090091c-4,UN,1027 W Main St,,,,Mount Pleasant,PA,15666,,
INTL_7b873c82-4,UN,9 Mule Rd Ste E-8,,,,Toms River,NJ,08755,,
INTL_e0019c12-d,UN,328 Main Street,,,,Moscow,PA,18444,,
INTL_77da4784-c,UN,"310 W. Central, Suite G",,,,Andover,KS,67002,,
INTL_fc2e4370-5,UN,325 W Germantown Pike Ste 301,,,,Norristown,PA,19403,,
INTL_eebc47df-4,UN,301 N Highway 21,,,,Pilot Knob,MO,63663,,
INTL_4627927c-e,UN,310 Bath Road,,,,Brunswick,ME,04011,,
INTL_df666ab3-0,UN,2401 Gillham Rd,,,,Kansas City,MO,64108,,
INTL_2f324b1a-3,UN,204 Center Street,,,,Olean,NY,14760,,
INTL_804400da-4,UN,502 E Amende Drive,,,,Odessa,WA,99159,,
INTL_7e1018a6-a,UN,810 Spivey Rd,,,,Whiteville,NC,28472,,
INTL_b2ffe13e-3,UN,36 Omega Drive Ste G,,,,Newark,DE,19713,,
INTL_69e978da-8,UN,3837 SW 99 Ave,,,,Miami,FL,33165,,
INTL_09f6d551-1,UN,7800 SW 57th Ave Ste 106,,,,South Miami,FL,33143,,
INTL_67b39866-5,UN,"54 Bey Lea Road, Suite1",,,,Toms River,NJ,08753,,
INTL_70b22809-8,UN,3801 Las Posas Rd,,,,Camarillo,CA,93010,,
INTL_32462dea-e,UN,8111 Meadow Rd,,,,Dallas,TX,75231,,
INTL_44ba2109-1,UN,18341 Us Highway 41,,,,Lanse,MI,49946,,
INTL_39ada231-b,UN,6217 Country Club Dr,,,,Huntington,WV,25705,,
INTL_4c0047d5-2,UN,750 W 5th St,,,,Odessa,TX,79763,,
INTL_ff942641-5,UN,1720 South Poplar,,,,Casper,WY,82601,,
INTL_0d79c493-0,UN,2560 Samaritian Drive,,,,LAS CRUCES,NM,88001,,
INTL_d0309ddb-f,UN,19 Care Circle,,,,Amarillo,TX,79124,,
INTL_777bd356-9,UN,1800 Barrs St,,,,Jacksonville,FL,32204,,
INTL_a23a1d35-a,UN,225 Prado Rd Ste D,,,,San Luis Obispo,CA,93401,,
INTL_934fc637-e,UN,434 N West St,,,,PERRYVILLE,MO,63775,,
INTL_d7713cad-4,UN,202 High St,,,,Tecumseh,NE,68450,,
INTL_213960c9-2,UN,12101 Woodcrest Executive Drive,,,,St Louis,MISSOURI,63141,,
INTL_6b62c60c-9,UN,1720 Central Ave East,,,,Hampton,IA,50441,,
INTL_63257afc-c,UN,320 N 13th ST,,,,Wakeeney,KS,67672,,
INTL_fcda949f-b,UN,1301 Concord Ter,,,,Sunrise,FL,33323,,
INTL_bd2dde0b-b,UN,2200 W ILLINOIS AVE,,,,MIDLAND,TX,79701,,
INTL_7c813a0d-6,UN,516 Brookwood Boulevard Suite 100,,,,Birmingham,AL,35209,,
INTL_b6f1be65-d,UN,1314 Park Avenue Ste 9,,,,Plainfield,NJ,07060,,
INTL_fc8bd924-f,UN,5001 S Cooper St Ste 225,,,,Arlington,TX,76017,,
INTL_a01677d9-4,UN,2280 Springfield Ave,,,,Vauxhall,NJ,07088,,
INTL_f21268b9-1,UN,551 Hospital Road,,,,New Richmond,WI,54017,,
INTL_202a775d-c,UN,30701 Lorain Road,,,,North Olmsted,OH,44070,,
INTL_e71c32bc-6,UN,2304-B Gateway Drive,,,,Opelika,AL,36801,,
INTL_bd5eba83-9,UN,4224 Houma Boulevard Suite 410,,,,Metairie,LA,70006,,
INTL_d8129353-f,UN,2000 Esters Road Suite 120,,,,Irving,TX,75061,,
INTL_9e72e3a9-9,UN,120 Gordon St,,,,Washington,GA,30673,,
INTL_1d8a9a68-6,UN,625 East Broadway,,,,Jackson,WY,83001,,
INTL_3b567ed1-5,UN,1771 Allouez Avenue,,,,Green Bay,WI,54311,,
INTL_b7855a2e-2,UN,1717 N Indian Hill Blvd Ste B,,,,Claremont,CA,91711,,
INTL_945bd369-8,UN,1323 N A St,,,,Wellington,KS,67152,,
INTL_d2838bc0-4,UN,8001 Bruceville Road,,,,Sacramento,CA,95823,,
INTL_317896b4-9,UN,1007 4th Ave S,,,,Wishek,ND,58495,,
INTL_9c449fa1-a,UN,2000 Hollister Dr,,,,Libertyville,IL,60048,,
INTL_cf601ab6-4,UN,8901 West Dodge Road Suite 210,,,,Omaha,NE,68114,,
INTL_e64087e9-9,UN,525 East Grant Street,,,,Macomb,IL,61455,,
INTL_2d0ffb9b-6,UN,455 9th St,,,,Winter Garden,FL,34787,,
INTL_f7b9f9ce-5,UN,3131 College Heights Blvd,,,,Allentown,PA,18104,,
INTL_533d99e7-4,UN,218 E Pack St,,,,Moundridge,KS,67107,,
INTL_3dafffda-0,UN,7425 Janes Avenue,,,,Woodridge,IL,60517,,
INTL_df10061b-8,UN,532 1st St NW,,,,Britt,IA,50423,,
INTL_78bd3061-4,UN,413 Lakehurst Rd,,,,Toms River,NJ,08755,,
INTL_8f3316f2-b,UN,4346 Loughborough Ave,,,,Saint Louis,MO,63116,,
INTL_416f463e-d,UN,"1450 East A Street, Suite: 1",,,,Casper,WY,82601,,
INTL_f0c794cc-b,UN,2800 Rock Creek Parkway,,,,Kansas City,MO,64117,,
INTL_dff61b14-6,UN,310 Seven Springs Way,,,,Brentwood,TN,37027,,
INTL_8022e0a9-1,UN,3590 Camino Del Rio N,,,,San Diego,CA,92108,,
INTL_4ae3ce2e-c,UN,1501 N Williams,,,,Winslow,AZ,86047,,
INTL_4af74599-1,UN,624 Hospital Drive,,,,MOUNTAIN HOME,AR,72653,,
INTL_b019565b-b,UN,2500 English Creek Avenue,,,,Egg Harbor Township,NJ,08234,,
INTL_468b5eba-d,UN,602 Michigan Ave,,,,HOLLAND,MI,49423,,
INTL_24e9b7f1-a,UN,2631 Centennial Blvd Suite 100,,,,Tallahassee,FL,32308,,
INTL_3c708e0b-4,UN,20 Hospital Dr Ste 16,,,,Toms River,NJ,08755,,
INTL_50d829cb-6,UN,4220 Harding Rd,,,,Nashville,TN,37205,,
INTL_39097e4e-2,UN,502 S. Buckeye,,,,Stafford,KS,67578,,
INTL_2de38aa1-b,UN,275 Varnum Ave,,,,Lowell,MA,01854,,
INTL_a9f45a31-4,UN,642 Ulukahiki St Ste 211,,,,Kailua,HI,96734,,
INTL_aae71f5c-b,UN,4000 Meridian Blvd,,,,Franklin,TN,37067,,
INTL_6d43ea49-e,UN,29995 Technology Dr,,,,Murrieta,CA,92563,,
INTL_9b26a742-3,UN,300 Longwood Ave,,,,Boston,MA,02115,,
INTL_1e544d61-c,UN,739 S Logan Boulevard,,,,Hollidaysburg,PA,16648,,
INTL_68bec2ce-1,UN,1550 Three Mile Rd NW,,,,Grand Rapids,MI,49544,,
INTL_487892a8-9,UN,615 N MICHIGAN ST,,,,South Bend,IN,46601,,
INTL_8791effd-7,UN,1060 Fairfax Park,,,,Tuscaloosa,AL,35406,,
INTL_c5edb849-2,UN,15305 Dallas Pkwy Ste 1600,,,,Addison,TX,75001,,
INTL_a4927628-c,UN,212 South Main St,,,,Minneola,KS,67865,,
INTL_bfa72ee7-5,UN,920 S Oak St,,,,Iowa Falls,IA,50126,,
INTL_7ffc435a-7,UN,210 S Bryan Rd,,,,Mission,TX,78572,,
INTL_e784ffb1-6,UN,1 Bartol Ave Ste 14,,,,Ridley Park,PA,19078,,
INTL_b8c1bfd0-7,UN,815 Lee Street,,,,Alexander City,AL,35010,,
INTL_5a35f74d-8,UN,900 Cedar St,,,,Julesburg,CO,80737,,
INTL_d0e6507f-8,UN,56-117 Pualalea St,,,,Kahuku,HI,96731,,
INTL_027a3c0d-1,UN,2305 37th Ave Sw,,,,Minot,ND,58701,,
INTL_4cf4681c-6,UN,509 N Madison St,,,,BLOOMFIELD,IA,52537,,
INTL_59061e51-9,UN,P.O. Box 494100,,,,Redding,CA,96049,,
INTL_e9ecbe0d-b,UN,2951 NW 49th Ave Suite 207,,,,Lauderdale Lakes,FL,33313,,
INTL_173cd7b6-e,UN,2776 Pacific Ave,,,,Long Beach,CA,90806,,
INTL_3215d2c5-0,UN,10201 Arcos Ave Suite 103,,,,Estero,FL,33928,,
INTL_587fe227-f,UN,4050 W Memorial Rd,,,,Oklahoma City,OK,73120,,
INTL_e3747bfb-9,UN,50 Doctors Dr,,,,Asheville,NC,28801,,
INTL_77786c29-0,UN,502 E.  Reed Street,,,,Red Oak,IA,51566,,
INTL_0a405122-8,UN,1985 Al Hwy 157,,,,Cullman,AL,35058,,
INTL_2d97efd3-6,UN,"7100 W. 20th Ave, #402",,,,Hialeah,FL,33016,,
INTL_1b53e168-0,UN,5A Medical Park Dr,,,,Pomona,NY,10970,,
INTL_ed2f42e0-5,UN,11730 Kingston Pike,,,,Knoxville,TN,37934,,
INTL_e667dc2c-c,UN,2615 Electric Ave,,,,Port Huron,MI,48060,,
INTL_eddff231-3,UN,4410 W 16 Ave Ste 60,,,,Hialeah,FL,33012,,
INTL_c4d25e2a-4,UN,265 Winn Street,,,,Burlington,MA,01803,,
INTL_1246e4d6-0,UN,349 SE 7th Ave,,,,Hillsboro,OR,97123,,
INTL_ce74bf98-f,UN,185 Grafton Rd,,,,TOWNSHEND,VT,05353,,
INTL_a134d8a2-b,UN,3489 Nw Highway 101,,,,Lincoln City,OR,97367,,
INTL_dc626963-5,UN,817 Princeton Avenue SW Suite 199,,,,Birmingham,AL,35211,,
INTL_868c7030-b,UN,1523 22nd Avenue,,,,Meridian,MS,39301,,
INTL_ec54c1e9-7,UN,2221 W. Elm St,,,,Rawlins,WY,82301,,
INTL_ead0268b-0,UN,1818 Albion St,,,,Nashville,TN,37208,,
INTL_c68a27e4-6,UN,211 Park Street,,,,Attleboro,MA,02703,,
INTL_bbd9ab9e-2,UN,690 Guzzi Ln,,,,Sonora,CA,95370,,
INTL_4b496e1f-7,UN,14201 Dallas Parkway,,,,Dallas,TX,75254,,
INTL_8067ee27-d,UN,3575 Moreau CT,,,,SOUTH BEND,IN,46628,,
INTL_730a29cb-5,UN,6103 Mount Tacoma Drive Southwest,,,,Lakewood,WA,98499,,
INTL_ceb3035b-f,UN,209 N Cuthbert St,,,,Colquitt,GA,39837,,
INTL_e48f8bc9-0,UN,200 NE 54th St,,,,Kansas City,MO,64118,,
INTL_271a988c-4,UN,12902 MAGNOLIA DRIVE,,,,TAMPA,FL,33612,,
INTL_a234442d-4,UN,415 W Russ Rd,,,,Greenville,OH,45331,,
INTL_c4833163-7,UN,2800 Rockcreek Pkwy,,,,Kansas City,MO,64117,,
INTL_53965f54-e,UN,"5671 Peachtree Dunwoody Road, Suite 630",,,,Atlanta,GA,30342,,
INTL_6fc86604-9,UN,114 Barney Dr.,,,,Joliet,IL,60435,,
INTL_ff3fdc6b-2,UN,State Capitol Bldg,,,,SANTA FE,NM,87501,,
INTL_eb96d115-7,UN,1701 Lacey St,,,,Cape Girardeau,MO,63701,,
INTL_efdd3680-f,UN,31 W Dundee Rd,,,,Wheeling,IL,60090,,
INTL_f1e8f295-8,UN,1059 N 100 W St,,,,Beaver,UT,84713,,
INTL_bc6f0c4f-a,UN,1211 Union Ave Ste 700,,,,MEMPHIS,TN,38104,,
INTL_78e70a28-c,UN,7972 W Jefferson Blvd,,,,Fort Wayne,IN,46804,,
INTL_911321c6-4,UN,"AB 660,1530 3rd Ave S",,,,Birmingham,AL,35294,,
INTL_e3b89fc9-3,UN,"1900 N. Winston Road, Suite 501",,,,Knoxville,TN,37919,,
INTL_8bd78530-6,UN,900 SE Oak St,,,,Hillsboro,OR,97123,,
INTL_41313505-9,UN,2828 Hwy 31 S Suite 111,,,,Decatur,AL,35603,,
INTL_4227aacc-3,UN,5676 Riverdale Avenue,,,,Bronx,NY,10471,,
INTL_b5411834-f,UN,"3502 Metro Dr, Ste 200",,,,Council Bluffs,IA,51501,,
INTL_66a07d1d-1,UN,"901 San Bernardino Road, Suite 101",,,,Upland,CA,91786,,
INTL_fee8d268-f,UN,2112 Executive Park Dr,,,,Opelika,AL,36801,,
INTL_7185645b-b,UN,250 Pleasant St,,,,CONCORD,NH,03301,,
INTL_34e0a116-b,UN,13555 W McDowell Rd Ste 301,,,,Goodyear,AZ,85395,,
INTL_d31c5126-d,UN,1502 N Jefferson,,,,Carrollton,MO,64633,,
INTL_a3b5af4b-f,UN,211 East Earl Street,,,,Leoti,KS,67861,,
INTL_2a474d9f-5,UN,230 HOSPITAL PLZ,,,,Weston,WV,26452,,
INTL_f87b562b-1,UN,201 East 11th Street,,,,Spencer,IA,51301,,
INTL_b6104dae-5,UN,483 Upper Riverdale Rd Ste G,,,,Riverdale,GA,30274,,
INTL_09164c0e-a,UN,"800 Delaware Ave, 5th Floor",,,,Wilmington,DE,19801,,
INTL_fcff5b0c-f,UN,3610 Michelle Wilmer Memorial Dr Ste 110,,,,New Berlin,WI,53151,,
INTL_f93f3591-4,UN,1975 Zonal Ave,,,,Los Angeles,CA,90033,,
INTL_ab79ab9d-b,UN,741 Northfield Ave Ste 104,,,,West Orange,NJ,07052,,
INTL_f65deb53-b,UN,941 York Drive,,,,Desoto,TX,75115,,
INTL_092ac009-a,UN,701 N 7th St,,,,Kansas City,KS,66101,,
INTL_8758c01b-2,UN,1912 ALABAMA HIGHWAY 157,,,,CULLMAN,AL,35055,,
INTL_da12e4ee-9,UN,RWJBarnabas Health 2 Crescent Place,,,,Oceanport,NJ,07757,,
INTL_99551225-4,UN,225 Millburn Avenue Suite 204,,,,Millburn,NJ,07041,,
INTL_f68c5feb-7,UN,1401 Hampton Ave,,,,St. Louis,MO,63139,,
INTL_5f55f66e-9,UN,40 Bey Lea Rd Bldg C Ste 103,,,,Toms River,NJ,08753,,
INTL_25fd4e59-d,UN,"3590 Camino Del Rio North, Suite 202",,,,San Diego,CA,92108,,
INTL_4a5e9d06-c,UN,"16465 Sierra Lakes Pkwy, Suite 115",,,,Fontana,CA,92336,,
INTL_276ac698-d,UN,650 Pennsylvania Ave SE,,,,Washington,DC,20003,,
INTL_8f5c24a8-5,UN,3808 Swiss Ave,,,,Dallas,TX,75204,,
INTL_a8b87c1a-0,UN,42 Delsea Dr S,,,,Glassboro,NJ,08028,,
INTL_fd9aa078-8,UN,301 S Lake St Ste B,,,,Farmington,NM,87401,,
INTL_927e534a-3,UN,1600 Community Drive,,,,Seneca,KS,66538,,
INTL_57dd1058-9,UN,7 Village Sq,,,,Chelmsford,MA,01824,,
INTL_cff2b195-3,UN,19365 SW 65th Avenue Suite 111,,,,Tualatin,OR,97062,,
INTL_8f84f98e-f,UN,301 Elm Avenue,,,,ROANOKE,VA,24016,,
INTL_a5fa1fe2-8,UN,1141 Hospital Dr N W,,,,Corydon,IN,47112,,
INTL_561f440a-c,UN,500 W 4th St,,,,Odessa,TX,79761,,
INTL_e054c46b-1,UN,1200 J D Anderson Dr,,,,MORGANTOWN,WV,26505,,
INTL_eeac4efe-f,UN,628 E. 222nd St,,,,Euclid,OH,44123,,
INTL_2988dddd-e,UN,601 Childrens Ln,,,,Norfolk,VA,23507,,
INTL_beeb87e8-b,UN,3226 Hampton Avenue Ste. F,,,,Brunswick,GA,31520,,
INTL_96e2cc25-3,UN,4225 West Oakwood Park Ct,,,,Franklin,WI,53132,,
INTL_07e572e1-f,UN,3712 Macarthur Blvd Ste 202,,,,New Orleans,LA,70114,,
INTL_17e932ca-1,UN,350 Duncan Drive PROVIDENCE,,,,PROVIDENCE,RI,02906,,
INTL_d0773eaa-3,UN,3790 117th Ln NW,,,,Coon Rapids,MN,55433,,
INTL_99104e11-8,UN,600 North Washington,,,,Council Grove,KS,66846,,
INTL_b101876b-a,UN,28078 Baxter Rd Ste 324,,,,Murrieta,CA,92563,,
INTL_34b04fbf-b,UN,PO Box 277,,,,Fairbury,NE,68352,,
INTL_1ebaff1b-4,UN,260 Hospital Dr.,,,,Ukiah,CA,95482,,
INTL_352e5000-2,UN,1405 NW Church Street,,,,Leon,IA,50144,,
INTL_bf93e522-5,UN,3000 SAINT MATTHEWS RD,,,,ORANGEBURG,SC,29118,,
INTL_e74a7cb5-b,UN,612A McCarthy Blvd,,,,New Bern,NC,28562,,
INTL_5845e350-7,UN,1941 1st Ave,,,,Opelika,AL,36801,,
INTL_3d2ae483-9,UN,929 N. St. Francis,,,,Wichita,KS,67214,,
INTL_7b4c460f-3,UN,3251 N Rock Rd,,,,Derby,KS,67037,,
INTL_3f2ae9eb-a,UN,2555 Cumberland Parkway SE,,,,Atlanta,GA,30339,,
INTL_6e4b29f9-d,UN,4215 Joe Ramsey Blvd,,,,GREENVILLE,TX,75402,,
INTL_d13cc162-e,UN,804 Ainsworth Dr Suite 103,,,,Prescott,AZ,86301,,
INTL_e310ea03-8,UN,7100 W. 20th Avenue,,,,Hialeah,FL,33016,,
INTL_b3a80fcf-8,UN,2950 Highway 78 East,,,,Jasper,AL,35501,,
INTL_9e037acb-4,UN,409 Tyler Holmes Dr,,,,Winona,MS,38967,,
INTL_eb38e915-8,UN,RWJBarnabas Health 2 Crescent Place,,,,Oceanport,NJ,07757,,
INTL_be4da266-4,UN,938 South Bradford Street,,,,Dover,DE,19904,,
INTL_01abbd2a-6,UN,9 North Rd Ste 101,,,,Chelmsford,MA,01824,,
INTL_8e7d52fa-d,UN,212 4th Ave SE,,,,Cullman,AL,35055,,
INTL_4e791198-d,UN,1335 Cypress St Ste 205,,,,San Dimas,CA,91773,,
INTL_b439ebf8-e,UN,215 E Mansion St STE 3E,,,,Marshall,MI,49068,,
INTL_3a529c63-c,UN,1101 Michigan Ave,,,,Logansport,IN,46947,,
INTL_65dcf834-b,UN,1325 S Noland Rd # C,,,,Independence,MO,64055,,
INTL_f8482c72-7,UN,121 Drew Ave SE,,,,Madelia,MN,56062,,
INTL_1f74a6c1-e,UN,PO Box 546,,,,Yorktown,IN,47396,,
INTL_c10889c8-f,UN,1501 Alice Street,,,,Waycross,GA,31501,,
INTL_10330fe7-e,UN,4315 Houma Blvd Ste 304,,,,Metairie,LA,70006,,
INTL_f0399265-8,UN,1208 Luther St,,,,Eads,CO,81036,,
INTL_47539f66-2,UN,2200 Havasupai Blvd,,,,Lake Havasu City,AZ,86403,,
INTL_2069b149-c,UN,1700 Cogdell Blvd,,,,Snyder,TX,79549,,
INTL_09d5f445-c,UN,3132 Collins Ferry Rd.,,,,Morgantown,WV,26505,,
INTL_8686c2a7-5,UN,112 W. Pasadena  Blvd.,,,,Deer Park,TX,77536,,
INTL_66426bcb-a,UN,4850 Grande Dr,,,,Pensacola,FL,32504,,
INTL_330f7138-b,UN,1573 Mallory Ln # 100,,,,Brentwood,TN,37027,,
INTL_0f8dd440-0,UN,88 12th St N Ste 100,,,,Naples,FL,34102,,
INTL_98d48ba9-7,UN,8110 S. Cass Ave,,,,Darien,IL,60561,,
INTL_0226e05e-4,UN,1701 W Broadway,,,,Council Bluffs,IA,51501,,
INTL_7644165c-5,UN,6228 Bradley Park Dr Ste A,,,,Columbus,GA,31904,,
INTL_318f3f06-8,UN,901 McClintock Dr Ste 201,,,,Burr Ridge,IL,60527,,
INTL_285356ed-8,UN,140 Wayland Smith Dr,,,,Uniontown,PA,15401,,
INTL_8a5419b0-0,UN,800 S. Ash Street,,,,NEVADA,MO,64772,,
INTL_0dcb7b10-8,UN,403 West Adams Boulevard,,,,Los Angeles,CA,90007,,
INTL_bcc26d83-f,UN,123 Pompano Pl Ste 100,,,,Jacksonville,NC,28546,,
INTL_d8c90f5f-7,UN,877 Jefferson Ave,,,,Memphis,TN,38103,,
INTL_6765c86c-1,UN,5A Medical Park Dr,,,,Pomona,NY,10970,,
INTL_c9111305-1,UN,4720 S I10 Service Rd W Suite 206,,,,Metairie,LA,70001,,
INTL_b5c96c2d-e,UN,"10090 Red Run Blvd,3rd Floor, Owings Mills,",,,,Baltimore,MD,21117,,
INTL_97d058fb-e,UN,127 Pine St Ste 1,,,,Montclair,NJ,07042,,
INTL_b913bf46-d,UN,1351 W President George Bush Hwy,,,,Richardson,TX,75080,,
INTL_2f51417c-1,UN,Founders Hl,,,,Hershey,PA,17033,,
INTL_bce9a292-2,UN,500 Jefferson St,,,,Whiteville,NC,28472,,
INTL_aa586f46-e,UN,1105 6TH STREET,,,,TRAVERSE CITY,MI,49684,,
INTL_75a8f2b0-f,UN,203 Hospital Dr,,,,RATON,NM,87740,,
INTL_ee1125ba-c,UN,1213 Hylton Heights Rd Ste 101,,,,Manhattan,KS,66502,,
INTL_26916235-b,UN,9 Maple Street,,,,Coudersport,PA,16915,,
INTL_8ffc192d-8,UN,912 S. Pleasant Valley Road,,,,Winchester,VA,22601,,
INTL_dfbb16d1-9,UN,800 South Tillotson Avenue,,,,MUNCIE,IN,47304,,
INTL_9428e262-6,UN,708 W Forese T Ave,,,,Jackson,TN,38301,,
INTL_1e0a8ba1-c,UN,1101 Amboy Ave,,,,Edison,NJ,08837,,
INTL_44f8577c-7,UN,"1350 Tamiami Trail, Suite 101.",,,,Naples,FL,34102,,
INTL_fbf8f489-5,UN,244 Fort Sanders West Blvd,,,,Knoxville,TN,37922,,
INTL_5e67834c-6,UN,10832 Laurel St Ste 101,,,,Rancho Cucamonga,CA,91730,,
INTL_762517cd-4,UN,1 Medical Center Dr,,,,Galena,IL,61036,,
INTL_ddf909ac-4,UN,203 S Western Ave,,,,Tonasket,WA,98855,,
INTL_6f55caf9-5,UN,1130 22nd St S,,,,Birmingham,AL,35205,,
INTL_dbee667b-5,UN,2001 Santa Monica Blvd Ste 990w,,,,Santa Monica,CA,90404,,
INTL_2ebdbb56-4,UN,719 Dresher Road,,,,Horsham,PA,19044,,
INTL_6b65519d-d,UN,3075 Highland Pkwy Fl 6,,,,DOWNERS GROVE,IL,60515,,
INTL_c75e8f8c-5,UN,1221 South Gear Ave,,,,West Burlington,IA,52655,,
INTL_2679211f-4,UN,1270 Hwy 35,,,,Middletown,NJ,07748,,
INTL_8af701bd-3,UN,3505 Hutchinson Rd,,,,Cumming,GA,30040,,
INTL_8386fc5d-a,UN,2486 N Ponderosa Dr,,,,Camarillo,CA,93010,,
INTL_8db4c34f-8,UN,450 East Main Street,,,,REXBURG,ID,83440,,
INTL_f8015825-e,UN,"2727 S 144th Street, Suite 280",,,,Omaha,NE,68144,,
INTL_82539017-6,UN,2800 Rockcreek Pkwy,,,,Kansas City,MO,64117,,
INTL_35818749-8,UN,16160 Midway Road,,,,Addison,TX,75001,,
INTL_4bc85509-6,UN,1208 6th Avenue East,,,,Superior,MT,59872,,
INTL_eb388dfe-c,UN,9481 Pittsburgh Ave,,,,Rancho Cucamonga,CA,91730,,
INTL_2273814a-8,UN,759 Chestnut St.,,,,Springfield,MA,01199,,
INTL_9b6302f4-a,UN,801 E Nolana Ave Ste 6,,,,McAllen,TX,78504,,
INTL_a743e66e-5,UN,8 Commons Street,,,,Rutland,VT,05701,,
INTL_8b638618-4,UN,557 Brookdale Dr,,,,Statesville,NC,28677,,
INTL_cf4bd70f-b,UN,1701 E Cesar E Chavez Ave Suite 300,,,,Los Angeles,CA,90033,,
INTL_8182b93b-6,UN,229 S 7th St,,,,Saint Maries,ID,83861,,
INTL_38eee669-d,UN,28000 Dequindre Rd,,,,WARREN,MI,48092,,
INTL_f603b433-2,UN,990 Westbury Rd,,,,Westbury,NY,11590,,
INTL_f238f66e-9,UN,103 Dr. Bowen Street,,,,Belle Chasse,LA,70037,,
INTL_cabf9b0a-0,UN,2000 16th St,,,,Denver,CO,80202,,
INTL_c631fbb0-0,UN,"2669 N Scenic Drive,Alamogordo,NM,88310,Otero,US",,,,Alamogordo,NM,88310,,
INTL_5ad9e990-7,UN,129 Route 37 W Ste 3,,,,Toms River,NJ,08755,,
INTL_a647949c-8,UN,3400 Quadrangle Blvd,,,,Orlando,FL,32817,,
INTL_1d26e2a1-8,UN,1600 West Ave J,,,,Lancaster,CA,93534,,
INTL_2fb7a6bd-f,UN,1111 N Nagle St,,,,Alturas,CA,96101,,
INTL_767d1f0f-3,UN,1200 Providence Rd,,,,Wayne,NE,68787,,
INTL_6a85b826-c,UN,1901 S 24th Ave,,,,Edinburg,TX,78539,,
INTL_2d301bcb-5,UN,264 S. Broadway,,,,Pennsville,NJ,08070,,
INTL_5e5f4f10-e,UN,308 N Maple Ave,,,,New Hampton,IA,50659,,
INTL_fd990f7d-d,UN,3275 Leechburg Road,,,,Lower Burrell,PA,15068,,
INTL_1ed76235-e,UN,6125 Inwood Dr,,,,Columbus,IN,47201,,
INTL_408bd742-2,UN,500 E Thorpe Street,,,,Lakin,KS,67860,,
INTL_b091db4f-1,UN,1227 E Rusholme St,,,,DAVENPORT,IA,52803,,
INTL_56dca9b5-4,UN,1062 Forsyth St Ste 2C,,,,Macon,GA,31201,,
INTL_360a8ad7-3,UN,205 French Street,,,,Bangor,ME,04401,,
INTL_61a634e2-c,UN,6600 SW 99th Ave,,,,Miami,FL,33173,,
INTL_8aa4f039-3,UN,"10 James St, Suite 140",,,,Florham Park,NJ,07932,,
INTL_d59c6ae0-a,UN,367 S Gulph Rd,,,,King Of Prussia,PA,19406,,
INTL_ef4d45e2-3,UN,5A Medical Park Dr,,,,Pomona,NY,10970,,
INTL_8c02fe62-f,UN,3126 Center Point Dr,,,,Edinburg,TX,78539,,
INTL_a59e2fc5-d,UN,1830 Flower St,,,,Bakersfield,CA,93305,,
INTL_c819b43b-c,UN,5110 N 10th St,,,,McAllen,TX,78504,,
INTL_87745006-6,UN,1400 N Texana St,,,,Hallettsville,TX,77964,,
INTL_c6176fe5-c,UN,1 N Avenue N,,,,Haskell,TX,79521,,
INTL_20819a7b-6,UN,"3600 N. Verdugo Rd, Suite 210",,,,Glendale,CA,91208,,
INTL_cd3264f3-1,UN,2401 Gillham Rd,,,,Kansas City,MO,64108,,
INTL_bff28749-d,UN,704 Hospital Drive,,,,Carrizo Springs,TX,78834,,
INTL_df00fa61-b,UN,"300 N. Read St., Suite D",,,,Lockport,IL,60441,,
INTL_42bb6169-5,UN,316 Ohmer,,,,Bottineau,ND,58318,,
INTL_62ee817c-8,UN,2770 Main St,,,,Marlette,MI,48453,,
INTL_3c5efcd4-d,UN,"2223 Lime Kiln Rd, Ste 1",,,,GREEN BAY,WI,54311,,
INTL_b3293ae8-f,UN,2950 College Dr Ste 2d,,,,VINELAND,NJ,08360,,
INTL_53d854af-3,UN,185 Berry Street,,,,San Francisco,CA,94107,,
INTL_5f67f484-c,UN,2414 Walbert Ave,,,,Allentown,PA,18104,,
INTL_a61be75f-c,UN,200 Marriot,,,,Portland,TX,78374,,
INTL_a2578399-f,UN,575 Rivergate,,,,Durango,CO,81301,,
INTL_466cf2dd-6,UN,201 Ridge St Ste 201,,,,Council Bluffs,IA,51503,,
INTL_7781d60f-1,UN,2200 Sutherland Ave,,,,Knoxville,TN,37919,,
INTL_5ff3e320-c,UN,3310 Mesa Way,,,,Lawrence,KS,66049,,
INTL_3c484320-d,UN,101 Old Short Hills Rd Ste 206,,,,West Orange,NJ,07052,,
INTL_a6bba52d-9,UN,929 Franklin Street,,,,Huntsville,AL,35801,,
INTL_758ffce6-b,UN,3599 University Blvd Ste 504,,,,Jacksonville,FL,32216,,
INTL_3f301393-f,UN,117 N Braddock St,,,,Winchester,VA,22601,,
INTL_12b27870-6,UN,21 18th  Ave NW,,,,Hickory,NC,28601,,
INTL_62b96860-b,UN,1710 East Saunders,,,,Laredo,TX,78041,,
INTL_bf63db35-5,UN,900 Hope Way,,,,Altamonte Springs,FL,32714,,
INTL_0b0e4385-2,UN,315 Knapp St,,,,Wolf Point,MT,59201,,
INTL_5e2063b8-2,UN,1606 N 7th St,,,,Terre Haute,IN,47804,,
INTL_63701c82-0,UN,34700 Valley Rd,,,,Oconomowoc,WI,53066,,
INTL_24b50ef3-e,UN,601 Colliers Way,,,,Weirton,WV,26062,,
INTL_2393b2f7-4,UN,418 1/2 N Main St,,,,Princeton,IN,47670,,
INTL_f6c1f059-6,UN,430 N. Monitor,,,,WEST POINT,NE,68788,,
INTL_a5687c33-c,UN,2300 Haggerty Rd Ste 2070,,,,West Bloomfield,MI,48323,,
INTL_512a3d0f-f,UN,501 S. Jupiter Rd.,,,,Garland,TX,75042,,
INTL_9434bd1c-c,UN,732 Smithtown Byp Ste 200,,,,Smithtown,NY,11787,,
INTL_f27c506a-3,UN,"828 Healthy Way, Suite 105",,,,Virginia Beach,VA,23462,,
INTL_34e3ce18-b,UN,401 N Ewing St,,,,Lancaster,OH,43130,,
INTL_aee60baf-8,UN,400 Hospital Rd,,,,STARKVILLE,MS,39759,,
INTL_14142635-0,UN,22 Masonic Avenue,,,,WALLINGFORD,CT,06492,,
INTL_c2d7510f-8,UN,324 10th Ave,,,,Salt Lake City,UT,84103,,
INTL_f8c20e7b-d,UN,601 E Rollins St Box 129,,,,Orlando,FL,32803,,
INTL_d0c93db5-e,UN,100 Hospital Ave,,,,Du Bois,PA,15801,,
INTL_c58d6c77-d,UN,255 Terracina Blvd,,,,Redlands,CA,92373,,
INTL_5d469d82-0,UN,294 N Main St Ste 101,,,,East Longmeadow,MA,01028,,
INTL_9e912a87-a,UN,200 South Orange Ave. Suite 101,,,,Livingston,NJ,07039,,
INTL_c7d93c6a-f,UN,1440 Narrow Lane Parkway,,,,Montgomery,AL,36111,,
INTL_4d644010-6,UN,1056 Stelton Rd,,,,Piscataway,NJ,08854,,
INTL_a5ff1ae8-3,UN,2870 East 3300 South,,,,Millcreek,UT,84109,,
INTL_8a698412-0,UN,803 E School St,,,,Owatonna,MN,55060,,
INTL_94c8b8bb-8,UN,18011 Oak Street Unit 18011A,,,,Omaha,NE,68130,,
INTL_6cae3a38-4,UN,1333 3rd Ave S Ste 304,,,,Naples,FL,34102,,
INTL_ad5a2a9c-c,UN,473 McLaws Circle,,,,Williamsburg,VA,23185,,
INTL_33117ff1-3,UN,15 Madison Professional Park,,,,Rexburg,ID,83440,,
INTL_59bce02f-3,UN,950 W Wooster St,,,,Bowling Green,OH,43402,,
INTL_1e32f81e-e,UN,1329 Lusitana St Ste 409,,,,Honolulu,HI,96813,,
INTL_85e5f8c1-7,UN,454 Enterprise Dr,,,,Royersford,PA,19468,,
INTL_47bd08c5-4,UN,127 Pine St,,,,Harrisburg,PA,17101,,
INTL_688cfa83-e,UN,901 Olive Dr,,,,Bakersfield,CA,93308,,
INTL_e44b2d9c-6,UN,420 E 6th St STE 201B,,,,Odessa,TX,79761,,
INTL_46606541-9,UN,1560 E. Chevy Chase Dr. Suite 400,,,,Glendale,CA,91206,,
INTL_04c87d4d-a,UN,5545 Little Debbie Parkway,,,,Ooltewah,TN,37363,,
INTL_2b9bf167-5,UN,901 Mountain View Dr Bldg 1,,,,Shelton,WA,98584,,
INTL_7dacbf00-2,UN,11775 Borman Drive Suite 340,,,,St. Louis,MO,63146,,
INTL_04ac9f1d-d,UN,1615 Hill Road,,,,Novato,CA,94947,,
INTL_c013caef-3,UN,1700 Rainbow Blvd,,,,Excelsior Springs,MO,64024,,
INTL_ed5f2ca5-7,UN,428 S Durbin St Ste 104,,,,Casper,WY,82601,,
INTL_40cf20aa-f,UN,95 S Pagosa Blvd,,,,Pagosa Springs,CO,81147,,
INTL_a5a6d0b7-2,UN,237 W Harrison St. Suite 100,,,,Osborne,KS,67473,,
INTL_67af6199-3,UN,330 Townepark Cir Ste 100,,,,Louisville,KY,40243,,
INTL_95b5355b-c,UN,93467 Promise Lane,,,,COOS BAY,OR,97420,,
INTL_9b457748-4,UN,1501 N Main St,,,,Anderson,SC,29621,,
INTL_b59d9ebc-9,UN,267 N Canyon Dr,,,,GOODING,ID,83330,,
INTL_f77b5f13-b,UN,330 Seven Springs Way,,,,Brentwood,TN,37027,,
INTL_ef919004-3,UN,14055 Seaway Road,,,,Gulfport,MS,39503,,
INTL_315c0e51-3,UN,11900 FM 1960 West,,,,Houston,TX,77065,,
INTL_df9a387a-f,UN,296 14th Ave S,,,,Naples,FL,34102,,
INTL_0921adda-e,UN,447 Rt 10E Suite 15,,,,Randolph,NJ,07869,,
INTL_c7913638-8,UN,28078 Baxter Rd Ste 324,,,,Murrieta,CA,92563,,
INTL_f91a4b5d-1,UN,3107 Frederick Ave Ste B,,,,Saint Joseph,MO,64506,,
INTL_3c9b6b34-4,UN,14201 Dallas Parkway,,,,Dallas,TX,75254,,
INTL_9f7f6778-7,UN,6200 Uptown Ste 410,,,,Albuquerque,NM,87110,,
INTL_0b51c96b-9,UN,Medical Arts Suite 1,,,,Mountain Home,AR,72653,,
INTL_fe84436b-a,UN,"8051 S. Emerson Avenue, Suite 200",,,,Indianapolis,IN,46237,,
INTL_c94d1476-4,UN,895 City Center Blvd Ste 200,,,,Newport News,VA,23606,,
INTL_e5df4282-d,UN,950 NW 20th St,,,,Miami,FL,33127,,
INTL_ad6ed804-7,UN,70 East Front St,,,,Red Bank,NJ,07701,,
INTL_af1615b5-4,UN,1421 Narrow Lane Parkway,,,,Montgomery,AL,36111,,
INTL_ef8f5602-3,UN,1387 Clinton Ave,,,,Irvington,NJ,07111,,
INTL_2a86afe6-1,UN,5A Medical Park Dr,,,,Pomona,NY,10970,,
INTL_d157f32a-9,UN,1360 Burton Dr Ste 160,,,,Vacaville,CA,95687,,
INTL_ad74fdf5-a,UN,540 W 15th St,,,,Hereford,TX,79045,,
INTL_a81fcd9f-b,UN,10721 Main Street,,,,Fairfax,VA,22030,,
INTL_90be8137-4,UN,"5669 Peachtree Dunwoody Road NE, Ste 315",,,,Atlanta,GA,30342,,
INTL_bb5d94aa-b,UN,3590 Camino Del Rio N. Suite 100,,,,San Diego,CA,92108,,
INTL_b76bc9ae-7,UN,129 Kings Hwy N,,,,Westport,CT,06880,,
INTL_c4de0e6c-8,UN,685 N. 13th Avenue,,,,Upland,CA,91786,,
INTL_78fa7bde-4,UN,1025 Center St,,,,Ashland,OH,44805,,
INTL_0eb804a2-8,UN,1345 Philomena,,,,Austin,TX,78723,,
INTL_7ce99b51-c,UN,1435 W 49th Pl Ste 500,,,,Hialeah,FL,33012,,
INTL_95ac66fc-c,UN,Hwy 165 South,,,,Olla,LA,71465,,
INTL_f4fa5908-e,UN,211 E Kimball St,,,,Callaway,NE,68825,,
INTL_2bad7095-0,UN,4256 Fulton Dr NW,,,,Canton,OH,44718,,
INTL_4350b13b-a,UN,6408 Papermill Drive Ste 220,,,,Knoxville,TN,37916,,
INTL_7010eaf0-0,UN,8121 National Avenue,,,,Midwest City,OK,73110,,
INTL_c500b5af-2,UN,200 North Madison,,,,Marshall,MI,49068,,
INTL_1b4066f0-e,UN,703 Main St,,,,PATERSON,NJ,07503,,
INTL_98ed8d26-7,UN,2120 Exchange suite 200,,,,Astoria,OR,97103,,
INTL_2d5735ee-a,UN,Management Center,,,,Anniston,AL,36207,,
INTL_ba3f5294-a,UN,210 Hospital Circle,,,,Choctaw,MS,39350,,
INTL_15b7a89a-3,UN,2713 E 31 st,,,,Kansas City,MO,64128,,
INTL_c0efd9f0-e,UN,1900 Silver Cross Blvd,,,,New Lenox,IL,60451,,
INTL_f64f7ad1-a,UN,4727 Saint Antoine Suite 304,,,,Detroit,MI,48201,,
INTL_5b4516e2-5,UN,2003 Pioneer Street Suite A,,,,Waycross,GA,31501,,
INTL_77929d60-7,UN,200 Lothrop Street,,,,Pittsburgh,PA,15213,,
INTL_3f0f60f3-4,UN,325 Maine St,,,,Lawrence,KS,66044,,
INTL_b9e04217-1,UN,4500 13th St,,,,GULFPORT,MS,39501,,
INTL_217cadfe-b,UN,2370 S. Linden,,,,Flint,MI,48532,,
INTL_f1b5410e-d,UN,4300 paces ferry road se suite 500,,,,Atlanta,GA,30339,,
INTL_ba5c4db0-4,UN,7870 W Us,,,,Manistique,MI,49854,,
INTL_06565813-4,UN,2600 Ottawa Rd,,,,Neodesha,KS,66757,,
INTL_9b387bed-1,UN,"7775 SW 87th Ave, Ste 120",,,,Miami,FL,33173,,
INTL_2361dc69-e,UN,107 Swift Street,,,,Refugio,TX,78377,,
INTL_5a6bc4fe-5,UN,339 N 78th St,,,,Omaha,NE,68114,,
INTL_57bad6e6-a,UN,1301 N Race St,,,,Glasgow,KY,42141,,
INTL_ecb01fd3-6,UN,201 S Columbus St,,,,Lancaster,OH,43130,,
INTL_5a76883b-4,UN,1720 Mountain View Avenue,,,,Loma Linda,CA,92354,,
INTL_0dcc844e-f,UN,600 5th Ave W,,,,Hendersonville,NC,28739,,
INTL_40999ee3-3,UN,4500 Business Center Dr,,,,Fairfield,CA,94534,,
INTL_78d41307-4,UN,7974 E Haven Ave Ste 210,,,,Rancho Cucamonga,CA,91730,,
INTL_70f61d47-5,UN,1050 Valdosta Highway,,,,Homerville,GA,31634,,
INTL_0d68b446-4,UN,3109 Walnut Grove Rd,,,,Memphis,TN,38111,,
INTL_ae45a928-d,UN,2350 Hospital Drive,,,,Webster City,IA,50595,,
INTL_2ec2481f-9,UN,100 E.Le Fevre Rd,,,,STERLING,IL,61081,,
INTL_f0bfb732-8,UN,1000 N 16th St,,,,New Castle,IN,47362,,
INTL_d75238ee-5,UN,6 Park Pl,,,,New Britain,CT,06052,,
INTL_d5a61beb-0,UN,"3941 Houma Blvd, Suite 2B",,,,Metairie,LA,70006,,
INTL_2556c60d-d,UN,737 Northfield Ave,,,,West Orange,NJ,07052,,
INTL_bf88aa27-d,UN,890 N Dean Rd Ste 500,,,,Auburn,AL,36830,,
INTL_3e6f219d-2,UN,11880 SW 40th St Ste 313,,,,Miami,FL,33175,,
INTL_b6999f0f-e,UN,820 Goodyear Ave,,,,Gadsden,AL,35903,,
INTL_e24cf7fd-8,UN,7590 Auburn Rd,,,,Painesville,OH,44077,,
INTL_897d4688-d,UN,2827 Fort Missoula Rd,,,,Missoula,MT,59804,,
INTL_91b984f2-d,UN,100  NW Irving St,,,,Washington,DC,20010,,
INTL_826b2e72-0,UN,1283 Record Crossing Rd,,,,Dallas,TX,75235,,
INTL_abc218af-2,UN,3200 SW 60 Ct Ste 302,,,,Miami,FL,33155,,
INTL_86b2c01d-2,UN,9727 Park Plaza Ave Ste 202,,,,Louisville,KY,40241,,
INTL_ad199e1a-3,UN,835 Hospital Road,,,,Indiana,PA,15701,,
INTL_8eae2d1c-b,UN,1400 East Union Street,,,,Greenville,MS,38703,,
INTL_55c71baa-1,UN,7925 NW 110th St,,,,Kansas City,MO,64153,,
INTL_6d19d978-c,UN,198 Main St,,,,Salem,NH,03079,,
INTL_da04424a-8,UN,1515 S Phillips,,,,Algona,IA,50511,,
INTL_d42f6bf5-a,UN,1604 Aylward St,,,,ELLSWORTH,KS,67439,,
INTL_2db6df73-9,UN,510 N 13th Ave Ste 204,,,,Upland,CA,91786,,
INTL_dc9ae7f1-5,UN,2106 W McGalliard Rd,,,,Muncie,IN,47304,,
INTL_fc034f46-1,UN,405 N Tom Green Ave,,,,Odessa,TX,79761,,
INTL_4558953c-d,UN,1640 Alta Drive #4,,,,Las Vegas,NV,89106,,
INTL_9ec9107b-b,UN,2301 Holmes St,,,,Kansas City,MO,64108,,
INTL_8a19c0ae-0,UN,40 Union Ave,,,,Irvington,NJ,07111,,
INTL_98bce8f5-d,UN,1311 N. Mildred Rd.,,,,CORTEZ,CO,81321,,
INTL_2cadc7e8-4,UN,227 N. Dubuque Street,,,,Iowa City,IA,52245,,
INTL_dbf0ef10-7,UN,367 S Gulph Rd,,,,King Of Prussia,PA,19406,,
INTL_d0e43306-2,UN,1440 Clifton Rd Ne # 400,,,,Atlanta,GA,30322,,
INTL_d8d8a13e-5,UN,939 Johnson Avenue,,,,Ronkonkoma,NY,11779,,
INTL_9eb7e49c-9,UN,1200 E Savannah Ste 7,,,,McAllen,TX,78503,,
INTL_e87b3e69-9,UN,501 W. 14 St,,,,Wilmington,DE,19801,,
INTL_944aea73-c,UN,1109 North 100 West,,,,Beaver,UT,84713,,
INTL_bf3ea879-f,UN,599 Tamiami Trail N Ste 204,,,,Naples,FL,34102,,
INTL_516a0c24-a,UN,60 Evergreen Pl Ste 308,,,,East Orange,NJ,07018,,
INTL_4cc1e13e-4,UN,23845 McBean Pkwy,,,,Valencia,CA,91355,,
INTL_640a1ace-a,UN,1200 N Beaver St,,,,FLAGSTAFF,AZ,86001,,
INTL_f5d7eb2e-5,UN,180 S Frontage Rd W,,,,Vail,CO,81657,,
INTL_418563ce-a,UN,777 Hemlock St,,,,MACON,GA,31201,,
INTL_44fb0aed-4,UN,800 S Victoria Ave,,,,VENTURA,CA,93009,,
INTL_62f9715e-d,UN,2707 W Trenton Rd,,,,Edinburg,TX,78539,,
INTL_79c0d9e9-9,UN,60 S. Pleasant  St. Suite A,,,,Oberlin,OH,44074,,
INTL_12e0b3b7-b,UN,Sumneytown Pike,,,,GWYNEDD VALLEY,PA,19437,,
INTL_6414ec96-0,UN,P O Box 829,,,,Conway,SC,29528,,
INTL_e758710d-f,UN,1200 College Drive,,,,Rock Springs,WY,82901,,
INTL_855cb30c-f,UN,1133 College Avenue BLDG B Suite 224,,,,Manhattan,KS,66502,,
INTL_f07d93a2-3,UN,2570 Niles Rd.,,,,Saint Joseph,MI,49085,,
INTL_eeb290ef-2,UN,3066 N Kentucky,,,,Iola,KS,66749,,
INTL_019067e9-d,UN,1969 W Hart Rd,,,,BELOIT,WI,53511,,
INTL_918aba8b-3,UN,1490 N Bank Pkwy Ste 290,,,,Tuscaloosa,AL,35406,,
INTL_03a0fcbf-f,UN,8005 Farnam Dr Suite 305,,,,Omaha,NE,68114,,
INTL_d67ebae2-3,UN,One Hospital Drive,,,,Columbia,MO,65212,,
INTL_badc5bf0-0,UN,4310 Watermelon Rd,,,,Northport,AL,35473,,
INTL_ac5fa36f-4,UN,"217 N Duff Avenue, Suite 2",,,,Ames,IA,50010,,
INTL_c1f3cd9a-f,UN,8000 SW 117th Ave Ste 200,,,,Miami,FL,33183,,
INTL_cbaea455-d,UN,400 Airport Road,,,,Terrell,TX,75160,,
INTL_c2e29f36-f,UN,20 Research Pl Ste 200,,,,Chelmsford,MA,01863,,
INTL_41a25f0a-e,UN,1641 South Whitehead Dr,,,,Dewitt,AR,72042,,
INTL_7f332925-a,UN,800 Meadows Rd,,,,BOCA RATON,FL,33486,,
INTL_0f480401-3,UN,215 Monmouth Rd,,,,Oakhurst,NJ,07755,,
INTL_b853c2b0-c,UN,958 US Hwy 64E,,,,Plymouth,NC,27962,,
INTL_0dfc2d74-5,UN,367 S Gulph Rd,,,,King Of Prussia,PA,19406,,
INTL_6f1eda6a-5,UN,1120 N Melvin St,,,,GIBSON CITY,IL,60936,,
INTL_532ec2bb-a,UN,1842 Simpson Highway 149,,,,Mendenhall,MS,39114,,
INTL_9bec2dbb-4,UN,"4885 Houston Road, Suite 101",,,,Florence,KY,41042,,
INTL_1d241f67-7,UN,110 Vista Drive,,,,Pocatello,ID,83201,,
INTL_30433f77-9,UN,30 Stevens St Ste C,,,,Norwalk,CT,06850,,
INTL_b43d1087-7,UN,1608 SE 3rd Ave,,,,Fort Lauderdale,FL,33316,,
INTL_9dcd71b8-c,UN,1201 W. La Veta Ave.,,,,Orange,CA,92868,,
INTL_daf8f527-5,UN,941 Summers Ave NE,,,,Orangeburg,SC,29115,,
INTL_92eca0f2-f,UN,75 Barclay Cir Ste 205,,,,Rochester Hills,MI,48307,,
INTL_b641afa1-b,UN,1701 E 23rd Ave,,,,HUTCHINSON,KS,67502,,
INTL_f28f5ca6-5,UN,33 Overlook Rd Suite 306,,,,Summit,NJ,07901,,
INTL_ce123cef-f,UN,2985 Drew Street,,,,Clearwater,FL,33759,,
INTL_d27b3d9c-9,UN,4254 E Main St,,,,Columbus,OH,43213,,
INTL_3b4ea632-b,UN,1100 E Loop 304,,,,Crockett,TX,75835,,
INTL_fa9d0e89-6,UN,355 N. Main,,,,Kanab,UT,84741,,
INTL_3604f135-c,PU,239 Ave Arterial Hostos Ste 1202,,,,San Juan,PR,00918,,
INTL_590eca70-7,UN,2800 Rockcreek Pkwy,,,,Kansas City,MO,64117,,
INTL_39214822-7,UN,1101 East Spring St,,,,Anthony,KS,67003,,
INTL_49c8c6a7-3,UN,611 Sherman Ave E,,,,Fort Atkinson,WI,53538,,
INTL_836473a2-d,UN,"3231 Waring Ct, Suite D",,,,Oceanside,CA,92056,,
INTL_03fec574-d,UN,2800 Rock Creek Pkwy,,,,Kansas City,MO,64117,,
INTL_40aab602-4,UN,14418 W Meeker Blvd Ste 205,,,,Sun City West,AZ,85375,,
INTL_b6acbe61-1,UN,1527 Madison St,,,,Fredonia,KS,66736,,
INTL_46b09fb7-d,UN,8035 McKnight Road Suite 104,,,,Pittsburgh,PA,15237,,
INTL_17669272-1,UN,2 Yorkshire St,,,,Asheville,NC,28803,,
INTL_513075f0-a,UN,100 W California Blvd,,,,Pasadena,CA,91105,,
INTL_677a4291-8,UN,1401 Garces Hwy,,,,Delano,CA,93215,,
INTL_b9bfff30-4,UN,14201 Dallas Parkway,,,,Dallas,TX,75254,,
INTL_f7d384b3-6,UN,407 North Herman Street,,,,Goldsboro,NC,27530,,
INTL_0fcbc610-5,UN,615 Fulton Street,,,,Port Clinton,OH,43452,,
INTL_9af98f51-3,UN,870 S Governors Ave,,,,Dover,DE,19904,,
INTL_3936ee3f-2,UN,3800 Houma Blvd Ste 205,,,,Metairie,LA,70006,,
INTL_9bbfee2d-7,UN,207 W Legion Rd,,,,BRAWLEY,CA,92227,,
INTL_b07d1023-2,UN,43563 State Highway 299 East,,,,FALL RIVER MILLS,CA,96028,,
INTL_16ef213a-8,UN,703 Main St,,,,PATERSON,NJ,07503,,
INTL_9ec04c65-c,UN,151 Mary Esther Blvd,,,,Mary Esther,FL,32569,,
INTL_c8953413-8,UN,289 County Rd,,,,Windsor,VT,05089,,
INTL_21b0c4c2-2,UN,8501 Brimhall Road,,,,Bakersfield,CA,93312,,
INTL_d933dbb4-6,UN,1924 Alcoa Highway,,,,Knoxville,TN,37920,,
INTL_1980c9f1-5,UN,305 N Mckinney St,,,,Sweeny,TX,77480,,
INTL_b932fa6d-a,UN,1423 7TH ST,,,,AURORA,NE,68818,,
INTL_94fce1b7-1,UN,4948 Benchmark Centre Dr,,,,Swansea,IL,62226,,
INTL_8057fffc-e,UN,11900 E. 12 Mile Road,,,,Warren,MI,48093,,
INTL_1fb659b1-1,UN,507 14th Street,,,,Dallas Center,IA,50063,,
INTL_f5a7cf7a-d,UN,304 Turner McCall Blvd,,,,Rome,GA,30165,,
INTL_446951d8-3,UN,1111 Medical Center Boulevard Suite N504,,,,Marrero,LA,70072,,
INTL_8ef29f6f-0,UN,303 Williams Ave Suite 1511,,,,Huntsville,AL,35801,,
INTL_8608acaf-e,UN,501 Medicine Bear Rd,,,,Poplar,MT,59255,,
INTL_3641b48e-e,UN,One Coca-Cola Plaza,,,,Atlanta,GA,30313,,
INTL_344aa941-0,UN,7706 Martin Luther King Jr Bl,,,,Houston,TX,77033,,
INTL_631afa6e-7,UN,6510 Grand Teton Plaza Suite 406,,,,Madison,WI,53719,,
INTL_dff5fa6f-9,UN,6363 De Zavala Road,,,,San Antonio,TX,78249,,
INTL_49c6e7b1-a,UN,727 E 1st St,,,,Minden,NE,68959,,
INTL_85f22973-d,UN,1907 Atlantic Blvd,,,,Jacksonville,FL,32207,,
INTL_46e26ee3-9,UN,235 Wealthy St SE,,,,GRAND RAPIDS,MI,49503,,
INTL_28e95519-d,UN,2055 Normandie Dr Ste 212,,,,Montgomery,AL,36111,,
INTL_e7e63c7b-c,UN,210 Vermont Ave,,,,Ransom,KS,67572,,
INTL_095ed85e-1,UN,1005 Fairgrounds,,,,Saint Charles,MO,63301,,
INTL_adff3c31-f,UN,191 Carraway Dr Ste A1,,,,Winfield,AL,35594,,
INTL_1f523df3-7,UN,1645 Lutcher Avenue,,,,Lutcher,LA,70071,,
INTL_aab268e9-e,UN,2305 W Georgia St,,,,Louisiana,MO,63353,,
INTL_dc6e2c98-d,UN,4 Phyllis Drive,,,,Patchogue,NY,11772,,
INTL_6dbd2b34-1,UN,1117 Sunset Dr Ste 101,,,,Grenada,MS,38901,,
INTL_0aef327a-b,UN,701 University Blvd E Ste 810,,,,Tuscaloosa,AL,35401,,
INTL_70d16fe2-c,UN,115 Valley Forge Drive,,,,Cranberry Township,PA,16066,,
INTL_6539a6c1-9,UN,5 Myers Drive Unit 105,,,,Mullica Hill,NJ,08062,,
INTL_8846b993-6,UN,405 Oak Ln,,,,South Boston,VA,24592,,
INTL_8d77f483-0,UN,5501 Nw 62nd Ter,,,,Kansas City,MO,64151,,
INTL_71c2b216-4,UN,217 Medical Way,,,,Riverdale,GA,30274,,
INTL_b10c8ad3-f,UN,700 South J Street,,,,Lakeview,OR,97630,,
INTL_1f91ed82-8,UN,244 Fort Sanders West Blvd,,,,Knoxville,TN,37922,,
INTL_3635b883-e,UN,6410 Veterans Avenue Suite 103,,,,Brooklyn,NY,11234,,
INTL_6823b900-f,UN,1680 E. 120th St,,,,Los Angeles,CA,90059,,
INTL_d870222c-e,UN,505 Chestnut St,,,,Roselle Park,NJ,07204,,
INTL_94dcfd70-d,UN,599 9th Street North Suite 307,,,,Naples,FL,34102,,
INTL_755ca65d-1,UN,383 W. State Street,,,,Trenton,NJ,08607,,
INTL_e70c272e-e,UN,2800 Rockcreek Pkwy,,,,Kansas City,MO,64117,,
INTL_7209617b-1,UN,1300 Oak Street,,,,FAULKTON,SD,57438,,
INTL_a0f8ced8-0,UN,1401 West Fifth Street,,,,Sheridan,WY,82801,,
INTL_aaa6d95e-0,UN,1501 Alice Street,,,,Waycross,GA,31501,,
INTL_7965b54a-d,UN,1900 S Jackson Suite 9,,,,McAllen,TX,78502,,
INTL_49a82e6f-2,UN,940 E 5th St,,,,Coquille,OR,97423,,
INTL_0ca59f87-d,UN,2800 Rock Creek Parkway,,,,Kansas City,MO,64117,,
INTL_4a0df7ad-a,UN,P.O. Box 587,,,,Gonzales,TX,78629,,
INTL_600460cb-d,UN,1200 Memorial Dr,,,,Dalton,GA,30720,,
INTL_b12d7194-0,UN,75 Jones Gifford Ave,,,,Jamestown,NY,14701,,
INTL_06490765-5,UN,1200 E Ridge Rd Ste 8,,,,McAllen,TX,78503,,
INTL_fe115f32-4,UN,325 E Brewster St,,,,Harvey,ND,58341,,
INTL_23382355-9,UN,215 E 8th Street,,,,Minneapolis,KS,67467,,
INTL_dbbe8f66-0,UN,1700 Brazos St,,,,Rockdale,TX,76567,,
INTL_aaa9a5f9-4,UN,5308 S John Young Pkwy Suite 200,,,,Orlando,FL,32839,,
INTL_364e69b1-c,UN,1300 North Main Street,,,,Rushville,IN,46173,,
INTL_06c2eb5e-1,UN,2051 US Highway 45,,,,Trenton,TN,38382,,
INTL_6f0f27a5-1,UN,508 Lakhurst Rd Ste 3B,,,,Toms River,NJ,08755,,
INTL_45b9e60e-7,UN,98 S Munn Ave.,,,,East Orange,NJ,07018,,
INTL_f5d615c8-a,UN,9980 Central Park Blvd N Suite 106,,,,Boca Raton,FL,33428,,
INTL_8927bb51-a,UN,401 Broadway Street,,,,Minden,IA,51553,,
INTL_35d7b221-1,UN,1802 W Saint Marys Rd,,,,Tucson,AZ,85745,,
INTL_e6f2a3bc-f,UN,1101 Nott St,,,,Schenectady,NY,12308,,
INTL_2209ee94-8,UN,"3969 S. Cobb Drive, Suite 205",,,,Smyrna,GA,30080,,
INTL_ed111ff8-d,UN,256 State Highway Y,,,,Forsyth,MO,65653,,
INTL_2ddd3191-b,UN,243 North Rd Ste 103,,,,Poughkeepsie,NY,12601,,
INTL_8eca2e20-e,UN,104 Meadow Pointe,,,,Barboursville,WV,25504,,
INTL_64e9b6ca-8,UN,2951 North West 49th Avenue Suite 202,,,,Lauderdale Lakes,FL,33313,,
INTL_e0ba3bb0-a,UN,402 West Lake St,,,,Friendship,WI,53934,,
INTL_47515b5a-b,UN,"2800 Century Parkway NE, Ste 550",,,,Atlanta,GA,30345,,
INTL_6d1e943f-f,UN,3800 Pleasant Hill Road Suite 5,,,,Duluth,GA,30096,,
INTL_31f5fc1f-9,UN,380 W 100  North,,,,Monticello,UT,84535,,
INTL_1a6b37ad-9,UN,1120 15Th Street,,,,AUGUSTA,GA,30912,,
INTL_2b6c4ec6-8,UN,2651 Hilcrest Drive,,,,Hudson,WI,54016,,
INTL_209e2473-f,UN,80 Highland St.,,,,Laconia,NH,03246,,
INTL_76e27b10-4,UN,2800 10th Avenue N,,,,BILLINGS,MT,59101,,
INTL_156d01f3-f,UN,2291 Se Federal Hwy,,,,Stuart,FL,34994,,
INTL_e4b69360-f,UN,667 Welsh Rd,,,,Huntingdon Valley,PA,19006-6309,,
INTL_e28154da-f,UN,1401 River Rd,,,,Greenwood,MS,38930-4030,,
INTL_7ffcf90c-3,UN,1204 N Mound St,,,,Nacogdoches,TX,75961-4027,,
INTL_da57f205-0,UN,2041 Georgia Ave,,,,Washington,DC,20060-0001,,
INTL_6e74ff06-7,UN,2800 Rock Creek Pkwy,,,,Kansas City,MO,64117-2521,,
INTL_fe6c4874-a,UN,1300 Roanoke Ave,,,,Riverhead,NY,11901-2031,,
INTL_e3465edd-e,UN,736 Irving Ave,,,,Syracuse,NY,13210-1687,,
INTL_67fbfda0-8,UN,13747 Montfort Drive,Ste. 175,,,Dallas,Texas,75240,,
INTL_d3f7ed90-8,UN,10100 N Central Expressway,Ste. 250,,,Dallas,Texas,75231,,
INTL_0fcf09f2-b,UN,6080 S Hulen St,Ste 360,,,Fort Worth,Texas,76132,,
INTL_c67bcf76-7,UN,3105 West 15th Street,,,,Plano,Texas,75075,,
INTL_05d87713-7,UN,13747 Montfort Drive,Ste. 175,,,Dallas,Texas,75240,,
INTL_547fae91-6,UN,Addr1,,,,City,Texas,85744,,
INTL_30ecda73-a,UN,13747 Monfort Dr,,,,Dallas,Texas,75224,,
INTL_ebe1503a-8,UN,13747 Montfort Drive,Ste. 175,,,Dallas,Texas,75240,,
INTL_63b6ef53-8,UN,100 Not Real St,,,,Imaginary,WA,78888-0410,,
INTL_869141b7-b,UN,100 Fake St,,,,Fake,OR,98888-0410,,
INTL_94f472fe-9,UN,254 Lueilwitz Lodge,,,,Larsonport,CA,40378-1800,,
INTL_d3ee4706-0,UN,315 Deadrick Street Suite 2300,,,,Nashville,TN,37238,,
INTL_3fdc963c-5,UN,"1701 Center Street, Suite 200",,,,Apex,NC,27502,,
INTL_167bfb30-0,UN,254 Lueilwitz Lodge,,,,Larsonport,CA,40378-1800,,
INTL_0bf0baf2-f,UN,254 Lueilwitz Lodge,,,,Larsonport,CA,40378-1800,,
INTL_b189612d-d,UN,5 Coliseum Avenue,,,,Nashua,NH,03063,,
INTL_17495502-f,UN,33 Research Way,Suite 13,,,East Setauket,NY,11733,,
INTL_9dfc6b05-f,UN,17560 US Highway 441,,,,Mount Dora,FL,32757,,
INTL_cd11be2c-5,UN,1010 Ligonier Street,,,,Latrobe,PA,15650,,
INTL_ea810cd1-a,UN,75 West Front Street,Suite 1,,,Red Bank,NJ,07701,,
INTL_baeed44d-f,UN,4300 Golden Center Drive,Suite A,,,Placerville,CA,95667,,
INTL_26afe3ff-8,UN,909 Ridgeway Loop Road,,,,Memphis,TN,38120,,
INTL_bf6f266c-d,UN,7520 35th Ave SW,,,,Seattle,WA,98126,,
INTL_bbd92b95-4,UN,86 Upper Riverdale Road,Suite 100,,,Riverdale,GA,30274,,
INTL_7c056299-7,UN,6770 Mayfield Road Suite 338,,,,Mayfield Heights,OH,44124,,
INTL_a9fc3045-4,UN,7000 Stonewood Drive,Suite 200,,,Wexford,PA,15090,,
INTL_957adb26-2,UN,7055 W. North Avenue,,,,Oak Park,IL,60302,,
INTL_5df9f186-c,UN,3519 Friendsville Rd,,,,Wooster,OH,44691,,
INTL_e74fa330-1,UN,350 W North St,,,,Gaylord,MI,49734,,
INTL_cc72bc72-5,UN,2806 E 29th St.,,,,Bryan,TX,77802,,
INTL_a39720d0-5,UN,916 5th Avenue NE,,,,Jamestown,ND,58401,,
INTL_d01c0997-5,UN,701 S. Ballenger Hwy,,,,Flint,MI,48532,,
INTL_264ed777-a,UN,7740 North Avenue,,,,ElmwoodPark,IL,60707,,
INTL_e0bc0f04-4,UN,800 Coventry Drive,,,,Phillipsburg,NJ,8865,,
INTL_06c7e3c7-2,UN,"7777 Hennessy Blvd, Suite 4000",,,,Baton Rouge,LA,70808,,
INTL_f8fab865-a,UN,790 Concourse Parkway S.,Suite 200,,,Maitland,FL,32751,,
INTL_99162725-e,UN,1991 Park Avenue West,,,,Mansfield,OH,44906,,
INTL_390a470d-2,UN,10740 Nall Ave,Suite 220,,,Overland Park,KS,66211,,
INTL_b516f950-d,UN,1408 E. Barnett Road,,,,Medford,OR,97504,,
INTL_6a18e7cb-e,UN,1701 Old Village Road,,,,Hendersonville,NC,28791,,
INTL_3dd28599-f,UN,335 East Parker Road,,,,Morganton,NC,28655,,
INTL_7a766e90-b,UN,481 South Landmark Avenue,,,,Bloomington,IN,47403,,
INTL_a947e593-d,UN,150 Broadway,Suite 1401,,,New York,NY,10038,,
INTL_5dd57b7c-e,UN,2472 Rocky Place,,,,Beaverton,OR,970060000,,
INTL_cdb91578-7,UN,4901 College Blvd.,,,,Leawood,KS,66211,,
INTL_54e9e2f7-a,UN,303 North Jackson Street,,,,Morrison,IL,61270,,
INTL_7d87f995-7,UN,706 Ross Street,,,,OAK GROVE,LA,71263,,
INTL_74df861b-4,UN,324 Miller Mountain Drive,,,,Webster Springs,WV,26288,,
INTL_555d63c8-9,UN,121 East Baker Street,121 East Baker Street,,,Indianola,MS,38751,,
INTL_74bd4384-d,UN,3333 N Webb Road,,,,Wichita,KS,67226,,
INTL_8f9c1325-8,UN,614 EAKER STREET,P.O. BOX 987,,,Eden,TX,76837,,
INTL_882cbe75-0,UN,111 Elm Ave W,PO Box 850,,,Linton,ND,58552,,
INTL_9585d5dc-5,UN,1111 11th Street,,,,Hawarden,IA,51023,,
INTL_3f7d47c8-1,UN,538 Broadway,,,,Winnie,TX,77665,,
INTL_be9640a2-7,UN,7939 US-165,,,,Columbia,LA,71418,,
INTL_2abd603f-c,UN,4801 Bissonnet Street,,,,Bellaire,TX,77401,,
INTL_0ec16433-e,UN,10 Fourth Avenue SE,,,,Glenwood,MN,56334,,
INTL_0af78951-3,UN,401 N Hooper St,PO Box 435,,,Caro,MI,48723,,
INTL_0df3d83b-e,UN,254 Lueilwitz Lodge,,,,Larsonport,CA,40378-1800,,
INTL_51cf8b20-b,UN,254 Lueilwitz Lodge,,,,Larsonport,CA,40378-1800,,
INTL_f1c3cb1c-3,UN,3601 SW 160th Ave Ste 202,,,,Miramar,FL,33027,,
INTL_467c6a49-6,UN,3601 SW 160th Ave Ste 202,,,,Miramar,FL,33027,,
INTL_de5b1591-3,UN,3601 SW 160th Ave Ste 202,,,,Miramar,FL,33027,,
INTL_92e26dad-b,UN,3601 SW 160th Ave Ste 202,,,,Miramar,FL,33027,,
INTL_31bcf302-7,UN,3601 SW 160th Ave Ste 202,,,,Miramar,FL,33027,,
INTL_b5949660-4,UN,3601 SW 160th Ave Ste 202,,,,Miramar,FL,33027,,
INTL_53909621-b,UN,3601 SW 160th Ave Ste 202,,,,Miramar,FL,33027,,
INTL_0b637df1-f,UN,3601 SW 160th Ave Ste 202,,,,Miramar,FL,33027,,
INTL_c9e8ad2f-c,UN,3601 SW 160th Ave Ste 202,,,,Miramar,FL,33027,,
INTL_05c0ffb4-0,UN,3601 SW 160th Ave Ste 202,,,,Miramar,FL,33027,,
INTL_c5d57c23-e,UN,1313 E 32nd St,,,,Silver City,NM,88061,,
INTL_eefec31b-4,UN,506 S.W. FEDERAL HWY,SUITE 101,,,STUART,FL,34994,,
INTL_2f1e19f3-b,UN,304 S Maple St,,,,Fairfield,IA,52556,,
INTL_69a65984-8,UN,711 Knight Ave,,,,Waycross,GA,31501,,
INTL_2c454cc9-3,UN,425 S Kings Ave,,,,Brandon,FL,33511,,
INTL_a2a24a9f-1,UN,1358 49th St,,,,Brooklyn,NY,11219-3109,,
INTL_f470d8a3-f,UN,425 S Kings Ave,,,,Brandon,FL,33511,,
