id,addressee,delivery_line_1,delivery_line_2,last_line,address_type,raw_address,latitude,longitude
NS_712e0134-4,,,,",  61636-0001",fhir_organization,61636-0001,,
NS_824479ad-9,,,,",  61614-5069",fhir_organization,61614-5069,,
NS_5f4a219f-a,,,,"Columbus,  43228-4442",fhir_organization,"Columbus, 43228-4442",,
NS_eb3a3613-3,,,,",  23185-0000",fhir_organization,23185-0000,,
NS_99335ccc-4,,,,",  44094-0000",fhir_organization,44094-0000,,
NS_dd23cbf8-a,,,,",  44906-1213",fhir_organization,44906-1213,,
NS_397b05f9-6,,200 GROTON RD,,",  01432-1168",fhir_organization,"200 GROTON RD, 01432-1168",,
NS_094a11a7-7,,,,",  31901-1513",fhir_organization,31901-1513,,
NS_4e93496e-5,,,,",  46077-8170",fhir_organization,46077-8170,,
NS_6b30bb3f-1,,10 WINTHROP STREET,,",  01604-4435",fhir_organization,"10 WINTHROP STREET, 01604-4435",,
NS_dc0a07f7-0,,,,",  78205-2516",fhir_organization,78205-2516,,
NS_41cff4d7-7,,,,",",fhir_organization,,,
NS_a43adb5a-d,,,,",",fhir_organization,USA,,
NS_03bd5dc8-2,,,,",",fhir_organization,USA,,
NS_7729f4c2-4,,,,",",fhir_organization,USA,,
NS_cccae71e-7,,,,",",fhir_organization,USA,,
NS_58ee8842-8,,,,",",fhir_organization,USA,,
NS_4eb29d52-a,,,,",",fhir_organization,USA,,
NS_0b289ece-b,,,,",",fhir_organization,USA,,
NS_5fb3f02f-5,,,,",",fhir_organization,USA,,
NS_ddd0279b-7,,,,",",fhir_organization,USA,,
NS_90462be6-c,,,,",",fhir_organization,USA,,
NS_60b67d5a-6,,,,",",fhir_organization,USA,,
NS_33b44d62-7,,,,",",fhir_organization,USA,,
NS_069406ec-f,,,,",",fhir_organization,USA,,
NS_87d8ccd5-0,,,,",",fhir_organization,USA,,
NS_6a9ff46c-3,,,,",",fhir_organization,USA,,
NS_095516aa-b,,,,",",fhir_organization,USA,,
NS_a7c1921b-b,,,,",",fhir_organization,USA,,
NS_8fe405a0-6,,,,",",fhir_organization,USA,,
NS_54f02c2e-a,,,,",",fhir_organization,USA,,
NS_8bf2882a-5,,,,",",fhir_organization,USA,,
NS_0a673a59-4,,,,",",fhir_organization,USA,,
NS_ae1ed30b-a,,,,",",fhir_organization,USA,,
NS_05ac304b-5,,,,",",fhir_organization,USA,,
NS_9dca3fdd-d,,,,",",fhir_organization,USA,,
NS_91569964-a,,,,",",fhir_organization,USA,,
NS_f0a44259-a,,,,",",fhir_organization,USA,,
NS_abe712f2-3,,,,",",fhir_organization,USA,,
NS_a5f71c95-2,,,,",",fhir_organization,USA,,
NS_5c6c0911-f,,,,",",fhir_organization,USA,,
NS_4674bf77-9,,,,",",fhir_organization,USA,,
NS_d23d2b60-c,,,,",",fhir_organization,USA,,
NS_92332f22-2,,,,",",fhir_organization,USA,,
NS_8b410cf0-f,,,,",",fhir_organization,USA,,
NS_a3a384fb-d,,,,",",fhir_organization,USA,,
NS_b6a6263f-6,,,,",",fhir_organization,USA,,
NS_cd2b1896-3,,,,",",fhir_organization,USA,,
NS_4e827887-f,,,,",",fhir_organization,USA,,
NS_7414ac2e-3,,,,",",fhir_organization,USA,,
NS_ea99147a-6,,,,",",fhir_organization,USA,,
NS_bbf2da1a-f,,,,",",fhir_organization,USA,,
NS_46304f38-7,,,,",",fhir_organization,USA,,
NS_ae37f5ad-b,,,,",",fhir_organization,USA,,
NS_a6e10d4d-1,,,,",",fhir_organization,USA,,
NS_66d36820-a,,,,",",fhir_organization,USA,,
NS_4430a63a-8,,,,",",fhir_organization,USA,,
NS_0f1b580d-e,,,,",",fhir_organization,USA,,
NS_62401197-f,,,,",",fhir_organization,USA,,
NS_c3c0ddf3-b,,,,",",fhir_organization,USA,,
NS_12c88846-0,,,,",",fhir_organization,USA,,
NS_e95ef342-b,,,,",",fhir_organization,USA,,
NS_3e27b1e8-e,,,,",",fhir_organization,USA,,
NS_9d1f3cc6-5,,,,",",fhir_organization,USA,,
NS_1a8e2443-7,,,,",",fhir_organization,USA,,
NS_3754bbf8-f,,,,",",fhir_organization,USA,,
NS_5ee3c542-d,,,,",",fhir_organization,USA,,
NS_33c05833-3,,,,",",fhir_organization,USA,,
NS_6c0e6918-b,,,,",",fhir_organization,USA,,
NS_6fb629c6-d,,,,",",fhir_organization,USA,,
NS_3a0a71e3-d,,,,",",fhir_organization,USA,,
NS_55bdb28c-f,,,,",",fhir_organization,USA,,
NS_66dcc0ea-5,,,,",",fhir_organization,USA,,
NS_f5b134fc-6,,,,",",fhir_organization,USA,,
NS_3f07d153-c,,,,",",fhir_organization,USA,,
NS_344d64e8-5,,,,",",fhir_organization,USA,,
NS_c23e3a4b-2,,,,",",fhir_organization,USA,,
NS_d2fb3b03-b,,,,",",fhir_organization,USA,,
NS_c791be67-4,,,,",",fhir_organization,USA,,
NS_3ef82e98-0,,,,",",fhir_organization,USA,,
NS_2a52e3c1-d,,,,",",fhir_organization,USA,,
NS_6002fd88-c,,,,",",fhir_organization,USA,,
NS_3969de47-5,,,,",",fhir_organization,USA,,
NS_f1d937c8-d,,,,",",fhir_organization,USA,,
NS_40f53386-4,,,,",",fhir_organization,USA,,
NS_741fa43c-f,,,,",",fhir_organization,USA,,
NS_abd8dce1-1,,,,",",fhir_organization,USA,,
NS_bfcaccd6-7,,,,",",fhir_organization,USA,,
NS_bbb81865-2,,,,",",fhir_organization,USA,,
NS_6d944467-8,,,,",",fhir_organization,USA,,
NS_83bc4617-9,,,,",",fhir_organization,USA,,
NS_db6ffee6-7,,,,",",fhir_organization,USA,,
NS_1d2e7a42-2,,,,",",fhir_organization,USA,,
NS_90ca46f0-1,,,,",",fhir_organization,USA,,
NS_62c42a14-e,,,,",",fhir_organization,USA,,
NS_eea9cb07-d,,,,",",fhir_organization,USA,,
NS_38416122-e,,,,",",fhir_organization,USA,,
NS_29b65fca-3,,,,",",fhir_organization,USA,,
NS_25ee2256-e,,,,",",fhir_organization,USA,,
NS_ece2a1f5-e,,,,",",fhir_organization,USA,,
NS_06fdc6f8-0,,,,",",fhir_organization,USA,,
NS_1c1dd7eb-9,,,,",",fhir_organization,USA,,
NS_b5b53ac9-5,,,,",",fhir_organization,USA,,
NS_e2c835ae-0,,,,",",fhir_organization,USA,,
NS_f580e9fc-3,,,,",",fhir_organization,USA,,
NS_3683ad00-7,,,,",",fhir_organization,USA,,
NS_b7696e80-a,,,,",",fhir_organization,USA,,
NS_4fe00bdb-8,,,,",",fhir_organization,USA,,
NS_91f5c9d9-1,,,,",",fhir_organization,USA,,
NS_2f8e89d8-a,,,,",",fhir_organization,USA,,
NS_35e1eca8-1,,,,",",fhir_organization,USA,,
NS_c183fac1-1,,,,",",fhir_organization,USA,,
NS_35df5210-d,,,,",",fhir_organization,USA,,
NS_aa9db148-4,,,,",",fhir_organization,USA,,
NS_842f2cd8-e,,,,",",fhir_organization,USA,,
NS_8c1400d8-9,,,,",",fhir_organization,USA,,
NS_b61dcbb6-8,,,,",",fhir_organization,USA,,
NS_f38becf0-e,,,,",",fhir_organization,USA,,
NS_1239d90d-5,,,,",",fhir_organization,USA,,
NS_897cda49-3,,,,",",fhir_organization,USA,,
NS_78c50264-b,,,,",",fhir_organization,USA,,
NS_d35cab18-2,,,,",",fhir_organization,USA,,
NS_59ce51f6-1,,,,",",fhir_organization,USA,,
NS_ff775243-5,,,,",",fhir_organization,USA,,
NS_1354fe65-c,,,,",",fhir_organization,USA,,
NS_d36978f6-f,,,,",",fhir_organization,USA,,
NS_2f10c435-6,,,,",",fhir_organization,USA,,
NS_f0b37432-4,,,,",",fhir_organization,USA,,
NS_7f681200-9,,,,",",fhir_organization,USA,,
NS_eb21341b-e,,,,",",fhir_organization,USA,,
NS_8f978b7d-2,,,,",",fhir_organization,USA,,
NS_a98f2a94-1,,,,",",fhir_organization,USA,,
NS_bcf9159a-0,,,,",",fhir_organization,USA,,
NS_290f4234-c,,,,",",fhir_organization,USA,,
NS_ebbaf88e-2,,,,",",fhir_organization,USA,,
NS_16d6d4fc-4,,,,",",fhir_organization,USA,,
NS_5916add3-6,,,,",",fhir_organization,USA,,
NS_1b5a4f14-c,,,,",",fhir_organization,USA,,
NS_8132d05b-e,,,,",",fhir_organization,USA,,
NS_37124406-a,,,,",",fhir_organization,USA,,
NS_08fab4ae-0,,,,",",fhir_organization,USA,,
NS_eb74681e-4,,,,",",fhir_organization,USA,,
NS_28678e7a-b,,,,",",fhir_organization,USA,,
NS_76752d82-4,,,,",",fhir_organization,USA,,
NS_e8969117-2,,,,",",fhir_organization,USA,,
NS_8a936eac-c,,,,",",fhir_organization,USA,,
NS_f66a4f78-2,,,,",",fhir_organization,USA,,
NS_3b3c60ce-8,,,,",",fhir_organization,USA,,
NS_236e6594-8,,,,",",fhir_organization,USA,,
NS_05b8b6f4-5,,,,",",fhir_organization,USA,,
NS_77f68b22-4,,,,",",fhir_organization,USA,,
NS_d04988c2-3,,,,",",fhir_organization,USA,,
NS_2b3b7596-3,,,,",",fhir_organization,USA,,
NS_1dc27b7c-1,,,,",",fhir_organization,USA,,
NS_73be9a99-9,,,,",",fhir_organization,USA,,
NS_c57fc051-1,,,,",",fhir_organization,USA,,
NS_4fee5066-d,,,,",",fhir_organization,USA,,
NS_0ea1f0b6-3,,,,",",fhir_organization,USA,,
NS_e73566a3-e,,,,",",fhir_organization,USA,,
NS_091bb7eb-3,,,,",",fhir_organization,USA,,
NS_21d7e835-a,,,,",",fhir_organization,USA,,
NS_af06d014-6,,,,",",fhir_organization,USA,,
NS_38d65c8c-8,,,,",",fhir_organization,USA,,
NS_591e92c8-e,,,,",",fhir_organization,USA,,
NS_4c36c39e-a,,,,",",fhir_organization,USA,,
NS_cdd28a1b-4,,,,",",fhir_organization,USA,,
NS_d57dbf01-2,,,,",",fhir_organization,USA,,
NS_a1365c47-a,,,,",",fhir_organization,USA,,
NS_234dfc9d-f,,,,",",fhir_organization,USA,,
NS_ce8142ca-6,,,,",",fhir_organization,USA,,
NS_7683cdd3-7,,,,",",fhir_organization,USA,,
NS_90d89835-0,,,,",",fhir_organization,USA,,
NS_717ca588-6,,,,",",fhir_organization,USA,,
NS_d3af683a-d,,,,",",fhir_organization,USA,,
NS_1bc26e9a-0,,,,",",fhir_organization,USA,,
NS_79eff4cf-c,,,,",",fhir_organization,USA,,
NS_3c378a46-c,,,,",",fhir_organization,USA,,
NS_be0f11be-c,,,,",",fhir_organization,USA,,
NS_c0ecfc64-8,,,,",",fhir_organization,USA,,
NS_0c96a9c4-7,,,,",",fhir_organization,USA,,
NS_94bea6cf-a,,,,",",fhir_organization,USA,,
NS_b6805001-e,,,,",",fhir_organization,USA,,
NS_a3d7270c-3,,,,",",fhir_organization,USA,,
NS_a4ada516-8,,,,",",fhir_organization,USA,,
NS_86dc5535-6,,,,",",fhir_organization,USA,,
NS_228975d7-b,,,,",",fhir_organization,USA,,
NS_de1aa97e-5,,,,",",fhir_organization,USA,,
NS_1e96ed22-6,,,,",",fhir_organization,USA,,
NS_2b7fedde-d,,,,",",fhir_organization,USA,,
NS_993a8d52-1,,,,",",fhir_organization,USA,,
NS_683efc54-7,,,,",",fhir_organization,USA,,
NS_ffc6a790-6,,,,",",fhir_organization,USA,,
NS_800e61a7-9,,,,",",fhir_organization,USA,,
NS_a15ec06e-7,,,,",",fhir_organization,USA,,
NS_24850140-e,,,,",",fhir_organization,USA,,
NS_c5eaa2f2-f,,,,",",fhir_organization,USA,,
NS_4c1115c4-1,,,,",",fhir_organization,USA,,
NS_541dd2e5-c,,,,",",fhir_organization,USA,,
NS_a33908da-9,,,,",",fhir_organization,USA,,
NS_752e22e7-2,,,,",",fhir_organization,USA,,
NS_5091e920-5,,,,",",fhir_organization,USA,,
NS_cb7f69c7-2,,,,",",fhir_organization,USA,,
NS_85d2b1d6-3,,,,",",fhir_organization,USA,,
NS_0055e021-5,,,,",",fhir_organization,USA,,
NS_48ff4129-c,,,,",",fhir_organization,USA,,
NS_e5e9c8ca-1,,,,",",fhir_organization,USA,,
NS_44e9fe4d-d,,,,",",fhir_organization,USA,,
NS_cd7931ee-3,,,,",",fhir_organization,USA,,
NS_7350c13d-6,,,,",",fhir_organization,USA,,
NS_d8614aa4-8,,,,",",fhir_organization,USA,,
NS_6506d7f6-c,,,,",",fhir_organization,USA,,
NS_acecad42-3,,,,",",fhir_organization,USA,,
NS_b3660f27-2,,,,",",fhir_organization,USA,,
NS_f921bc41-f,,,,",",fhir_organization,USA,,
NS_bd7ef9ad-d,,,,",",fhir_organization,USA,,
NS_bbf07a3f-a,,,,",",fhir_organization,USA,,
NS_c880f178-b,,,,",",fhir_organization,USA,,
NS_20734950-4,,,,",",fhir_organization,USA,,
NS_cc5bf892-2,,,,",",fhir_organization,USA,,
NS_6a4d6c70-7,,,,",",fhir_organization,USA,,
NS_51bfbde2-f,,,,",",fhir_organization,USA,,
NS_d9b3397c-c,,,,",",fhir_organization,USA,,
NS_93651a9c-6,,,,",",fhir_organization,USA,,
NS_cd471b03-3,,,,",",fhir_organization,USA,,
NS_e56b7662-6,,,,",",fhir_organization,USA,,
NS_eeb30a67-9,,,,",",fhir_organization,USA,,
NS_22a17a0d-2,,,,",",fhir_organization,USA,,
NS_3a1efb92-1,,,,",",fhir_organization,USA,,
NS_c17be350-b,,,,",",fhir_organization,USA,,
NS_e6f5b9a9-5,,,,",",fhir_organization,USA,,
NS_b5d34bbc-7,,,,",",fhir_organization,USA,,
NS_79a2ced6-c,,,,",",fhir_organization,USA,,
NS_c4d001de-1,,,,",",fhir_organization,USA,,
NS_2aac2dd8-8,,,,",",fhir_organization,USA,,
NS_be4b86b9-b,,,,",",fhir_organization,USA,,
NS_e7b49323-8,,,,",",fhir_organization,USA,,
NS_a6373d55-f,,,,",",fhir_organization,USA,,
NS_bbc1f087-7,,,,",",fhir_organization,USA,,
NS_c32f331b-7,,,,",",fhir_organization,USA,,
NS_c9708583-c,,,,",",fhir_organization,USA,,
NS_1c382782-8,,,,",",fhir_organization,USA,,
NS_cb1203df-0,,,,",",fhir_organization,USA,,
NS_5135f03f-5,,,,",",fhir_organization,USA,,
NS_c28940ed-f,,,,",",fhir_organization,USA,,
NS_c0543c7b-b,,,,",",fhir_organization,USA,,
NS_8763451b-b,,,,",",fhir_organization,USA,,
NS_cc9400fa-1,,,,",",fhir_organization,USA,,
NS_4323f254-3,,,,",",fhir_organization,USA,,
NS_ec3a2350-a,,,,",",fhir_organization,USA,,
NS_ab9d08b8-1,,,,",",fhir_organization,USA,,
NS_e60e364c-c,,,,",",fhir_organization,USA,,
NS_72cc93fe-1,,,,",",fhir_organization,USA,,
NS_42737db6-e,,,,",",fhir_organization,USA,,
NS_e3a56c51-b,,,,",",fhir_organization,USA,,
NS_96617b75-f,,,,",",fhir_organization,USA,,
NS_6559e26d-0,,,,",",fhir_organization,USA,,
NS_6e22caed-5,,,,",",fhir_organization,USA,,
NS_48a43f63-6,,,,",",fhir_organization,USA,,
NS_d59d24d1-e,,,,",",fhir_organization,USA,,
NS_8517333b-1,,,,",",fhir_organization,USA,,
NS_8912fca9-7,,,,",",fhir_organization,USA,,
NS_e24c31ba-1,,,,",",fhir_organization,USA,,
NS_ee6cc70c-8,,,,",",fhir_organization,USA,,
NS_c9066106-a,,,,",",fhir_organization,USA,,
NS_b0d95776-e,,,,",",fhir_organization,USA,,
NS_8c5fdc98-d,,,,",",fhir_organization,USA,,
NS_b7fdb824-e,,,,",",fhir_organization,USA,,
NS_c997b5e4-0,,,,",",fhir_organization,USA,,
NS_5bdd10ef-5,,,,",",fhir_organization,USA,,
NS_f8bb752b-5,,,,",",fhir_organization,USA,,
NS_9c960775-9,,,,",",fhir_organization,USA,,
NS_79e1960e-9,,,,",",fhir_organization,USA,,
NS_d1c42498-b,,,,",",fhir_organization,USA,,
NS_1d747c60-1,,,,",",fhir_organization,USA,,
NS_dbb58eaa-2,,,,",",fhir_organization,USA,,
NS_90514491-0,,,,",",fhir_organization,USA,,
NS_4fc0f746-d,,,,",",fhir_organization,USA,,
NS_9f07d4d8-0,,,,",",fhir_organization,USA,,
NS_962eec29-4,,,,",",fhir_organization,USA,,
NS_2daf3bb4-4,,,,",",fhir_organization,USA,,
NS_3c0d2f2d-1,,,,",",fhir_organization,USA,,
NS_f233cc4b-0,,,,",",fhir_organization,USA,,
NS_9b4f985b-3,,,,",",fhir_organization,USA,,
NS_1249611b-b,,,,",",fhir_organization,USA,,
NS_e65c299c-f,,,,",",fhir_organization,USA,,
NS_f72c5035-9,,,,",",fhir_organization,USA,,
NS_3bf65d52-9,,,,",",fhir_organization,USA,,
NS_7c6a1fad-4,,,,",",fhir_organization,USA,,
NS_939d5db6-b,,,,",",fhir_organization,USA,,
NS_c1d24db2-c,,,,",",fhir_organization,USA,,
NS_1c9fb975-1,,,,",",fhir_organization,USA,,
NS_d0dcdbad-e,,,,",",fhir_organization,USA,,
NS_8927a257-5,,,,",",fhir_organization,USA,,
NS_4c44e91f-2,,,,",",fhir_organization,USA,,
NS_07276894-3,,,,",",fhir_organization,USA,,
NS_a345249b-8,,,,",",fhir_organization,USA,,
NS_90fd57ea-e,,,,",",fhir_organization,USA,,
NS_68214dda-f,,,,",",fhir_organization,USA,,
NS_6afbb5f1-2,,,,",",fhir_organization,USA,,
NS_01a9b2e9-f,,,,",",fhir_organization,USA,,
NS_8f57f41a-8,,,,",",fhir_organization,USA,,
NS_a9030f72-2,,,,",",fhir_organization,USA,,
NS_0387dcae-d,,,,",",fhir_organization,USA,,
NS_b65f1a0f-2,,,,",",fhir_organization,USA,,
NS_50a4d9d4-f,,,,",",fhir_organization,USA,,
NS_6ef5af8f-6,,,,",",fhir_organization,USA,,
NS_1e49bc56-e,,,,",",fhir_organization,USA,,
NS_9646bad6-3,,,,",",fhir_organization,USA,,
NS_72f635d5-7,,,,",",fhir_organization,USA,,
NS_4777d11a-4,,,,",",fhir_organization,USA,,
NS_a064c694-2,,,,",",fhir_organization,USA,,
NS_35028b09-b,,,,",",fhir_organization,USA,,
NS_63defc60-5,,,,",",fhir_organization,USA,,
NS_5d0a276a-b,,,,",",fhir_organization,USA,,
NS_170d7fe6-c,,,,",",fhir_organization,USA,,
NS_64f784f7-f,,,,",",fhir_organization,USA,,
NS_9a7e1461-8,,,,",",fhir_organization,USA,,
NS_5bc429c3-8,,,,",",fhir_organization,USA,,
NS_daf6f6be-0,,,,",",fhir_organization,USA,,
NS_21e66663-b,,,,",",fhir_organization,USA,,
NS_38b7c8d2-2,,,,",",fhir_organization,USA,,
NS_45d3101d-5,,,,",",fhir_organization,USA,,
NS_ea63cf73-0,,,,",",fhir_organization,USA,,
NS_9773b946-f,,,,",",fhir_organization,USA,,
NS_a938f078-d,,,,",",fhir_organization,USA,,
NS_b98e52cd-4,,,,",",fhir_organization,USA,,
NS_a73923ba-4,,,,",",fhir_organization,USA,,
NS_1b657da8-3,,,,",",fhir_organization,USA,,
NS_d6f78426-f,,,,",",fhir_organization,USA,,
NS_071780df-9,,,,",",fhir_organization,USA,,
NS_7906a614-d,,,,",",fhir_organization,USA,,
NS_c9812cc9-a,,,,",",fhir_organization,USA,,
NS_cfe5780e-f,,,,",",fhir_organization,USA,,
NS_0c44adb9-e,,,,",",fhir_organization,USA,,
NS_731ae77a-c,,,,",",fhir_organization,USA,,
NS_78f50c37-0,,,,",",fhir_organization,USA,,
NS_96091df4-f,,,,",",fhir_organization,USA,,
NS_02e1a077-e,,,,",",fhir_organization,USA,,
NS_7eb9f6df-1,,,,",",fhir_organization,USA,,
NS_d83f8b1c-0,,,,",",fhir_organization,USA,,
NS_075fdd8d-e,,,,",",fhir_organization,USA,,
NS_dfc7ba39-1,,,,",",fhir_organization,USA,,
NS_17dc5767-9,,,,",",fhir_organization,USA,,
NS_f54d7830-f,,,,",",fhir_organization,USA,,
NS_e50fdd60-e,,,,",",fhir_organization,USA,,
NS_88295028-c,,,,",",fhir_organization,USA,,
NS_034b65ed-a,,,,",",fhir_organization,USA,,
NS_783f2cb9-4,,,,",",fhir_organization,USA,,
NS_8788693a-b,,,,",",fhir_organization,USA,,
NS_61ee9f54-9,,,,",",fhir_organization,USA,,
NS_e443c392-7,,,,",",fhir_organization,USA,,
NS_4cb439d0-d,,,,",",fhir_organization,USA,,
NS_17a5ee6d-8,,,,",",fhir_organization,USA,,
NS_45038369-0,,,,",",fhir_organization,USA,,
NS_c31124b8-5,,,,",",fhir_organization,USA,,
NS_c5cae51f-2,,,,",",fhir_organization,USA,,
NS_650cc26a-4,,,,",",fhir_organization,USA,,
NS_11ae2165-8,,,,",",fhir_organization,USA,,
NS_838b9ad7-d,,,,",",fhir_organization,USA,,
NS_88b323e0-8,,,,",",fhir_organization,USA,,
NS_2ff90f38-a,,,,",",fhir_organization,USA,,
NS_53a7bc8e-f,,,,",",fhir_organization,USA,,
NS_45de84f2-8,,,,",",fhir_organization,USA,,
NS_197f129f-3,,,,",",fhir_organization,USA,,
NS_07d57cf8-f,,,,",",fhir_organization,USA,,
NS_940e56a0-0,,,,",",fhir_organization,USA,,
NS_bfdd2357-e,,,,",",fhir_organization,USA,,
NS_7882d530-f,,,,",",fhir_organization,USA,,
NS_513dbd1b-2,,,,",",fhir_organization,USA,,
NS_f6e3ecd7-1,,,,",",fhir_organization,USA,,
NS_a4865701-d,,,,",",fhir_organization,USA,,
NS_8d94ed2d-f,,,,",",fhir_organization,USA,,
NS_2ce29f88-8,,,,",",fhir_organization,USA,,
NS_882f7d51-6,,,,",",fhir_organization,USA,,
NS_e8fd118e-6,,,,",",fhir_organization,USA,,
NS_a30af26b-0,,,,",",fhir_organization,USA,,
NS_48823b10-f,,,,",",fhir_organization,USA,,
NS_20f969f4-0,,,,",",fhir_organization,USA,,
NS_15e495a5-6,,,,",",fhir_organization,USA,,
NS_56a17c42-8,,,,",",fhir_organization,USA,,
NS_a5dcba08-f,,,,",",fhir_organization,USA,,
NS_90ce36a6-f,,,,",",fhir_organization,USA,,
NS_77a8631e-9,,,,",",fhir_organization,USA,,
NS_625e88f8-7,,,,",",fhir_organization,USA,,
NS_47aae24d-9,,,,",",fhir_organization,USA,,
NS_85e3da61-e,,,,",",fhir_organization,USA,,
NS_751cef65-c,,,,",",fhir_organization,USA,,
NS_d9d428d3-6,,,,",",fhir_organization,USA,,
NS_098ec9c9-0,,,,",",fhir_organization,USA,,
NS_30b7a4bc-f,,,,",",fhir_organization,USA,,
NS_068deae6-d,,,,",",fhir_organization,USA,,
NS_af5b301c-3,,,,",",fhir_organization,USA,,
NS_eee36e82-d,,,,",",fhir_organization,USA,,
NS_23587681-6,,,,",",fhir_organization,USA,,
NS_599b34ef-2,,,,",",fhir_organization,USA,,
NS_6c146a48-0,,,,",",fhir_organization,USA,,
NS_5a7c6892-b,,,,",",fhir_organization,USA,,
NS_651e8da3-a,,,,",",fhir_organization,USA,,
NS_86299934-e,,,,",",fhir_organization,USA,,
NS_811ad915-9,,,,",",fhir_organization,USA,,
NS_409e03b7-a,,,,",",fhir_organization,USA,,
NS_75cff1e5-b,,,,",",fhir_organization,USA,,
NS_e9281f97-f,,,,",",fhir_organization,USA,,
NS_1132c9ae-0,,,,",",fhir_organization,USA,,
NS_540167d9-5,,,,",",fhir_organization,USA,,
NS_6f3d7526-5,,,,",",fhir_organization,USA,,
NS_ab07296b-a,,,,",",fhir_organization,USA,,
NS_a151a6d9-3,,,,",",fhir_organization,USA,,
NS_fdfd416a-5,,,,",",fhir_organization,USA,,
NS_953af170-b,,,,",",fhir_organization,USA,,
NS_2ec8ccfb-1,,,,",",fhir_organization,USA,,
NS_68d102e4-b,,,,",",fhir_organization,USA,,
NS_b8446263-c,,,,",",fhir_organization,USA,,
NS_f1008ad2-6,,,,",",fhir_organization,USA,,
NS_aae5c663-e,,,,",",fhir_organization,USA,,
NS_ddc8a5f1-e,,,,",",fhir_organization,USA,,
NS_ccccb1f8-3,,,,",",fhir_organization,USA,,
NS_1adeafa7-9,,,,",",fhir_organization,USA,,
NS_5274d669-f,,,,",",fhir_organization,USA,,
NS_0020cdca-c,,,,",",fhir_organization,USA,,
NS_b9873275-d,,,,",",fhir_organization,USA,,
NS_f1fca4d8-1,,,,",",fhir_organization,USA,,
NS_0d2d5e66-6,,,,",",fhir_organization,USA,,
NS_c0d84ff3-1,,,,",",fhir_organization,USA,,
NS_3d5694af-c,,,,",",fhir_organization,USA,,
NS_5fc8a931-e,,,,",",fhir_organization,USA,,
NS_b8810abb-1,,,,",",fhir_organization,USA,,
NS_5b5e8157-b,,,,",",fhir_organization,USA,,
NS_47d305ac-3,,,,",",fhir_organization,USA,,
NS_524a0938-a,,,,",",fhir_organization,USA,,
NS_143d444d-6,,,,",",fhir_organization,USA,,
NS_ab7cd381-b,,,,",",fhir_organization,USA,,
NS_a4360b4b-5,,,,",",fhir_organization,USA,,
NS_e8b7993a-b,,,,",",fhir_organization,USA,,
NS_302ff91d-8,,,,",",fhir_organization,USA,,
NS_bb2f45e0-9,,,,",",fhir_organization,USA,,
NS_9b62f730-9,,,,",",fhir_organization,USA,,
NS_27e2b153-9,,,,",",fhir_organization,USA,,
NS_05c9501a-b,,,,",",fhir_organization,USA,,
NS_9c317cd5-2,,,,",",fhir_organization,USA,,
NS_f58b51c9-4,,,,",",fhir_organization,USA,,
NS_948ec942-9,,,,",",fhir_organization,USA,,
NS_ac1b3032-3,,,,",",fhir_organization,USA,,
NS_c81ce183-3,,,,",",fhir_organization,USA,,
NS_a416ab93-4,,,,",",fhir_organization,USA,,
NS_10e040ac-8,,,,",",fhir_organization,USA,,
NS_bb165e26-f,,,,",",fhir_organization,USA,,
NS_11d23133-f,,,,",",fhir_organization,USA,,
NS_1d11bec7-b,,,,",",fhir_organization,USA,,
NS_2f85e861-b,,,,",",fhir_organization,USA,,
NS_49cbd935-1,,,,",",fhir_organization,USA,,
NS_5c3ec38f-e,,,,",",fhir_organization,USA,,
NS_f7120722-c,,,,",",fhir_organization,USA,,
NS_c4b06c1f-d,,,,",",fhir_organization,USA,,
NS_23aec447-8,,,,",",fhir_organization,USA,,
NS_65f07345-c,,,,",",fhir_organization,USA,,
NS_0936a5fa-a,,,,",",fhir_organization,USA,,
NS_fa9f7a94-f,,,,",",fhir_organization,USA,,
NS_79e1e5e7-5,,,,",",fhir_organization,USA,,
NS_3dc5fc8d-d,,,,",",fhir_organization,USA,,
NS_035db94d-2,,,,",",fhir_organization,USA,,
NS_6316073c-c,,,,",",fhir_organization,USA,,
NS_b6f99f06-a,,,,",",fhir_organization,USA,,
NS_43843454-6,,,,",",fhir_organization,USA,,
NS_126d5d38-e,,,,",",fhir_organization,USA,,
NS_380bf416-c,,,,",",fhir_organization,USA,,
NS_9c22d0d3-b,,,,",",fhir_organization,USA,,
NS_878b4524-8,,,,",",fhir_organization,USA,,
NS_22af4bc8-b,,,,",",fhir_organization,USA,,
NS_df55a095-5,,,,",",fhir_organization,USA,,
NS_8417fb6f-8,,,,",",fhir_organization,USA,,
NS_9543d993-b,,,,",",fhir_organization,USA,,
NS_e19bb2d7-7,,,,",",fhir_organization,USA,,
NS_4e3546e3-c,,,,",",fhir_organization,USA,,
NS_d13aff99-3,,,,",",fhir_organization,USA,,
NS_3b4f5602-e,,,,",",fhir_organization,USA,,
NS_e87e47e8-1,,,,",",fhir_organization,USA,,
NS_c732b2f0-f,,,,",",fhir_organization,USA,,
NS_546b8f79-9,,,,",",fhir_organization,USA,,
NS_b8bec531-8,,,,",",fhir_organization,USA,,
NS_5d3f8e3e-4,,,,",",fhir_organization,USA,,
NS_faa63002-2,,,,",",fhir_organization,USA,,
NS_a684b6db-2,,,,",",fhir_organization,USA,,
NS_e1656b38-d,,,,",",fhir_organization,USA,,
NS_e1bd563a-8,,,,",",fhir_organization,USA,,
NS_1771d8e2-7,,,,",",fhir_organization,USA,,
NS_c05ced64-3,,,,",",fhir_organization,USA,,
NS_f3814bf4-6,,,,",",fhir_organization,USA,,
NS_61bef17c-6,,,,",",fhir_organization,USA,,
NS_953fcc95-1,,,,",",fhir_organization,USA,,
NS_dffcaa17-2,,,,",",fhir_organization,USA,,
NS_2331dcce-1,,,,",",fhir_organization,USA,,
NS_f957eb48-3,,,,",",fhir_organization,USA,,
NS_b517f9ba-b,,,,",",fhir_organization,USA,,
NS_f99f2c8d-a,,,,",",fhir_organization,USA,,
NS_f4aad9f3-3,,,,",",fhir_organization,USA,,
NS_4ebe9efd-d,,,,",",fhir_organization,USA,,
NS_55a83b2e-6,,,,",",fhir_organization,USA,,
NS_e46f1086-4,,,,",",fhir_organization,USA,,
NS_0000e4a4-9,,,,",",fhir_organization,USA,,
NS_85826c49-b,,,,",",fhir_organization,USA,,
NS_0ee4bc21-3,,,,",",fhir_organization,USA,,
NS_1caa4585-2,,,,",",fhir_organization,USA,,
NS_be8c9174-2,,,,",",fhir_organization,USA,,
NS_d9514152-3,,,,",",fhir_organization,USA,,
NS_d902bc2f-f,,,,",",fhir_organization,USA,,
NS_a3094643-3,,,,",",fhir_organization,USA,,
NS_cd4a1207-0,,,,",",fhir_organization,USA,,
NS_81e68bbd-4,,,,",",fhir_organization,USA,,
NS_e4affbb5-8,,,,",",fhir_organization,USA,,
NS_c25ebb14-9,,,,",",fhir_organization,USA,,
NS_7b83ea64-4,,,,",",fhir_organization,USA,,
NS_3b13af31-8,,,,",",fhir_organization,USA,,
NS_b5ed973f-c,,,,",",fhir_organization,USA,,
NS_54be8373-4,,,,",",fhir_organization,USA,,
NS_0f9ffc8d-0,,,,",",fhir_organization,USA,,
NS_608ad770-5,,,,",",fhir_organization,USA,,
NS_39530ccc-b,,,,",",fhir_organization,USA,,
NS_113024e7-9,,,,",",fhir_organization,USA,,
NS_10396d15-c,,,,",",fhir_organization,USA,,
NS_9d51da35-a,,,,",",fhir_organization,USA,,
NS_5c3da42b-0,,,,",",fhir_organization,USA,,
NS_db34ca50-1,,,,",",fhir_organization,USA,,
NS_75928dba-0,,,,",",fhir_organization,USA,,
NS_40c6abb7-a,,,,",",fhir_organization,USA,,
NS_8659a42b-2,,,,",",fhir_organization,USA,,
NS_97dea3c3-6,,,,",",fhir_organization,USA,,
NS_fd554a2b-9,,,,",",fhir_organization,USA,,
NS_ca2c7aa5-a,,,,",",fhir_organization,USA,,
NS_3ad75c0e-1,,,,",",fhir_organization,USA,,
NS_deecfbf4-9,,,,",",fhir_organization,USA,,
NS_f4af9315-6,,,,",",fhir_organization,USA,,
NS_ce6c9e2f-4,,,,",",fhir_organization,USA,,
NS_1a7c1453-9,,,,",",fhir_organization,USA,,
NS_93460f85-2,,,,",",fhir_organization,USA,,
NS_738ddaaa-1,,,,",",fhir_organization,USA,,
NS_6831737b-8,,,,",",fhir_organization,USA,,
NS_d27de5cb-0,,,,",",fhir_organization,USA,,
NS_5225ed2a-6,,,,",",fhir_organization,USA,,
NS_adb11ab4-7,,,,",",fhir_organization,USA,,
NS_9eb90549-1,,,,",",fhir_organization,USA,,
NS_500ab412-7,,,,",",fhir_organization,USA,,
NS_87e0cc2c-7,,,,",",fhir_organization,USA,,
NS_923446fd-e,,,,",",fhir_organization,USA,,
NS_7f3e3aac-8,,,,",",fhir_organization,USA,,
NS_5bc4b1ad-a,,,,",",fhir_organization,USA,,
NS_203b8ac1-b,,,,",",fhir_organization,USA,,
NS_fa19f4a9-b,,,,",",fhir_organization,USA,,
NS_6bb9bc3d-2,,,,",",fhir_organization,USA,,
NS_bac44e8e-d,,,,",",fhir_organization,USA,,
NS_39b67273-d,,,,",",fhir_organization,USA,,
NS_d27df409-0,,,,",",fhir_organization,USA,,
NS_fd42d684-1,,,,",",fhir_organization,USA,,
NS_3b561a8e-5,,,,",",fhir_organization,USA,,
NS_4568de9d-8,,,,",",fhir_organization,USA,,
NS_422c05e6-f,,,,",",fhir_organization,USA,,
NS_4e18dffa-b,,,,",",fhir_organization,USA,,
NS_a7a335b1-b,,,,",",fhir_organization,USA,,
NS_0b304d32-0,,,,",",fhir_organization,USA,,
NS_6a919a5c-a,,,,",",fhir_organization,USA,,
NS_19d7dc12-9,,,,",",fhir_organization,USA,,
NS_0965cebc-a,,,,",",fhir_organization,USA,,
NS_cbd5d5b3-b,,,,",",fhir_organization,USA,,
NS_1371effe-9,,,,",",fhir_organization,USA,,
NS_cd6e0a8d-f,,,,",",fhir_organization,USA,,
NS_1c5f088c-7,,,,",",fhir_organization,USA,,
NS_5067eeb1-f,,,,",",fhir_organization,USA,,
NS_82544984-f,,,,",",fhir_organization,USA,,
NS_93d98d84-e,,,,",",fhir_organization,USA,,
NS_5b8ee4d5-7,,,,",",fhir_organization,USA,,
NS_3482fed3-3,,,,",",fhir_organization,USA,,
NS_efe811c9-4,,,,",",fhir_organization,USA,,
NS_63a2c25b-c,,,,",",fhir_organization,USA,,
NS_26206514-0,,,,",",fhir_organization,USA,,
NS_2ed09eab-8,,,,",",fhir_organization,USA,,
NS_38fc455f-f,,,,",",fhir_organization,USA,,
NS_b4be578f-3,,,,",",fhir_organization,USA,,
NS_a6e3993e-0,,,,",",fhir_organization,USA,,
NS_f09b594f-9,,,,",",fhir_organization,USA,,
NS_7dc6596e-5,,,,",",fhir_organization,USA,,
NS_1fee2216-b,,,,",",fhir_organization,USA,,
NS_f8f9e227-c,,,,",",fhir_organization,USA,,
NS_d7f8775e-e,,,,",",fhir_organization,USA,,
NS_78498505-a,,,,",",fhir_organization,USA,,
NS_ccf176aa-4,,,,",",fhir_organization,USA,,
NS_d48e4629-f,,,,",",fhir_organization,USA,,
NS_ab3b2c99-7,,,,",",fhir_organization,USA,,
NS_78d200c3-f,,,,",",fhir_organization,USA,,
NS_46f2dbcf-3,,,,",",fhir_organization,USA,,
NS_fb9086e4-6,,,,",",fhir_organization,USA,,
NS_4af6680d-b,,,,",",fhir_organization,USA,,
NS_3abd79a3-6,,,,",",fhir_organization,USA,,
NS_08239eb0-f,,,,",",fhir_organization,USA,,
NS_1a08bf4f-4,,,,",",fhir_organization,USA,,
NS_757a678d-b,,,,",",fhir_organization,USA,,
NS_13f38eaa-e,,,,",",fhir_organization,USA,,
NS_32df1d76-a,,,,",",fhir_organization,USA,,
NS_73846133-5,,,,",",fhir_organization,USA,,
NS_c1b558e5-2,,,,",",fhir_organization,USA,,
NS_5beea1b1-4,,,,",",fhir_organization,USA,,
NS_cc5b92f8-a,,,,",",fhir_organization,USA,,
NS_f5ea0027-a,,,,",",fhir_organization,USA,,
NS_90e9f1ba-f,,,,",",fhir_organization,USA,,
NS_17c8a23a-2,,,,",",fhir_organization,USA,,
NS_a464489f-a,,,,",",fhir_organization,USA,,
NS_6b772327-2,,,,",",fhir_organization,USA,,
NS_b3ece3c9-b,,,,",",fhir_organization,USA,,
NS_b1c4bc26-d,,,,",",fhir_organization,USA,,
NS_8adf898c-a,,,,",",fhir_organization,USA,,
NS_5f0a2760-3,,,,",",fhir_organization,USA,,
NS_d73d6364-b,,,,",",fhir_organization,USA,,
NS_1789244d-3,,,,",",fhir_organization,USA,,
NS_434c623a-f,,,,",",fhir_organization,USA,,
NS_c8219482-1,,,,",",fhir_organization,USA,,
NS_3a06e584-2,,,,",",fhir_organization,USA,,
NS_e006cea8-b,,,,",",fhir_organization,USA,,
NS_444dcfcd-b,,,,",",fhir_organization,USA,,
NS_975e47ce-2,,,,",",fhir_organization,USA,,
NS_c896d0f1-b,,,,",",fhir_organization,USA,,
NS_56b401e8-0,,,,",",fhir_organization,USA,,
NS_a6081b43-a,,,,",",fhir_organization,USA,,
NS_9af71018-9,,,,",",fhir_organization,USA,,
NS_3ed4578a-1,,,,",",fhir_organization,USA,,
NS_8fcb3c22-4,,,,",",fhir_organization,USA,,
NS_8a570199-d,,,,",",fhir_organization,USA,,
NS_a0e1b463-f,,,,",",fhir_organization,USA,,
NS_7f83cf20-1,,,,",",fhir_organization,USA,,
NS_19c2b4de-0,,,,",",fhir_organization,USA,,
NS_cae4c5da-a,,,,",",fhir_organization,USA,,
NS_225e9295-b,,,,",",fhir_organization,USA,,
NS_52eab313-8,,,,",",fhir_organization,USA,,
NS_6893d880-f,,,,",",fhir_organization,USA,,
NS_cdf63525-4,,,,",",fhir_organization,USA,,
NS_d8deecb2-2,,,,",",fhir_organization,USA,,
NS_3d272c21-c,,,,",",fhir_organization,USA,,
NS_c19f2652-b,,,,",",fhir_organization,USA,,
NS_62a5542a-c,,,,",",fhir_organization,USA,,
NS_b0b01d78-a,,,,",",fhir_organization,USA,,
NS_d57e6306-1,,,,",",fhir_organization,USA,,
NS_a26f2757-6,,,,",",fhir_organization,USA,,
NS_ca58a470-b,,,,",",fhir_organization,USA,,
NS_e2516089-2,,,,",",fhir_organization,USA,,
NS_bcb9b246-3,,,,",",fhir_organization,USA,,
NS_2de83c4c-5,,,,",",fhir_organization,USA,,
NS_da7511a6-4,,,,",",fhir_organization,USA,,
NS_9d2523f1-d,,,,",",fhir_organization,USA,,
NS_68231c50-7,,,,",",fhir_organization,USA,,
NS_6bbf8fd7-f,,,,",",fhir_organization,USA,,
NS_fc26d2d2-7,,,,",",fhir_organization,USA,,
NS_d1f23d4b-1,,,,",",fhir_organization,USA,,
NS_99eb5fa6-b,,,,",",fhir_organization,USA,,
NS_5318edc7-7,,,,",",fhir_organization,USA,,
NS_a5b7d8ac-e,,,,",",fhir_organization,USA,,
NS_1068d7b5-d,,,,",",fhir_organization,USA,,
NS_c1d6ca1c-0,,,,",",fhir_organization,USA,,
NS_ff53036e-a,,,,",",fhir_organization,USA,,
NS_57dc78d6-9,,,,",",fhir_organization,USA,,
NS_21307510-9,,,,",",fhir_organization,USA,,
NS_d876cf41-e,,,,",",fhir_organization,USA,,
NS_eebd0d96-1,,,,",",fhir_organization,USA,,
NS_dd02e61b-9,,,,",",fhir_organization,USA,,
NS_b729fd1c-2,,,,",",fhir_organization,USA,,
NS_fadc4383-0,,,,",",fhir_organization,USA,,
NS_af552a15-e,,,,",",fhir_organization,USA,,
NS_aacda479-1,,,,",",fhir_organization,USA,,
NS_36f1bc9d-3,,,,",",fhir_organization,USA,,
NS_376a9b40-c,,,,",",fhir_organization,USA,,
NS_ae56b37b-4,,,,",",fhir_organization,USA,,
NS_f5699a20-c,,,,",",fhir_organization,USA,,
NS_9e1e5458-7,,,,",",fhir_organization,USA,,
NS_a7a95a30-3,,,,",",fhir_organization,USA,,
NS_52663f3e-6,,,,",",fhir_organization,USA,,
NS_37d35fde-7,,,,",",fhir_organization,USA,,
NS_e59e4eb8-5,,,,",",fhir_organization,USA,,
NS_ec436f0c-e,,,,",",fhir_organization,USA,,
NS_67f2b55b-2,,,,",",fhir_organization,USA,,
NS_0245ef88-1,,,,",",fhir_organization,USA,,
NS_b4c896bb-5,,,,",",fhir_organization,USA,,
NS_f0136d21-5,,,,",",fhir_organization,USA,,
NS_736b6b79-6,,,,",",fhir_organization,USA,,
NS_884c8cfc-d,,,,",",fhir_organization,USA,,
NS_7dacabb7-f,,,,",",fhir_organization,USA,,
NS_bd548090-0,,,,",",fhir_organization,USA,,
NS_eb274e50-b,,,,",",fhir_organization,USA,,
NS_c39511fb-2,,,,",",fhir_organization,USA,,
NS_fc194aed-9,,,,",",fhir_organization,USA,,
NS_985a94bd-1,,,,",",fhir_organization,USA,,
NS_e293f72b-7,,,,",",fhir_organization,USA,,
NS_05d5f357-b,,,,",",fhir_organization,USA,,
NS_01f849a4-6,,,,",",fhir_organization,USA,,
NS_26f34abc-7,,,,",",fhir_organization,USA,,
NS_2efaf79d-e,,,,",",fhir_organization,USA,,
NS_5badac1c-5,,,,",",fhir_organization,USA,,
NS_c75f0788-e,,,,",",fhir_organization,USA,,
NS_75a521d4-9,,,,",",fhir_organization,USA,,
NS_fdd446cb-8,,,,",",fhir_organization,USA,,
NS_517b2f75-0,,,,",",fhir_organization,USA,,
NS_41029d5d-d,,,,",",fhir_organization,USA,,
NS_ae9e2059-b,,,,",",fhir_organization,USA,,
NS_96b89924-7,,,,",",fhir_organization,USA,,
NS_af14e720-6,,,,",",fhir_organization,USA,,
NS_be23b641-4,,,,",",fhir_organization,USA,,
NS_dc09fdf1-4,,,,",",fhir_organization,USA,,
NS_5943522a-0,,,,",",fhir_organization,USA,,
NS_cff37985-6,,,,",",fhir_organization,USA,,
NS_a871d920-d,,,,",",fhir_organization,USA,,
NS_849b7bef-6,,,,",",fhir_organization,USA,,
NS_59b92c85-3,,,,",",fhir_organization,USA,,
NS_9ac98a0b-2,,,,",",fhir_organization,USA,,
NS_e9dd176c-c,,,,",",fhir_organization,USA,,
NS_eb04d940-9,,,,",",fhir_organization,USA,,
NS_48209a5b-4,,,,",",fhir_organization,USA,,
NS_06be8c29-1,,,,",",fhir_organization,USA,,
NS_80140aee-0,,,,",",fhir_organization,USA,,
NS_0d2e11b2-f,,,,",",fhir_organization,USA,,
NS_77d5d0f4-d,,,,",",fhir_organization,USA,,
NS_4064a860-8,,,,",",fhir_organization,USA,,
NS_7c224b03-b,,,,",",fhir_organization,USA,,
NS_c4aa13f1-c,,,,",",fhir_organization,USA,,
NS_8f65058d-f,,,,",",fhir_organization,USA,,
NS_5e27fa8d-4,,,,",",fhir_organization,USA,,
NS_1eed16f3-c,,,,",",fhir_organization,USA,,
NS_d1b2deae-0,,,,",",fhir_organization,USA,,
NS_04d03515-e,,,,",",fhir_organization,USA,,
NS_5ba5d4a2-9,,,,",",fhir_organization,USA,,
NS_9ccec76f-5,,,,",",fhir_organization,USA,,
NS_eaa3754e-1,,,,",",fhir_organization,USA,,
NS_314dd251-0,,,,",",fhir_organization,USA,,
NS_f8c2d806-c,,,,",",fhir_organization,USA,,
NS_cecba5c8-b,,,,",",fhir_organization,USA,,
NS_f9daae0f-3,,,,",",fhir_organization,USA,,
NS_0df570e8-9,,,,",",fhir_organization,USA,,
NS_a7444f28-3,,,,",",fhir_organization,USA,,
NS_0d6b3ca2-f,,,,",",fhir_organization,USA,,
NS_6f2bd665-c,,,,",",fhir_organization,USA,,
NS_af360901-4,,,,",",fhir_organization,USA,,
NS_524c0c22-e,,,,",",fhir_organization,USA,,
NS_a0ad48c4-5,,,,",",fhir_organization,USA,,
NS_345cf0d1-a,,,,",",fhir_organization,USA,,
NS_9c30b3ec-0,,,,",",fhir_organization,USA,,
NS_718d4784-b,,,,",",fhir_organization,USA,,
NS_b2ec5420-1,,,,",",fhir_organization,USA,,
NS_f7f398fa-d,,,,",",fhir_organization,USA,,
NS_a7e7a58f-8,,,,",",fhir_organization,USA,,
NS_637c0bbb-c,,,,",",fhir_organization,USA,,
NS_e96014ac-9,,,,",",fhir_organization,USA,,
NS_393129ff-0,,,,",",fhir_organization,USA,,
NS_5baf5ccc-f,,,,",",fhir_organization,USA,,
NS_5da20865-2,,,,",",fhir_organization,USA,,
NS_0e1156bd-4,,,,",",fhir_organization,USA,,
NS_4e1bfdb8-5,,,,",",fhir_organization,USA,,
NS_d4c06ff5-2,,,,",",fhir_organization,USA,,
NS_962b03ac-4,,,,",",fhir_organization,USA,,
NS_4d827514-c,,,,",",fhir_organization,USA,,
NS_d811e51d-d,,,,",",fhir_organization,USA,,
NS_c43a1e3c-8,,,,",",fhir_organization,USA,,
NS_b76e68ad-f,,,,",",fhir_organization,USA,,
NS_410e1574-9,,,,",",fhir_organization,USA,,
NS_1cb7f1ef-2,,,,",",fhir_organization,USA,,
NS_457d1a83-b,,,,",",fhir_organization,USA,,
NS_9152209f-d,,,,",",fhir_organization,USA,,
NS_3fa7a708-9,,,,",",fhir_organization,USA,,
NS_d2e857b8-d,,,,",",fhir_organization,USA,,
NS_7e5a9602-2,,,,",",fhir_organization,USA,,
NS_a2ffe51e-7,,,,",",fhir_organization,USA,,
NS_e7a0d2b8-a,,,,",",fhir_organization,USA,,
NS_6060bfbd-9,,,,",",fhir_organization,USA,,
NS_a06e42ea-9,,,,",",fhir_organization,USA,,
NS_b67bf7f4-a,,,,",",fhir_organization,USA,,
NS_fb2a3ab3-f,,,,",",fhir_organization,USA,,
NS_daf5db89-a,,,,",",fhir_organization,USA,,
NS_bc19a973-6,,,,",",fhir_organization,USA,,
NS_ab18ef74-6,,,,",",fhir_organization,USA,,
NS_20a86287-1,,,,",",fhir_organization,USA,,
NS_a53fec86-d,,,,",",fhir_organization,USA,,
NS_1425ea95-5,,,,",",fhir_organization,USA,,
NS_3635c655-1,,,,",",fhir_organization,USA,,
NS_e710a1b7-a,,,,",",fhir_organization,USA,,
NS_7c020cdc-b,,,,",",fhir_organization,USA,,
NS_dfb78689-d,,,,",",fhir_organization,USA,,
NS_09299eaf-e,,,,",",fhir_organization,USA,,
NS_413018aa-4,,,,",",fhir_organization,USA,,
NS_31bf9d0d-f,,,,",",fhir_organization,USA,,
NS_e153f832-7,,,,",",fhir_organization,USA,,
NS_8b94b151-a,,,,",",fhir_organization,USA,,
NS_64471633-1,,,,",",fhir_organization,USA,,
NS_aaf6b84d-d,,,,",",fhir_organization,USA,,
NS_cb2e664b-9,,,,",",fhir_organization,USA,,
NS_0ddd76ba-d,,,,",",fhir_organization,USA,,
NS_e1dc731f-5,,,,",",fhir_organization,USA,,
NS_0513246e-b,,,,",",fhir_organization,USA,,
NS_128afc24-e,,,,",",fhir_organization,USA,,
NS_192e67d6-c,,,,",",fhir_organization,USA,,
NS_51daa738-e,,,,",",fhir_organization,USA,,
NS_cfa7e63b-2,,,,",",fhir_organization,USA,,
NS_c1c92516-6,,,,",",fhir_organization,USA,,
NS_5c230092-f,,,,",",fhir_organization,USA,,
NS_b446d58b-f,,,,",",fhir_organization,USA,,
NS_b01f1827-7,,,,",",fhir_organization,USA,,
NS_e697b7c1-c,,,,",",fhir_organization,USA,,
NS_ad9806ef-a,,,,",",fhir_organization,USA,,
NS_7d390176-0,,,,",",fhir_organization,USA,,
NS_4ca624d7-7,,,,",",fhir_organization,USA,,
NS_41696475-9,,,,",",fhir_organization,USA,,
NS_449c68ab-2,,,,",",fhir_organization,USA,,
NS_2266a98f-a,,,,",",fhir_organization,USA,,
NS_7cf2f8bd-2,,,,",",fhir_organization,USA,,
NS_407f983f-d,,,,",",fhir_organization,USA,,
NS_b2741e90-a,,,,",",fhir_organization,USA,,
NS_25936cce-2,,,,",",fhir_organization,USA,,
NS_0f04103b-f,,,,",",fhir_organization,USA,,
NS_8151ec1e-c,,,,",",fhir_organization,USA,,
NS_8d14a422-3,,,,",",fhir_organization,USA,,
NS_ecf45c71-5,,,,",",fhir_organization,USA,,
NS_a0d5fa62-5,,,,",",fhir_organization,USA,,
NS_82c8ebef-6,,,,",",fhir_organization,USA,,
NS_9672f41a-e,,,,",",fhir_organization,USA,,
NS_5670ed8d-b,,,,",",fhir_organization,USA,,
NS_ff72986e-7,,,,",",fhir_organization,USA,,
NS_97df45bb-e,,,,",",fhir_organization,USA,,
NS_f1b702ab-c,,,,",",fhir_organization,USA,,
NS_cc31dda4-e,,,,",",fhir_organization,USA,,
NS_b6144659-d,,,,",",fhir_organization,USA,,
NS_be7fe592-6,,,,",",fhir_organization,USA,,
NS_61ddafab-9,,,,",",fhir_organization,USA,,
NS_babc3a13-6,,,,",",fhir_organization,USA,,
NS_e04ccf92-f,,,,",",fhir_organization,USA,,
NS_dd7bf902-c,,,,",",fhir_organization,USA,,
NS_0e2fb8b2-a,,,,",",fhir_organization,USA,,
NS_560063f4-7,,,,",",fhir_organization,USA,,
NS_229c923e-6,,,,",",fhir_organization,USA,,
NS_027a07e1-7,,,,",",fhir_organization,USA,,
NS_d8ab455e-a,,,,",",fhir_organization,USA,,
NS_451f1cfd-0,,,,",",fhir_organization,USA,,
NS_f426f0c2-d,,,,",",fhir_organization,USA,,
NS_67620371-8,,,,",",fhir_organization,USA,,
NS_7a12d388-1,,,,",",fhir_organization,USA,,
NS_a3fea7e0-7,,,,",",fhir_organization,USA,,
NS_a3fe36ba-2,,,,",",fhir_organization,USA,,
NS_ebf057f8-b,,,,",",fhir_organization,USA,,
NS_53716cc2-f,,,,",",fhir_organization,USA,,
NS_c133b6b6-3,,,,",",fhir_organization,USA,,
NS_7e535a8e-9,,,,",",fhir_organization,USA,,
NS_9890c618-0,,,,",",fhir_organization,USA,,
NS_9f90f1b4-6,,,,",",fhir_organization,USA,,
NS_a962d218-f,,,,",",fhir_organization,USA,,
NS_f11bc053-6,,,,",",fhir_organization,USA,,
NS_a9e54fbe-d,,,,",",fhir_organization,USA,,
NS_04431766-1,,,,",",fhir_organization,USA,,
NS_72ddda7d-e,,,,",",fhir_organization,USA,,
NS_f24874a6-f,,,,",",fhir_organization,USA,,
NS_cf2edbc0-2,,,,",",fhir_organization,USA,,
NS_2d35cf89-5,,,,",",fhir_organization,USA,,
NS_649a98dd-1,,,,",",fhir_organization,USA,,
NS_074e49bc-a,,,,",",fhir_organization,USA,,
NS_f0cf578c-3,,,,",",fhir_organization,USA,,
NS_6bb63e3c-2,,,,",",fhir_organization,USA,,
NS_6bac877f-8,,,,",",fhir_organization,USA,,
NS_a6268bb5-9,,,,",",fhir_organization,USA,,
NS_7a72a5b7-f,,,,",",fhir_organization,USA,,
NS_2f3ec6f9-8,,,,",",fhir_organization,USA,,
NS_d353a878-3,,,,",",fhir_organization,USA,,
NS_542faf23-f,,,,",",fhir_organization,USA,,
NS_7543337e-c,,,,",",fhir_organization,USA,,
NS_00c8985a-c,,,,",",fhir_organization,USA,,
NS_4dc4f9b6-a,,,,",",fhir_organization,USA,,
NS_291f3f6f-3,,,,",",fhir_organization,USA,,
NS_b5eb47c4-d,,,,",",fhir_organization,USA,,
NS_0fb41f8f-9,,,,",",fhir_organization,USA,,
NS_0a61d795-f,,,,",",fhir_organization,USA,,
NS_30fbfc4e-4,,,,",",fhir_organization,USA,,
NS_7de14d91-7,,,,",",fhir_organization,USA,,
NS_fe0e090c-3,,,,",",fhir_organization,USA,,
NS_57a71ed7-e,,,,",",fhir_organization,USA,,
NS_70383ce3-e,,,,",",fhir_organization,USA,,
NS_7f891ee7-4,,,,",",fhir_organization,USA,,
NS_6c953446-e,,,,",",fhir_organization,USA,,
NS_e389b77a-7,,,,",",fhir_organization,USA,,
NS_47224656-2,,,,",",fhir_organization,USA,,
NS_b0e7ee30-6,,,,",",fhir_organization,USA,,
NS_917d8d0b-5,,,,",",fhir_organization,USA,,
NS_8d9166d5-e,,,,",",fhir_organization,USA,,
NS_cfbf3877-7,,,,",",fhir_organization,USA,,
NS_686fbdbd-5,,,,",",fhir_organization,USA,,
NS_4ee19fa0-3,,,,",",fhir_organization,USA,,
NS_c1c80645-1,,,,",",fhir_organization,USA,,
NS_84d7f2d0-c,,,,",",fhir_organization,USA,,
NS_e58f68de-1,,,,",",fhir_organization,USA,,
NS_82453997-a,,,,",",fhir_organization,USA,,
NS_817d845a-7,,,,",",fhir_organization,USA,,
NS_0818fdbf-3,,,,",",fhir_organization,USA,,
NS_780f1f5a-6,,,,",",fhir_organization,USA,,
NS_0c365025-6,,,,",",fhir_organization,USA,,
NS_88a05ddc-1,,,,",",fhir_organization,USA,,
NS_678cb898-4,,,,",",fhir_organization,USA,,
NS_44684dc0-f,,,,",",fhir_organization,USA,,
NS_3227df0a-4,,,,",",fhir_organization,USA,,
NS_dccc6ad4-0,,,,",",fhir_organization,USA,,
NS_b979c179-3,,,,",",fhir_organization,USA,,
NS_3b87548f-3,,,,",",fhir_organization,USA,,
NS_ba7bd54e-1,,,,",",fhir_organization,USA,,
NS_42cee9f7-4,,,,",",fhir_organization,USA,,
NS_3ca84cc5-d,,,,",",fhir_organization,USA,,
NS_bc9161b9-1,,,,",",fhir_organization,USA,,
NS_c4fa51ac-b,,,,",",fhir_organization,USA,,
NS_3da14493-e,,,,",",fhir_organization,USA,,
NS_62614150-7,,,,",",fhir_organization,USA,,
NS_2f30b0fd-d,,,,",",fhir_organization,USA,,
NS_e1390a87-3,,,,",",fhir_organization,USA,,
NS_43eec2cd-8,,,,",",fhir_organization,USA,,
NS_7cd0dd6a-7,,,,",",fhir_organization,USA,,
NS_27892707-b,,,,",",fhir_organization,USA,,
NS_5ef9b376-d,,,,",",fhir_organization,USA,,
NS_68935944-8,,,,",",fhir_organization,USA,,
NS_8f02c91f-3,,,,",",fhir_organization,USA,,
NS_1a3c4988-c,,,,",",fhir_organization,USA,,
NS_5a04b443-1,,,,",",fhir_organization,USA,,
NS_2e355a8e-7,,,,",",fhir_organization,USA,,
NS_cd3295e3-0,,,,",",fhir_organization,USA,,
NS_7cd7f680-e,,,,",",fhir_organization,USA,,
NS_c872a6bf-b,,,,",",fhir_organization,USA,,
NS_37860c67-5,,,,",",fhir_organization,USA,,
NS_9796d2f7-a,,,,",",fhir_organization,USA,,
NS_8b246e98-1,,,,",",fhir_organization,USA,,
NS_f5094848-e,,,,",",fhir_organization,USA,,
NS_7f29d932-b,,,,",",fhir_organization,USA,,
NS_660ff8f4-d,,,,",",fhir_organization,USA,,
NS_f66dd312-9,,,,",",fhir_organization,USA,,
NS_17b3d3c3-0,,,,",",fhir_organization,USA,,
NS_6727d588-b,,,,",",fhir_organization,USA,,
NS_4def8bae-6,,,,",",fhir_organization,USA,,
NS_444c3d8f-c,,,,",",fhir_organization,USA,,
NS_90753a84-5,,,,",",fhir_organization,USA,,
NS_d2bdc351-7,,,,",",fhir_organization,USA,,
NS_a59fe150-2,,,,",",fhir_organization,USA,,
NS_1fded5ea-6,,,,",",fhir_organization,USA,,
NS_bdf8a63c-c,,,,",",fhir_organization,USA,,
NS_f6fd428a-b,,,,",",fhir_organization,USA,,
NS_c72c514c-1,,,,",",fhir_organization,USA,,
NS_519d4b47-0,,,,",",fhir_organization,USA,,
NS_9dfdf83a-e,,,,",",fhir_organization,USA,,
NS_0a83897b-9,,,,",",fhir_organization,USA,,
NS_c0052aa6-7,,,,",",fhir_organization,USA,,
NS_2097dbe4-e,,,,",",fhir_organization,USA,,
NS_666c155a-8,,,,",",fhir_organization,USA,,
NS_b0c98216-5,,,,",",fhir_organization,USA,,
NS_6e45057c-0,,,,",",fhir_organization,USA,,
NS_ee8c795e-2,,,,",",fhir_organization,USA,,
NS_52cf0850-a,,,,",",fhir_organization,USA,,
NS_8826260b-f,,,,",",fhir_organization,USA,,
NS_282b779c-4,,,,",",fhir_organization,USA,,
NS_0846432c-c,,,,",",fhir_organization,USA,,
NS_4b4a13d6-4,,,,",",fhir_organization,USA,,
NS_1e3ee4d9-a,,,,",",fhir_organization,USA,,
NS_42acb231-c,,,,",",fhir_organization,USA,,
NS_852f7dec-4,,,,",",fhir_organization,USA,,
NS_bd669b20-5,,,,",",fhir_organization,USA,,
NS_c6b4f9fa-3,,,,",",fhir_organization,USA,,
NS_010e7196-2,,,,",",fhir_organization,USA,,
NS_92471931-5,,,,",",fhir_organization,USA,,
NS_a0181832-8,,,,",",fhir_organization,USA,,
NS_83b5f3d8-8,,,,",",fhir_organization,USA,,
NS_b4dce45c-b,,,,",",fhir_organization,USA,,
NS_410bf685-7,,,,",",fhir_organization,USA,,
NS_ec2bdba8-d,,,,",",fhir_organization,USA,,
NS_352cc876-7,,,,",",fhir_organization,USA,,
NS_d44ba03a-d,,,,",",fhir_organization,USA,,
NS_32817363-1,,,,",",fhir_organization,USA,,
NS_a378d836-0,,,,",",fhir_organization,USA,,
NS_f23b30a5-f,,,,",",fhir_organization,USA,,
NS_89c8ba89-c,,,,",",fhir_organization,USA,,
NS_de9a4c2d-1,,,,",",fhir_organization,USA,,
NS_d06bcfaa-2,,,,",",fhir_organization,USA,,
NS_ddff26f0-c,,,,",",fhir_organization,USA,,
NS_eaef227e-6,,,,",",fhir_organization,USA,,
NS_e181a9c1-e,,,,",",fhir_organization,USA,,
NS_e2aa5319-5,,,,",",fhir_organization,USA,,
NS_98d85f32-9,,,,",",fhir_organization,USA,,
NS_f713b0f5-5,,,,",",fhir_organization,USA,,
NS_20b8446b-a,,,,",",fhir_organization,USA,,
NS_04c3b1c0-f,,,,",",fhir_organization,USA,,
NS_e13a8934-7,,,,",",fhir_organization,USA,,
NS_e393e6b7-3,,,,",",fhir_organization,USA,,
NS_83eea12b-6,,,,",",fhir_organization,USA,,
NS_d9356c47-3,,,,",",fhir_organization,USA,,
NS_80400a80-e,,,,",",fhir_organization,USA,,
NS_2dd25224-c,,,,",",fhir_organization,USA,,
NS_4a076484-7,,,,",",fhir_organization,USA,,
NS_46ed4d19-0,,,,",",fhir_organization,USA,,
NS_35343dfd-7,,,,",",fhir_organization,USA,,
NS_b249e85c-8,,,,",",fhir_organization,USA,,
NS_713a3d4a-8,,,,",",fhir_organization,USA,,
NS_ba572655-c,,,,",",fhir_organization,USA,,
NS_a593fc07-9,,,,",",fhir_organization,USA,,
NS_e301a25e-7,,,,",",fhir_organization,USA,,
NS_e34c0e32-8,,,,",",fhir_organization,USA,,
NS_5041bb88-7,,,,",",fhir_organization,USA,,
NS_a7e826bd-1,,,,",",fhir_organization,USA,,
NS_d4e2b52b-d,,,,",",fhir_organization,USA,,
NS_f2e266d2-c,,,,",",fhir_organization,USA,,
NS_d8feab22-4,,,,",",fhir_organization,USA,,
NS_99ea8b22-1,,,,",",fhir_organization,USA,,
NS_d16365e7-a,,,,",",fhir_organization,USA,,
NS_4fb61f31-7,,,,",",fhir_organization,USA,,
NS_bf2c2771-d,,,,",",fhir_organization,USA,,
NS_d950c5a6-e,,,,",",fhir_organization,USA,,
NS_2c2109e9-2,,,,",",fhir_organization,USA,,
NS_0b1d0836-8,,,,",",fhir_organization,USA,,
NS_f7ebc731-e,,,,",",fhir_organization,USA,,
NS_7daf75f7-0,,,,",",fhir_organization,USA,,
NS_bb70ecbc-d,,,,",",fhir_organization,USA,,
NS_7a50a51d-2,,,,",",fhir_organization,USA,,
NS_1609f566-f,,,,",",fhir_organization,USA,,
NS_e7a1933a-f,,,,",",fhir_organization,USA,,
NS_b8c7fcdb-5,,,,",",fhir_organization,USA,,
NS_b22d2f72-8,,,,",",fhir_organization,USA,,
NS_73ae3244-e,,,,",",fhir_organization,USA,,
NS_c4cbcc26-9,,,,",",fhir_organization,USA,,
NS_57b01f22-d,,,,",",fhir_organization,USA,,
NS_2a36d505-1,,,,",",fhir_organization,USA,,
NS_1b9cecd4-0,,,,",",fhir_organization,USA,,
NS_cc7374a7-a,,,,",",fhir_organization,USA,,
NS_fc1e653e-0,,,,",",fhir_organization,USA,,
NS_b1f34a6e-d,,,,",",fhir_organization,USA,,
NS_74a4a146-7,,,,",",fhir_organization,USA,,
NS_4d23cd37-b,,,,",",fhir_organization,USA,,
NS_5b6fa693-a,,,,",",fhir_organization,USA,,
NS_2b07c433-6,,,,",",fhir_organization,USA,,
NS_b909a62a-d,,,,",",fhir_organization,USA,,
NS_d1ed2e1d-2,,,,",",fhir_organization,USA,,
NS_e1d5fb5e-5,,,,",",fhir_organization,USA,,
NS_8aca32c6-4,,,,",",fhir_organization,USA,,
NS_8f28e9f4-2,,,,",",fhir_organization,USA,,
NS_34bca42c-f,,,,",",fhir_organization,USA,,
NS_6b612e10-6,,,,",",fhir_organization,USA,,
NS_c6c12673-c,,,,",",fhir_organization,USA,,
NS_8f46f83c-a,,,,",",fhir_organization,USA,,
NS_8bd35822-0,,,,",",fhir_organization,USA,,
NS_4aebf419-e,,,,",",fhir_organization,USA,,
NS_8a32a04f-3,,,,",",fhir_organization,USA,,
NS_0f0bbd0b-0,,,,",",fhir_organization,USA,,
NS_724cb714-2,,,,",",fhir_organization,USA,,
NS_a78e9cac-1,,,,",",fhir_organization,USA,,
NS_1ced5233-c,,,,",",fhir_organization,USA,,
NS_2c9e4ff3-6,,,,",",fhir_organization,USA,,
NS_468f2541-8,,,,",",fhir_organization,USA,,
NS_75613b3e-c,,,,",",fhir_organization,USA,,
NS_93fce992-6,,,,",",fhir_organization,USA,,
NS_937eaca7-2,,,,",",fhir_organization,USA,,
NS_0d1b905f-b,,,,",",fhir_organization,USA,,
NS_a6bc311a-a,,,,",",fhir_organization,USA,,
NS_ad0cf28a-2,,,,",",fhir_organization,USA,,
NS_c06416ad-5,,,,",",fhir_organization,USA,,
NS_f3bd8650-e,,,,",",fhir_organization,USA,,
NS_388dce58-2,,,,",",fhir_organization,USA,,
NS_811efb0c-0,,,,",",fhir_organization,USA,,
NS_63490839-4,,,,",",fhir_organization,USA,,
NS_496aa250-6,,,,",",fhir_organization,USA,,
NS_1bc575e4-2,,,,",",fhir_organization,USA,,
NS_e304958d-f,,,,",",fhir_organization,USA,,
NS_da6f51bf-0,,,,",",fhir_organization,USA,,
NS_02c440ac-a,,,,",",fhir_organization,USA,,
NS_d65537d4-3,,,,",",fhir_organization,USA,,
NS_ca4bf98d-c,,,,",",fhir_organization,USA,,
NS_12cd1939-4,,,,",",fhir_organization,USA,,
NS_d08c5eff-e,,,,",",fhir_organization,USA,,
NS_a9ef11e6-9,,,,",",fhir_organization,USA,,
NS_18a6a726-c,,,,",",fhir_organization,USA,,
NS_7a41c343-3,,,,",",fhir_organization,USA,,
NS_07931dd9-0,,,,",",fhir_organization,USA,,
NS_74dbee34-c,,,,",",fhir_organization,USA,,
NS_0d1003a3-c,,,,",",fhir_organization,USA,,
NS_6b5a4a0e-4,,,,",",fhir_organization,USA,,
NS_7a0e5205-d,,,,",",fhir_organization,USA,,
NS_a2ca67e2-2,,,,",",fhir_organization,USA,,
NS_fc484445-5,,,,",",fhir_organization,USA,,
NS_a04329af-d,,,,",",fhir_organization,USA,,
NS_c0cd73ac-0,,,,",",fhir_organization,USA,,
NS_34e106d3-9,,,,",",fhir_organization,USA,,
NS_4590e1d5-8,,,,",",fhir_organization,USA,,
NS_bc0ec25f-5,,,,",",fhir_organization,USA,,
NS_3666f6bb-f,,,,",",fhir_organization,USA,,
NS_2be51af0-e,,,,",",fhir_organization,USA,,
NS_0942ac78-8,,,,",",fhir_organization,USA,,
NS_de07cabc-0,,,,",",fhir_organization,USA,,
NS_f5bf7b0f-f,,,,",",fhir_organization,USA,,
NS_0b0a762f-c,,,,",",fhir_organization,USA,,
NS_5913dad7-3,,,,",",fhir_organization,USA,,
NS_8d0b8c9d-e,,,,",",fhir_organization,USA,,
NS_145b8c35-8,,,,",",fhir_organization,USA,,
NS_4fddedcd-6,,,,",",fhir_organization,USA,,
NS_91631751-d,,,,",",fhir_organization,USA,,
NS_8f6a9528-b,,,,",",fhir_organization,USA,,
NS_c81155ce-f,,,,",",fhir_organization,USA,,
NS_97e1c945-f,,,,",",fhir_organization,USA,,
NS_c5c1d3f3-0,,,,",",fhir_organization,USA,,
NS_78b4977f-f,,,,",",fhir_organization,USA,,
NS_0ef3a950-5,,,,",",fhir_organization,USA,,
NS_677a16fb-0,,,,",",fhir_organization,USA,,
NS_19a8a77b-5,,,,",",fhir_organization,USA,,
NS_22b51c54-1,,,,",",fhir_organization,USA,,
NS_1b5d1459-b,,,,",",fhir_organization,USA,,
NS_8d8cf406-4,,,,",",fhir_organization,USA,,
NS_7d18ea9a-7,,,,",",fhir_organization,USA,,
NS_492d986f-1,,,,",",fhir_organization,USA,,
NS_4069e1f3-f,,,,",",fhir_organization,USA,,
NS_31687d39-a,,,,",",fhir_organization,USA,,
NS_d9a76894-4,,,,",",fhir_organization,USA,,
NS_2fb3c256-c,,,,",",fhir_organization,USA,,
NS_3936e8e7-4,,,,",",fhir_organization,USA,,
NS_f0501432-e,,,,",",fhir_organization,USA,,
NS_938c8695-4,,,,",",fhir_organization,USA,,
NS_7a381750-b,,,,",",fhir_organization,USA,,
NS_a2a5986c-4,,,,",",fhir_organization,USA,,
NS_8b67e8f7-1,,,,",",fhir_organization,USA,,
NS_f803b189-e,,,,",",fhir_organization,USA,,
NS_585925d8-0,,,,",",fhir_organization,USA,,
NS_5fbc17d1-9,,,,",",fhir_organization,USA,,
NS_3088a36c-3,,,,",",fhir_organization,USA,,
NS_6186c62e-4,,,,",",fhir_organization,USA,,
NS_a0aa3024-8,,,,",",fhir_organization,USA,,
NS_ec6512e2-5,,,,",",fhir_organization,USA,,
NS_12384c63-4,,,,",",fhir_organization,USA,,
NS_89d16a63-3,,,,",",fhir_organization,USA,,
NS_167d00c5-4,,,,",",fhir_organization,USA,,
NS_a69d7f79-4,,,,",",fhir_organization,USA,,
NS_ee0c9045-f,,,,",",fhir_organization,USA,,
NS_0d80ab48-9,,,,",",fhir_organization,USA,,
NS_a045fc19-f,,,,",",fhir_organization,USA,,
NS_6a6a39e1-8,,,,",",fhir_organization,USA,,
NS_e2c9ce59-1,,,,",",fhir_organization,USA,,
NS_b789fab4-0,,,,",",fhir_organization,USA,,
NS_b5ea6ba9-5,,,,",",fhir_organization,USA,,
NS_d3ad79a2-1,,,,",",fhir_organization,USA,,
NS_7cf1364f-7,,,,",",fhir_organization,US,,
NS_baa49248-e,,25 Point Finger Road Charities House Ground Floor,,"Paget Bermuda,  0DV04",fhir_organization,"25 Point Finger Road Charities House Ground Floor, Paget Bermuda, 0DV04, US",,
NS_b9e1bd96-f,,,,",",fhir_organization,USA,,
NS_fe9d0240-7,,,,",",fhir_organization,USA,,
NS_4d536735-1,,,,",",fhir_organization,USA,,
NS_95d2b7e2-f,,,,",",fhir_organization,USA,,
NS_a7384c5e-d,,,,",",fhir_organization,USA,,
NS_9f53c2c5-4,,,,",",fhir_organization,USA,,
NS_eaee86a6-a,,,,",",fhir_organization,USA,,
NS_746cda57-6,,,,",",fhir_organization,USA,,
NS_d3aedf8c-3,,,,",",fhir_organization,USA,,
NS_4742de12-8,,,,",",fhir_organization,USA,,
NS_8837186b-e,,,,",",fhir_organization,USA,,
NS_2e0d37e8-f,,,,",",fhir_organization,USA,,
NS_13475b9d-c,,,,",",fhir_organization,USA,,
NS_3076b998-c,,,,",",fhir_organization,USA,,
NS_aaae8e12-d,,,,",",fhir_organization,USA,,
NS_fa861fbb-9,,,,",",fhir_organization,USA,,
NS_69aeb820-5,,,,",",fhir_organization,USA,,
NS_d19a2c14-2,,,,",",fhir_organization,USA,,
NS_abb0352d-4,,,,",",fhir_organization,USA,,
NS_4d5ec7d2-d,,,,",",fhir_organization,USA,,
NS_33cc4d39-d,,123 College Street,,"St. Louis,",fhir_organization,"123 College Street, St. Louis",,
NS_e199653e-6,,,,",",fhir_organization,,,
NS_07e489bb-0,,,,", OH",fhir_organization,"OH, USA",,
NS_26236c5b-f,,,,", IA",fhir_organization,"IA, US",,
NS_68dd8c5c-5,,,,", OH",fhir_organization,"OH, US",,
NS_fc62c53f-1,,Susquehanna Valley Medical Specialties (SVMS),,", PA 17815",fhir_organization,"Susquehanna Valley Medical Specialties (SVMS), PA, 17815, USA",,
NS_dcb6b550-7,,,,", CA",fhir_organization,"CA, US",,
NS_d7518a02-f,,,,", CA",fhir_organization,"CA, US",,
NS_6b18852a-0,,,,", SC",fhir_organization,"SC, US",,
NS_c90acb42-7,,,,", GA",fhir_organization,"GA, US",,
NS_95076707-a,,,,", MS",fhir_organization,"MS, USA",,
NS_81e41f7e-7,,,,", TN",fhir_organization,"TN, USA",,
NS_455b1be1-8,,,,", TX",fhir_organization,"TX, USA",,
NS_3b5241b5-f,,,,", IA",fhir_organization,"IA, US",,
NS_1d4ff988-b,,,,", IL",fhir_organization,"IL, US",,
NS_a2eca185-f,,,,",",fhir_organization,,,
NS_f707cab3-5,,,,", CA",fhir_organization,"CA, US",,
NS_af34c7c7-f,,,,", FL",fhir_organization,"FL, US",,
NS_a8c9978e-6,,CVS/minuteclinic - Tucson,,",  85755",fhir_organization,"CVS/minuteclinic - Tucson, 85755, US",,
NS_64e37534-3,,,,", GA",fhir_organization,"GA, USA",,
NS_cd9c6a0b-5,,Texas Childrens Urgent Care The Vintage,,", TX 77070",fhir_organization,"Texas Childrens Urgent Care The Vintage, TX, 77070, US",,
NS_da03e3a4-1,,,,", IA",fhir_organization,"IA, US",,
NS_b70afb20-b,,,,", AZ",fhir_organization,"AZ, USA",,
NS_f8fbb0a4-2,,,,", IA",fhir_organization,"IA, US",,
NS_411753d3-3,,,,", MN",fhir_organization,"MN, US",,
NS_94f39b93-4,,,,",",fhir_organization,,,
NS_4f142a9e-2,,,,", RI",fhir_organization,"RI, US",,
NS_15233cdc-c,,,,", MA",fhir_organization,"MA, US",,
NS_b0bb8f43-f,,CVS/minuteclinic - Knoxville,,",  37377",fhir_organization,"CVS/minuteclinic - Knoxville, 37377, US",,
NS_82b8d5f5-0,,,,", MN",fhir_organization,"MN, US",,
NS_e488910e-9,,,,", NC",fhir_organization,"NC, US",,
NS_aaefb5b7-f,,,,", SC",fhir_organization,"SC, US",,
NS_9cbb4c30-e,,,,", CA",fhir_organization,"CA, US",,
NS_4ba881f5-0,,,,", DE",fhir_organization,"DE, US",,
NS_9b288768-7,,,,", FL",fhir_organization,"FL, US",,
NS_b64711c3-7,,,,", MA",fhir_organization,"MA, US",,
NS_b5795f5d-6,,CVS/minuteclinic - Phoenix,,",  85086",fhir_organization,"CVS/minuteclinic - Phoenix, 85086, US",,
NS_0682d98a-e,,,,", VA",fhir_organization,"VA, US",,
NS_c611eb6e-8,,,,", WV",fhir_organization,"WV, US",,
NS_32697418-5,,,,", MD",fhir_organization,"MD, US",,
NS_d2e1818a-1,,,,", CA",fhir_organization,"CA, US",,
NS_58b6f585-2,,,,",",fhir_organization,,,
NS_45f7c21a-1,,,,", PA",fhir_organization,"PA, US",,
NS_3381973d-2,,,,", NY",fhir_organization,"NY, US",,
NS_c2e5a022-6,,,,", KS",fhir_organization,"KS, US",,
NS_24f26780-a,,,,",",fhir_organization,,,
NS_c0743c99-1,,,,", NJ",fhir_organization,"NJ, US",,
NS_00b2bd1c-0,,,,",",fhir_organization,,,
NS_eee42dc6-8,,,,", NJ",fhir_organization,"NJ, US",,
NS_5f1ca629-f,,,,", CA",fhir_organization,"CA, US",,
NS_287e9a7a-7,,Texas Childrens Urgent Care Fairfield,,", TX 77433",fhir_organization,"Texas Childrens Urgent Care Fairfield, TX, 77433, US",,
NS_c048302b-a,,CVS/minuteclinic - Oklahoma City,,",  73122",fhir_organization,"CVS/minuteclinic - Oklahoma City, 73122, US",,
NS_f1389ef5-b,,,,", MA",fhir_organization,"MA, US",,
NS_08d9f9c1-5,,,,", CA",fhir_organization,"CA, US",,
NS_e8527c66-c,,,,", SC",fhir_organization,"SC, USA",,
NS_52f5a40d-6,,,,", MN",fhir_organization,"MN, US",,
NS_52e245f6-8,,Medical Arts Clinic,,",  63640",fhir_organization,"Medical Arts Clinic, 63640, USA",,
NS_76ba88b7-1,,,,", OR",fhir_organization,"OR, US",,
NS_fcd0bf41-5,,,,", CA",fhir_organization,"CA, US",,
NS_7b69c5ed-0,,,,", AL",fhir_organization,"AL, US",,
NS_51e72aec-a,,,,", NC",fhir_organization,"NC, US",,
NS_4fe455de-5,,,,", CA",fhir_organization,"CA, USA",,
NS_56a7aa51-f,,,,", WI",fhir_organization,"WI, US",,
NS_2ae76955-4,,,,", OK",fhir_organization,"OK, US",,
NS_de14c4c2-5,,,,", IL",fhir_organization,"IL, US",,
NS_a3809e05-5,,John Muir Health Pleasanton,5860 Owens Dr,", CA 94588",fhir_organization,"John Muir Health Pleasanton, 5860 Owens Dr, CA, 94588, USA",,
NS_74f901e7-d,,,,", OH",fhir_organization,"OH, USA",,
NS_f45edfa8-d,,,,", NC",fhir_organization,"NC, US",,
NS_99d7fd05-6,,,,", GA",fhir_organization,"GA, US",,
NS_9d12fe14-2,,,,", AL",fhir_organization,"AL, US",,
NS_22233bd1-b,,,,", SC",fhir_organization,"SC, US",,
NS_287b4e02-f,,,,", OH",fhir_organization,"OH, US",,
NS_932acbca-2,,,,", MI",fhir_organization,"MI, US",,
NS_195a7a75-5,,,,",",fhir_organization,,,
NS_5b73da08-0,,,,", CA",fhir_organization,"CA, US",,
NS_c1cc7211-c,,,,", CA",fhir_organization,"CA, US",,
NS_3daf3dc4-b,,,,", CA",fhir_organization,"CA, US",,
NS_368affd8-c,,Lurie Children's at Wilmette,,"Wilmette,  60091",fhir_organization,"Lurie Children's at Wilmette, Wilmette, 60091, US",,
NS_a1955879-9,,Pacific Kidney and Hypertension (MtHood),"24900 SE STARK ST.,STE. 206",", OR 97030",fhir_organization,"Pacific Kidney and Hypertension (MtHood), 24900 SE STARK ST.,STE. 206, OR, 97030, US",,
NS_31803a74-e,,,,",",fhir_organization,,,
NS_6a235eca-c,,,,", MT",fhir_organization,"MT, USA",,
NS_5f291ff3-d,,Scarsdale Medical Group,,", NY 10583",fhir_organization,"Scarsdale Medical Group, NY, 10583, US",,
NS_e562b4bf-0,,,,", IL",fhir_organization,"IL, US",,
NS_1d2fc4ca-6,,,,", WA",fhir_organization,"WA, USA",,
NS_96a9a5c0-2,,,,", MN",fhir_organization,"MN, US",,
NS_f499f1ee-d,,,,",",fhir_organization,,,
NS_fce1df1d-6,,,,", FL",fhir_organization,"FL, USA",,
NS_7a965165-d,,,,",",fhir_organization,,,
NS_09120998-b,,,,", TX",fhir_organization,"TX, USA",,
NS_1a291a22-c,,,,", NY",fhir_organization,"NY, USA",,
NS_67131ba3-0,,,,", NJ",fhir_organization,"NJ, USA",,
NS_c95d6516-9,,,,", FL",fhir_organization,"FL, USA",,
NS_bbcf5574-8,,,,", NH",fhir_organization,"NH, USA",,
NS_30053a66-8,,,,", MA",fhir_organization,"MA, USA",,
NS_0236c3f1-5,,Trinsic Clinically Integrated Network,,",  80021",fhir_organization,"Trinsic Clinically Integrated Network, 80021, USA",,
NS_a94e758c-4,,,,", OH",fhir_organization,"OH, US",,
NS_295eb29e-7,,,,", MA",fhir_organization,"MA, US",,
NS_b6003cae-f,,,,",",fhir_organization,,,
NS_ac0cc417-a,,CVS/minuteclinic - Savannah Area,,",  29927",fhir_organization,"CVS/minuteclinic - Savannah Area, 29927, US",,
NS_c520ee95-b,,,,", MI",fhir_organization,"MI, US",,
NS_25e0124e-6,,,,", NM",fhir_organization,"NM, US",,
NS_82b7989c-5,,,,", IL",fhir_organization,"IL, US",,
NS_8333b85a-b,,,,", NV",fhir_organization,"NV, US",,
NS_4a11d604-0,,,,", PA",fhir_organization,"PA, US",,
NS_55b684f5-d,,,,", NJ",fhir_organization,"NJ, US",,
NS_a978086b-7,,,,", CA",fhir_organization,"CA, US",,
NS_f9c0ff6f-b,,,,", RI",fhir_organization,"RI, US",,
NS_903f0158-6,,,,", AL",fhir_organization,"AL, US",,
NS_b36a778e-f,,,,", KS",fhir_organization,"KS, US",,
NS_c2ef3c45-9,,,,", OH",fhir_organization,"OH, US",,
NS_3ee3b080-e,,,,", TX",fhir_organization,"TX, US",,
NS_ec42f30f-e,,,,", MI",fhir_organization,"MI, US",,
NS_97115388-6,,,,", FL",fhir_organization,"FL, US",,
NS_f0036420-7,,,,", MO",fhir_organization,"MO, US",,
NS_be843a96-7,,,,", GA",fhir_organization,"GA, US",,
NS_9346b0f4-e,,,,", KY",fhir_organization,"KY, US",,
NS_b6cd50c9-9,,,,", IN",fhir_organization,"IN, US",,
NS_49575a7c-3,,,,", OR",fhir_organization,"OR, USA",,
NS_130dd277-b,,,,", CA",fhir_organization,"CA, US",,
NS_fbb2f04f-7,,Texas Children's Pediatrics Round Rock,,", TX 78681",fhir_organization,"Texas Children's Pediatrics Round Rock, TX, 78681, US",,
NS_0230bc56-4,,,,", OH",fhir_organization,"OH, USA",,
NS_225c1637-c,,Gardner Health Services - GHS Gardner Downtown Health Center,,",  95112-1900",fhir_organization,"Gardner Health Services - GHS Gardner Downtown Health Center, 95112-1900, US",,
NS_873b0341-4,,Loyola Center for Health at Oakbrook Terrace,,",  60160",fhir_organization,"Loyola Center for Health at Oakbrook Terrace, 60160, US",,
NS_c9a1a976-5,,Kidney Specialistss of Kentucky (Russell),500 Chestnut street,", KY 42164",fhir_organization,"Kidney Specialistss of Kentucky (Russell), 500 Chestnut street, KY, 42164, US",,
NS_18c8bda4-d,,,,", LA",fhir_organization,"LA, US",,
NS_cc1c5cd3-9,,,,", GA",fhir_organization,"GA, US",,
NS_b716fb95-b,,,,", TX",fhir_organization,"TX, US",,
NS_2a8315a0-1,,,,", TX",fhir_organization,"TX, USA",,
NS_601ef70a-a,,,,", CT",fhir_organization,"CT, US",,
NS_9ff56bc4-8,,,,", OR",fhir_organization,"OR, USA",,
NS_3581073f-1,,,,", WA",fhir_organization,"WA, USA",,
NS_285d3573-2,,,,", AK",fhir_organization,"AK, USA",,
NS_4678ed0f-e,,,,", NY",fhir_organization,"NY, US",,
NS_84cd9f24-1,,Vecino Denver Harbor Family Clinic,424 Hahlo St,"Houston,  77020",fhir_organization,"Vecino Denver Harbor Family Clinic, 424 Hahlo St, Houston, 77020, US",,
NS_9ade2ede-9,,,,", IA",fhir_organization,"IA, US",,
NS_3b30d881-2,,,,", OH",fhir_organization,"OH, US",,
NS_bf20afce-6,,,,", CA",fhir_organization,"CA, US",,
NS_b86ac0aa-5,,,,", ME",fhir_organization,"ME, US",,
NS_c5aa56ba-5,,Pacific Kidney and Hypertension (Mcminn),220 NE Norton Lane,", OR 97128",fhir_organization,"Pacific Kidney and Hypertension (Mcminn), 220 NE Norton Lane, OR, 97128, US",,
NS_dbd88ae2-6,,,,", SD",fhir_organization,"SD, US",,
NS_d76b257f-b,,Gardner Health Services - GHS Gardner Downtown Resource Center,,",  95112-1934",fhir_organization,"Gardner Health Services - GHS Gardner Downtown Resource Center, 95112-1934, US",,
NS_738c87f2-3,,,,", IA",fhir_organization,"IA, US",,
NS_185996c7-d,,,,", CA",fhir_organization,"CA, USA",,
NS_07de3726-c,,,,", NY",fhir_organization,"NY, US",,
NS_c8870156-2,,,,", TX",fhir_organization,"TX, US",,
NS_f9306ab6-3,,,,", OR",fhir_organization,"OR, US",,
NS_5b0931de-0,,Cardio Thoracic Vascular Surgeons,,",  63131",fhir_organization,"Cardio Thoracic Vascular Surgeons, 63131, USA",,
NS_e2c6e2e4-b,,Pacific Kidney and Hypertension (Vanc),315 SE Stone Mill Drive Suite 220,", WA 98684",fhir_organization,"Pacific Kidney and Hypertension (Vanc), 315 SE Stone Mill Drive Suite 220, WA, 98684, US",,
NS_7cf18ccc-7,,,,", HI",fhir_organization,"HI, US",,
NS_0bbc256b-2,,,,", NV",fhir_organization,"NV, US",,
NS_ff3bd1be-e,,,,", WI",fhir_organization,"WI, US",,
NS_970e47ad-b,,,,", OR",fhir_organization,"OR, US",,
NS_ee259388-9,,The Heart Care Group - Maryville,,",  62062",fhir_organization,"The Heart Care Group - Maryville, 62062, USA",,
NS_1f3f337a-2,,,,", CA",fhir_organization,"CA, US",,
NS_ac3bd4e4-8,,,,", WI",fhir_organization,"WI, US",,
NS_1e38a7fa-9,,,,", OR",fhir_organization,"OR, US",,
NS_27ea6ac1-f,,Loyola Medicine Cardinal Bernardin Cancer Center,,",  60546",fhir_organization,"Loyola Medicine Cardinal Bernardin Cancer Center, 60546, US",,
NS_b4e8614e-f,,,,", IN",fhir_organization,"IN, USA",,
NS_97a19711-4,,,,", IL",fhir_organization,"IL, USA",,
NS_c24d3beb-2,,,,", AZ",fhir_organization,"AZ, US",,
NS_836d552d-a,,,,", IA",fhir_organization,"IA, US",,
NS_6a3a2230-b,,,,", CT",fhir_organization,"CT, US",,
NS_ca27c058-2,,,,",",fhir_organization,,,
NS_cd428f69-e,,,,", CT",fhir_organization,"CT, US",,
NS_d69d821f-4,,,,",",fhir_organization,,,
NS_61f88cd2-6,,,,", MA",fhir_organization,"MA, USA",,
NS_c3c0116d-e,,,,", TN",fhir_organization,"TN, US",,
NS_37525bc2-7,,,,", MS",fhir_organization,"MS, US",,
NS_bd4cd3a7-e,,,,", AR",fhir_organization,"AR, US",,
NS_bfb19913-3,,,,", NJ",fhir_organization,"NJ, USA",,
NS_65138cc4-b,,,,", PA",fhir_organization,"PA, USA",,
NS_41392701-4,,,,", MD",fhir_organization,"MD, USA",,
NS_229b9172-6,,,,", DE",fhir_organization,"DE, USA",,
NS_eadce0c2-6,,,,", OR",fhir_organization,"OR, US",,
NS_27c19a99-9,,West County Medical Associates,,",  63131",fhir_organization,"West County Medical Associates, 63131, USA",,
NS_a2d72dd9-c,,St Louis Children's Hospital Department of Psychology,,",  63110",fhir_organization,"St Louis Children's Hospital Department of Psychology, 63110, USA",,
NS_b1404a23-a,,,,", CT",fhir_organization,"CT, US",,
NS_2a07981a-b,,,,", CT",fhir_organization,"CT, USA",,
NS_40a2cbba-1,,,,", NY",fhir_organization,"NY, USA",,
NS_8618ce83-0,,,,", RI",fhir_organization,"RI, USA",,
NS_5b149c77-9,,,,", WA",fhir_organization,"WA, US",,
NS_2b98373e-2,,,,", IA",fhir_organization,"IA, US",,
NS_10bf1159-9,,Alton MultiSpecialists,,", IL 62002",fhir_organization,"Alton MultiSpecialists, IL, 62002, USA",,
NS_6eaf5a5a-b,,,,",",fhir_organization,,,
NS_55e9cd07-c,,,,", ND",fhir_organization,"ND, USA",,
NS_ac45243a-d,,,,", SD",fhir_organization,"SD, USA",,
NS_ed70d00c-d,,,,", CA",fhir_organization,"CA, US",,
NS_c6b8eecb-6,,,,", CA",fhir_organization,"CA, US",,
NS_2bf95db8-d,,,,", MI",fhir_organization,"MI, USA",,
NS_7ce33392-4,,Texas Children's Pediatrics the Woodlands,,", TX 77384",fhir_organization,"Texas Children's Pediatrics the Woodlands, TX, 77384, US",,
NS_d968f6f5-0,,,,", LA",fhir_organization,"LA, USA",,
NS_4a289d78-9,,,,", MS",fhir_organization,"MS, US",,
NS_9f164750-4,,,,", AL",fhir_organization,"AL, US",,
NS_f2b2b87c-e,,,,", NY",fhir_organization,"NY, US",,
NS_575aedda-c,,,,", CA",fhir_organization,"CA, US",,
NS_dab26cb4-3,,CVS/minuteclinic - Philadelphia/Trenton,,",  19446",fhir_organization,"CVS/minuteclinic - Philadelphia/Trenton, 19446, US",,
NS_67ab2d4c-8,,,,", ID",fhir_organization,"ID, USA",,
NS_418b1f35-b,,,,", OR",fhir_organization,"OR, USA",,
NS_95c3a30c-3,,,,", CA",fhir_organization,"CA, US",,
NS_3f3ea6f4-6,,Methodist Moody Brain and Spine Institute -Charlton,"3450 W. Wheatland Rd.,
Physician Office Bldg 2 STE 340","Dallas,  75237",fhir_organization,"Methodist Moody Brain and Spine Institute -Charlton, 3450 W. Wheatland Rd.,
Physician Office Bldg 2 STE 340, Dallas, 75237, US",,
NS_6d0d76e4-f,,Pacific Kidney and Hypertension (Mcminn),220 NE Norton Lane,", OR 97128",fhir_organization,"Pacific Kidney and Hypertension (Mcminn), 220 NE Norton Lane, OR, 97128, US",,
NS_7839901f-8,,,,", ND",fhir_organization,"ND, US",,
NS_f66cfa14-6,,,,",",fhir_organization,,,
NS_fc244453-8,,,,", CA",fhir_organization,"CA, US",,
NS_587d16fd-6,,,,", CA",fhir_organization,"CA, USA",,
NS_95f13353-c,,,,", MD",fhir_organization,"MD, US",,
NS_1863a70a-5,,,,", IA",fhir_organization,"IA, USA",,
NS_ef8f8737-1,,,,", WI",fhir_organization,"WI, USA",,
NS_9866aa4a-a,,,,", IL",fhir_organization,"IL, USA",,
NS_9c7317d2-6,,,,", MO",fhir_organization,"MO, USA",,
NS_dc56fe7e-6,,,,", NE",fhir_organization,"NE, USA",,
NS_d330c8c0-5,,,,", SD",fhir_organization,"SD, USA",,
NS_9f423a3e-c,,,,",",fhir_organization,,,
NS_3303db71-9,,,,", ID",fhir_organization,"ID, US",,
NS_ebb35312-1,,,,", OH",fhir_organization,"OH, US",,
NS_2780c2fc-2,,,,", FL",fhir_organization,"FL, US",,
NS_e5d29987-e,,,,", NV",fhir_organization,"NV, US",,
NS_c649f932-6,,,,", PA",fhir_organization,"PA, US",,
NS_90fded0b-f,,,,", NC",fhir_organization,"NC, US",,
NS_82ff3c52-d,,SMG-ADVANCED VASCULAR ASSOCIATES-NEWBERRY,,",  29108-2965",fhir_organization,"SMG-ADVANCED VASCULAR ASSOCIATES-NEWBERRY, 29108-2965, US",,
NS_90d2f7da-1,,,,", FL",fhir_organization,"FL, US",,
NS_43a9305c-5,,,,", OR",fhir_organization,"OR, USA",,
NS_35d59ce7-2,,Urgent Care at Tappahannock,,",  22560",fhir_organization,"Urgent Care at Tappahannock, 22560, US",,
NS_e4ecaff0-c,,,,", MA",fhir_organization,"MA, US",,
NS_f9500a54-3,,,,", ID",fhir_organization,"ID, US",,
NS_ce37d8e4-5,,,,", WA",fhir_organization,"WA, USA",,
NS_c18ca4ef-6,,,,", MA",fhir_organization,"MA, USA",,
NS_4096943c-e,,,,", NH",fhir_organization,"NH, USA",,
NS_ac9d5f60-1,,,,", RI",fhir_organization,"RI, USA",,
NS_3f1f64ab-e,,,,", ME",fhir_organization,"ME, USA",,
NS_31fc4505-0,,CVS/minuteclinic - Southern Maine,,",  04210",fhir_organization,"CVS/minuteclinic - Southern Maine, 04210, US",,
NS_9cd52d30-5,,,,", AZ",fhir_organization,"AZ, USA",,
NS_3475a96b-e,,,,",",fhir_organization,,,
NS_4350b2f1-d,,,,", TX",fhir_organization,"TX, US",,
NS_f6e03ea9-6,,,,", IA",fhir_organization,"IA, US",,
NS_c968b236-6,,,,", CA",fhir_organization,"CA, US",,
NS_bb9e48e9-e,,,,", IA",fhir_organization,"IA, US",,
NS_4f048a67-b,,"Franciscan Physician Network, Bloomington",,"Bloomington,  47403-2123",fhir_organization,"Franciscan Physician Network, Bloomington, Bloomington, 47403-2123, USA",,
NS_65ca89a3-d,,,,", WY",fhir_organization,"WY, USA",,
NS_634feb8c-1,,,,",",fhir_organization,,,
NS_96ae27ae-a,,,,",",fhir_organization,,,
NS_d2de20c5-d,,,,", CA",fhir_organization,"CA, US",,
NS_f4c32429-d,,,,", OR",fhir_organization,"OR, US",,
NS_2f86f267-9,,,,", GA",fhir_organization,"GA, US",,
NS_fe368b55-1,,,,", TN",fhir_organization,"TN, US",,
NS_ab5baa58-d,,,,", NC",fhir_organization,"NC, US",,
NS_e28721c2-8,,,,", WI",fhir_organization,"WI, USA",,
NS_a129319c-c,,,,", CA",fhir_organization,"CA, US",,
NS_a3cc1976-5,,Children's Hospital at Montefiore,,", NY 10467",fhir_organization,"Children's Hospital at Montefiore, NY, 10467, US",,
NS_4cd57a4f-c,,,,", NJ",fhir_organization,"NJ, US",,
NS_0fc50903-3,,,,", IL",fhir_organization,"IL, USA",,
NS_216c07e4-0,,,,", CA",fhir_organization,"CA, USA",,
NS_0d7c2d1c-8,,,,", IN",fhir_organization,"IN, USA",,
NS_3e4e96cc-6,,,,", AR",fhir_organization,"AR, US",,
NS_13df0bf4-0,,,,", WA",fhir_organization,"WA, US",,
NS_78374c34-5,,CommunityCare,,",  18702",fhir_organization,"CommunityCare, 18702, USA",,
NS_ea8e9ffd-1,,Parkland Cardiology Consultants,,",  63640",fhir_organization,"Parkland Cardiology Consultants, 63640, USA",,
NS_5a41841d-4,,,,", WA",fhir_organization,"WA, USA",,
NS_0a835ebb-1,,,,", ID",fhir_organization,"ID, USA",,
NS_de0e3c09-0,,,,", OR",fhir_organization,"OR, USA",,
NS_59617180-7,,,,",",fhir_organization,,,
NS_1365f6c3-8,,,,",",fhir_organization,,,
NS_88ffb821-b,,,,", OH",fhir_organization,"OH, US",,
NS_1ddffd4e-f,,,,", PA",fhir_organization,"PA, US",,
NS_bff2c17a-9,,EH Canyon Park,1909 214TH ST SE,"Bothell,  98021",fhir_organization,"EH Canyon Park, 1909 214TH ST SE, Bothell, 98021, US",,
NS_4fe15983-e,,,,",",fhir_organization,,,
NS_593664e5-7,,Wallace-Kettering Neuroscience Institute,,", OH 45429",fhir_organization,"Wallace-Kettering Neuroscience Institute, OH, 45429, USA",,
NS_a4b83d80-a,,SELF REGIONAL DIABETIC EDUCATION,,",  29646-3835",fhir_organization,"SELF REGIONAL DIABETIC EDUCATION, 29646-3835, US",,
NS_b8a77556-9,,,,", CO",fhir_organization,"CO, USA",,
NS_41cae313-a,,,,",",fhir_organization,,,
NS_824ac337-e,,,,",",fhir_organization,,,
NS_65daf927-0,,Medical College of Virginia (MCV),,",  23219",fhir_organization,"Medical College of Virginia (MCV), 23219, US",,
NS_26e4ec6b-1,,CVS/minuteclinic - Dallas/Ft. Worth,,",  75234",fhir_organization,"CVS/minuteclinic - Dallas/Ft. Worth, 75234, US",,
NS_40e4829a-c,,Virtual Care Center,,",  29601-2842",fhir_organization,"Virtual Care Center, 29601-2842, US",,
NS_3ec61045-9,,,,",",fhir_organization,,,
NS_0a20d0ba-a,,,,", FL",fhir_organization,"FL, US",,
NS_470b7348-5,,,,", AR",fhir_organization,"AR, US",,
NS_29e80de8-b,,CVS/minuteclinic - Memphis,,",  38053",fhir_organization,"CVS/minuteclinic - Memphis, 38053, US",,
NS_815c20e0-9,,,,", CT",fhir_organization,"CT, US",,
NS_753587b2-3,,,,", WA",fhir_organization,"WA, USA",,
NS_f5e3ac87-f,,Loyola Center for Health at Homer Glen,,",  60525",fhir_organization,"Loyola Center for Health at Homer Glen, 60525, US",,
NS_a56962e6-0,,,,",",fhir_organization,,,
NS_07a140de-4,,,,", WA",fhir_organization,"WA, USA",,
NS_bc993f85-5,,The Heart Care Group - Florissant,,",  63031",fhir_organization,"The Heart Care Group - Florissant, 63031, USA",,
NS_3eb850a1-8,,Leggett Center,300 E Ferrell St,",  23970",fhir_organization,"Leggett Center, 300 E Ferrell St, 23970, US",,
NS_37ba3ae4-9,,,,", PA",fhir_organization,"PA, USA",,
NS_5b1fbe4b-c,,,,", NJ",fhir_organization,"NJ, USA",,
NS_6e4aad27-6,,,,",",fhir_organization,,,
NS_e64c5904-c,,,,", MN",fhir_organization,"MN, US",,
NS_2ba068d9-c,,,,", CA",fhir_organization,"CA, USA",,
NS_f72fd99e-3,,,,", IN",fhir_organization,"IN, USA",,
NS_84ac7fe0-c,,,,", IL",fhir_organization,"IL, USA",,
NS_7b881dd0-f,,,,", NY",fhir_organization,"NY, US",,
NS_d2b8a538-6,,,,", NJ",fhir_organization,"NJ, US",,
NS_71b96541-8,,,,", FL",fhir_organization,"FL, US",,
NS_2222a944-0,,,,",",fhir_organization,,,
NS_236622c1-3,,,,", OR",fhir_organization,"OR, US",,
NS_4c2de6bb-b,,CVS/minuteclinic - Houston,,",  77328",fhir_organization,"CVS/minuteclinic - Houston, 77328, US",,
NS_6842fc57-8,,,,",",fhir_organization,,,
NS_192c023e-a,,,,",",fhir_organization,,,
NS_09f76098-1,,,,",",fhir_organization,,,
NS_9fa86fb6-9,,Alton Memorial Convenient Care - Godfrey,,",  62035",fhir_organization,"Alton Memorial Convenient Care - Godfrey, 62035, USA",,
NS_7b9a2ccb-e,,,,", AZ",fhir_organization,"AZ, USA",,
NS_68c9399e-d,,,,", OR",fhir_organization,"OR, US",,
NS_fc763722-4,,Edgefield Medical Center A Department of Self Regional Healthcar,,",  29824-4531",fhir_organization,"Edgefield Medical Center A Department of Self Regional Healthcare Partners, 29824-4531, US",,
NS_f7d6fa96-c,,,,", OR",fhir_organization,"OR, US",,
NS_42935b00-f,,Trinity Surgical Consultants,,",  75082",fhir_organization,"Trinity Surgical Consultants, 75082, US",,
NS_c37d18ca-8,,,,", FL",fhir_organization,"FL, US",,
NS_a3822f83-7,,,,", NC",fhir_organization,"NC, US",,
NS_d0df66ae-b,,,,", TX",fhir_organization,"TX, US",,
NS_3693a9aa-6,,,,", KY",fhir_organization,"KY, US",,
NS_a1e4ab6b-f,,,,", KS",fhir_organization,"KS, US",,
NS_b695c434-f,,,,", GA",fhir_organization,"GA, US",,
NS_7e01c0f2-1,,,,", CO",fhir_organization,"CO, US",,
NS_c32b8d02-8,,,,", MO",fhir_organization,"MO, US",,
NS_ebeccbb2-0,,,,", WY",fhir_organization,"WY, US",,
NS_3cacfcba-a,,,,", IL",fhir_organization,"IL, US",,
NS_21614515-b,,,,", WI",fhir_organization,"WI, US",,
NS_e33963b1-c,,,,", MT",fhir_organization,"MT, US",,
NS_fa32c642-c,,,,", SD",fhir_organization,"SD, US",,
NS_bf2f5c34-8,,,,", ND",fhir_organization,"ND, US",,
NS_657fd89b-8,,SMG-ADVANCED CARDIOLOGY ASSOCIATES-Savannah Lakes,,",  29835-3430",fhir_organization,"SMG-ADVANCED CARDIOLOGY ASSOCIATES-Savannah Lakes, 29835-3430, US",,
NS_a9a92bab-b,,Pembrooke Office Park,,",  23229",fhir_organization,"Pembrooke Office Park, 23229, US",,
NS_a04a5cfc-e,,,,", CA",fhir_organization,"CA, US",,
NS_2caecff4-9,,,,", FL",fhir_organization,"FL, USA",,
NS_73d39e3b-1,,,,", CO",fhir_organization,"CO, USA",,
NS_30e78ca8-7,,,,", MT",fhir_organization,"MT, USA",,
NS_322ddec9-a,,,,", UT",fhir_organization,"UT, USA",,
NS_28fb3e7e-0,,,,", ID",fhir_organization,"ID, USA",,
NS_29c87310-a,,,,", NV",fhir_organization,"NV, USA",,
NS_12a1416a-b,,,,", WY",fhir_organization,"WY, USA",,
NS_cbdcf994-d,,,,", PA",fhir_organization,"PA, US",,
NS_5067fb3f-1,,,,", NC",fhir_organization,"NC, US",,
NS_5c533d47-9,,,,", SC",fhir_organization,"SC, US",,
NS_9cd6d410-f,,,,", MN",fhir_organization,"MN, USA",,
NS_0a7625e7-2,,,,", WI",fhir_organization,"WI, USA",,
NS_a9fb8504-d,,,,", AZ",fhir_organization,"AZ, USA",,
NS_a3732424-1,,,,", FL",fhir_organization,"FL, USA",,
NS_bf573a45-6,,,,", IA",fhir_organization,"IA, USA",,
NS_aacc526d-7,,,,", FL",fhir_organization,"FL, USA",,
NS_007ae99e-5,,,,",",fhir_organization,,,
NS_438e8e91-9,,,,", OK",fhir_organization,"OK, US",,
NS_4713e904-a,,CVS/minuteclinic - Raleigh-Durham,,",  27504",fhir_organization,"CVS/minuteclinic - Raleigh-Durham, 27504, US",,
NS_b41b25f0-6,,,,", TX",fhir_organization,"TX, USA",,
NS_eae39411-e,,CVS/minuteclinic - Central Illinois,,",  61701",fhir_organization,"CVS/minuteclinic - Central Illinois, 61701, US",,
NS_352d5144-5,,,,", OH",fhir_organization,"OH, US",,
NS_4e8ba1ee-d,,,,", PA",fhir_organization,"PA, USA",,
NS_2a40cec8-f,,,,", CA",fhir_organization,"CA, US",,
NS_d512459b-8,,Loyola Center for Health at Gottlieb,,",  60153",fhir_organization,"Loyola Center for Health at Gottlieb, 60153, US",,
NS_6fcfa768-f,,,,", GA",fhir_organization,"GA, US",,
NS_0f738012-b,,,,", TN",fhir_organization,"TN, US",,
NS_b28d0b74-f,,,,",",fhir_organization,,,
NS_7c2ffd19-2,,,,", DE",fhir_organization,"DE, US",,
NS_0aca4c7f-e,,Pacific Kidney and Hypertension (Milwaukie),"10330 SE 32nd Ave, Suite 210",", OR 97222",fhir_organization,"Pacific Kidney and Hypertension (Milwaukie), 10330 SE 32nd Ave, Suite 210, OR, 97222, US",,
NS_caf823b1-c,,,,", CA",fhir_organization,"CA, US",,
NS_449dbbd2-c,,,,", FL",fhir_organization,"FL, US",,
NS_1f869619-8,,,,", PA",fhir_organization,"PA, US",,
NS_41ad53dd-d,,Kidney Specialistss of Kentucky (Russell),500 Chestnut street,", KY 42164",fhir_organization,"Kidney Specialistss of Kentucky (Russell), 500 Chestnut street, KY, 42164, US",,
NS_487c6dd9-f,,,,", MI",fhir_organization,"MI, US",,
NS_854e5c5d-2,,,,", IA",fhir_organization,"IA, US",,
NS_616a7f81-c,,"ASSOCIATES IN NEPHROLOGY, S.C. MANOR",2913 N Commonwealth Ave 5th Floor,", IL 60657",fhir_organization,"ASSOCIATES IN NEPHROLOGY, S.C. MANOR, 2913 N Commonwealth Ave 5th Floor, IL, 60657, US",,
NS_5b134795-1,,,,", NJ",fhir_organization,"NJ, US",,
NS_c3e118e0-b,,,,", PA",fhir_organization,"PA, US",,
NS_282e78a4-3,,,,",",fhir_organization,,,
NS_62df8cff-7,,,,", CA",fhir_organization,"CA, US",,
NS_d0aefa07-d,,Pacific Kidney and Hypertension (Sher),16770 SW EDY RD STE 216,", OR 97140",fhir_organization,"Pacific Kidney and Hypertension (Sher), 16770 SW EDY RD STE 216, OR, 97140, US",,
NS_b9c416bf-b,,CVS/minuteclinic - Central PA,,",  17018",fhir_organization,"CVS/minuteclinic - Central PA, 17018, US",,
NS_a993a7ed-e,,,,", MN",fhir_organization,"MN, US",,
NS_f6e8bb83-0,,Barnes St. Peters Internal Medicine,,",  63376",fhir_organization,"Barnes St. Peters Internal Medicine, 63376, USA",,
NS_b1111bef-3,,CVS/minuteclinic - Florida Panhandle,,", FL 32570",fhir_organization,"CVS/minuteclinic - Florida Panhandle, FL, 32570, US",,
NS_09abcdec-6,,,,",",fhir_organization,,,
NS_35a789c2-3,,Gardner Health Services - GHS Gardner South County,,",  95020-5826",fhir_organization,"Gardner Health Services - GHS Gardner South County, 95020-5826, US",,
NS_0474a052-f,,,,", NJ",fhir_organization,"NJ, US",,
NS_aa86b8b2-c,,Memorial Hermann Medical Group,,",  77024",fhir_organization,"Memorial Hermann Medical Group, 77024, US",,
NS_86700569-d,,,,", CT",fhir_organization,"CT, US",,
NS_62268e7d-7,,,,", RI",fhir_organization,"RI, US",,
NS_7c4eb630-7,,,,", MA",fhir_organization,"MA, US",,
NS_38878b03-2,,,,", WA",fhir_organization,"WA, USA",,
NS_02cefac6-2,,,,", CA",fhir_organization,"CA, US",,
NS_4b5c45fb-3,,,,", TX",fhir_organization,"TX, US",,
NS_a6f23e13-1,,,,", OH",fhir_organization,"OH, US",,
NS_14e996ea-9,,,,", WA",fhir_organization,"WA, USA",,
NS_16e90678-f,,,,", WA",fhir_organization,"WA, USA",,
NS_81413a5f-e,,,,", OR",fhir_organization,"OR, USA",,
NS_038034a6-2,,,,", AZ",fhir_organization,"AZ, US",,
NS_68e4a204-8,,,,", IL",fhir_organization,"IL, US",,
NS_74b8d165-1,,,,", WI",fhir_organization,"WI, US",,
NS_2ada36f2-d,,,,", CA",fhir_organization,"CA, US",,
NS_e45ae1ef-3,,,,", CA",fhir_organization,"CA, USA",,
NS_b414bec3-8,,,,", OH",fhir_organization,"OH, US",,
NS_8fc8bacf-7,,,,",",fhir_organization,,,
NS_bc55916c-8,,,,",",fhir_organization,,,
NS_62e5d741-e,,,,",",fhir_organization,,,
NS_d019b403-7,,,,", MN",fhir_organization,"MN, US",,
NS_01ce0fa9-7,,,,", MI",fhir_organization,"MI, US",,
NS_a994398d-2,,,,", AL",fhir_organization,"AL, US",,
NS_ec95d482-8,,,,", CA",fhir_organization,"CA, US",,
NS_b54a03fe-5,,Hospice,1530 Drayton Rd,", SC 29333-0430",fhir_organization,"Hospice, 1530 Drayton Rd, SC, 29333-0430, US",,
NS_ad5fcb60-2,,,,", WI",fhir_organization,"WI, USA",,
NS_5bc9e4ff-2,,,,", IL",fhir_organization,"IL, USA",,
NS_871fa544-e,,,,", MO",fhir_organization,"MO, USA",,
NS_f3b4149b-6,,,,", OK",fhir_organization,"OK, USA",,
NS_5d5332d1-1,,,,", CA",fhir_organization,"CA, USA",,
NS_c65038c4-0,,,,", IA",fhir_organization,"IA, USA",,
NS_e393f387-9,,,,", LA",fhir_organization,"LA, USA",,
NS_7339f6d9-2,,,,", OH",fhir_organization,"OH, USA",,
NS_18338e83-3,,,,", UT",fhir_organization,"UT, USA",,
NS_f02bdd26-c,,,,", WV",fhir_organization,"WV, USA",,
NS_e32895ec-9,,,,", MN",fhir_organization,"MN, USA",,
NS_f8d22419-f,,,,", WA",fhir_organization,"WA, USA",,
NS_38535c86-9,,,,", NY",fhir_organization,"NY, USA",,
NS_7bf6d134-0,,,,", CA",fhir_organization,"CA, US",,
NS_5734c6a1-8,,,,", WA",fhir_organization,"WA, USA",,
NS_0ca699ff-0,,,,", NM",fhir_organization,"NM, US",,
NS_1972f235-5,,,,", PA",fhir_organization,"PA, US",,
NS_1b97fb70-7,,,,", CO",fhir_organization,"CO, US",,
NS_5d32072b-0,,,,", VA",fhir_organization,"VA, US",,
NS_6c6bab62-8,,,,", FL",fhir_organization,"FL, US",,
NS_fdb3d3d6-1,,,,", CA",fhir_organization,"CA, US",,
NS_11f72e44-0,,LASCO,,",  60653",fhir_organization,"LASCO, 60653, US",,
NS_f241d4da-4,,,,", MA",fhir_organization,"MA, US",,
NS_97c335ea-b,,CVS/minuteclinic - St. Louis Area,,",  63045",fhir_organization,"CVS/minuteclinic - St. Louis Area, 63045, US",,
NS_3d69f545-6,,,,", MI",fhir_organization,"MI, US",,
NS_7378c2c3-f,,Arrhythmia Center,,",  63131",fhir_organization,"Arrhythmia Center, 63131, USA",,
NS_cf57e1a6-6,,,,", NH",fhir_organization,"NH, USA",,
NS_e7743658-2,,,,", VT",fhir_organization,"VT, USA",,
NS_32e9b8b8-5,,,,", OR",fhir_organization,"OR, US",,
NS_db948db9-8,,,,",",fhir_organization,,,
NS_7dab1321-0,,Memorial Hermann-GoHealth Urgent Care,,",  77030",fhir_organization,"Memorial Hermann-GoHealth Urgent Care, 77030, US",,
NS_a29f5529-a,,,,",",fhir_organization,,,
NS_749abdfd-1,,,,", AK",fhir_organization,"AK, USA",,
NS_773a150a-f,,,,", LA",fhir_organization,"LA, USA",,
NS_c3c6c27e-2,,,,", WI",fhir_organization,"WI, USA",,
NS_512044b9-7,,,,", MI",fhir_organization,"MI, USA",,
NS_8b5edd97-7,,,,", MN",fhir_organization,"MN, US",,
NS_18125169-c,,Loyola Center for Health at Oakbrook Terrace,,",  60007",fhir_organization,"Loyola Center for Health at Oakbrook Terrace, 60007, US",,
NS_82f7d8c1-1,,,,", MI",fhir_organization,"MI, US",,
NS_e801c2bd-3,,,,",",fhir_organization,,,
NS_be32e106-4,,,,", HI",fhir_organization,"HI, US",,
NS_8343dcff-8,,,,", CA",fhir_organization,"CA, US",,
NS_ce270361-4,,,,", FL",fhir_organization,"FL, US",,
NS_8edcde1a-5,,,,", WA",fhir_organization,"WA, USA",,
NS_3a1a831f-a,,Gardner Health Services - GHS Gardner Specialty Service Center,,",  95112-5817",fhir_organization,"Gardner Health Services - GHS Gardner Specialty Service Center, 95112-5817, US",,
NS_7e8103bc-3,,,,", WI",fhir_organization,"WI, US",,
NS_06a8e7ca-6,,,,", IL",fhir_organization,"IL, US",,
NS_4991d76c-1,,,,", DC",fhir_organization,"DC, US",,
NS_6999f384-c,,,,", MA",fhir_organization,"MA, US",,
NS_4e6267f5-e,,,,", VA",fhir_organization,"VA, USA",,
NS_8edea7a9-8,,,,", TN",fhir_organization,"TN, USA",,
NS_fd0859da-1,,,,", NC",fhir_organization,"NC, USA",,
NS_bca8c014-4,,,,",",fhir_organization,,,
NS_c48afba1-0,,,,", WI",fhir_organization,"WI, USA",,
NS_a6f855ed-3,,,,", MN",fhir_organization,"MN, USA",,
NS_e1d25df0-0,,,,", MI",fhir_organization,"MI, USA",,
NS_b18f215a-2,,,,", IA",fhir_organization,"IA, USA",,
NS_13b74bf7-7,,,,", OR",fhir_organization,"OR, US",,
NS_37dd14db-2,,Pacific Kidney and Hypertension (Milwaukie),"10330 SE 32nd Ave, Suite 210",", OR 97222",fhir_organization,"Pacific Kidney and Hypertension (Milwaukie), 10330 SE 32nd Ave, Suite 210, OR, 97222, US",,
NS_fc5c3890-b,,,,",",fhir_organization,,,
NS_10be9499-6,,,,", NY",fhir_organization,"NY, USA",,
NS_b638d434-b,,,,", VT",fhir_organization,"VT, USA",,
NS_3bab931f-c,,,,", OH",fhir_organization,"OH, USA",,
NS_05c25cb6-0,,,,", MT",fhir_organization,"MT, USA",,
NS_23b81758-a,,,,", MA",fhir_organization,"MA, US",,
NS_1eec6081-c,,,,", CT",fhir_organization,"CT, US",,
NS_adc8f4d8-8,,,,", MI",fhir_organization,"MI, US",,
NS_7f7eaff0-9,,Memorial Hermann Health System,,",  77030",fhir_organization,"Memorial Hermann Health System, 77030, US",,
NS_6170075f-f,,,,", WY",fhir_organization,"WY, US",,
NS_1e3e0861-8,,,,", MT",fhir_organization,"MT, USA",,
NS_19e2a6f5-4,,,,",",fhir_organization,,,
NS_d39919fe-d,,,,", WA",fhir_organization,"WA, US",,
NS_5ef25ed2-0,,Suburban OBGYN,,",  63131",fhir_organization,"Suburban OBGYN, 63131, USA",,
NS_d68539f6-0,,,,",",fhir_organization,,,
NS_04a744e3-8,,Gardner Health Services - GHS CompreCare Health Center,,",  95127-2807",fhir_organization,"Gardner Health Services - GHS CompreCare Health Center, 95127-2807, US",,
NS_95184322-8,,,,",",fhir_organization,,,
NS_525598dd-8,,,,",",fhir_organization,,,
NS_d10d2b69-2,,,,", AK",fhir_organization,"AK, USA",,
NS_3c56422e-2,,Vecino Aldine Family Clinic,3000 Aldine Mail Route Road,"Houston,  77039",fhir_organization,"Vecino Aldine Family Clinic, 3000 Aldine Mail Route Road, Houston, 77039, US",,
NS_898dcb5b-0,,,,", MI",fhir_organization,"MI, US",,
NS_d72b5cd0-d,,,,", OH",fhir_organization,"OH, US",,
NS_2e6714a0-1,,Ascension All Saints Hospital,,",  53405",fhir_organization,"Ascension All Saints Hospital, 53405, USA",,
NS_a5bdf326-7,,,,", NC",fhir_organization,"NC, US",,
NS_ed7d7c9d-e,,,,", NC",fhir_organization,"NC, US",,
NS_d0d7b8d0-b,,,,", MD",fhir_organization,"MD, US",,
NS_7eb82300-5,,,,", PA",fhir_organization,"PA, US",,
NS_ab259e43-2,,,,", IN",fhir_organization,"IN, USA",,
NS_f7b1605a-7,,,,", MI",fhir_organization,"MI, USA",,
NS_1d512ca3-2,,,,", OH",fhir_organization,"OH, USA",,
NS_df2b92ad-1,,,,", CA",fhir_organization,"CA, US",,
NS_1c49f3b3-8,,,,",",fhir_organization,,,
NS_033e3634-a,,Mid Missouri Neurosurgery,,",  65201",fhir_organization,"Mid Missouri Neurosurgery, 65201, USA",,
NS_1fa75f50-b,,Sixteenth Street Community Health Centers - SSCHC LA CASA DE ESP,,",  53215-1697",fhir_organization,"Sixteenth Street Community Health Centers - SSCHC LA CASA DE ESPERANZA SBHC, 53215-1697, US",,
NS_2fc3c466-9,,,,", AZ",fhir_organization,"AZ, USA",,
NS_d6b33ff1-1,,ELD MG Primary Care,2217 Eldorado Pkwy,"MCKINNEY,  75070-4358",fhir_organization,"ELD MG Primary Care, 2217 Eldorado Pkwy, MCKINNEY, 75070-4358, US",,
NS_90907302-5,,,,",",fhir_organization,,,
NS_d7247680-2,,,,",",fhir_organization,,,
NS_30761429-f,,"CVS/minuteclinic - Coastal NC, SC",,", NC 29577",fhir_organization,"CVS/minuteclinic - Coastal NC, SC, NC, 29577, US",,
NS_c915fd5b-b,,,,", TX",fhir_organization,"TX, US",,
NS_b114015f-6,,,,",",fhir_organization,,,
NS_2444bf8a-2,,,,", IN",fhir_organization,"IN, USA",,
NS_f9273822-0,,,,", CA",fhir_organization,"CA, US",,
NS_468d3d3e-e,,Texas Children's Pediatrics Pediatric Partners of Austin,,", TX 78731",fhir_organization,"Texas Children's Pediatrics Pediatric Partners of Austin, TX, 78731, US",,
NS_186a46a2-5,,SMG-ADVANCED SURGICAL ASSOICATES LRN,,",  29360-8439",fhir_organization,"SMG-ADVANCED SURGICAL ASSOICATES LRN, 29360-8439, US",,
NS_40246b2c-9,,,,", SC",fhir_organization,"SC, US",,
NS_d46a4c18-6,,,,", FL",fhir_organization,"FL, US",,
NS_ebd07238-4,,,,", MS",fhir_organization,"MS, US",,
NS_31e02dd5-e,,,,", KY",fhir_organization,"KY, USA",,
NS_c908170d-c,,,,", IN",fhir_organization,"IN, USA",,
NS_e7019d0e-c,,,,", DE",fhir_organization,"DE, US",,
NS_9225bac9-9,,,,", MS",fhir_organization,"MS, USA",,
NS_70cab61f-0,,,,", KY",fhir_organization,"KY, US",,
NS_ff37f277-b,,,,", NC",fhir_organization,"NC, US",,
NS_e8ed481d-c,,,,", AL",fhir_organization,"AL, US",,
NS_b0072953-d,,,,", WI",fhir_organization,"WI, US",,
NS_588219f7-c,,,,", OR",fhir_organization,"OR, US",,
NS_2fae7f92-4,,,,", VA",fhir_organization,"VA, US",,
NS_602cccfc-0,,,,", MD",fhir_organization,"MD, US",,
NS_c9711a7e-0,,,,", CA",fhir_organization,"CA, US",,
NS_dad35afe-2,,,,", GA",fhir_organization,"GA, US",,
NS_4412816f-b,,,,", MS",fhir_organization,"MS, US",,
NS_831502a1-8,,,,", CO",fhir_organization,"CO, US",,
NS_2606e697-0,,,,", MO",fhir_organization,"MO, US",,
NS_e701ef92-9,,,,", NJ",fhir_organization,"NJ, US",,
NS_6e3ae931-0,,,,", WA",fhir_organization,"WA, US",,
NS_cc170da7-4,,,,", TN",fhir_organization,"TN, US",,
NS_eb0bcd1e-8,,,,", IN",fhir_organization,"IN, US",,
NS_22431587-e,,,,", TX",fhir_organization,"TX, US",,
NS_2142bfa9-f,,,,", PA",fhir_organization,"PA, US",,
NS_ef003a1b-5,,,,", ME",fhir_organization,"ME, US",,
NS_f2ffa41d-1,,,,", WV",fhir_organization,"WV, US",,
NS_1b13fbf9-4,,,,", NY",fhir_organization,"NY, US",,
NS_f0be2c70-4,,,,", FL",fhir_organization,"FL, US",,
NS_aa6c6599-9,,,,", CT",fhir_organization,"CT, US",,
NS_029f4fc9-a,,,,", IL",fhir_organization,"IL, US",,
NS_2a5b282a-3,,,,", OH",fhir_organization,"OH, US",,
NS_e91be5bb-7,,,,", NV",fhir_organization,"NV, US",,
NS_28a087c3-6,,,,", MN",fhir_organization,"MN, US",,
NS_1a4abb3d-7,,,,", OK",fhir_organization,"OK, US",,
NS_2877d115-f,,,,", MI",fhir_organization,"MI, US",,
NS_32908dbb-2,,,,", NE",fhir_organization,"NE, US",,
NS_a14b4860-c,,,,", AR",fhir_organization,"AR, US",,
NS_724f757b-9,,,,", LA",fhir_organization,"LA, US",,
NS_80c4dc79-3,,,,", NM",fhir_organization,"NM, US",,
NS_d0272d04-6,,,,", CA",fhir_organization,"CA, US",,
NS_0cc6da1b-6,,Summa Wadsworth Hospital (prior to 10/29/2022),195 Wadsworth Rd,", OH 44281",fhir_organization,"Summa Wadsworth Hospital (prior to 10/29/2022), 195 Wadsworth Rd, OH, 44281, USA",,
NS_56a85766-d,,Al Elbendary MD,,",  63301",fhir_organization,"Al Elbendary MD, 63301, USA",,
NS_ac9e3435-4,,,,", MN",fhir_organization,"MN, USA",,
NS_5f703ea0-7,,,,", WI",fhir_organization,"WI, USA",,
NS_aeb77897-c,,Vecino Airline Children Clinic,5808 Airline Dr,"Houston,  77076",fhir_organization,"Vecino Airline Children Clinic, 5808 Airline Dr, Houston, 77076, US",,
NS_70373eb7-b,,,,",",fhir_organization,,,
NS_a6e27ad1-f,,,,", CA",fhir_organization,"CA, US",,
NS_799cd616-3,,HCPH Health & Wellness Mobile 1 Affiliate,2223 W Loop South,"Houston,  77027",fhir_organization,"HCPH Health & Wellness Mobile 1 Affiliate, 2223 W Loop South, Houston, 77027, US",,
NS_b3885e6c-8,,Children's at Spotsylvania Avenue,,",  22408",fhir_organization,"Children's at Spotsylvania Avenue, 22408, US",,
NS_eb37bcf2-0,,,,", TX",fhir_organization,"TX, US",,
NS_e7af38d5-c,,,,", AZ",fhir_organization,"AZ, US",,
NS_9773f955-9,,,,", SD",fhir_organization,"SD, US",,
NS_1a7be64b-c,,,,", VA",fhir_organization,"VA, USA",,
NS_548c9b9e-a,,Pacific Kidney and Hypertension (Portland),"1547 NE 40TH AVENUE, Suite B",", OR 97232",fhir_organization,"Pacific Kidney and Hypertension (Portland), 1547 NE 40TH AVENUE, Suite B, OR, 97232, US",,
NS_a602212e-4,,,,", MI",fhir_organization,"MI, US",,
NS_3757539f-0,,,,", IN",fhir_organization,"IN, US",,
NS_153c8765-0,,,,", CA",fhir_organization,"CA, US",,
NS_704c9064-d,,,,",",fhir_organization,,,
NS_9266ffb5-4,,Pacific Kidney and Hypertension (Newburg),1003 Providence Dr Suite 315,", OR 97132",fhir_organization,"Pacific Kidney and Hypertension (Newburg), 1003 Providence Dr Suite 315, OR, 97132, US",,
NS_7af2238e-1,,,,", GA",fhir_organization,"GA, USA",,
NS_331fa266-b,,Town and Country Perinatology,,",  63131",fhir_organization,"Town and Country Perinatology, 63131, USA",,
NS_493edd02-9,,,,",",fhir_organization,,,
NS_51e74708-7,,,,", CA",fhir_organization,"CA, US",,
NS_3c85061c-2,,,,",",fhir_organization,,,
NS_033fbdaa-b,,,,", CA",fhir_organization,"CA, US",,
NS_6de641e1-6,,,,", WY",fhir_organization,"WY, USA",,
NS_f6356413-a,,,,",",fhir_organization,,,
NS_9d5d1462-a,,,,",",fhir_organization,,,
NS_d6c5c126-8,,,,", CT",fhir_organization,"CT, US",,
NS_754a1d29-4,,,,", SC",fhir_organization,"SC, US",,
NS_38cd1208-4,,,,", TN",fhir_organization,"TN, US",,
NS_05ff6e02-3,,,,", OK",fhir_organization,"OK, US",,
NS_45006420-5,,,,", NY",fhir_organization,"NY, US",,
NS_34c9039f-8,,,,", CA",fhir_organization,"CA, US",,
NS_dc0b22cc-4,,,,", CO",fhir_organization,"CO, USA",,
NS_4c5f10b8-2,,,,", OR",fhir_organization,"OR, US",,
NS_fe00d430-4,,Loyola Center for Health at Burr Ridge,,",  60462",fhir_organization,"Loyola Center for Health at Burr Ridge, 60462, US",,
NS_38646121-d,,,,", AL",fhir_organization,"AL, USA",,
NS_9d67b9a7-1,,,,", MS",fhir_organization,"MS, USA",,
NS_76c95bc3-0,,,,", IA",fhir_organization,"IA, US",,
NS_d3c06b13-b,,CVS/minuteclinic - Detroit,,",  48341",fhir_organization,"CVS/minuteclinic - Detroit, 48341, US",,
NS_23df85db-5,,BJC Medical Group Neurology Associates,,",  63141",fhir_organization,"BJC Medical Group Neurology Associates, 63141, USA",,
NS_42d4e4cd-6,,Westchester Square Campus,,", NY 10461",fhir_organization,"Westchester Square Campus, NY, 10461, US",,
NS_7ce47af8-b,,,,", ND",fhir_organization,"ND, US",,
NS_0e151ab4-9,,,,",",fhir_organization,,,
NS_16297442-f,,,,", OR",fhir_organization,"OR, US",,
NS_626715e7-d,,CVS/minuteclinic - Nashville,,",  37204",fhir_organization,"CVS/minuteclinic - Nashville, 37204, US",,
NS_17a49594-a,,,,", KY",fhir_organization,"KY, US",,
NS_bf96d731-e,,,,", VA",fhir_organization,"VA, US",,
NS_29882dcc-f,,,,", NE",fhir_organization,"NE, US",,
NS_dbb97db4-d,,CVS/minuteclinic - Tallahassee,,",  32352",fhir_organization,"CVS/minuteclinic - Tallahassee, 32352, US",,
NS_59329c4d-0,,,,",",fhir_organization,,,
NS_afa4d8de-4,,,,", CA",fhir_organization,"CA, US",,
NS_00e3bf37-c,,,,", CA",fhir_organization,"CA, US",,
NS_6e6a9fab-0,,,,", TX",fhir_organization,"TX, US",,
NS_8bd8bb12-a,,CVS/minuteclinic - Southern California,,",  92862",fhir_organization,"CVS/minuteclinic - Southern California, 92862, US",,
NS_f14f1355-7,,,,", NC",fhir_organization,"NC, US",,
NS_cb026563-c,,,,", AZ",fhir_organization,"AZ, US",,
NS_f63759ab-8,,GI Consultants,,",  63141",fhir_organization,"GI Consultants, 63141, USA",,
NS_2401ac3d-4,,,,", FL",fhir_organization,"FL, US",,
NS_28ed2bec-d,,,,", IN",fhir_organization,"IN, USA",,
NS_e66675c3-f,,,,", IL",fhir_organization,"IL, USA",,
NS_06200c82-6,,,,", KY",fhir_organization,"KY, USA",,
NS_46dae1a6-1,,,,", MI",fhir_organization,"MI, USA",,
NS_9585929d-f,,,,", MO",fhir_organization,"MO, USA",,
NS_6540636e-f,,,,", OR",fhir_organization,"OR, US",,
NS_3ab83c9a-5,,,,", CT",fhir_organization,"CT, US",,
NS_50d343f7-f,,,,", NJ",fhir_organization,"NJ, US",,
NS_8a06c408-9,,,,", MD",fhir_organization,"MD, US",,
NS_9cc7d74c-0,,,,", PA",fhir_organization,"PA, US",,
NS_1bf474ae-1,,,,", DC",fhir_organization,"DC, US",,
NS_e5ff4661-e,,,,", VA",fhir_organization,"VA, US",,
NS_b96c92e2-2,,Beebe Urology Lewes,34431 King Street Row,", DE 19958",fhir_organization,"Beebe Urology Lewes, 34431 King Street Row, DE, 19958, US",,
NS_edeba84c-9,,,,", CA",fhir_organization,"CA, US",,
NS_6f09ebad-2,,,,",",fhir_organization,,,
NS_6e843c93-9,,,,", KS",fhir_organization,"KS, US",,
NS_a368a075-b,,,,", TX",fhir_organization,"TX, US",,
NS_5e3649ea-0,,,,", WA",fhir_organization,"WA, USA",,
NS_1ec043a9-9,,,,", TX",fhir_organization,"TX, US",,
NS_ac9ba9d1-8,,,,", TX",fhir_organization,"TX, US",,
NS_5939b16c-1,,SELF REGIONAL TOWER POINTE,,",  29646-8031",fhir_organization,"SELF REGIONAL TOWER POINTE, 29646-8031, US",,
NS_b044f76f-6,,,,", PA",fhir_organization,"PA, US",,
NS_19da1a8b-5,,,,",",fhir_organization,,,
NS_fcd085cc-2,,,,", FL",fhir_organization,"FL, US",,
NS_6e3d7d8f-3,,,,", PA",fhir_organization,"PA, USA",,
NS_a8497cf2-d,,,,", NJ",fhir_organization,"NJ, USA",,
NS_cee11898-f,,,,",",fhir_organization,,,
NS_731dc2a9-a,,,,", NJ",fhir_organization,"NJ, US",,
NS_afeb92d0-c,,,,", IL",fhir_organization,"IL, US",,
NS_128ea78d-7,,,,", MN",fhir_organization,"MN, US",,
NS_6ffcd417-c,,,,", MO",fhir_organization,"MO, US",,
NS_d6c3746f-6,,,,", FL",fhir_organization,"FL, US",,
NS_d087385a-2,,,,", IA",fhir_organization,"IA, US",,
NS_00d4b947-1,,,,", WI",fhir_organization,"WI, US",,
NS_fa5cfb1a-8,,,,", WA",fhir_organization,"WA, US",,
NS_e6e4fb20-0,,,,", VA",fhir_organization,"VA, US",,
NS_d5f37a67-8,,,,", IN",fhir_organization,"IN, US",,
NS_6f8fa668-e,,,,", PA",fhir_organization,"PA, US",,
NS_c5483df7-d,,,,", NC",fhir_organization,"NC, US",,
NS_f4c80ad3-7,,,,", OR",fhir_organization,"OR, US",,
NS_010f06e2-f,,,,", LA",fhir_organization,"LA, US",,
NS_83bd08dd-3,,,,", NE",fhir_organization,"NE, US",,
NS_9a1125e3-2,,UMHC - Miramar,,", FL 33029",fhir_organization,"UMHC - Miramar, FL, 33029, USA",,
NS_e3522375-0,,,,",",fhir_organization,,,
NS_25a06b41-1,,,,",",fhir_organization,,,
NS_9bdc3923-5,,,,", CA",fhir_organization,"CA, USA",,
NS_9200ac34-6,,,,",",fhir_organization,,,
NS_fe7e1f08-4,,,,", CA",fhir_organization,"CA, US",,
NS_effc7cfd-e,,,,", NV",fhir_organization,"NV, US",,
NS_61529257-c,,,,", OK",fhir_organization,"OK, US",,
NS_46d7e064-9,,,,", IL",fhir_organization,"IL, US",,
NS_a18641cc-5,,,,", OR",fhir_organization,"OR, US",,
NS_9e6964f9-9,,,,", PA",fhir_organization,"PA, US",,
NS_e65a0fd7-e,,BJC Medical Group Neurology Associates - Florissant,,",  63031",fhir_organization,"BJC Medical Group Neurology Associates - Florissant, 63031, USA",,
NS_294a48fd-c,,,,", LA",fhir_organization,"LA, US",,
NS_1139fbf6-4,,,,", TX",fhir_organization,"TX, US",,
NS_13f0ae03-9,,,,", MS",fhir_organization,"MS, US",,
NS_fa0a67f9-a,,,,", NM",fhir_organization,"NM, US",,
NS_55ab212d-1,,,,", NJ",fhir_organization,NJ,,
NS_6c1e64a2-7,,,,", PA",fhir_organization,"PA, US",,
NS_80403544-4,,,,",",fhir_organization,,,
NS_0ec69c33-2,,,,", PA",fhir_organization,"PA, USA",,
NS_dfd66edc-2,,,,", NJ",fhir_organization,"NJ, USA",,
NS_0402cdd8-a,,,,", DE",fhir_organization,"DE, USA",,
NS_c66aabf2-d,,,,", RI",fhir_organization,"RI, US",,
NS_b3ab3c54-4,,,,", NY",fhir_organization,"NY, US",,
NS_f7a6f1b2-0,,,,", CA",fhir_organization,"CA, US",,
NS_5dc2c3e0-1,,MACNEAL HOSPITAL,,",  60525",fhir_organization,"MACNEAL HOSPITAL, 60525, US",,
NS_7e0dfb91-5,,,,", MN",fhir_organization,"MN, US",,
NS_949f7315-1,,,,", GA",fhir_organization,"GA, US",,
NS_13dc8483-3,,,,", OH",fhir_organization,"OH, US",,
NS_2c733fc4-1,,,,",",fhir_organization,,,
NS_e3e06339-2,,MOREHOUSE SCHOOL OF MEDICINE,,", GA 30303",fhir_organization,"MOREHOUSE SCHOOL OF MEDICINE, GA, 30303, USA",,
NS_3458b19f-3,,,,", KY",fhir_organization,"KY, US",,
NS_ad2fb0e0-9,,,,", IN",fhir_organization,"IN, US",,
NS_83ffc82d-4,,,,", IL",fhir_organization,"IL, US",,
NS_7d0cc13d-8,,,,",",fhir_organization,,,
NS_f3650d2a-d,,,,", TX",fhir_organization,"TX, US",,
NS_6afc979b-c,,,,", TX",fhir_organization,"TX, US",,
NS_8617ed02-9,,Children's Rehabilitation Services,,",  23220",fhir_organization,"Children's Rehabilitation Services, 23220, US",,
NS_e81f5868-d,,,,", CA",fhir_organization,"CA, USA",,
NS_c122c63a-4,,,,", WA",fhir_organization,"WA, US",,
NS_4761048d-b,,,,",",fhir_organization,,,
NS_0b6f1603-a,,,,", NC",fhir_organization,"NC, US",,
NS_5e0885f7-a,,,,", WA",fhir_organization,"WA, US",,
NS_75a8d282-3,,,,", CA",fhir_organization,"CA, USA",,
NS_b9cabd5c-8,,Pacific Kidney and Hypertension (Portland),"1547 NE 40TH AVENUE, Suite B",", OR 97232",fhir_organization,"Pacific Kidney and Hypertension (Portland), 1547 NE 40TH AVENUE, Suite B, OR, 97232, US",,
NS_2398fdab-1,,CVS/minuteclinic - Austin/San Antonio,,",  78606",fhir_organization,"CVS/minuteclinic - Austin/San Antonio, 78606, US",,
NS_29033482-3,,,,", DE",fhir_organization,"DE, US",,
NS_61b7d8c2-e,,,,", TX",fhir_organization,"TX, US",,
NS_14c2e776-e,,,,", PR",fhir_organization,"PR, US",,
NS_26078442-3,,Diabetes and Endocrine Care of Alton,,",  62002",fhir_organization,"Diabetes and Endocrine Care of Alton, 62002, USA",,
NS_005be8a8-a,,,,", ID",fhir_organization,"ID, USA",,
NS_7e7f102f-9,,,,", MD",fhir_organization,"MD, USA",,
NS_86860cbb-8,,,,", FL",fhir_organization,"FL, USA",,
NS_31a4eace-8,,,,", DC",fhir_organization,"DC, USA",,
NS_43155ea8-6,,,,", VA",fhir_organization,"VA, USA",,
NS_8578560e-e,,,,", UT",fhir_organization,"UT, USA",,
NS_9ee27760-9,,,,", PA",fhir_organization,"PA, USA",,
NS_797d3a57-6,,,,", PA",fhir_organization,"PA, US",,
NS_6c2dce3b-0,,,,", IL",fhir_organization,"IL, US",,
NS_e46e3efc-5,,CVS/minuteclinic - Central Florida,,", FL 32712",fhir_organization,"CVS/minuteclinic - Central Florida, FL, 32712, US",,
NS_7bb1aca2-f,,,,", TX",fhir_organization,"TX, US",,
NS_cf6da80d-1,,Texas Children's Pediatrics University Pediatric Association,,", TX 77845",fhir_organization,"Texas Children's Pediatrics University Pediatric Association, TX, 77845, US",,
NS_7a0af933-2,,,,",",fhir_organization,,,
NS_a1490bcb-f,,Cologuard,,",  53719",fhir_organization,"Cologuard, 53719, US",,
NS_8a981f87-3,,,,", WI",fhir_organization,"WI, US",,
NS_f0e2260b-7,,,,", OK",fhir_organization,"OK, US",,
NS_7cb92cd8-b,,,,", WI",fhir_organization,"WI, USA",,
NS_f4d5d591-0,,,,", IL",fhir_organization,"IL, USA",,
NS_1366cfdf-8,,,,", WI",fhir_organization,"WI, USA",,
NS_c43f4eb4-9,,St. Louis Children's Hospital,,",  63110",fhir_organization,"St. Louis Children's Hospital, 63110, USA",,
NS_0db48e81-a,,,,",",fhir_organization,,,
NS_2d8e2ed3-5,,,,", SC",fhir_organization,"SC, US",,
NS_b2ac0107-3,,Contemporary Womens Healthcare,,",  63131",fhir_organization,"Contemporary Womens Healthcare, 63131, USA",,
NS_94338414-4,,CMH Family Care Center,1755 N. Mecklenburg Ave,",  23970",fhir_organization,"CMH Family Care Center, 1755 N. Mecklenburg Ave, 23970, US",,
NS_2b6c2f07-3,,,,", IA",fhir_organization,"IA, US",,
NS_1a56c8e0-c,,,,", OR",fhir_organization,"OR, US",,
NS_e992f925-a,,,,", OR",fhir_organization,"OR, US",,
NS_5e824d64-4,,,,", WA",fhir_organization,"WA, USA",,
NS_5ed5282c-a,,,,", CA",fhir_organization,"CA, US",,
NS_2fd25ef4-3,,,,", PA",fhir_organization,"PA, US",,
NS_6ae678a9-8,,SSH - Northwest Detroit,6071 West Outer Drive 7th Floor,", MI 48235",fhir_organization,"SSH - Northwest Detroit, 6071 West Outer Drive 7th Floor, MI, 48235, US",,
NS_7346aaf1-a,,,,", AK",fhir_organization,"AK, USA",,
NS_55b5524f-2,,,,", MA",fhir_organization,"MA, US",,
NS_f9bd794b-1,,CVS/minuteclinic - Salt Lake,,",  84084",fhir_organization,"CVS/minuteclinic - Salt Lake, 84084, US",,
NS_b1565c6b-1,,Loyola Center for Health at Elmhurst,,",  60181",fhir_organization,"Loyola Center for Health at Elmhurst, 60181, US",,
NS_321537cf-9,,,,", OH",fhir_organization,"OH, US",,
NS_e9e63b57-1,,Lone Star Pediatric Dental & Braces,,", TX 78705",fhir_organization,"Lone Star Pediatric Dental & Braces, TX, 78705, US",,
NS_75eca76e-9,,,,", OR",fhir_organization,"OR, USA",,
NS_bab0b1b7-b,,,,",",fhir_organization,,,
NS_25ac9086-5,,,,", UT",fhir_organization,"UT, USA",,
NS_74ec3770-0,,,,", AK",fhir_organization,"AK, USA",,
NS_612d8943-8,,,,", WY",fhir_organization,"WY, USA",,
NS_0b58a290-2,,Fairview Pediatrics - PediaTrust,,"Grayslake,  60030-2016",fhir_organization,"Fairview Pediatrics - PediaTrust, Grayslake, 60030-2016, US",,
NS_98eaa7be-5,,Pacific Kidney and Hypertension (StVin),9155 Southwest Barnes Rd Suite 330,", OR 97225",fhir_organization,"Pacific Kidney and Hypertension (StVin), 9155 Southwest Barnes Rd Suite 330, OR, 97225, US",,
NS_a32483fc-d,,,,", CA",fhir_organization,"CA, US",,
NS_fdb42f91-b,,Lurie Children's at Lake Bluff,,"Lake Bluff,  60044",fhir_organization,"Lurie Children's at Lake Bluff, Lake Bluff, 60044, US",,
NS_8b7d996c-8,,,,", MO",fhir_organization,"MO, US",,
NS_b6eb41ef-8,,,,", NC",fhir_organization,"NC, US",,
NS_d4d977be-8,,,,",",fhir_organization,,,
NS_0146a028-f,,GMOP 201,,",  60153",fhir_organization,"GMOP 201, 60153, US",,
NS_4a20650f-7,,Sixteenth Street Community Health Centers - SSCHC LA CAUSA SBHC,,",  53204-2905",fhir_organization,"Sixteenth Street Community Health Centers - SSCHC LA CAUSA SBHC, 53204-2905, US",,
NS_7089cd1e-6,,Lurie Children's at Warrenville,,"Warrenville,  60555",fhir_organization,"Lurie Children's at Warrenville, Warrenville, 60555, US",,
NS_1794f856-a,,,,", IL",fhir_organization,"IL, US",,
NS_a72c2c06-1,,,,", WI",fhir_organization,"WI, US",,
NS_cef64ab9-8,,Clayton Medical Associates - Richmond,,",  63117",fhir_organization,"Clayton Medical Associates - Richmond, 63117, USA",,
NS_e5c07e67-a,,,,", NJ",fhir_organization,"NJ, USA",,
NS_9a31975b-1,,,,", CA",fhir_organization,"CA, US",,
NS_f15f0265-e,,,,", CA",fhir_organization,"CA, US",,
NS_bde580cf-b,,Texas Children's Pediatrics JoAnne Wise Edoka,,", TX 78705",fhir_organization,"Texas Children's Pediatrics JoAnne Wise Edoka, TX, 78705, US",,
NS_a2324337-e,,,,", HI",fhir_organization,"HI, US",,
NS_2cd030e1-4,,,,", CA",fhir_organization,"CA, US",,
NS_36e56b0a-c,,,,", NJ",fhir_organization,"NJ, USA",,
NS_d6f13e34-3,,,,", CA",fhir_organization,"CA, USA",,
NS_6d7a1667-6,,CVS/minuteclinic - Northwestern Ohio,,",  45858",fhir_organization,"CVS/minuteclinic - Northwestern Ohio, 45858, US",,
NS_c68a5075-7,,,,", MN",fhir_organization,"MN, US",,
NS_92432cfc-2,,,,", WI",fhir_organization,"WI, US",,
NS_797a94cc-6,,,,", LA",fhir_organization,"LA, US",,
NS_f9d4c499-4,,,,", CA",fhir_organization,"CA, US",,
NS_9cf29941-b,,,,", GU",fhir_organization,"GU, US",,
NS_b5e26a29-2,,,,", NC",fhir_organization,"NC, US",,
NS_807f092a-d,,,,", GA",fhir_organization,"GA, US",,
NS_e81274d8-2,,,,", CO",fhir_organization,"CO, US",,
NS_31a45509-c,,,,", NJ",fhir_organization,"NJ, US",,
NS_055412fc-0,,,,", FL",fhir_organization,"FL, US",,
NS_5ae5dd93-7,,,,", AL",fhir_organization,"AL, US",,
NS_82e251c0-b,,,,", MN",fhir_organization,"MN, US",,
NS_14b37f0a-e,,,,", IN",fhir_organization,"IN, US",,
NS_24066a6d-f,,,,", TX",fhir_organization,"TX, US",,
NS_f7020afa-e,,,,", MD",fhir_organization,"MD, US",,
NS_46b29d59-d,,,,", MI",fhir_organization,"MI, US",,
NS_efa4431f-2,,,,", TN",fhir_organization,"TN, US",,
NS_43f00eb0-2,,,,", NV",fhir_organization,"NV, US",,
NS_e702fd72-e,,,,", SC",fhir_organization,"SC, US",,
NS_82ef5c67-8,,,,", MO",fhir_organization,"MO, US",,
NS_6875163c-8,,,,", WY",fhir_organization,"WY, US",,
NS_5cd6880d-1,,,,", NY",fhir_organization,"NY, US",,
NS_cd2867a8-4,,,,", OH",fhir_organization,"OH, US",,
NS_693da395-b,,,,", WA",fhir_organization,"WA, US",,
NS_2ac7f460-3,,,,", VA",fhir_organization,"VA, US",,
NS_ba2edec3-d,,,,", PA",fhir_organization,"PA, US",,
NS_dec6a2b7-1,,,,", OK",fhir_organization,"OK, US",,
NS_75687c2b-5,,,,", AR",fhir_organization,"AR, US",,
NS_f78ad577-1,,,,", IA",fhir_organization,"IA, US",,
NS_8be0d1fd-e,,,,", KY",fhir_organization,"KY, US",,
NS_c6171e69-5,,,,", MS",fhir_organization,"MS, US",,
NS_3c2bdf38-0,,,,", AZ",fhir_organization,"AZ, US",,
NS_0759b3a2-b,,,,", MA",fhir_organization,"MA, US",,
NS_aa27f58a-6,,,,", IL",fhir_organization,"IL, US",,
NS_19897f7c-e,,,,", ID",fhir_organization,"ID, US",,
NS_d3c3daf2-6,,,,", MT",fhir_organization,"MT, US",,
NS_9c70a2a6-3,,,,", RI",fhir_organization,"RI, US",,
NS_034d5d84-1,,,,", OR",fhir_organization,"OR, US",,
NS_23573b0f-c,,,,", UT",fhir_organization,"UT, US",,
NS_63917430-5,,,,", NH",fhir_organization,"NH, US",,
NS_845aa06c-e,,,,", WV",fhir_organization,"WV, US",,
NS_81d84c00-9,,,,", NE",fhir_organization,"NE, US",,
NS_b929f72a-0,,,,", NM",fhir_organization,"NM, US",,
NS_90fd0b91-4,,,,", WI",fhir_organization,"WI, US",,
NS_0ecdb9ce-d,,,,", KS",fhir_organization,"KS, US",,
NS_c1893597-8,,,,", CT",fhir_organization,"CT, US",,
NS_c7edc1a5-a,,,,", DE",fhir_organization,"DE, US",,
NS_95a3c03f-a,,,,", VT",fhir_organization,"VT, US",,
NS_272fa92b-a,,Suburban Chest and Sleep Specialists,,",  63131",fhir_organization,"Suburban Chest and Sleep Specialists, 63131, USA",,
NS_e22a6238-1,,,,", CA",fhir_organization,"CA, US",,
NS_63d936f8-c,,Aton and Riedel,,",  62002",fhir_organization,"Aton and Riedel, 62002, USA",,
NS_9f017a94-3,,CVS/minuteclinic - Indianapolis,,",  47201",fhir_organization,"CVS/minuteclinic - Indianapolis, 47201, US",,
NS_c8d95182-f,,,,", CA",fhir_organization,"CA, US",,
NS_a6b88c50-e,,,,", AR",fhir_organization,"AR, USA",,
NS_e7cff081-1,,,,",",fhir_organization,,,
NS_be893fde-3,,,,", CA",fhir_organization,"CA, US",,
NS_16e342c3-f,,,,", OR",fhir_organization,"OR, US",,
NS_26389c6f-1,,,,", IA",fhir_organization,"IA, US",,
NS_566bc58b-a,,,,", TX",fhir_organization,"TX, US",,
NS_569c045a-0,,,,", NM",fhir_organization,"NM, US",,
NS_4cdca886-1,,,,", OK",fhir_organization,"OK, US",,
NS_367908f9-d,,,,", FL",fhir_organization,"FL, US",,
NS_5254b7e1-2,,,,", ID",fhir_organization,"ID, US",,
NS_6a19fa7c-f,,,,", NJ",fhir_organization,"NJ, US",,
NS_76454634-0,,,,", KS",fhir_organization,"KS, US",,
NS_9e17a379-9,,,,", TN",fhir_organization,"TN, US",,
NS_4d6f08eb-0,,Montefiore New Rochelle Hospital,16 Guion Place,", NY 10801",fhir_organization,"Montefiore New Rochelle Hospital, 16 Guion Place, NY, 10801, US",,
NS_713bb4e5-7,,Montefiore Medical Specialists of Westchester,,", NY 10583",fhir_organization,"Montefiore Medical Specialists of Westchester, NY, 10583, US",,
NS_8b50ac19-8,,,,", CA",fhir_organization,"CA, US",,
NS_cd8f0134-d,,,,", PA",fhir_organization,"PA, US",,
NS_5651da4f-2,,,,", GA",fhir_organization,"GA, US",,
NS_1a6b609f-e,,SMG-ORTHOPAEDIC ASSOCIATES OF THE LAKELANDS-SS,,",  29138",fhir_organization,"SMG-ORTHOPAEDIC ASSOCIATES OF THE LAKELANDS-SS, 29138, US",,
NS_5cf85276-b,,,,", WI",fhir_organization,"WI, US",,
NS_780500f8-3,,,,", NY",fhir_organization,"NY, US",,
NS_18bdbc0d-a,,,,", CA",fhir_organization,"CA, US",,
NS_6e2d3e93-6,,,,", IL",fhir_organization,"IL, US",,
NS_c0ebeaaf-3,,,,", AZ",fhir_organization,"AZ, US",,
NS_dc740aa3-3,,,,", GA",fhir_organization,"GA, US",,
NS_8629f0db-f,,MACNEAL RIVERSIDE,,",  60402",fhir_organization,"MACNEAL RIVERSIDE, 60402, US",,
NS_106946c5-3,,SMG-ADVANCED CARDIOLOGY ASSOCIATES EDGEFIELD,,",  29108-2965",fhir_organization,"SMG-ADVANCED CARDIOLOGY ASSOCIATES EDGEFIELD, 29108-2965, US",,
NS_386df61d-3,,,,", CA",fhir_organization,"CA, US",,
NS_9b755983-4,,,,", TX",fhir_organization,"TX, US",,
NS_32bbb93c-e,,,,", WI",fhir_organization,"WI, US",,
NS_12288748-8,,Kidney Specialistss of Kentucky (Russell),500 Chestnut street,", KY 42164",fhir_organization,"Kidney Specialistss of Kentucky (Russell), 500 Chestnut street, KY, 42164, US",,
NS_0a7155e5-9,,,,", WA",fhir_organization,"WA, USA",,
NS_b4339c04-b,,LOYOLA PSYCHIATRY/BEHAVIORAL HEALTH,,",  60707",fhir_organization,"LOYOLA PSYCHIATRY/BEHAVIORAL HEALTH, 60707, US",,
NS_c268486a-9,,,,", IA",fhir_organization,"IA, US",,
NS_751f51c6-c,,,,", NC",fhir_organization,"NC, US",,
NS_690c6fe6-6,,Midwest Ear Specialists,,",  63131",fhir_organization,"Midwest Ear Specialists, 63131, USA",,
NS_04487a3b-f,,VCU Health Internal Medicine at South Hill,,",  23970",fhir_organization,"VCU Health Internal Medicine at South Hill, 23970, US",,
NS_a637e567-3,,,,", ID",fhir_organization,"ID, US",,
NS_5440d39e-b,,,,", WA",fhir_organization,"WA, US",,
NS_610b3026-e,,SELF REGIONAL WOUND HEALING INSTITUTE,,",  29646",fhir_organization,"SELF REGIONAL WOUND HEALING INSTITUTE, 29646, US",,
NS_b74036b2-0,,,,", OK",fhir_organization,"OK, USA",,
NS_d2b256ce-8,,,,", AR",fhir_organization,"AR, USA",,
NS_ed5e0d30-a,,,,",",fhir_organization,,,
NS_c9d6e088-8,,Sunset Hills Adult Medicine - Festus,,",  63028",fhir_organization,"Sunset Hills Adult Medicine - Festus, 63028, USA",,
NS_0a72046e-0,,,,", CT",fhir_organization,"CT, US",,
NS_b035259a-5,,Methodist Wheatland Family Health Center,"3430 W Wheatland Rd Bldg 1
Ste 207","Dallas,  75237",fhir_organization,"Methodist Wheatland Family Health Center, 3430 W Wheatland Rd Bldg 1
Ste 207, Dallas, 75237, US",,
NS_5ecfc8ce-2,,,,",",fhir_organization,,,
NS_cf8061e0-d,,"Memorial Nephrology Associates, PLLC - OLYMPIA",3525 Ensign Road NE K,"OLYMPIA,  98506",fhir_organization,"Memorial Nephrology Associates, PLLC - OLYMPIA, 3525 Ensign Road NE K, OLYMPIA, 98506, US",,
NS_c9682f3d-a,,,,", MA",fhir_organization,"MA, US",,
NS_a7221a6b-b,,,,", FL",fhir_organization,"FL, US",,
NS_bbb3f498-8,,Texas Children's Specialty Care Austin,,", TX 78735",fhir_organization,"Texas Children's Specialty Care Austin, TX, 78735, US",,
NS_c26342ca-e,,Gardner Health Services - GHS Homeless Project,,",  95112-3503",fhir_organization,"Gardner Health Services - GHS Homeless Project, 95112-3503, US",,
NS_b666707b-0,,,,", WA",fhir_organization,"WA, USA",,
NS_cac396fb-5,,,,", TN",fhir_organization,"TN, US",,
NS_cb6bbed4-d,,,,", NC",fhir_organization,"NC, US",,
NS_ee208454-0,,Pacific Kidney and Hypertension (Vanc),315 SE Stone Mill Drive Suite 220,", WA 98684",fhir_organization,"Pacific Kidney and Hypertension (Vanc), 315 SE Stone Mill Drive Suite 220, WA, 98684, US",,
NS_68888c8f-7,,,,", HI",fhir_organization,"HI, US",,
NS_c98c528c-4,,,,", CA",fhir_organization,"CA, USA",,
NS_12602cb1-1,,,,", IN",fhir_organization,"IN, US",,
NS_fa2905c0-5,,,,", MA",fhir_organization,"MA, US",,
NS_e6626fb8-e,,,,", NH",fhir_organization,"NH, US",,
NS_90dec850-e,,Bellin Health Podiatry,,"GREEN BAY,  54302",fhir_organization,"Bellin Health Podiatry, GREEN BAY, 54302, USA",,
NS_79862ada-3,,Pacific Kidney and Hypertension (Tigard),15895 SW 72nd Avenue Suite 250,", OR 97224",fhir_organization,"Pacific Kidney and Hypertension (Tigard), 15895 SW 72nd Avenue Suite 250, OR, 97224, US",,
NS_f9930967-7,,Methodist Hospitals Affiliate Illinois Offices,,", IL 60459",fhir_organization,"Methodist Hospitals Affiliate Illinois Offices, IL, 60459, US",,
NS_50b96696-f,,,,", SD",fhir_organization,"SD, US",,
NS_c3608485-1,,,,",",fhir_organization,,,
NS_6f48dd7b-c,,,,", CA",fhir_organization,"CA, US",,
NS_69c185fb-8,,,,", IL",fhir_organization,"IL, US",,
NS_f969489a-5,,,,", MI",fhir_organization,"MI, US",,
NS_21d36951-e,,,,", OH",fhir_organization,"OH, US",,
NS_8b77cd0a-9,,,,",",fhir_organization,,,
NS_30f692d7-1,,,,", IA",fhir_organization,"IA, US",,
NS_a150c04c-6,,,,",",fhir_organization,,,
NS_3897f64b-b,,,,",",fhir_organization,,,
NS_195409f2-5,,,,", NJ",fhir_organization,"NJ, US",,
NS_09971f42-b,,,,",",fhir_organization,,,
NS_c0720673-1,,,,", WA",fhir_organization,"WA, US",,
NS_de31c47f-0,,,,",",fhir_organization,,,
NS_7699ff6e-e,,,,",",fhir_organization,,,
NS_dca29e81-6,,Texas Children's Pediatrics Longhorn Pediatrics,,", TX 78705",fhir_organization,"Texas Children's Pediatrics Longhorn Pediatrics, TX, 78705, US",,
NS_bfafbedd-2,,CVS/minuteclinic - Hawaii,,",  96701",fhir_organization,"CVS/minuteclinic - Hawaii, 96701, US",,
NS_3ae2b892-6,,,,", OK",fhir_organization,"OK, US",,
NS_444692c0-9,,,,", KS",fhir_organization,"KS, US",,
NS_e2015df8-3,,,,", AR",fhir_organization,"AR, US",,
NS_059f3065-f,,,,", LA",fhir_organization,"LA, US",,
NS_b1e78e29-b,,,,", CA",fhir_organization,"CA, US",,
NS_8bdb2007-b,,,,", MN",fhir_organization,"MN, US",,
NS_4584a086-4,,,,", WI",fhir_organization,"WI, US",,
NS_b67754c3-5,,,,",",fhir_organization,,,
NS_22436959-7,,,,",",fhir_organization,,,
NS_7a30d20c-4,,,,", ND",fhir_organization,"ND, US",,
NS_fa5f53fc-b,,AdventHealth East Florida,,",  32174",fhir_organization,"AdventHealth East Florida, 32174, US",,
NS_ec4ab30d-9,,,,", ID",fhir_organization,"ID, US",,
NS_1289b834-8,,,,", WA",fhir_organization,"WA, US",,
NS_405cd6fe-9,,,,", AK",fhir_organization,"AK, US",,
NS_d5644704-a,,,,", MT",fhir_organization,"MT, US",,
NS_a7011fa5-4,,,,",",fhir_organization,,,
NS_b0abe8cc-6,,,,", FL",fhir_organization,"FL, US",,
NS_041e4707-7,,,,", IL",fhir_organization,"IL, US",,
NS_dbe236e4-2,,,,", WA",fhir_organization,"WA, USA",,
NS_acd9d8df-2,,,,", OR",fhir_organization,"OR, USA",,
NS_cbb703b9-d,,Methodist Mckinney Chiro Concepts Allen,,",  75013",fhir_organization,"Methodist Mckinney Chiro Concepts Allen, 75013, US",,
NS_d1776379-8,,,,", MS",fhir_organization,"MS, USA",,
NS_4c031c72-4,,,,", MO",fhir_organization,"MO, US",,
NS_294ddd34-1,,,,", KS",fhir_organization,"KS, US",,
NS_56362f86-7,,,,", IA",fhir_organization,"IA, US",,
NS_3ebb1d8d-d,,,,", TX",fhir_organization,"TX, US",,
NS_e38e7bdd-7,,,,", CA",fhir_organization,"CA, US",,
NS_29962935-9,,BJC Medical Group at Progress West 1,,",  63368",fhir_organization,"BJC Medical Group at Progress West 1, 63368, USA",,
NS_bd14ca7e-c,,,,", CA",fhir_organization,"CA, USA",,
NS_37c197c7-5,,,,",",fhir_organization,,,
NS_cde5782b-a,,,,",",fhir_organization,,,
NS_35ebd9a6-2,,,,", VA",fhir_organization,"VA, US",,
NS_964c7392-7,,BJC Medical Group Orthopedics and Sports Medicine - Edwardsville,,",  62025",fhir_organization,"BJC Medical Group Orthopedics and Sports Medicine - Edwardsville, 62025, USA",,
NS_7527fb16-4,,,,", KS",fhir_organization,"KS, US",,
NS_dc32ff99-d,,,,", MA",fhir_organization,"MA, US",,
NS_ddc94e16-1,,,,", MD",fhir_organization,"MD, USA",,
NS_4354b78d-1,,,,", TX",fhir_organization,"TX, US",,
NS_f198b565-d,,,,",",fhir_organization,,,
NS_5196b807-e,,Suburban Chest and Sleep Specialists,,",  63131",fhir_organization,"Suburban Chest and Sleep Specialists, 63131, USA",,
NS_e2e956bb-3,,,,", CA",fhir_organization,"CA, US",,
NS_53187897-f,,,,",",fhir_organization,,,
NS_131b5f12-2,,,,", NM",fhir_organization,"NM, USA",,
NS_68585623-b,,,,", VA",fhir_organization,"VA, USA",,
NS_a9c2fbed-8,,,,", MD",fhir_organization,"MD, USA",,
NS_6bff00aa-b,,,,", DC",fhir_organization,"DC, USA",,
NS_b5d88e3b-c,,,,", WI",fhir_organization,"WI, US",,
NS_38c314ec-4,,,,", CO",fhir_organization,"CO, US",,
NS_0a0786e3-2,,,,", NV",fhir_organization,"NV, US",,
NS_effd188b-d,,,,", IL",fhir_organization,"IL, US",,
NS_888cca73-b,,,,", MN",fhir_organization,"MN, US",,
NS_46a4709d-2,,,,", WI",fhir_organization,"WI, USA",,
NS_7805b649-a,,,,", WA",fhir_organization,"WA, USA",,
NS_b0684a4c-b,,TIRR Memorial Hermann,,",  77030",fhir_organization,"TIRR Memorial Hermann, 77030, US",,
NS_9871df59-f,,,,", CA",fhir_organization,"CA, US",,
NS_32aeaadb-3,,,,", PA",fhir_organization,"PA, US",,
NS_8e7879a5-c,,,,", NY",fhir_organization,"NY, US",,
NS_9c83185c-b,,,,", MD",fhir_organization,"MD, US",,
NS_89806b10-5,,,,", OH",fhir_organization,"OH, US",,
NS_6c04239f-4,,,,", WV",fhir_organization,"WV, US",,
NS_d88db4e0-5,,,,", OR",fhir_organization,"OR, US",,
NS_786a565f-e,,,,", WI",fhir_organization,"WI, US",,
NS_653b88d3-4,,,,", MN",fhir_organization,"MN, US",,
NS_c6989d99-e,,,,", ND",fhir_organization,"ND, US",,
NS_1cb590c7-1,,,,", MN",fhir_organization,"MN, USA",,
NS_34cb6377-c,,Methodist Mckinney Chiro Concepts Mckinney Therapy,,",  75072",fhir_organization,"Methodist Mckinney Chiro Concepts Mckinney Therapy, 75072, US",,
NS_583f0ad2-b,,,,", NY",fhir_organization,"NY, USA",,
NS_4387733c-8,,,,", TX",fhir_organization,"TX, US",,
NS_473f7c8b-6,,,,", VA",fhir_organization,"VA, US",,
NS_c63c2ee7-5,,,,", MO",fhir_organization,"MO, US",,
NS_443bcd8f-8,,,,", IL",fhir_organization,"IL, US",,
NS_c7222ea3-0,,,,", IN",fhir_organization,"IN, US",,
NS_289454c4-2,,,,", CO",fhir_organization,"CO, US",,
NS_e389f96f-0,,Neurology Associates - Ste. Genevieve,,",  63670",fhir_organization,"Neurology Associates - Ste. Genevieve, 63670, USA",,
NS_65df95f4-d,,,,", CA",fhir_organization,"CA, USA",,
NS_e1a96d20-9,,,,", PA",fhir_organization,"PA, US",,
NS_ed668b33-0,,,,", NJ",fhir_organization,"NJ, US",,
NS_7e552536-9,,CVS/minuteclinic - Albuquerque,,",  87144",fhir_organization,"CVS/minuteclinic - Albuquerque, 87144, US",,
NS_2c183c7b-8,,,,", NC",fhir_organization,"NC, US",,
NS_d063e84f-2,,,,",",fhir_organization,,,
NS_81108397-d,,PEDS SBHC-VIRTUAL CARE,,",  29615-3530",fhir_organization,"PEDS SBHC-VIRTUAL CARE, 29615-3530, US",,
NS_55082522-1,,Northwest ENT Specialists,,",  63031",fhir_organization,"Northwest ENT Specialists, 63031, USA",,
NS_f3439ac0-5,,,,", LA",fhir_organization,"LA, US",,
NS_b27c1986-0,,,,", TX",fhir_organization,"TX, US",,
NS_e4a4cee8-d,,,,", KY",fhir_organization,"KY, USA",,
NS_5e8b2ff7-c,,,,", OH",fhir_organization,"OH, USA",,
NS_500aaf1c-1,,,,", IN",fhir_organization,"IN, USA",,
NS_ec9dcd59-0,,HCPH Health & Wellness Mobile 2 Affiliate,808 1/2 Magnolia Ave,"Crosby,  77532",fhir_organization,"HCPH Health & Wellness Mobile 2 Affiliate, 808 1/2 Magnolia Ave, Crosby, 77532, US",,
NS_c0079940-7,,,,", OH",fhir_organization,"OH, US",,
NS_04dab864-7,,,,",",fhir_organization,,,
NS_bc11e070-1,,"Haddon Renal Medical Specialists, an Affiliate of Virtua Medical",,",  08034",fhir_organization,"Haddon Renal Medical Specialists, an Affiliate of Virtua Medical Group, 08034, US",,
NS_f0e2aad1-c,,,,", WI",fhir_organization,"WI, USA",,
NS_8dbe601a-8,,,,", IL",fhir_organization,"IL, USA",,
NS_c5591603-3,,,,", AZ",fhir_organization,"AZ, USA",,
NS_33431517-9,,Sunset Hills Adult Medicine,,",  63127",fhir_organization,"Sunset Hills Adult Medicine, 63127, USA",,
NS_a1e6cc3c-5,,,,", VA",fhir_organization,"VA, US",,
NS_90c4c890-1,,,,", WI",fhir_organization,"WI, USA",,
NS_52b910fe-f,,,,", OH",fhir_organization,"OH, US",,
NS_f7d2a15e-9,,,,",",fhir_organization,,,
NS_b6c9dae8-5,,,,", MA",fhir_organization,"MA, US",,
NS_8304b1b7-1,,Midwest Neurology,,",  63131",fhir_organization,"Midwest Neurology, 63131, USA",,
NS_d4768776-6,,,,", NY",fhir_organization,"NY, US",,
NS_3591157f-9,,,,", CT",fhir_organization,"CT, US",,
NS_da2ab0fe-f,,,,", WA",fhir_organization,"WA, USA",,
NS_dcab478f-2,,,,", AR",fhir_organization,"AR, US",,
NS_fa23df2a-2,,Pacific Kidney and Hypertension (StVin),9155 Southwest Barnes Rd Suite 330,", OR 97225",fhir_organization,"Pacific Kidney and Hypertension (StVin), 9155 Southwest Barnes Rd Suite 330, OR, 97225, US",,
NS_0cbdd8b9-5,,,,", CA",fhir_organization,"CA, US",,
NS_fdab2ddd-5,,,,", KY",fhir_organization,"KY, USA",,
NS_34bfe753-f,,,,", OH",fhir_organization,"OH, USA",,
NS_53aca781-a,,,,", WV",fhir_organization,"WV, USA",,
NS_be199541-f,,,,", UT",fhir_organization,"UT, US",,
NS_0dec9a23-d,,,,",",fhir_organization,,,
NS_d062ed7f-2,,Breast Care Consultants,,",  63131",fhir_organization,"Breast Care Consultants, 63131, USA",,
NS_1c16bc4b-e,,,,", ME",fhir_organization,"ME, US",,
NS_cfe19b84-1,,,,", MT",fhir_organization,"MT, US",,
NS_59cdcbe5-6,,,,", IN",fhir_organization,"IN, US",,
NS_92a4294b-0,,,,", WA",fhir_organization,"WA, USA",,
NS_85b23090-c,,,,", LA",fhir_organization,"LA, USA",,
NS_1958a1be-b,,,,", MS",fhir_organization,"MS, USA",,
NS_2d2d6211-b,,Pacific Kidney and Hypertension (Newburg),1003 Providence Dr Suite 315,", OR 97132",fhir_organization,"Pacific Kidney and Hypertension (Newburg), 1003 Providence Dr Suite 315, OR, 97132, US",,
NS_1745109e-2,,CVS/minuteclinic - Northeastern PA,,",  18612",fhir_organization,"CVS/minuteclinic - Northeastern PA, 18612, US",,
NS_6416b12b-9,,,,",",fhir_organization,,,
NS_68be3542-a,,,,",",fhir_organization,,,
NS_66e38bf9-2,,,,", TX",fhir_organization,"TX, US",,
NS_be4f8bcf-5,,ROCKFORD MEM RIVERSIDE BLVD,,",  60153",fhir_organization,"ROCKFORD MEM RIVERSIDE BLVD, 60153, US",,
NS_9135f050-6,,,,", VA",fhir_organization,"VA, US",,
NS_aca0d04b-c,,,,", NY",fhir_organization,"NY, USA",,
NS_dec798a6-1,,,,",",fhir_organization,,,
NS_c9a84ae1-4,,,,", WY",fhir_organization,"WY, US",,
NS_34d9eb3f-0,,Harwin Refugee Clinic,7447 Harwin dr Ste 180,"Houston,  77036",fhir_organization,"Harwin Refugee Clinic, 7447 Harwin dr Ste 180, Houston, 77036, US",,
NS_78b62b0a-e,,Children's Hospital Temple Avenue,,",  23875",fhir_organization,"Children's Hospital Temple Avenue, 23875, US",,
NS_34bd57d8-8,,SRH THERAPY ORTHOPEDICS,,",  29646",fhir_organization,"SRH THERAPY ORTHOPEDICS, 29646, US",,
NS_64a6767c-8,,,,", OK",fhir_organization,"OK, US",,
NS_df2aaa29-4,,,,", IL",fhir_organization,"IL, USA",,
NS_35c5134e-a,,,,", IN",fhir_organization,"IN, USA",,
NS_9c894307-b,,,,", MI",fhir_organization,"MI, USA",,
NS_5e9bd1fd-3,,,,", MD",fhir_organization,"MD, US",,
NS_55e029c8-9,,SMG-ADVANCED SURGIAL ASSOCIATES-EDG,,",  29824-4531",fhir_organization,"SMG-ADVANCED SURGIAL ASSOCIATES-EDG, 29824-4531, US",,
NS_16dfbde4-9,,CVS/minuteclinic - Eastern Nebraska,,",  68064",fhir_organization,"CVS/minuteclinic - Eastern Nebraska, 68064, US",,
NS_84101f60-2,,,,", TX",fhir_organization,"TX, US",,
NS_e242d35d-6,,,,", CA",fhir_organization,"CA, US",,
NS_7cfa7dcd-1,,,,", WI",fhir_organization,"WI, USA",,
NS_01c4748d-9,,South Hill Commonwealth Neuro Specialists,,",  23970",fhir_organization,"South Hill Commonwealth Neuro Specialists, 23970, US",,
NS_47505814-5,,GMOP 414,,",  60305",fhir_organization,"GMOP 414, 60305, US",,
NS_2989797a-c,,The Center for Women and Children Southwest,,", TX 77036",fhir_organization,"The Center for Women and Children Southwest, TX, 77036, US",,
NS_200f92f3-2,,,,", IA",fhir_organization,"IA, USA",,
NS_5020caed-5,,,,", PA",fhir_organization,"PA, US",,
NS_ad470b6e-c,,,,", NY",fhir_organization,"NY, US",,
NS_0323f474-0,,,,", WI",fhir_organization,"WI, USA",,
NS_5542f621-8,,,,", TN",fhir_organization,"TN, USA",,
NS_0c2b0792-8,,,,", MS",fhir_organization,"MS, USA",,
NS_0e3b1624-6,,,,", TN",fhir_organization,"TN, USA",,
NS_c3964799-d,,,,", AR",fhir_organization,"AR, USA",,
NS_9538eb38-4,,,,", LA",fhir_organization,"LA, USA",,
NS_33b8a2ed-d,,,,", AK",fhir_organization,"AK, USA",,
NS_7afe23ef-a,,,,",",fhir_organization,,,
NS_79bd55c7-4,,,,", OH",fhir_organization,"OH, USA",,
NS_d9d83f5c-e,,,,", NC",fhir_organization,"NC, US",,
NS_ce73818a-2,,,,", OH",fhir_organization,"OH, US",,
NS_fb5a65ed-0,,,,", MN",fhir_organization,"MN, US",,
NS_4e859aff-f,,,,", MI",fhir_organization,"MI, USA",,
NS_f06d1447-a,,,,", OH",fhir_organization,"OH, US",,
NS_fef3801c-8,,Centegra Health System,,"Crystal Lake,  60014",fhir_organization,"Centegra Health System, Crystal Lake, 60014, USA",,
NS_1da40240-6,,Austin Affiliates,,", TX 78735",fhir_organization,"Austin Affiliates, TX, 78735, US",,
NS_e2ac2e36-4,,,,", IL",fhir_organization,"IL, US",,
NS_c9943b10-1,,,,", AZ",fhir_organization,"AZ, US",,
NS_df00364c-8,,OBGYN GREENWOOD,,",  29646-2315",fhir_organization,"OBGYN GREENWOOD, 29646-2315, US",,
NS_d59fe44a-a,,,,", WI",fhir_organization,"WI, USA",,
NS_7884e724-f,,,,", MN",fhir_organization,"MN, USA",,
NS_2c7221ba-7,,,,", SD",fhir_organization,"SD, USA",,
NS_b97d58e9-c,,,,", OH",fhir_organization,"OH, USA",,
NS_b5a79a9c-e,,,,", SC",fhir_organization,"SC, USA",,
NS_ab079dc6-6,,,,", VA",fhir_organization,"VA, USA",,
NS_cf71ddb3-5,,,,", ME",fhir_organization,"ME, USA",,
NS_2e7e5ba1-2,,,,", MI",fhir_organization,"MI, USA",,
NS_88322afa-5,,,,", NH",fhir_organization,"NH, USA",,
NS_52f2facf-a,,,,", KY",fhir_organization,"KY, USA",,
NS_1ba3756f-f,,,,", NC",fhir_organization,"NC, USA",,
NS_8926f5c2-3,,,,", IN",fhir_organization,"IN, USA",,
NS_8c011065-9,,,,", PA",fhir_organization,"PA, USA",,
NS_1e47e504-a,,"CVS/minuteclinic - Kansas City (KS, MO)",,",  64151",fhir_organization,"CVS/minuteclinic - Kansas City (KS, MO), 64151, US",,
NS_dc1a8e8f-d,,BJC Medical Group Neurology Associates - Alton,,",  62002",fhir_organization,"BJC Medical Group Neurology Associates - Alton, 62002, USA",,
NS_9f0551b8-4,,,,", CT",fhir_organization,"CT, USA",,
NS_cdc8955a-7,,,,", MA",fhir_organization,"MA, USA",,
NS_29fa107e-6,,CVS/minuteclinic - New Orleans,,",  70454",fhir_organization,"CVS/minuteclinic - New Orleans, 70454, US",,
NS_1440c46c-5,,CVS/minuteclinic - Cleveland,,",  44308",fhir_organization,"CVS/minuteclinic - Cleveland, 44308, US",,
NS_bdcbe15d-4,,,,", IL",fhir_organization,"IL, US",,
NS_6ec82e29-4,,,,",",fhir_organization,,,
NS_41d1ac1b-2,,Clayton Medical Associates,,",  63131",fhir_organization,"Clayton Medical Associates, 63131, USA",,
NS_2d823007-8,,,,", MN",fhir_organization,"MN, US",,
NS_9dc88154-f,,Solari Radiation Therapy Center,,",  23970",fhir_organization,"Solari Radiation Therapy Center, 23970, US",,
NS_86bfa5a4-0,,,,", CA",fhir_organization,"CA, US",,
NS_6f144eec-1,,,,", CA",fhir_organization,"CA, US",,
NS_f743ba89-c,,Lurie Children's at Hoffman Estates,,"Hoffman Estates,  60169",fhir_organization,"Lurie Children's at Hoffman Estates, Hoffman Estates, 60169, US",,
NS_94f59fa0-2,,,,",",fhir_organization,,,
NS_93f94d98-4,,,,", OR",fhir_organization,"OR, US",,
NS_92df4dd0-f,,,,", CA",fhir_organization,"CA, US",,
NS_e74596a3-d,,,,", TX",fhir_organization,"TX, US",,
NS_ae314001-2,,,,", IL",fhir_organization,"IL, US",,
NS_1ef051bd-f,,,,", CT",fhir_organization,"CT, US",,
NS_dca45bf1-b,,,,", OK",fhir_organization,"OK, US",,
NS_6f01ef10-1,,,,", AL",fhir_organization,"AL, US",,
NS_4483bc5d-4,,,,", NJ",fhir_organization,"NJ, US",,
NS_0090e2f9-1,,,,", WI",fhir_organization,"WI, US",,
NS_6465eab0-c,,,,", NC",fhir_organization,"NC, US",,
NS_ababb510-d,,,,", NV",fhir_organization,"NV, US",,
NS_65c00294-5,,,,", WA",fhir_organization,"WA, US",,
NS_6b59b8a8-e,,,,", IA",fhir_organization,"IA, US",,
NS_1676b84a-6,,,,", NY",fhir_organization,"NY, US",,
NS_b4239e93-d,,,,", OH",fhir_organization,"OH, US",,
NS_d64d6119-2,,,,", WY",fhir_organization,"WY, US",,
NS_8fced7af-4,,,,", ID",fhir_organization,"ID, US",,
NS_1483f9ce-6,,,,", MA",fhir_organization,"MA, US",,
NS_c191e441-b,,,,", GA",fhir_organization,"GA, US",,
NS_11785211-c,,,,", IN",fhir_organization,"IN, US",,
NS_1da5148d-c,,,,", MN",fhir_organization,"MN, US",,
NS_8870f696-b,,,,", ME",fhir_organization,"ME, US",,
NS_b51b30b3-4,,,,", SC",fhir_organization,"SC, US",,
NS_9f66d987-4,,,,", MO",fhir_organization,"MO, US",,
NS_2f258168-c,,,,", AZ",fhir_organization,"AZ, US",,
NS_f67625b5-3,,,,", CO",fhir_organization,"CO, US",,
NS_08706ca3-b,,,,", MD",fhir_organization,"MD, US",,
NS_e44e5f5f-8,,,,", PA",fhir_organization,"PA, US",,
NS_d984d2db-9,,,,", MT",fhir_organization,"MT, US",,
NS_a792a35b-3,,,,", LA",fhir_organization,"LA, US",,
NS_9461c0c8-d,,,,", KY",fhir_organization,"KY, US",,
NS_a7da2f56-6,,,,", MI",fhir_organization,"MI, US",,
NS_554fc8f4-9,,,,", AR",fhir_organization,"AR, US",,
NS_ca777b0a-e,,,,", AK",fhir_organization,"AK, US",,
NS_addc04f0-3,,,,", KS",fhir_organization,"KS, US",,
NS_61490eb3-6,,,,", TN",fhir_organization,"TN, US",,
NS_0c07d3ab-a,,,,", UT",fhir_organization,"UT, US",,
NS_1aaca800-e,,,,", NE",fhir_organization,"NE, US",,
NS_e7ca0846-b,,Prisma Health Surgical Oncology - Richland,,",  29203-6839",fhir_organization,"Prisma Health Surgical Oncology - Richland, 29203-6839, US",,
NS_e1717d88-e,,,,", IL",fhir_organization,"IL, USA",,
NS_2a034576-5,,Children's Hospital Prince George,,",  23879",fhir_organization,"Children's Hospital Prince George, 23879, US",,
NS_6dc24127-0,,,,", IN",fhir_organization,"IN, USA",,
NS_70d9ba07-9,,,,", NC",fhir_organization,"NC, US",,
NS_b120a324-e,,Family Counseling & Children's Services Waco TX,,"Waco,  76707",fhir_organization,"Family Counseling & Children's Services Waco TX, Waco, 76707, USA",,
NS_488688c9-c,,,,", NV",fhir_organization,NV,,
NS_d19c2d2b-3,,,,", CA",fhir_organization,"CA, US",,
NS_5866686a-7,,,,", CA",fhir_organization,"CA, US",,
NS_d46ad3c0-4,,CVS/minuteclinic - Baltimore/Washington DC,,",  20608",fhir_organization,"CVS/minuteclinic - Baltimore/Washington DC, 20608, US",,
NS_76f8b73d-a,,,,",",fhir_organization,,,
NS_37c07934-d,,,,", KY",fhir_organization,"KY, USA",,
NS_e9712050-7,,,,", OH",fhir_organization,"OH, USA",,
NS_7f1efd3b-0,,,,", IN",fhir_organization,"IN, USA",,
NS_242891c0-3,,,,", KS",fhir_organization,"KS, US",,
NS_b8ede9d2-4,,,,", MO",fhir_organization,"MO, US",,
NS_a9257641-6,,,,", KY",fhir_organization,"KY, USA",,
NS_f5299216-8,,,,", IN",fhir_organization,"IN, USA",,
NS_be961210-0,,,,", MI",fhir_organization,"MI, USA",,
NS_ff2e8566-4,,,,",",fhir_organization,,,
NS_6ec51df6-0,,,,", OR",fhir_organization,"OR, US",,
NS_7d45e36d-3,,,,", NY",fhir_organization,"NY, US",,
NS_41a817c5-9,,,,",",fhir_organization,,,
NS_cc91f848-d,,,,", AZ",fhir_organization,"AZ, US",,
NS_1c3663b1-2,,,,", AZ",fhir_organization,"AZ, US",,
NS_2dac9946-4,,CVS/minuteclinic - Corpus Christi,,",  77990",fhir_organization,"CVS/minuteclinic - Corpus Christi, 77990, US",,
NS_63e7f99f-5,,CVS/minuteclinic - Chattanooga,,",  37919",fhir_organization,"CVS/minuteclinic - Chattanooga, 37919, US",,
NS_7e65dd4c-c,,,,",",fhir_organization,,,
NS_98ff3f20-8,,,,",",fhir_organization,,,
NS_2ebeae4f-e,,,,",",fhir_organization,,,
NS_6a30ca25-b,,Baytown Health & Wellness,1000 Lee Drive,"Baytown,  77520",fhir_organization,"Baytown Health & Wellness, 1000 Lee Drive, Baytown, 77520, US",,
NS_a8468edf-7,,SMG FAMILY HEALTHCARE - CORONACA,,",  29649-8748",fhir_organization,"SMG FAMILY HEALTHCARE - CORONACA, 29649-8748, US",,
NS_4a62e9d6-c,,,,",",fhir_organization,,,
NS_8afc8056-0,,,,", PA",fhir_organization,"PA, US",,
NS_91869ab3-6,,,,", WI",fhir_organization,WI,,
NS_11da5e51-c,,,,", IL",fhir_organization,IL,,
NS_4e8871d4-a,,,,", CO",fhir_organization,"CO, USA",,
NS_fcd2f7e3-2,,,,", TX",fhir_organization,"TX, US",,
NS_2d57adf5-3,,MIDMICHIGAN HEALTH,4000 Wellness Drive,"Midland,  48640-2000",fhir_organization,"MIDMICHIGAN HEALTH, 4000 Wellness Drive, Midland, 48640-2000, US",,
NS_e720e41f-5,,,,",",fhir_organization,,,
NS_366c270f-2,,,,", IN",fhir_organization,"IN, US",,
NS_50b45c93-a,,,,", IL",fhir_organization,"IL, US",,
NS_19baf808-b,,,,", TX",fhir_organization,"TX, US",,
NS_8e3db6e6-9,,,,", FL",fhir_organization,"FL, USA",,
NS_54df5432-e,,,,", GA",fhir_organization,"GA, USA",,
NS_bd32c72e-3,,,,", CA",fhir_organization,"CA, US",,
NS_ce0460c1-f,,,,", OK",fhir_organization,"OK, US",,
NS_365c2e99-9,,,,",",fhir_organization,,,
NS_2423b461-e,,,,",",fhir_organization,,,
NS_f61fbcd8-1,,Nephrology Services of Self Medical Group,,",  29646-3833",fhir_organization,"Nephrology Services of Self Medical Group, 29646-3833, US",,
NS_2a973750-9,,,,", CA",fhir_organization,"CA, USA",,
NS_eecb0c6f-1,,CVS/minuteclinic - Northern Indiana,,",  46526",fhir_organization,"CVS/minuteclinic - Northern Indiana, 46526, US",,
NS_39df9815-2,,,,", CA",fhir_organization,"CA, USA",,
NS_30f945a6-4,,,,", MO",fhir_organization,"MO, US",,
NS_11778f0f-6,,,,", FL",fhir_organization,"FL, US",,
NS_00c6c014-9,,,,", WI",fhir_organization,"WI, USA",,
NS_95793cd8-c,,,,", NY",fhir_organization,"NY, US",,
NS_6e0f900b-a,,Harris County Public Health Diabetes Prevention Program,"7457 Harwin Dr, Suite #324","Houston,  77036",fhir_organization,"Harris County Public Health Diabetes Prevention Program, 7457 Harwin Dr, Suite #324, Houston, 77036, US",,
NS_9f3d1c24-8,,CVS/minuteclinic - Southern Minnesota,,",  55356",fhir_organization,"CVS/minuteclinic - Southern Minnesota, 55356, US",,
NS_59578440-c,,,,", MI",fhir_organization,"MI, US",,
NS_38e31aa4-a,,,,", MT",fhir_organization,"MT, USA",,
NS_fe819a73-d,,,,", CA",fhir_organization,"CA, USA",,
NS_b73b8cad-0,,,,", GA",fhir_organization,"GA, US",,
NS_d36a0de1-9,,,,", PR",fhir_organization,"PR, US",,
NS_9befa263-c,,,,", OR",fhir_organization,"OR, US",,
NS_b13fa4f1-c,,,,", TX",fhir_organization,"TX, US",,
NS_dbc6de8e-c,,SMG-FAMILY HEALTHCARE-CLINTONPC,,",  29325-0000",fhir_organization,"SMG-FAMILY HEALTHCARE-CLINTONPC, 29325-0000, US",,
NS_c9dc2840-4,,The Heart Care Group - Florissant,,",  63031",fhir_organization,"The Heart Care Group - Florissant, 63031, USA",,
NS_a6b9bdaf-9,,Sixteenth Street Community Health Centers - SSCHC CARMEN SBHC,,",  53207-1146",fhir_organization,"Sixteenth Street Community Health Centers - SSCHC CARMEN SBHC, 53207-1146, US",,
NS_bf2d88ed-c,,,,", TX",fhir_organization,"TX, US",,
NS_e12d1aa4-4,,,,", CA",fhir_organization,"CA, US",,
NS_83cb71be-f,,,,", WA",fhir_organization,"WA, US",,
NS_942acf21-c,,,,", OR",fhir_organization,"OR, US",,
NS_67b232aa-e,,,,", CO",fhir_organization,"CO, USA",,
NS_5280812d-f,,,,",",fhir_organization,,,
NS_3e57bcae-1,,,,", PA",fhir_organization,"PA, US",,
NS_f60d31c3-e,,,,", NJ",fhir_organization,"NJ, US",,
NS_6380da7b-b,,MyMichigan Medical Center - West Branch,"2463 S M-30
West Branch, MI","West Branch,  48661",fhir_organization,"MyMichigan Medical Center - West Branch, 2463 S M-30
West Branch, MI, West Branch, 48661, US",,
NS_a3a54841-9,,,,",",fhir_organization,,,
NS_b6549b17-9,,,,", MI",fhir_organization,"MI, US",,
NS_ad81682a-a,,,,",",fhir_organization,,,
NS_82f47a81-3,,,,", IA",fhir_organization,"IA, US",,
NS_b8b722dd-2,,HHH Reed Family Clinic,2605 Reed St,"Houston,  77051",fhir_organization,"HHH Reed Family Clinic, 2605 Reed St, Houston, 77051, US",,
NS_e3db120f-0,,,,",",fhir_organization,,,
NS_6bacdd2a-0,,,,", MN",fhir_organization,"MN, USA",,
NS_91d65cd4-c,,,,", GA",fhir_organization,"GA, US",,
NS_a477432d-2,,,,", GA",fhir_organization,"GA, US",,
NS_c0f823b5-6,,,,",",fhir_organization,,,
NS_49ac50d1-6,,,,", IN",fhir_organization,"IN, USA",,
NS_9f9170f9-3,,,,", WA",fhir_organization,"WA, USA",,
NS_8321611f-6,,Texas Children's Pediatrics Grand Parkway,,", TX 77479",fhir_organization,"Texas Children's Pediatrics Grand Parkway, TX, 77479, US",,
NS_a873d897-1,,,,", OH",fhir_organization,"OH, US",,
NS_9993f8d5-b,,,,", GA",fhir_organization,"GA, US",,
NS_dde77725-6,,,,", FL",fhir_organization,"FL, US",,
NS_51f02fdb-0,,,,", RI",fhir_organization,"RI, US",,
NS_eb4bde2d-f,,,,", NC",fhir_organization,"NC, US",,
NS_40724368-0,,,,", SC",fhir_organization,"SC, US",,
NS_1cbec947-1,,,,", CA",fhir_organization,"CA, US",,
NS_e471df47-7,,,,", NV",fhir_organization,"NV, US",,
NS_10454204-0,,CVS/minuteclinic - Columbus,,",  43081",fhir_organization,"CVS/minuteclinic - Columbus, 43081, US",,
NS_42d03894-9,,,,", NV",fhir_organization,"NV, USA",,
NS_c8e79fe2-a,,,,", CA",fhir_organization,"CA, USA",,
NS_ff080485-5,,,,", MN",fhir_organization,"MN, USA",,
NS_24e75929-6,,,,", NY",fhir_organization,"NY, US",,
NS_c8035029-d,,,,", FL",fhir_organization,"FL, USA",,
NS_d5ec313e-6,,,,", GA",fhir_organization,"GA, USA",,
NS_b17c0474-b,,,,", TN",fhir_organization,"TN, US",,
NS_631f13ad-b,,,,", MO",fhir_organization,"MO, US",,
NS_a93cc5b9-1,,,,", PA",fhir_organization,"PA, US",,
NS_4d8f21d9-b,,,,", WI",fhir_organization,"WI, US",,
NS_52b16492-e,,,,", CA",fhir_organization,"CA, US",,
NS_50613220-9,,,,", MN",fhir_organization,"MN, US",,
NS_7997aabd-4,,Southeast Tuberculosis Clinic-Affiliate,3737 Red Bluff Road,"Pasadena,  77503",fhir_organization,"Southeast Tuberculosis Clinic-Affiliate, 3737 Red Bluff Road, Pasadena, 77503, US",,
NS_fbc52448-7,,Virtua Medical Group,,",  08043",fhir_organization,"Virtua Medical Group, 08043, US",,
NS_1b44d46a-f,,,,", WI",fhir_organization,"WI, USA",,
NS_8c30819b-5,,,,", TX",fhir_organization,"TX, US",,
NS_a09351e2-c,,,,",",fhir_organization,,,
NS_34b66230-e,,,,", TX",fhir_organization,"TX, US",,
NS_5ed8d29f-a,,SMG-WESTERN CAROLINA PSYCHIATRIC ASSOCIATES LAURENS,,",  29360-8439",fhir_organization,"SMG-WESTERN CAROLINA PSYCHIATRIC ASSOCIATES LAURENS, 29360-8439, US",,
NS_b955064b-a,,,,",",fhir_organization,,,
NS_eae04d1a-d,,,,", MA",fhir_organization,"MA, US",,
NS_db4a1332-6,,CVS/minuteclinic - Richmond/Norfolk Areas,,",  23185",fhir_organization,"CVS/minuteclinic - Richmond/Norfolk Areas, 23185, US",,
NS_f520041c-b,,,,",",fhir_organization,,,
NS_09e76ae1-a,,CVS/minuteclinic - Atlanta,,", GA 30236",fhir_organization,"CVS/minuteclinic - Atlanta, GA, 30236, US",,
NS_7e0e15ad-0,,,,", OH",fhir_organization,"OH, USA",,
NS_47fe3772-9,,Medical Arts Allergy Clinic,,",  63640",fhir_organization,"Medical Arts Allergy Clinic, 63640, USA",,
NS_82284661-3,,,,", CA",fhir_organization,"CA, US",,
NS_4c5d5c2d-b,,,,", CA",fhir_organization,"CA, US",,
NS_dbd99a26-f,,,,", FL",fhir_organization,"FL, US",,
NS_2a967736-3,,,,", CA",fhir_organization,"CA, US",,
NS_c0c566c0-3,,,,", DE",fhir_organization,"DE, US",,
NS_83995fd6-5,,Burbon Clinic,,",  65441",fhir_organization,"Burbon Clinic, 65441, USA",,
NS_758dc039-3,,,,", WA",fhir_organization,"WA, USA",,
NS_6e01069e-b,,Chase City Primary Care Center,,",  23924",fhir_organization,"Chase City Primary Care Center, 23924, US",,
NS_0f63d9e0-4,,,,", OR",fhir_organization,"OR, US",,
NS_c2c496f8-3,,,,", WA",fhir_organization,"WA, US",,
NS_2bdcc994-3,,,,", CA",fhir_organization,"CA, USA",,
NS_875a5d54-c,,,,", OR",fhir_organization,"OR, USA",,
NS_46e3ad9e-7,,,,", TX",fhir_organization,"TX, USA",,
NS_a7f91519-3,,,,", WA",fhir_organization,"WA, USA",,
NS_539ecc34-a,,Lawrenceville Primary Care,,",  23868",fhir_organization,"Lawrenceville Primary Care, 23868, US",,
NS_967e8d9b-1,,Sherwood Avenue Pavilion,,",  23220",fhir_organization,"Sherwood Avenue Pavilion, 23220, US",,
NS_21d5ae55-d,,,,", MN",fhir_organization,"MN, US",,
NS_86578419-d,,,,", IN",fhir_organization,"IN, USA",,
NS_24b2dcb3-3,,The Heart Care Group - Maryville,,",  62062",fhir_organization,"The Heart Care Group - Maryville, 62062, USA",,
NS_a4aceb98-2,,,,",",fhir_organization,,,
NS_74f4a6a3-b,,,,",",fhir_organization,,,
NS_713ef5a0-f,,,,", WA",fhir_organization,"WA, US",,
NS_97eea4e8-6,,,,",",fhir_organization,,,
NS_b7bcfd1d-d,,,,", SD",fhir_organization,"SD, US",,
NS_aaf86846-2,,,,", OR",fhir_organization,"OR, USA",,
NS_c87c9f48-8,,BJC Medical Group at Progress West 2,,",  63368",fhir_organization,"BJC Medical Group at Progress West 2, 63368, USA",,
NS_cdf97513-2,,,,",",fhir_organization,,,
NS_0161a0bd-3,,Alton Internal Medicine,"2 Memorial Drive
Suite 220",", IL 62002",fhir_organization,"Alton Internal Medicine, 2 Memorial Drive
Suite 220, IL, 62002, USA",,
NS_14bcabfa-e,,Novant,,",  28204",fhir_organization,"Novant, 28204, US",,
NS_fc066d34-9,,,,", OH",fhir_organization,"OH, USA",,
NS_de161518-0,,,,", IN",fhir_organization,"IN, USA",,
NS_c2ad5f62-b,,,,", KY",fhir_organization,"KY, USA",,
NS_def97721-2,,SMG LIFEstyle Clinic,,",  29646-3843",fhir_organization,"SMG LIFEstyle Clinic, 29646-3843, US",,
NS_2697b8bf-c,,MACNEAL BERWYN EUCLID,,",  60160",fhir_organization,"MACNEAL BERWYN EUCLID, 60160, US",,
NS_a449848a-e,,,,",",fhir_organization,,,
NS_844cc3b1-3,,,,",",fhir_organization,,,
NS_02fa9552-8,,CVS/minuteclinic - Reno Area,,",  89508",fhir_organization,"CVS/minuteclinic - Reno Area, 89508, US",,
NS_4fd1b0d9-a,,,,", CT",fhir_organization,"CT, US",,
NS_07de6c92-1,,BJC Medical Group Cardiology - St. Peters,,",  63640",fhir_organization,"BJC Medical Group Cardiology - St. Peters, 63640, USA",,
NS_e56f8d63-4,,Contemporary Womens Healthcare,,",  63131",fhir_organization,"Contemporary Womens Healthcare, 63131, USA",,
NS_a08d3bb4-a,,,,", NC",fhir_organization,"NC, US",,
NS_3b3dd7ab-1,,,,",",fhir_organization,,,
NS_a33dab86-1,,,,", SD",fhir_organization,"SD, US",,
NS_ed266b9c-f,,,,", WA",fhir_organization,"WA, USA",,
NS_4ca40cc6-0,,,,", MD",fhir_organization,"MD, US",,
NS_920d2a6c-e,,,,", CO",fhir_organization,"CO, USA",,
NS_63afdd10-5,,,,", WY",fhir_organization,"WY, USA",,
NS_6153a91a-f,,,,", NE",fhir_organization,"NE, USA",,
NS_e22ca68f-9,,,,", NM",fhir_organization,"NM, USA",,
NS_c2718ddf-4,,,,", FL",fhir_organization,"FL, US",,
NS_0617e59e-8,,,,", NY",fhir_organization,"NY, US",,
NS_f3a6ea5c-9,,,,",",fhir_organization,,,
NS_769998c6-c,,,,", NM",fhir_organization,"NM, US",,
NS_3da3d75c-a,,,,", NC",fhir_organization,"NC, US",,
NS_89981324-2,,,,",",fhir_organization,,,
NS_31c984c9-6,,,,", MI",fhir_organization,"MI, US",,
NS_a742957f-a,,,,", ND",fhir_organization,"ND, USA",,
NS_8d10834d-0,,Brockton Neighborhood Health Center,63 Main Street,"Brockton,  02301",fhir_organization,"Brockton Neighborhood Health Center, 63 Main Street, Brockton, 02301, US",,
NS_390c351c-3,,,,", OH",fhir_organization,"OH, US",,
NS_348d7da2-9,,,,",",fhir_organization,,,
NS_a7e3aeff-3,,,,", MN",fhir_organization,"MN, US",,
NS_4326e0fd-b,,,,", WI",fhir_organization,"WI, US",,
NS_6a331c8c-d,,,,", MI",fhir_organization,"MI, US",,
NS_de444de0-6,,Midwest Neurology,,",  63131",fhir_organization,"Midwest Neurology, 63131, USA",,
NS_535a1b84-5,,Gardner Health Services - GHS Gardner Packard Children's Center,,",  94027-3811",fhir_organization,"Gardner Health Services - GHS Gardner Packard Children's Center, 94027-3811, US",,
NS_aa017a32-d,,,,",",fhir_organization,,,
NS_c430d138-c,,,,", IN",fhir_organization,"IN, US",,
NS_ceb1de95-a,,HCSOJ JA09 1200 BAKER-AFFILIATE,1200 Baker St,"Houston,  77002",fhir_organization,"HCSOJ JA09 1200 BAKER-AFFILIATE, 1200 Baker St, Houston, 77002, US",,
NS_1f47e81c-8,,,,", OH",fhir_organization,"OH, USA",,
NS_e5a5d09d-8,,,,", OR",fhir_organization,"OR, US",,
NS_48411075-6,,Plastic and Reconstructive Surgery at Forest Avenue,,",  23226",fhir_organization,"Plastic and Reconstructive Surgery at Forest Avenue, 23226, US",,
NS_37ad7d48-1,,,,", IA",fhir_organization,"IA, US",,
NS_77f4467f-5,,,,", PA",fhir_organization,"PA, US",,
NS_14ea5754-3,,Boone Medical Group - Surgery,,",  65201",fhir_organization,"Boone Medical Group - Surgery, 65201, USA",,
NS_1e8a5718-e,,,,", WV",fhir_organization,"WV, US",,
NS_c5870a96-7,,,,", OH",fhir_organization,"OH, US",,
NS_01047a4a-5,,,,", KY",fhir_organization,"KY, US",,
NS_6f647a4c-9,,,,", FL",fhir_organization,"FL, US",,
NS_7d68f284-a,,Dallas County Health and Human Services,,",  75207",fhir_organization,"Dallas County Health and Human Services, 75207, US",,
NS_f61c5348-8,,,,",",fhir_organization,,,
NS_8056ef21-7,,,,", HI",fhir_organization,"HI, USA",,
NS_cb8f098c-0,,,,", OK",fhir_organization,"OK, US",,
NS_37c49337-8,,SMG-EXPRESS CARE LAURENS,,",  29360-8439",fhir_organization,"SMG-EXPRESS CARE LAURENS, 29360-8439, US",,
NS_073e0821-a,,,,", CA",fhir_organization,"CA, US",,
NS_9dfc31b9-c,,,,", MT",fhir_organization,"MT, US",,
NS_74443bf5-d,,Evangelical Community Hospital,,",  17837",fhir_organization,"Evangelical Community Hospital, 17837, USA",,
NS_34e08935-7,,,,", IL",fhir_organization,"IL, US",,
NS_f90dfcf6-2,,,,", IL",fhir_organization,"IL, US",,
NS_af06a65a-6,,,,", NV",fhir_organization,"NV, US",,
NS_b7f57298-8,,,,", CA",fhir_organization,"CA, US",,
NS_2bd8f691-c,,,,",",fhir_organization,,,
NS_520af0f3-3,,Steelville Clinic,,",  65565",fhir_organization,"Steelville Clinic, 65565, USA",,
NS_5dbb9b70-3,,CVS/minuteclinic - Seattle,,",  98204",fhir_organization,"CVS/minuteclinic - Seattle, 98204, US",,
NS_d92beb70-6,,,,",",fhir_organization,,,
NS_75eb2687-2,,,,", SC",fhir_organization,"SC, US",,
NS_1be01de4-2,,,,", NC",fhir_organization,"NC, US",,
NS_90d01fae-c,,,,", NC",fhir_organization,"NC, US",,
NS_4c760e39-8,,,,", CA",fhir_organization,"CA, US",,
NS_1bacfece-5,,,,", OR",fhir_organization,"OR, US",,
NS_cae2b3e0-d,,CHILDRENS HEALTH ROCKWALL,1005 W. RALPH HALL PARKWAY #233,"ROCKWALL,  75032",fhir_organization,"CHILDRENS HEALTH ROCKWALL, 1005 W. RALPH HALL PARKWAY #233, ROCKWALL, 75032, US",,
NS_dbc3aab5-a,,,,", TX",fhir_organization,"TX, US",,
NS_5c23fea7-c,,,,", NY",fhir_organization,"NY, US",,
NS_79e403a7-8,,,,", CA",fhir_organization,"CA, USA",,
NS_2cc14a1d-9,,,,", NC",fhir_organization,"NC, USA",,
NS_0895abc6-e,,,,", VA",fhir_organization,"VA, USA",,
NS_a3e3f216-0,,,,", IN",fhir_organization,"IN, USA",,
NS_a0178887-3,,SMG OCCUPATIONAL MEDICINE LRNS,,",  29360-8460",fhir_organization,"SMG OCCUPATIONAL MEDICINE LRNS, 29360-8460, US",,
NS_b4ff6000-4,,,,",",fhir_organization,,,
NS_099aa261-5,,,,", IL",fhir_organization,"IL, US",,
NS_29c461c2-2,,,,",",fhir_organization,,,
NS_422dfa65-d,,,,", FL",fhir_organization,"FL, US",,
NS_93967bc7-8,,,,", CA",fhir_organization,"CA, US",,
NS_725ed5ef-9,,,,", MT",fhir_organization,"MT, USA",,
NS_2b2d17c5-4,,HHH Caroline Street Clinic,1934 Caroline St,"Houston,  77002",fhir_organization,"HHH Caroline Street Clinic, 1934 Caroline St, Houston, 77002, US",,
NS_785a860f-3,,Cambridge Family Health Center,35 Gilbert St,", NY 12816",fhir_organization,"Cambridge Family Health Center, 35 Gilbert St, NY, 12816, US",,
NS_3b2df822-b,,,,", WA",fhir_organization,"WA, USA",,
NS_1340519d-6,,,,", MN",fhir_organization,"MN, US",,
NS_da1cae9f-e,,,,", SD",fhir_organization,"SD, US",,
NS_576325ec-b,,Loyola Center for Children's Health at Oakbrook Terrace,,",  46545",fhir_organization,"Loyola Center for Children's Health at Oakbrook Terrace, 46545, US",,
NS_6bedd7c1-5,,Bladen Medical Associates - Bladenboro,1106 West Seaboard Street,"Bladenboro,  28320-6985",fhir_organization,"Bladen Medical Associates - Bladenboro, 1106 West Seaboard Street, Bladenboro, 28320-6985, US",,
NS_a31156ee-4,,Sunset Hills Adult Medicine - Festus,,",  63028",fhir_organization,"Sunset Hills Adult Medicine - Festus, 63028, USA",,
NS_098e7829-f,,Lurie Children's at La Rabida,,"Chicago,  60649",fhir_organization,"Lurie Children's at La Rabida, Chicago, 60649, US",,
NS_e5b32c74-b,,,,", MI",fhir_organization,"MI, US",,
NS_22ab3861-9,,,,", WA",fhir_organization,"WA, USA",,
NS_081c0d29-4,,,,", WI",fhir_organization,"WI, US",,
NS_adbf823b-b,,,,", CT",fhir_organization,"CT, US",,
NS_68217b98-a,,,,", TX",fhir_organization,"TX, US",,
NS_f47dd6ae-5,,,,", MS",fhir_organization,"MS, US",,
NS_ec55438d-7,,,,", AZ",fhir_organization,"AZ, US",,
NS_d581847a-4,,,,", FL",fhir_organization,"FL, US",,
NS_ea3a6874-5,,,,", AL",fhir_organization,"AL, US",,
NS_71119174-6,,,,", GA",fhir_organization,"GA, US",,
NS_0c849a36-1,,,,", MD",fhir_organization,"MD, US",,
NS_4e8f1fec-3,,,,", IA",fhir_organization,"IA, US",,
NS_78140573-b,,,,", IL",fhir_organization,"IL, US",,
NS_2cb05587-0,,,,", NJ",fhir_organization,"NJ, US",,
NS_40043b16-3,,,,", TN",fhir_organization,"TN, US",,
NS_517e8668-e,,,,", DC",fhir_organization,"DC, US",,
NS_563649e2-c,,,,", VA",fhir_organization,"VA, US",,
NS_245b51c7-0,,,,", NC",fhir_organization,"NC, US",,
NS_f631c2c1-0,,,,", IN",fhir_organization,"IN, US",,
NS_e1ace224-b,,,,", VT",fhir_organization,"VT, US",,
NS_162b663f-6,,,,", PA",fhir_organization,"PA, US",,
NS_6e33d34d-3,,,,", RI",fhir_organization,"RI, US",,
NS_a809d60d-3,,,,", NY",fhir_organization,"NY, US",,
NS_ab6f5abb-5,,,,", CA",fhir_organization,"CA, US",,
NS_9602d070-e,,,,", MO",fhir_organization,"MO, US",,
NS_63dc5cf9-2,,,,", SC",fhir_organization,"SC, US",,
NS_4b9ab987-a,,,,", MI",fhir_organization,"MI, US",,
NS_605eff4f-b,,,,", KS",fhir_organization,"KS, US",,
NS_3dcf033c-7,,,,", LA",fhir_organization,"LA, US",,
NS_77842c2c-9,,,,", OK",fhir_organization,"OK, US",,
NS_c33efc14-9,,,,", MN",fhir_organization,"MN, US",,
NS_0fc9464b-1,,,,", NC",fhir_organization,"NC, US",,
NS_c4d43044-6,,,,", OR",fhir_organization,"OR, US",,
NS_12035d91-0,,,,", OR",fhir_organization,"OR, USA",,
NS_c4149ae9-c,,,,", AL",fhir_organization,"AL, US",,
NS_491ed5af-3,,CVS/minuteclinic - Western NC and SC,,",  28792",fhir_organization,"CVS/minuteclinic - Western NC and SC, 28792, US",,
NS_d18b98c1-3,,,,", CA",fhir_organization,"CA, US",,
NS_38dc57d0-2,,,,",",fhir_organization,,,
NS_80080348-8,,,,", OR",fhir_organization,"OR, US",,
NS_9df0f187-4,,,,", MS",fhir_organization,"MS, USA",,
NS_ba2f5d92-e,,,,", MN",fhir_organization,"MN, US",,
NS_b051f6a8-b,,,,", WA",fhir_organization,"WA, USA",,
NS_af94d34d-a,,,,", CA",fhir_organization,"CA, US",,
NS_07cba700-5,,,,", WA",fhir_organization,"WA, US",,
NS_a971f4f8-b,,,,", OR",fhir_organization,"OR, US",,
NS_a6e7d5d2-b,,Texas Children's Pediatrics Cypress,,", TX 77433",fhir_organization,"Texas Children's Pediatrics Cypress, TX, 77433, US",,
NS_7c2fd18a-9,,,,", TX",fhir_organization,"TX, US",,
NS_fefd2c7c-0,,,,", TX",fhir_organization,"TX, US",,
NS_64fc5bfe-4,,,,",",fhir_organization,,,
NS_84775aed-e,,HCPH Riley Chambers Care Center-Affiliate,808 1/2 Magnolia Ave,"Crosby,  77532",fhir_organization,"HCPH Riley Chambers Care Center-Affiliate, 808 1/2 Magnolia Ave, Crosby, 77532, US",,
NS_92cf63a4-b,,Gardner Health Services - GHS Proyecto Primavera,,",  95112-6192",fhir_organization,"Gardner Health Services - GHS Proyecto Primavera, 95112-6192, US",,
NS_13654438-a,,,,", FL",fhir_organization,"FL, US",,
NS_9cf9468b-c,,,,", IN",fhir_organization,"IN, US",,
NS_45596c6c-3,,,,", CA",fhir_organization,"CA, US",,
NS_824fcb6a-6,,,,", AZ",fhir_organization,"AZ, US",,
NS_78305fda-2,,,,", MI",fhir_organization,"MI, US",,
NS_2b4103bf-d,,,,",",fhir_organization,,,
NS_f70a0461-8,,,,", OR",fhir_organization,"OR, USA",,
NS_a2a4929d-7,,,,", CA",fhir_organization,"CA, US",,
NS_ee5b25fb-1,,Gardner Health Services - GHS Gardner Health Center,,",  95112-5844",fhir_organization,"Gardner Health Services - GHS Gardner Health Center, 95112-5844, US",,
NS_6a8f0c8a-b,,,,", CO",fhir_organization,"CO, US",,
NS_6a5b1267-8,,,,", OH",fhir_organization,"OH, USA",,
NS_a923904d-a,,CVS/minuteclinic - Las Vegas Area,,",  89149",fhir_organization,"CVS/minuteclinic - Las Vegas Area, 89149, US",,
NS_cc534344-a,,,,", ND",fhir_organization,"ND, USA",,
NS_55189269-f,,,,", MN",fhir_organization,"MN, USA",,
NS_db44a540-c,,,,", WI",fhir_organization,"WI, US",,
NS_c27701e4-2,,Texas Children's Pediatrics College Station,,", TX 77845",fhir_organization,"Texas Children's Pediatrics College Station, TX, 77845, US",,
NS_79e12ae9-5,,,,", OH",fhir_organization,"OH, US",,
NS_89a08df6-2,,,,",",fhir_organization,,,
NS_9f12652b-0,,Montefiore Hutchinson Campus,,", NY 10461",fhir_organization,"Montefiore Hutchinson Campus, NY, 10461, US",,
NS_dd3f16ed-5,,,,",",fhir_organization,,,
NS_579b5a92-9,,Methodist Charlton Family Medicine Center,3500 W. Wheatland Road,"Dallas,  75237",fhir_organization,"Methodist Charlton Family Medicine Center, 3500 W. Wheatland Road, Dallas, 75237, US",,
NS_e7a59472-7,,,,",",fhir_organization,,,
NS_be6b6e83-d,,Family Practice Center Waco TX,,"Waco,  76707",fhir_organization,"Family Practice Center Waco TX, Waco, 76707, USA",,
NS_5a3290b6-9,,,,", AK",fhir_organization,"AK, USA",,
NS_5b67d5fa-3,,,,", OH",fhir_organization,"OH, USA",,
NS_097cd635-a,,,,", WA",fhir_organization,"WA, US",,
NS_0773d287-9,,,,",",fhir_organization,,,
NS_cee33118-8,,,,", MO",fhir_organization,"MO, US",,
NS_c7bac511-3,,,,", SD",fhir_organization,"SD, US",,
NS_0c74cc0f-2,,CVS/minuteclinic - Cincinnati,,",  45066",fhir_organization,"CVS/minuteclinic - Cincinnati, 45066, US",,
NS_1156f863-b,,,,", AL",fhir_organization,"AL, US",,
NS_de4df80b-2,,KP Colorado,,",  80011",fhir_organization,"KP Colorado, 80011, USA",,
NS_eaf4e98d-d,,,,", AL",fhir_organization,"AL, US",,
NS_64dcbce1-6,,,,", CA",fhir_organization,"CA, US",,
NS_07834c0c-1,,Wheaton Franciscan Healthcare,,",  53212",fhir_organization,"Wheaton Franciscan Healthcare, 53212, USA",,
NS_58c54b97-b,,,,", TX",fhir_organization,"TX, US",,
NS_be1ae42e-6,,,,", MN",fhir_organization,"MN, US",,
NS_9d568d5a-0,,SMG-ADVANCED VASCULAR ASSOCIATES LAURENS,,",  29325-7530",fhir_organization,"SMG-ADVANCED VASCULAR ASSOCIATES LAURENS, 29325-7530, US",,
NS_a0ced8ee-b,,,,", TN",fhir_organization,"TN, USA",,
NS_c1ce6a38-8,,Humble CHP Clinic,1730 Humble Place Drive,"Humble,  77338",fhir_organization,"Humble CHP Clinic, 1730 Humble Place Drive, Humble, 77338, US",,
NS_b3710196-c,,,,",",fhir_organization,,,
NS_d0139aee-2,,,,", KY",fhir_organization,"KY, USA",,
NS_b8caca77-f,,,,", OH",fhir_organization,"OH, USA",,
NS_73dd0064-3,,,,", IN",fhir_organization,"IN, USA",,
NS_34cd97a0-1,,,,", MT",fhir_organization,"MT, USA",,
NS_99d5bcbd-5,,,,", CA",fhir_organization,"CA, US",,
NS_def50b33-8,,,,", FL",fhir_organization,"FL, US",,
NS_c25983b7-4,,,,", NC",fhir_organization,"NC, US",,
NS_93848441-c,,,,", SC",fhir_organization,"SC, US",,
NS_7ec95682-2,,,,", VA",fhir_organization,"VA, US",,
NS_7ed2c217-a,,,,", NE",fhir_organization,"NE, USA",,
NS_d96bf510-6,,,,", MO",fhir_organization,"MO, USA",,
NS_8f528fa3-6,,,,", IA",fhir_organization,"IA, USA",,
NS_d4257a6b-a,,,,", IL",fhir_organization,"IL, US",,
NS_b7c4ca29-5,,LOYOLA HOSPITAL,,",  60402",fhir_organization,"LOYOLA HOSPITAL, 60402, US",,
NS_0d572b0f-5,,,,", OK",fhir_organization,"OK, US",,
NS_efcce958-9,,,,", TN",fhir_organization,"TN, USA",,
NS_08525fbc-b,,Texas Childrens Urgent Care Westgate,,", TX 78745",fhir_organization,"Texas Childrens Urgent Care Westgate, TX, 78745, US",,
NS_4c0917c0-5,,,,",",fhir_organization,,,
NS_17cefcca-b,,Associated Internists,,",  63131",fhir_organization,"Associated Internists, 63131, USA",,
NS_aaf71d3e-e,,Internal Medicine Specialists,,",  63131",fhir_organization,"Internal Medicine Specialists, 63131, USA",,
NS_c06445b0-d,,Montefiore Mount Vernon Hospital,12 NORTH SEVENTH AVENUE,", NY 10550",fhir_organization,"Montefiore Mount Vernon Hospital, 12 NORTH SEVENTH AVENUE, NY, 10550, US",,
NS_a7f4168c-8,,Pacific Kidney and Hypertension (MtHood),"24900 SE STARK ST.,STE. 206",", OR 97030",fhir_organization,"Pacific Kidney and Hypertension (MtHood), 24900 SE STARK ST.,STE. 206, OR, 97030, US",,
NS_c6c3ec1b-4,,,,", WA",fhir_organization,"WA, US",,
NS_dcd9d1e6-1,,,,", NM",fhir_organization,"NM, USA",,
NS_bb75770b-e,,,,", TX",fhir_organization,"TX, USA",,
NS_3637c6aa-d,,,,", LA",fhir_organization,"LA, USA",,
NS_29f44ee7-b,,,,", AR",fhir_organization,"AR, USA",,
NS_f6fe7d5e-4,,Loyola Center for Health at Orland Park,,",  60402",fhir_organization,"Loyola Center for Health at Orland Park, 60402, US",,
NS_2e0f8552-b,,,,", OH",fhir_organization,"OH, US",,
NS_8312e194-f,,HHH Cathedral Clinic,1212 Prairie,"Houston,  77002",fhir_organization,"HHH Cathedral Clinic, 1212 Prairie, Houston, 77002, US",,
NS_424dc5aa-6,,,,",",fhir_organization,,,
NS_ea2235d0-8,,,,", TX",fhir_organization,"TX, US",,
NS_fa8a0f5c-7,,Clayton Medical Associates,,",  63131",fhir_organization,"Clayton Medical Associates, 63131, USA",,
NS_75ba9de1-9,,Town and Country Perinatology,,",  63131",fhir_organization,"Town and Country Perinatology, 63131, USA",,
NS_a298d7af-f,,,,", OH",fhir_organization,"OH, US",,
NS_8a59a9d1-6,,Neurology Associates of SJ an Affiliate of Virtua Medical Group,,",  08043",fhir_organization,"Neurology Associates of SJ an Affiliate of Virtua Medical Group, 08043, US",,
NS_25bc8602-6,,,,", WA",fhir_organization,"WA, USA",,
NS_0b076fdb-3,,,,",",fhir_organization,,,
NS_3215cea3-a,,,,", NY",fhir_organization,"NY, usa",,
NS_703e9beb-c,,,,", SC",fhir_organization,"SC, US",,
NS_dded6452-7,,,,", MN",fhir_organization,"MN, US",,
NS_73f51ae3-9,,,,", LA",fhir_organization,"LA, US",,
NS_921b5216-2,,,,", OH",fhir_organization,"OH, US",,
NS_107671cb-e,,,,", VA",fhir_organization,"VA, US",,
NS_1af52109-c,,,,", FL",fhir_organization,"FL, US",,
NS_80ea36b6-0,,,,", MO",fhir_organization,"MO, US",,
NS_424f970d-d,,,,", KY",fhir_organization,"KY, US",,
NS_36e2fffd-8,,,,", IL",fhir_organization,"IL, US",,
NS_d951f8d4-b,,,,", MI",fhir_organization,"MI, US",,
NS_2a47a402-0,,,,", MS",fhir_organization,"MS, US",,
NS_0cbf9c7c-6,,,,", TX",fhir_organization,"TX, US",,
NS_408e6058-3,,,,", TN",fhir_organization,"TN, US",,
NS_4091e965-6,,,,", OK",fhir_organization,"OK, US",,
NS_e3ed6945-d,,,,", NV",fhir_organization,"NV, US",,
NS_42288d6a-4,,,,", PA",fhir_organization,"PA, US",,
NS_cc8a0b33-6,,,,", DE",fhir_organization,"DE, US",,
NS_b222e8dd-1,,,,", WV",fhir_organization,"WV, US",,
NS_130799f3-a,,,,", AL",fhir_organization,"AL, US",,
NS_73cf56af-6,,,,", AZ",fhir_organization,"AZ, US",,
NS_284e2906-9,,,,", MN",fhir_organization,"MN, US",,
NS_d1810ce1-7,,,,", AR",fhir_organization,"AR, US",,
NS_40b1c553-c,,,,", IN",fhir_organization,"IN, US",,
NS_2463b298-0,,,,", NJ",fhir_organization,"NJ, US",,
NS_188b457a-9,,,,", WI",fhir_organization,"WI, US",,
NS_0c257475-6,,,,", CA",fhir_organization,"CA, US",,
NS_fbe1ddef-1,,,,", KS",fhir_organization,"KS, US",,
NS_a8ab5f99-b,,,,", SC",fhir_organization,"SC, US",,
NS_e38918b1-a,,,,", IA",fhir_organization,"IA, US",,
NS_7f190319-e,,,,", SD",fhir_organization,"SD, US",,
NS_97732bda-a,,,,", GA",fhir_organization,"GA, US",,
NS_92f9434f-6,,,,", NE",fhir_organization,"NE, US",,
NS_a23a1fe2-a,,,,", NC",fhir_organization,"NC, US",,
NS_0cc64bb0-a,,,,", NY",fhir_organization,"NY, US",,
NS_6a006262-5,,,,",",fhir_organization,,,
NS_6e685996-d,,,,", CA",fhir_organization,"CA, USA",,
NS_6f67ed20-b,,,,", GA",fhir_organization,"GA, USA",,
NS_fe71be02-8,,,,",",fhir_organization,,,
NS_21fa7318-6,,HCPH Antoine CHP Clinic,5815 Antoine Dr,"Houston,  77091",fhir_organization,"HCPH Antoine CHP Clinic, 5815 Antoine Dr, Houston, 77091, US",,
NS_d3d6737d-a,,,,", MT",fhir_organization,"MT, USA",,
NS_26e22032-6,,,,", KY",fhir_organization,"KY, USA",,
NS_20d4388f-5,,,,", MN",fhir_organization,"MN, US",,
NS_a0a13190-8,,Hundley Center,125 Buena Vista Cir,",  23970",fhir_organization,"Hundley Center, 125 Buena Vista Cir, 23970, US",,
NS_0cea59db-1,,,,", TX",fhir_organization,"TX, US",,
NS_d69086aa-8,,CVS/minuteclinic - Jacksonville,,",  32222",fhir_organization,"CVS/minuteclinic - Jacksonville, 32222, US",,
NS_4af0dcdc-0,,,,", ND",fhir_organization,"ND, USA",,
NS_8f9c7c98-a,,,,", MN",fhir_organization,"MN, USA",,
NS_4fe0311f-0,,,,", WI",fhir_organization,"WI, USA",,
NS_4606b82d-c,,,,", NY",fhir_organization,"NY, USA",,
NS_235af5f0-5,,,,", DE",fhir_organization,"DE, US",,
NS_17feeb35-0,,Benrus Surgical at BJ St Peters,,",  63376",fhir_organization,"Benrus Surgical at BJ St Peters, 63376, USA",,
NS_fc8b3c62-7,,,,", PA",fhir_organization,"PA, USA",,
NS_fdae7a0a-a,,,,", NJ",fhir_organization,"NJ, USA",,
NS_08614f40-7,,,,", DE",fhir_organization,"DE, USA",,
NS_22224fd4-b,,,,", WI",fhir_organization,"WI, USA",,
NS_73ee2fa9-3,,BJCMG Specialists Of North County - Edwardsville,,",  62025",fhir_organization,"BJCMG Specialists Of North County - Edwardsville, 62025, USA",,
NS_8db75048-5,,,,",",fhir_organization,,,
NS_76dd3292-4,,,,",",fhir_organization,,,
NS_58824451-6,,,,", OR",fhir_organization,"OR, US",,
NS_78ebaf8b-8,,MVHC (Muskingum Valley Health Centers),,",  43701",fhir_organization,"MVHC (Muskingum Valley Health Centers), 43701, USA",,
NS_a2e84244-d,,,,", CA",fhir_organization,"CA, US",,
NS_bcb6b303-8,,,,", SC",fhir_organization,"SC, US",,
NS_e0180e80-a,,,,", NC",fhir_organization,"NC, US",,
NS_7f6ef77c-d,,,,", NY",fhir_organization,"NY, US",,
NS_868297ff-c,,,,", NJ",fhir_organization,"NJ, US",,
NS_5dd79717-a,,,,", CT",fhir_organization,"CT, US",,
NS_bdcccee7-f,,,,", FL",fhir_organization,"FL, US",,
NS_ff3a6842-7,,,,", WI",fhir_organization,"WI, USA",,
NS_c8052560-e,,Penn Medicine for Delaware,,", DE 19801",fhir_organization,"Penn Medicine for Delaware, DE, 19801, USA",,
NS_64682255-4,,,,", GA",fhir_organization,"GA, US",,
NS_2debc175-a,,,,", AL",fhir_organization,"AL, US",,
NS_b67a3087-4,,,,", IA",fhir_organization,"IA, US",,
NS_ebd0f557-9,,,,", NE",fhir_organization,"NE, US",,
NS_a42f67db-2,,,,", SD",fhir_organization,"SD, US",,
NS_ad12b3e1-0,,,,", AR",fhir_organization,"AR, USA",,
NS_a1798157-e,,,,",",fhir_organization,,,
NS_da9e801b-d,,,,", WI",fhir_organization,"WI, US",,
NS_6d1b71ad-9,,,,",",fhir_organization,,,
NS_a16d4310-0,,,,", NY",fhir_organization,"NY, US",,
NS_93b3a90e-4,,,,",",fhir_organization,,,
NS_3b6af9f5-8,,,,", MI",fhir_organization,"MI, US",,
NS_3fac4395-2,,Suburban Surgical,,",  63141",fhir_organization,"Suburban Surgical, 63141, USA",,
NS_96be1406-9,,AFG Wellness Center,"Great American Tower 18S
301 E Fourth Street","Cincinnati,  45202",fhir_organization,"AFG Wellness Center, Great American Tower 18S
301 E Fourth Street, Cincinnati, 45202, US",,
NS_ea993cc8-e,,,,", TX",fhir_organization,"TX, US",,
NS_f05d3002-d,,Loyola Center for Health at Wheaton,,",  60638",fhir_organization,"Loyola Center for Health at Wheaton, 60638, US",,
NS_2377e14e-3,,,,", OR",fhir_organization,"OR, USA",,
NS_675b71fc-3,,,,", TX",fhir_organization,"TX, US",,
NS_131c7905-8,,,,", NC",fhir_organization,"NC, US",,
NS_7a775295-3,,,,", FL",fhir_organization,"FL, US",,
NS_d3ecaea3-3,,,,", OH",fhir_organization,"OH, US",,
NS_4fa2479f-c,,,,", NJ",fhir_organization,"NJ, US",,
NS_63e5590a-0,,,,", CA",fhir_organization,"CA, US",,
NS_f17ba743-e,,,,", PA",fhir_organization,"PA, US",,
NS_75070982-a,,,,", IN",fhir_organization,"IN, US",,
NS_d286f394-8,,,,", NV",fhir_organization,"NV, US",,
NS_d3616197-b,,,,", MN",fhir_organization,"MN, US",,
NS_141a3f36-7,,,,", AL",fhir_organization,"AL, US",,
NS_a1df4dc8-8,,,,", IL",fhir_organization,"IL, US",,
NS_116727bd-8,,,,", MD",fhir_organization,"MD, US",,
NS_4034fdc8-9,,,,", OR",fhir_organization,"OR, US",,
NS_f874e949-d,,,,", AR",fhir_organization,"AR, US",,
NS_f505e76e-9,,,,", MI",fhir_organization,"MI, US",,
NS_962ceeff-d,,,,", GA",fhir_organization,"GA, US",,
NS_cc54c0ff-1,,,,", MA",fhir_organization,"MA, US",,
NS_5f93a952-9,,,,", NM",fhir_organization,"NM, US",,
NS_b1739a1c-b,,,,", SC",fhir_organization,"SC, US",,
NS_bbb94ebf-5,,,,", AK",fhir_organization,"AK, US",,
NS_d5f4f8cb-f,,,,", KY",fhir_organization,"KY, US",,
NS_0ff9c127-b,,,,", KS",fhir_organization,"KS, US",,
NS_722837cd-f,,,,", VA",fhir_organization,"VA, US",,
NS_5068a022-8,,,,", UT",fhir_organization,"UT, US",,
NS_9487e0be-d,,,,", MS",fhir_organization,"MS, US",,
NS_857cfbc8-e,,,,", WV",fhir_organization,"WV, US",,
NS_e1982a86-f,,,,", LA",fhir_organization,"LA, US",,
NS_0d655027-6,,,,", AZ",fhir_organization,"AZ, US",,
NS_182b82cb-b,,,,", MO",fhir_organization,"MO, US",,
NS_1878b244-e,,,,", HI",fhir_organization,"HI, US",,
NS_4038f012-a,,,,", DC",fhir_organization,"DC, US",,
NS_e5b4474e-b,,,,", NY",fhir_organization,"NY, US",,
NS_7f8669d2-a,,,,", TN",fhir_organization,"TN, US",,
NS_4c101e25-b,,,,", PR",fhir_organization,"PR, US",,
NS_ebaf3e16-e,,,,", OK",fhir_organization,"OK, US",,
NS_fe124744-1,,,,", IA",fhir_organization,"IA, US",,
NS_325b3d5b-4,,,,", VT",fhir_organization,"VT, US",,
NS_84e5a1f4-5,,,,", NH",fhir_organization,"NH, US",,
NS_3e666779-4,,,,", CO",fhir_organization,"CO, US",,
NS_fe284fa2-c,,,,", WI",fhir_organization,"WI, US",,
NS_954ed972-b,,,,", CT",fhir_organization,"CT, US",,
NS_41d80e65-7,,,,", NY",fhir_organization,"NY, USA",,
NS_61882cc4-e,,,,", LA",fhir_organization,"LA, US",,
NS_6c26e220-f,,,,", MD",fhir_organization,"MD, US",,
NS_14ec69a4-c,,,,", WA",fhir_organization,"WA, USA",,
NS_f550a3de-d,,,,",",fhir_organization,,,
NS_8b0efb22-b,,,,", CA",fhir_organization,"CA, US",,
NS_9ed6e145-b,,,,", CA",fhir_organization,"CA, US",,
NS_0812ebbd-8,,Loyola Berwyn Oak Park,,",  60435",fhir_organization,"Loyola Berwyn Oak Park, 60435, US",,
NS_14370834-9,,,,",",fhir_organization,,,
NS_d29a2d0e-9,,Prisma Health Southeastern Neurosurgical and Spine Institute,,",  29605-5608",fhir_organization,"Prisma Health Southeastern Neurosurgical and Spine Institute, 29605-5608, US",,
NS_3b28f4d0-c,,,,", FL",fhir_organization,"FL, US",,
NS_7a0606ba-9,,,,", MN",fhir_organization,"MN, US",,
NS_7661407e-a,,Pauley Heart Center,,",  23298",fhir_organization,"Pauley Heart Center, 23298, US",,
NS_e2915ffc-8,,VCU Health at Temple Avenue,,",  23875",fhir_organization,"VCU Health at Temple Avenue, 23875, US",,
NS_70f7c590-1,,,,", TX",fhir_organization,"TX, US",,
NS_c52382ba-9,,,,",",fhir_organization,,,
NS_30f97e6a-c,,CVS/minuteclinic - Greater Chicago,,",  60177",fhir_organization,"CVS/minuteclinic - Greater Chicago, 60177, US",,
NS_f1a5be90-0,,,,", TN",fhir_organization,"TN, USA",,
NS_d67c5559-3,,,,", GA",fhir_organization,"GA, USA",,
NS_3b57653a-f,,,,", SC",fhir_organization,"SC, USA",,
NS_54d45837-a,,Loyola Center for Health at Park Ridge,,",  61614",fhir_organization,"Loyola Center for Health at Park Ridge, 61614, US",,
NS_227e7abc-e,,,,", TX",fhir_organization,"TX, USA",,
NS_197ee908-2,,,,", TN",fhir_organization,"TN, USA",,
NS_6886eff9-9,,,,", GA",fhir_organization,"GA, USA",,
NS_9cfef70f-7,,,,", KY",fhir_organization,"KY, USA",,
NS_403f7888-1,,MACNEAL BERWYN OAK PARK 3345,,",  61342",fhir_organization,"MACNEAL BERWYN OAK PARK 3345, 61342, US",,
NS_8b440416-a,,,,", OH",fhir_organization,"OH, USA",,
NS_3cec9d41-7,,,,", CA",fhir_organization,"CA, US",,
NS_0305d08d-a,,,,", NC",fhir_organization,"NC, US",,
NS_fd39f517-0,,,,", SC",fhir_organization,"SC, US",,
NS_98e1c6b1-0,,,,",",fhir_organization,,,
NS_a3e3a331-3,,,,", WI",fhir_organization,"WI, US",,
NS_65a12143-2,,Methodist Mckinney Chiro Concepts Sherman Therapy,,",  75092",fhir_organization,"Methodist Mckinney Chiro Concepts Sherman Therapy, 75092, US",,
NS_4e186413-f,,,,",",fhir_organization,,,
NS_41bf5196-7,,Contemporary Womens Healthcare - O'Fallon,,",  63368",fhir_organization,"Contemporary Womens Healthcare - O'Fallon, 63368, USA",,
NS_27b6d7d6-4,,,,", OH",fhir_organization,"OH, US",,
NS_a4799a49-d,,Northwest ENT Specialists - Alton,,",  62002",fhir_organization,"Northwest ENT Specialists - Alton, 62002, USA",,
NS_15a12789-a,,Ledwith-Lewis Free Clinic,317 Duke St,",  22560",fhir_organization,"Ledwith-Lewis Free Clinic, 317 Duke St, 22560, US",,
NS_568a0006-9,,,,", CA",fhir_organization,"CA, US",,
NS_77ef2c6a-8,,,,",",fhir_organization,,,
NS_2734294f-2,,Full Circle Care,,",  29646-3859",fhir_organization,"Full Circle Care, 29646-3859, US",,
NS_20adc8ac-d,,,,", WA",fhir_organization,"WA, US",,
NS_9d31533d-6,,,,", FL",fhir_organization,"FL, US",,
NS_6d054a54-9,,Jack D. Weiler Hospital (Einstein),,", NY 10466",fhir_organization,"Jack D. Weiler Hospital (Einstein), NY, 10466, US",,
NS_9ebd9e9c-4,,,,",",fhir_organization,,,
NS_b1c0adf4-5,,Aspirus Outpatient Therapies Stevens Point Illinois Ave,900 Illinois Avenue,"Stevens Point,  54481",fhir_organization,"Aspirus Outpatient Therapies Stevens Point Illinois Ave, 900 Illinois Avenue, Stevens Point, 54481, US",,
NS_f283a50d-e,,,,",",fhir_organization,,,
NS_6283f877-f,,,,", OR",fhir_organization,"OR, US",,
NS_11b1e52d-c,,,,",",fhir_organization,,,
NS_bae5b9f7-f,,,,", AZ",fhir_organization,"AZ, USA",,
NS_06d0f181-7,,,,", CA",fhir_organization,"CA, US",,
NS_f0cf1b04-a,,,,", WI",fhir_organization,"WI, US",,
NS_3438688f-e,,,,", IA",fhir_organization,"IA, USA",,
NS_ce71d644-e,,BJC Medical Group Orthopedics and Sports Medicine - West County,,",  63141",fhir_organization,"BJC Medical Group Orthopedics and Sports Medicine - West County, 63141, USA",,
NS_1066fbb3-f,,,,", OH",fhir_organization,"OH, US",,
NS_0fc0663f-8,,,,", IA",fhir_organization,"IA, USA",,
NS_1cba9aae-4,,,,", NE",fhir_organization,"NE, USA",,
NS_da4e06f6-2,,,,", ND",fhir_organization,"ND, USA",,
NS_1765c2d0-b,,,,", SD",fhir_organization,"SD, USA",,
NS_75790fbf-5,,,,", MN",fhir_organization,"MN, USA",,
NS_9f1ba5ed-8,,,,", KS",fhir_organization,"KS, USA",,
NS_09d530af-b,,,,", CA",fhir_organization,"CA, USA",,
NS_81abf790-a,,,,", CA",fhir_organization,"CA, USA",,
NS_33065c41-c,,,,", OK",fhir_organization,"OK, US",,
NS_fa121222-a,,,,", IL",fhir_organization,"IL, USA",,
NS_d714eafe-8,,,,", IN",fhir_organization,"IN, USA",,
NS_12f2b404-9,,,,", FL",fhir_organization,"FL, USA",,
NS_6679c238-9,,,,", SC",fhir_organization,"SC, US",,
NS_4f031490-e,,,,", NC",fhir_organization,"NC, US",,
NS_1d74a0b5-7,,,,", MT",fhir_organization,"MT, US",,
NS_1dd7ecfb-b,,,,", VA",fhir_organization,"VA, USA",,
NS_9ec9e0e0-c,,,,", IL",fhir_organization,"IL, USA",,
NS_3317041f-b,,,,", IN",fhir_organization,"IN, USA",,
NS_2db5353e-f,,,,", TX",fhir_organization,"TX, USA",,
NS_20f1c19a-a,,,,", IA",fhir_organization,"IA, US",,
NS_0f9a4f7f-2,,,,", CO",fhir_organization,"CO, US",,
NS_6dd669e9-4,,,,", CA",fhir_organization,"CA, US",,
NS_5daa6d42-5,,,,", OR",fhir_organization,"OR, US",,
NS_8a59e8e3-6,,,,", WI",fhir_organization,"WI, US",,
NS_1ff2e319-d,,,,", WA",fhir_organization,"WA, US",,
NS_78a34e83-f,,,,", TX",fhir_organization,"TX, US",,
NS_197c6e29-b,,,,", OK",fhir_organization,"OK, US",,
NS_210eecee-e,,"CVS/minuteclinic - SanFran, San Jose",,",  94548",fhir_organization,"CVS/minuteclinic - SanFran, San Jose, 94548, US",,
NS_216682f7-9,,CVS/minuteclinic - Southern MO,,",  65470",fhir_organization,"CVS/minuteclinic - Southern MO, 65470, US",,
NS_04b027b6-1,,,,", IN",fhir_organization,"IN, US",,
NS_70cbd186-d,,SMG-FHC SOUTH SALUDA,,",  29138-9199",fhir_organization,"SMG-FHC SOUTH SALUDA, 29138-9199, US",,
NS_6234af5a-d,,SMG-ADVANCED CARDIOLOGY ASSOCIATES-SS,,",  29138-9199",fhir_organization,"SMG-ADVANCED CARDIOLOGY ASSOCIATES-SS, 29138-9199, US",,
NS_82f1dfbb-b,,,,", MO",fhir_organization,"MO, USA",,
NS_1bfe83ac-b,,,,", IL",fhir_organization,"IL, USA",,
NS_f996543e-6,,,,", PA",fhir_organization,"PA, US",,
NS_21082d77-b,,,,", MD",fhir_organization,"MD, US",,
NS_cd6d71dd-8,,,,", CO",fhir_organization,"CO, US",,
NS_3a821e5c-4,,,,",",fhir_organization,,,
NS_56dad94c-6,,,,",",fhir_organization,,,
NS_e8c544b3-a,,,,", WA",fhir_organization,"WA, USA",,
NS_2f4cc481-0,,,,", TX",fhir_organization,"TX, US",,
NS_1033a952-0,,,,", PR",fhir_organization,"PR, US",,
NS_043498bb-4,,KP Northwest- WA,,", WA 98686",fhir_organization,"KP Northwest- WA, WA, 98686, USA",,
NS_891bb5ac-c,,,,", WA",fhir_organization,"WA, USA",,
NS_e7479f13-8,,,,",",fhir_organization,,,
NS_e065da65-3,,,,",",fhir_organization,,,
NS_792369dc-8,,OCCUPATIONAL HEALTH,,",  61107",fhir_organization,"OCCUPATIONAL HEALTH, 61107, US",,
NS_403d09a6-e,,,,", LA",fhir_organization,"LA, US",,
NS_24674c47-9,,,,", OH",fhir_organization,"OH, US",,
NS_4f4ff545-3,,,,", GA",fhir_organization,"GA, USA",,
NS_70c35aec-9,,,,", AL",fhir_organization,"AL, USA",,
NS_795518c3-8,,,,", IL",fhir_organization,"IL, USA",,
NS_cbc12ab9-8,,,,", MS",fhir_organization,"MS, US",,
NS_7374c5e3-2,,,,", WI",fhir_organization,"WI, US",,
NS_b732bbf6-5,,,,", IN",fhir_organization,"IN, US",,
NS_4d46e52e-c,,,,", GA",fhir_organization,"GA, US",,
NS_48e17ed4-e,,,,", NY",fhir_organization,"NY, US",,
NS_c4328893-1,,,,", OH",fhir_organization,"OH, US",,
NS_56fcec5a-f,,,,", IL",fhir_organization,"IL, US",,
NS_759ffe03-f,,,,", TX",fhir_organization,"TX, US",,
NS_1fa6beb8-9,,,,", VA",fhir_organization,"VA, US",,
NS_0530c513-3,,,,", MD",fhir_organization,"MD, US",,
NS_2d53af13-9,,,,", NM",fhir_organization,"NM, US",,
NS_c80f2d6f-0,,,,", KY",fhir_organization,"KY, US",,
NS_98802b04-c,,,,", WV",fhir_organization,"WV, US",,
NS_abf05255-2,,,,", PA",fhir_organization,"PA, US",,
NS_c2d150ce-c,,,,", CA",fhir_organization,"CA, US",,
NS_899b889a-6,,,,", MI",fhir_organization,"MI, US",,
NS_09c5dc63-b,,,,", SC",fhir_organization,"SC, US",,
NS_2ca5cac7-6,,,,", AR",fhir_organization,"AR, US",,
NS_5e9370ee-8,,,,", MO",fhir_organization,"MO, US",,
NS_8951cca3-d,,Lee Health,,"Fort Myers,  33919",fhir_organization,"Lee Health, Fort Myers, 33919, US",,
NS_e73a422b-2,,,,", WI",fhir_organization,"WI, USA",,
NS_6b0a7ab8-e,,,,", PA",fhir_organization,"PA, US",,
NS_7b8dc570-8,,,,", NJ",fhir_organization,"NJ, US",,
NS_ffe120e7-f,,,,", OH",fhir_organization,"OH, US",,
NS_bd16b946-8,,,,",",fhir_organization,,,
NS_16a418ca-1,,,,", GA",fhir_organization,"GA, US",,
NS_8b4f10a8-1,,,,", MS",fhir_organization,"MS, US",,
NS_021fa3b3-5,,,,", LA",fhir_organization,"LA, US",,
NS_56850750-6,,,,", TX",fhir_organization,"TX, US",,
NS_a915dba2-6,,,,", FL",fhir_organization,"FL, US",,
NS_bf34a4d0-9,,,,", AL",fhir_organization,"AL, US",,
NS_a5350f91-d,,,,", SC",fhir_organization,"SC, US",,
NS_a26120f1-4,,,,", OK",fhir_organization,"OK, US",,
NS_06f9e383-0,,,,", OH",fhir_organization,"OH, US",,
NS_62c7b703-9,,,,", MN",fhir_organization,"MN, US",,
NS_637f605b-9,,,,", OR",fhir_organization,"OR, US",,
NS_5c13d234-a,,,,", NY",fhir_organization,"NY, US",,
NS_0142349f-b,,,,", CT",fhir_organization,"CT, US",,
NS_4e66e5aa-a,,,,", NJ",fhir_organization,"NJ, US",,
NS_8d6e58d7-a,,,,", FL",fhir_organization,"FL, US",,
NS_45cd5f01-b,,,,", GA",fhir_organization,"GA, US",,
NS_bb172e1c-7,,,,", CA",fhir_organization,"CA, US",,
NS_c0fd2b75-c,,,,", AZ",fhir_organization,"AZ, US",,
NS_5acc7891-9,,,,", NM",fhir_organization,"NM, US",,
NS_d55367a8-5,,,,", KS",fhir_organization,"KS, US",,
NS_88bf3c36-d,,,,", FL",fhir_organization,"FL, US",,
NS_24f3e401-2,,,,", TX",fhir_organization,"TX, US",,
NS_f69bc4c3-2,,,,", NV",fhir_organization,"NV, US",,
NS_b502bab0-d,,,,", CO",fhir_organization,"CO, US",,
NS_90344c51-e,,,,", SC",fhir_organization,"SC, US",,
NS_31121eb2-9,,,,", TN",fhir_organization,"TN, US",,
NS_728c5935-1,,,,", NC",fhir_organization,"NC, US",,
NS_6d0fdb98-d,,,,", WA",fhir_organization,"WA, US",,
NS_d876d50c-7,,,,", KY",fhir_organization,"KY, US",,
NS_0051aada-5,,,,", MO",fhir_organization,"MO, US",,
NS_53cf60fd-7,,,,", LA",fhir_organization,"LA, US",,
NS_1e949240-2,,,,", OH",fhir_organization,"OH, US",,
NS_b2bbcb83-3,,,,", UT",fhir_organization,"UT, US",,
NS_522fa379-e,,,,", MA",fhir_organization,"MA, US",,
NS_e4daab13-9,,,,", VA",fhir_organization,"VA, US",,
NS_d62b9acf-c,,,,", OR",fhir_organization,"OR, US",,
NS_290b1872-4,,,,", MN",fhir_organization,"MN, US",,
NS_ce3e9b5e-e,,,,", ID",fhir_organization,"ID, US",,
NS_8b6fcdde-3,,,,", OK",fhir_organization,"OK, US",,
NS_5f2a9e7c-8,,,,", MD",fhir_organization,"MD, US",,
NS_c43de8ae-b,,,,", IL",fhir_organization,"IL, US",,
NS_ec282c81-d,,,,", DC",fhir_organization,"DC, US",,
NS_d29043e9-b,,,,", MD",fhir_organization,"MD, US",,
NS_88c01f02-d,,,,", VA",fhir_organization,"VA, US",,
NS_594aab76-a,,,,", FL",fhir_organization,"FL, USA",,
NS_077f15a4-6,,St Louis Children's Hospital Department of Psychology,,",  63110",fhir_organization,"St Louis Children's Hospital Department of Psychology, 63110, USA",,
NS_e0aca1c2-c,,,,", CA",fhir_organization,"CA, US",,
NS_8ce834d5-3,,,,", OR",fhir_organization,"OR, US",,
NS_a316fcfa-2,,,,", NY",fhir_organization,"NY, USA",,
NS_ac6ff98b-7,,,,", NJ",fhir_organization,"NJ, USA",,
NS_33312b85-5,,,,", CT",fhir_organization,"CT, USA",,
NS_72cd93df-2,,,,", WY",fhir_organization,"WY, USA",,
NS_505c5125-c,,,,", CA",fhir_organization,"CA, US",,
NS_4a65fa6e-2,,,,", OH",fhir_organization,"OH, US",,
NS_6e2431ce-8,,,,", VA",fhir_organization,"VA, US",,
NS_de8f6510-e,,,,", NC",fhir_organization,"NC, US",,
NS_005bbee2-c,,,,", NJ",fhir_organization,"NJ, US",,
NS_ed5bf533-1,,,,", DE",fhir_organization,"DE, US",,
NS_ceda8ed9-5,,,,", CA",fhir_organization,"CA, US",,
NS_61efaf85-f,,,,",",fhir_organization,,,
NS_63ef520e-1,,,,", NE",fhir_organization,"NE, US",,
NS_256acdb7-a,,,,", KS",fhir_organization,"KS, US",,
NS_5f46d116-1,,,,", KY",fhir_organization,"KY, US",,
NS_9fa839a0-a,,,,", OH",fhir_organization,"OH, US",,
NS_7383fd20-8,,,,", TN",fhir_organization,"TN, US",,
NS_6f9fa0c5-5,,,,",",fhir_organization,,,
NS_ff6b52bf-d,,,,",",fhir_organization,,,
NS_51f9da7d-e,,SSH - Grosse Point,"22101 Moross Road, 6th Floor",", MI 48236",fhir_organization,"SSH - Grosse Point, 22101 Moross Road, 6th Floor, MI, 48236, US",,
NS_6eeb3f17-a,,,,", CA",fhir_organization,"CA, US",,
NS_c539248a-5,,MHMG,,",  77024",fhir_organization,"MHMG, 77024, US",,
NS_4984fd2b-6,,CVS/minuteclinic - Lexington,,",  40324",fhir_organization,"CVS/minuteclinic - Lexington, 40324, US",,
NS_3e4c150d-3,,Texas Childrens Urgent Care The Heights,,", TX 77008",fhir_organization,"Texas Childrens Urgent Care The Heights, TX, 77008, US",,
NS_4c40e300-d,,,,", IL",fhir_organization,"IL, US",,
NS_a07bfcf0-b,,,,", NC",fhir_organization,"NC, US",,
NS_cebce82b-c,,,,", WA",fhir_organization,"WA, USA",,
NS_bcb22013-f,,,,", OH",fhir_organization,"OH, USA",,
NS_97670a1f-7,,ANESTHESIOLOGY SERVICES OF SELF MEDICAL GROUP,,",  29646-3860",fhir_organization,"ANESTHESIOLOGY SERVICES OF SELF MEDICAL GROUP, 29646-3860, US",,
NS_8f7685a7-f,,,,",",fhir_organization,,,
NS_154baf44-e,,,,", GA",fhir_organization,"GA, USA",,
NS_24cf5a9e-9,,,,", SC",fhir_organization,"SC, USA",,
NS_b33f925f-9,,,,",",fhir_organization,,,
NS_edf1bf86-7,,,,", TX",fhir_organization,"TX, USA",,
NS_38736fb0-5,,,,", TX",fhir_organization,"TX, US",,
NS_22c08430-7,,,,", NV",fhir_organization,"NV, US",,
NS_abad228a-a,,,,", CA",fhir_organization,"CA, US",,
NS_6753f7db-7,,,,", UT",fhir_organization,"UT, USA",,
NS_d17240af-8,,,,", ID",fhir_organization,"ID, USA",,
NS_555cd879-9,,,,", NV",fhir_organization,"NV, USA",,
NS_501fe4e9-f,,,,",",fhir_organization,,,
NS_b74e5c5b-3,,,,", MA",fhir_organization,"MA, US",,
NS_db1533e3-8,,,,", VA",fhir_organization,"VA, US",,
NS_eb7cdc7e-3,,,,", MD",fhir_organization,"MD, US",,
NS_ad040d0d-8,,,,", WV",fhir_organization,"WV, US",,
NS_591aaa1b-3,,,,", KY",fhir_organization,"KY, US",,
NS_ab4afe38-a,,,,",",fhir_organization,,,
NS_babfd2e7-b,,,,",",fhir_organization,,,
NS_bd0c0ad3-0,,,,",",fhir_organization,,,
NS_80370552-a,,,,", TX",fhir_organization,"TX, US",,
NS_192b8a09-d,,,,", OR",fhir_organization,"OR, USA",,
NS_59a29dcd-0,,SJH Cardiology N Commonwealth,,",  60181",fhir_organization,"SJH Cardiology N Commonwealth, 60181, US",,
NS_6fc9cb77-7,,CH Orthopedic and Spine Surgeons,,",  63136",fhir_organization,"CH Orthopedic and Spine Surgeons, 63136, USA",,
NS_b5706503-a,,CVS/minuteclinic - Western PA,,",  15613",fhir_organization,"CVS/minuteclinic - Western PA, 15613, US",,
NS_3eb50f20-1,,,,", TX",fhir_organization,"TX, US",,
NS_28566ea7-b,,,,",",fhir_organization,,,
NS_5c94f232-e,,Cuba Clinic,,",  65453",fhir_organization,"Cuba Clinic, 65453, USA",,
NS_96e56b44-0,,,,", MN",fhir_organization,"MN, US",,
NS_24c1312d-5,,,,", FL",fhir_organization,"FL, US",,
NS_fd2fa36c-9,,FAHEY CENTER,,",  60301",fhir_organization,"FAHEY CENTER, 60301, US",,
NS_4564de9f-d,,,,", AR",fhir_organization,"AR, US",,
NS_3f16fcda-a,,CVS/minuteclinic - Southern Florida,,",  33470",fhir_organization,"CVS/minuteclinic - Southern Florida, 33470, US",,
NS_7f9ce07f-6,,,,", TX",fhir_organization,"TX, US",,
NS_597489a2-c,,,,", OK",fhir_organization,"OK, US",,
NS_5f391509-8,,,,", FL",fhir_organization,"FL, US",,
NS_9a3fcd3a-8,,,,", RI",fhir_organization,"RI, USA",,
NS_263f81fd-2,,,,", MA",fhir_organization,"MA, USA",,
NS_54239ff4-b,,BJCMG Specialists Of North County,,",  63136",fhir_organization,"BJCMG Specialists Of North County, 63136, USA",,
NS_736bbd1a-9,,,,",",fhir_organization,,,
NS_d298f805-4,,,,",",fhir_organization,,,
NS_90818931-b,,,,", MA",fhir_organization,MA,,
NS_a9cbf5a6-9,,,,", RI",fhir_organization,"RI, US",,
NS_4ec60858-2,,,,", CA",fhir_organization,"CA, USA",,
NS_b00db85b-5,,,,", OK",fhir_organization,"OK, US",,
NS_cbb5bcc0-3,,,,", CA",fhir_organization,"CA, US",,
NS_6bf1f96c-b,,,,", WY",fhir_organization,"WY, USA",,
NS_135fcf1c-3,,,,", VA",fhir_organization,"VA, US",,
NS_40fa38e1-d,,,,", CT",fhir_organization,"CT, US",,
NS_9375f925-8,,,,", CA",fhir_organization,"CA, USA",,
NS_edfc0964-0,,,,", MT",fhir_organization,"MT, US",,
NS_8f5dd3e1-3,,,,", WA",fhir_organization,"WA, USA",,
NS_59b414ed-c,,CVS/minuteclinic - Milwaukee,,",  53202",fhir_organization,"CVS/minuteclinic - Milwaukee, 53202, US",,
NS_66f90dd1-5,,,,",",fhir_organization,,,
NS_a4d0014a-0,,,,", IN",fhir_organization,"IN, USA",,
NS_139663b6-b,,,,", OH",fhir_organization,"OH, USA",,
NS_9af75f6c-2,,,,", CT",fhir_organization,"CT, US",,
NS_0a854055-0,,,,",",fhir_organization,,,
NS_1e337031-f,,,,", NC",fhir_organization,"NC, US",,
NS_b544101e-5,,,,",",fhir_organization,,,
NS_d20ac503-4,,,,", OH",fhir_organization,"OH, US",,
NS_add3b733-2,,,,", ND",fhir_organization,"ND, US",,
NS_93f7704e-8,,,,", TX",fhir_organization,"TX, US",,
NS_9c0c9518-a,,Montefiore Wakefield Hospital (Wakefield Campus),,", NY 10466",fhir_organization,"Montefiore Wakefield Hospital (Wakefield Campus), NY, 10466, US",,
NS_042edfd1-1,,,,",",fhir_organization,,,
NS_7f6627a5-f,,,,", NC",fhir_organization,"NC, US",,
NS_e553c147-9,,HCSOJ JA07 701 N. SAN JACINTO-AFFILIATE,701 N San Jacinto,"Houston,  77002",fhir_organization,"HCSOJ JA07 701 N. SAN JACINTO-AFFILIATE, 701 N San Jacinto, Houston, 77002, US",,
NS_8e21753e-e,,Southeast CHP Clinic-Affiliate,3737 Red Bluff Road,"Pasadena,  77503",fhir_organization,"Southeast CHP Clinic-Affiliate, 3737 Red Bluff Road, Pasadena, 77503, US",,
NS_f6f1ed14-1,,CVS/minuteclinic - Southern Indiana,,",  47725",fhir_organization,"CVS/minuteclinic - Southern Indiana, 47725, US",,
NS_4953a6f6-8,,,,", CA",fhir_organization,"CA, US",,
NS_3b8f71a8-3,,,,", MA",fhir_organization,"MA, US",,
NS_159c7893-2,,,,", NH",fhir_organization,"NH, US",,
NS_63d2e5f6-2,,San Ysidro Health Facility,1601 Precision Park Ln,"San Ysidro,  92173",fhir_organization,"San Ysidro Health Facility, 1601 Precision Park Ln, San Ysidro, 92173, US",,
NS_81c16e71-7,,,,", WA",fhir_organization,"WA, US",,
NS_3dafb34e-d,,Patient Care Hub,,", PA 17822",fhir_organization,"Patient Care Hub, PA, 17822, USA",,
NS_2b5b4ccf-9,,,,", TX",fhir_organization,"TX, USA",,
NS_8563032d-6,,,,", WA",fhir_organization,"WA, USA",,
NS_7ad6a1af-b,,,,", CA",fhir_organization,"CA, US",,
NS_edc46e7f-e,,,,", TN",fhir_organization,"TN, US",,
NS_7f23ef9f-f,,,,", AL",fhir_organization,"AL, US",,
NS_0a921638-7,,,,", IN",fhir_organization,"IN, US",,
NS_d585f1f6-d,,,,", KY",fhir_organization,"KY, US",,
NS_c244d50d-a,,,,", NY",fhir_organization,"NY, USA",,
NS_4c9fe217-0,,,,", KY",fhir_organization,"KY, US",,
NS_d5af921c-0,,,,", PA",fhir_organization,"PA, US",,
NS_01b9aafe-7,,,,", TX",fhir_organization,"TX, US",,
NS_f49f2d73-9,,,,", CA",fhir_organization,"CA, US",,
NS_553faa9c-b,,,,", MA",fhir_organization,"MA, US",,
NS_8e4bde89-a,,,,", IL",fhir_organization,"IL, US",,
NS_b6889c82-8,,,,", OR",fhir_organization,"OR, US",,
NS_375f9111-e,,,,", MN",fhir_organization,"MN, US",,
NS_faade3bb-b,,,,", UT",fhir_organization,"UT, US",,
NS_0353d10a-e,,,,", FL",fhir_organization,"FL, US",,
NS_109defcd-7,,,,", MO",fhir_organization,"MO, US",,
NS_efcbbe96-b,,,,", SC",fhir_organization,"SC, US",,
NS_e5ff894d-e,,,,", HI",fhir_organization,"HI, US",,
NS_809dca66-0,,,,", OH",fhir_organization,"OH, US",,
NS_ab9e669a-9,,,,", LA",fhir_organization,"LA, US",,
NS_6650801f-d,,,,", WA",fhir_organization,"WA, US",,
NS_d8dff5ef-6,,,,", IL",fhir_organization,"IL, US",,
NS_a3afa591-c,,,,", WA",fhir_organization,"WA, USA",,
NS_059434a1-e,,,,", OR",fhir_organization,"OR, USA",,
NS_a6c7964f-d,,Texas Childrens Urgent Care Pearland,,", TX 77581",fhir_organization,"Texas Childrens Urgent Care Pearland, TX, 77581, US",,
NS_10471ac3-c,,,,", OR",fhir_organization,"OR, USA",,
NS_12593755-b,,,,", WA",fhir_organization,"WA, USA",,
NS_241353fb-c,,,,", WA",fhir_organization,"WA, USA",,
NS_378f512b-7,,,,", OR",fhir_organization,"OR, US",,
NS_e274b763-2,,Madison Cooper Communiy Clinic Waco TX,,"Waco,  76707",fhir_organization,"Madison Cooper Communiy Clinic Waco TX, Waco, 76707, USA",,
NS_6e65cf87-3,,READY for Surgery Clinic of Self Medical Group,,",  29646-8031",fhir_organization,"READY for Surgery Clinic of Self Medical Group, 29646-8031, US",,
NS_7e2b8fd8-6,,,,",",fhir_organization,,,
NS_6072e699-d,,,,", WA",fhir_organization,"WA, USA",,
NS_0dc05949-d,,,,", MI",fhir_organization,"MI, US",,
NS_182197aa-a,,OBGYN GREENWOOD,,",  29646-2315",fhir_organization,"OBGYN GREENWOOD, 29646-2315, US",,
NS_3151b379-b,,,,",",fhir_organization,,,
NS_8d9f1936-e,,SMG-ORTHOPAEDIC ASSOCIATES OF THE LAKELANDS-Savannah Lakes,,",  29835-3430",fhir_organization,"SMG-ORTHOPAEDIC ASSOCIATES OF THE LAKELANDS-Savannah Lakes, 29835-3430, US",,
NS_21853f1c-f,,,,", IL",fhir_organization,"IL, US",,
NS_3a3289f0-e,,,,",",fhir_organization,,,
NS_7972061e-1,,,,",",fhir_organization,,,
NS_748f0851-d,,Prisma Health Cancer Institute - Greer,,",  29650-2441",fhir_organization,"Prisma Health Cancer Institute - Greer, 29650-2441, US",,
NS_ee9ce858-7,,,,", NJ",fhir_organization,"NJ, US",,
NS_d43f57f9-a,,,,", CO",fhir_organization,"CO, US",,
NS_28a5078c-d,,,,", WY",fhir_organization,"WY, US",,
NS_f2ab41b4-e,,,,", MT",fhir_organization,"MT, US",,
NS_6d51e9e2-1,,Loyola Center for Health at La Grange Park,,",  60402",fhir_organization,"Loyola Center for Health at La Grange Park, 60402, US",,
NS_0db03ef4-d,,,,", IL",fhir_organization,"IL, US",,
NS_5327343d-7,,Muslim Community and Health Center,,",  53221",fhir_organization,"Muslim Community and Health Center, 53221, US",,
NS_3df725d7-e,,LOC UROGYNE,,",  60462",fhir_organization,"LOC UROGYNE, 60462, US",,
NS_4da57dc0-8,,,,", CA",fhir_organization,"CA, US",,
NS_c3d640ce-f,,,,", CT",fhir_organization,"CT, US",,
NS_cd5e3096-6,,,,", MS",fhir_organization,"MS, USA",,
NS_6e588bac-b,,,,", IL",fhir_organization,"IL, USA",,
NS_3a937b2b-2,,,,", WI",fhir_organization,"WI, USA",,
NS_dbb48c9b-f,,,,", IN",fhir_organization,"IN, USA",,
NS_c3830fff-9,,,,", MI",fhir_organization,"MI, USA",,
NS_bd9c7288-9,,,,", FL",fhir_organization,"FL, US",,
NS_0c6f3928-5,,,,", MT",fhir_organization,"MT, US",,
NS_7ffa08be-d,,,,", TX",fhir_organization,"TX, US",,
NS_a8785205-1,,,,", PR",fhir_organization,"PR, US",,
NS_1843ff77-9,,,,", NM",fhir_organization,"NM, US",,
NS_8cf6853c-6,,,,", HI",fhir_organization,"HI, US",,
NS_2bc574c2-3,,,,", RI",fhir_organization,"RI, US",,
NS_6bed38db-0,,,,", NC",fhir_organization,"NC, US",,
NS_45ebdca3-1,,,,", DC",fhir_organization,"DC, US",,
NS_6ce6f3bb-d,,,,",",fhir_organization,,,
NS_df27f75c-3,,,,", ID",fhir_organization,"ID, US",,
NS_267114e7-c,,,,", OR",fhir_organization,"OR, USA",,
NS_8cc565c8-6,,,,", WA",fhir_organization,"WA, USA",,
NS_276ee23d-0,,,,", GA",fhir_organization,"GA, USA",,
NS_6a8ea473-f,,,,", SC",fhir_organization,"SC, USA",,
NS_a6900e5a-5,,,,", AL",fhir_organization,"AL, USA",,
NS_c8c07512-1,,,,", CT",fhir_organization,"CT, US",,
NS_2b132dec-0,,Pacific Kidney and Hypertension (Tigard),15895 SW 72nd Avenue Suite 250,", OR 97224",fhir_organization,"Pacific Kidney and Hypertension (Tigard), 15895 SW 72nd Avenue Suite 250, OR, 97224, US",,
NS_99f69faa-8,,,,", TX",fhir_organization,"TX, USA",,
NS_ec65ec1c-a,,,,", NM",fhir_organization,"NM, USA",,
NS_5a1634bf-9,,,,",",fhir_organization,,,
NS_fa25d5f5-1,,Loyola Center for Health at Hickory Hills,,",  61107",fhir_organization,"Loyola Center for Health at Hickory Hills, 61107, US",,
NS_49c1ac3b-e,,Southern Virginia Regional Medical Center,,",  23847",fhir_organization,"Southern Virginia Regional Medical Center, 23847, US",,
NS_dd2d0e6c-c,,,,", FL",fhir_organization,"FL, US",,
NS_ff7470e7-e,,,,", IA",fhir_organization,"IA, US",,
NS_2c3eadc5-b,,,,", NY",fhir_organization,"NY, US",,
NS_1ba0d8e9-8,,,,", NJ",fhir_organization,"NJ, US",,
NS_f6187a61-6,,Advanced Gastroenterology Institute,,",  32137",fhir_organization,"Advanced Gastroenterology Institute, 32137, US",,
NS_f88f5af9-d,,CH Orthopedic and Spine Surgeons,,",  63136",fhir_organization,"CH Orthopedic and Spine Surgeons, 63136, USA",,
NS_6adcdf40-6,,,,",",fhir_organization,,,
NS_38b4b1ad-f,,CVS/minuteclinic - Odessa,,",  79762",fhir_organization,"CVS/minuteclinic - Odessa, 79762, US",,
NS_68487db4-6,,,,",",fhir_organization,,,
NS_c2072373-b,,,,",",fhir_organization,,,
NS_6b6cb5b0-b,,,,", MS",fhir_organization,"MS, USA",,
NS_8fc62508-1,,,,",",fhir_organization,,,
NS_fe777d8c-e,,,,", WY",fhir_organization,"WY, USA",,
NS_431893f6-5,,,,", TX",fhir_organization,"TX, US",,
NS_f9f65af7-b,,,,", WA",fhir_organization,"WA, USA",,
NS_6235657f-b,,,,", NV",fhir_organization,"NV, US",,
NS_001c4ec3-e,,,,", MN",fhir_organization,"MN, US",,
NS_444a90bb-4,,,,",",fhir_organization,,,
NS_eb64545b-e,,,,", MA",fhir_organization,"MA, USA",,
NS_cdc4c97f-4,,,,", ID",fhir_organization,"ID, US",,
NS_97426d7c-1,,,,", OK",fhir_organization,"OK, US",,
NS_2ed6ae0c-3,,,,", OH",fhir_organization,"OH, US",,
NS_236a447d-5,,,,", KY",fhir_organization,"KY, US",,
NS_8e60a423-c,,,,", IN",fhir_organization,"IN, US",,
NS_563abe28-2,,,,", TN",fhir_organization,"TN, US",,
NS_7bf542ed-4,,Clayton Medical Associates - Richmond,,",  63117",fhir_organization,"Clayton Medical Associates - Richmond, 63117, USA",,
NS_bd25d1d6-f,,,,", MA",fhir_organization,"MA, US",,
NS_b96ac19f-9,,,,", NH",fhir_organization,"NH, US",,
NS_c2e3c4e9-3,,,,", AZ",fhir_organization,"AZ, US",,
NS_26d998a3-e,,,,", PA",fhir_organization,"PA, US",,
NS_6acc547d-0,,,,", CA",fhir_organization,"CA, US",,
NS_a3f23674-c,,,,", VA",fhir_organization,"VA, US",,
NS_0d0cd1f7-4,,,,", NY",fhir_organization,"NY, US",,
NS_235cc001-2,,,,", FL",fhir_organization,"FL, US",,
NS_912329b0-a,,,,", OK",fhir_organization,"OK, US",,
NS_2c3ca983-2,,,,", MI",fhir_organization,"MI, US",,
NS_31450359-5,,,,", TX",fhir_organization,"TX, US",,
NS_5a2238ff-f,,,,", NJ",fhir_organization,"NJ, US",,
NS_fad03eb4-3,,,,", WI",fhir_organization,"WI, US",,
NS_32ebca4d-1,,,,", IL",fhir_organization,"IL, US",,
NS_71f27708-a,,,,", MT",fhir_organization,"MT, US",,
NS_455920fd-c,,,,", HI",fhir_organization,"HI, US",,
NS_0f81e793-b,,,,", OH",fhir_organization,"OH, US",,
NS_3e1da0b2-e,,,,", NH",fhir_organization,"NH, US",,
NS_3330219b-d,,,,", RI",fhir_organization,"RI, US",,
NS_009b2861-1,,,,", IN",fhir_organization,"IN, US",,
NS_dc6906d2-d,,,,", MO",fhir_organization,"MO, US",,
NS_83b26f65-7,,,,", MA",fhir_organization,"MA, US",,
NS_f4984438-0,,,,", ME",fhir_organization,"ME, US",,
NS_96ee411e-c,,,,", VT",fhir_organization,"VT, US",,
NS_b339cbdb-5,,,,", TN",fhir_organization,"TN, US",,
NS_1021bf7d-1,,,,", ID",fhir_organization,"ID, US",,
NS_1367c978-9,,,,", DE",fhir_organization,"DE, US",,
NS_43d69ea1-c,,,,", CT",fhir_organization,"CT, US",,
NS_208af855-0,,,,", KY",fhir_organization,"KY, US",,
NS_3ce721ec-7,,,,", MD",fhir_organization,"MD, US",,
NS_2fce5f9b-f,,,,", WA",fhir_organization,"WA, US",,
NS_dca1194d-1,,,,", OR",fhir_organization,"OR, US",,
NS_11d5761c-5,,,,", KS",fhir_organization,"KS, US",,
NS_0088db96-d,,,,", NC",fhir_organization,"NC, US",,
NS_911ac075-a,,,,", AR",fhir_organization,"AR, US",,
NS_011fbebe-9,,,,", WV",fhir_organization,"WV, US",,
NS_242c097a-3,,,,", LA",fhir_organization,"LA, US",,
NS_1da767f8-b,,,,", AK",fhir_organization,"AK, US",,
NS_4f226075-f,,,,", DC",fhir_organization,"DC, US",,
NS_08e60606-4,,,,", SC",fhir_organization,"SC, US",,
NS_e0eb0e52-6,,,,", MA",fhir_organization,"MA, USA",,
NS_b53a4027-4,,,,", CT",fhir_organization,"CT, US",,
NS_21d9669d-4,,,,", FL",fhir_organization,"FL, USA",,
NS_48cf546a-c,,,,", AK",fhir_organization,"AK, USA",,
NS_ec8cde18-f,,,,", FL",fhir_organization,"FL, US",,
NS_7a87849e-7,,Gardner Health Services - GHS St James Health Center,,",  95112-4007",fhir_organization,"Gardner Health Services - GHS St James Health Center, 95112-4007, US",,
NS_6800037f-b,,,,", GA",fhir_organization,"GA, US",,
NS_fa290607-6,,,,", MD",fhir_organization,"MD, US",,
NS_4fe76e87-0,,,,", DE",fhir_organization,"DE, US",,
NS_5e29a4aa-f,,,,", NY",fhir_organization,"NY, US",,
NS_5c838514-3,,,,", FL",fhir_organization,"FL, US",,
NS_025aa84b-b,,Center for Sleep Medicine,2529 Professional Rd,",  23235",fhir_organization,"Center for Sleep Medicine, 2529 Professional Rd, 23235, US",,
NS_0a00b569-d,,Summa Barberton Hospital (prior to 10/29/2022),155 5th St NE,", OH 44203",fhir_organization,"Summa Barberton Hospital (prior to 10/29/2022), 155 5th St NE, OH, 44203, USA",,
NS_6b12121b-1,,,,", WI",fhir_organization,"WI, USA",,
NS_f2171dfa-e,,,,", OH",fhir_organization,"OH, USA",,
NS_d92b0621-d,,,,", WA",fhir_organization,"WA, USA",,
NS_3f016ff5-8,,,,", KS",fhir_organization,"KS, US",,
NS_1386acf1-b,,,,", MO",fhir_organization,"MO, US",,
NS_6424cd3e-c,,,,", OR",fhir_organization,"OR, US",,
NS_379b5558-3,,,,", WA",fhir_organization,"WA, USA",,
NS_9066b065-5,,,,", MD",fhir_organization,"MD, US",,
NS_543e1c50-6,,,,", CO",fhir_organization,"CO, US",,
NS_60247323-3,,,,", IA",fhir_organization,"IA, US",,
NS_8711169a-0,,Texas Children's Pediatrics Dawson & Ramirez Pediatrics,,", TX 78705",fhir_organization,"Texas Children's Pediatrics Dawson & Ramirez Pediatrics, TX, 78705, US",,
NS_6a202985-a,,,,", OR",fhir_organization,"OR, USA",,
NS_06774f75-d,,,,", VA",fhir_organization,"VA, US",,
NS_801fd8ad-d,,,,", CA",fhir_organization,"CA, US",,
NS_3fc6fd27-4,,,,", NJ",fhir_organization,"NJ, US",,
NS_f09fe75d-c,,,,", LA",fhir_organization,"LA, US",,
NS_f1039867-2,,,,", NM",fhir_organization,"NM, US",,
NS_e47c6f57-2,,,,", NY",fhir_organization,"NY, US",,
NS_35f29447-1,,,,", FL",fhir_organization,"FL, US",,
NS_aeb8d92c-f,,,,", TN",fhir_organization,"TN, US",,
NS_a7d7de90-4,,,,", IA",fhir_organization,"IA, US",,
NS_67af080b-3,,,,", CA",fhir_organization,"CA, US",,
NS_be2674be-d,,,,", AL",fhir_organization,"AL, US",,
NS_31e10aaa-d,,,,", GA",fhir_organization,"GA, US",,
NS_cb2b625f-9,,,,", CT",fhir_organization,"CT, US",,
NS_6e694c0a-8,,,,", ID",fhir_organization,"ID, US",,
NS_a112c8be-2,,,,", PA",fhir_organization,"PA, US",,
NS_60966e1c-8,,,,", KS",fhir_organization,"KS, US",,
NS_9504053b-2,,,,", TX",fhir_organization,"TX, US",,
NS_d336e242-4,,,,", SC",fhir_organization,"SC, US",,
NS_eb0e5727-a,,,,", OR",fhir_organization,"OR, US",,
NS_5ae7d491-9,,,,", MO",fhir_organization,"MO, US",,
NS_ee0a53e7-b,,,,", WA",fhir_organization,"WA, US",,
NS_4881f454-9,,,,", OH",fhir_organization,"OH, US",,
NS_ee4555ce-6,,,,", MT",fhir_organization,"MT, US",,
NS_e02161bb-f,,,,", MA",fhir_organization,"MA, US",,
NS_dcf19b81-c,,,,", NC",fhir_organization,"NC, US",,
NS_004408c3-8,,,,", IN",fhir_organization,"IN, US",,
NS_9cf7b86c-6,,,,", ME",fhir_organization,"ME, US",,
NS_b299320a-f,,,,", DE",fhir_organization,"DE, US",,
NS_dc3b5b0a-1,,,,", VA",fhir_organization,"VA, US",,
NS_9b9fc42a-2,,,,", MI",fhir_organization,"MI, US",,
NS_1c0917fa-5,,,,", MD",fhir_organization,"MD, US",,
NS_1db8f881-4,,,,", KY",fhir_organization,"KY, US",,
NS_329fdb89-d,,,,", RI",fhir_organization,"RI, US",,
NS_5efa01b1-6,,,,", NH",fhir_organization,"NH, US",,
NS_308bc6c9-c,,,,", NV",fhir_organization,"NV, US",,
NS_bcfecbaa-f,,,,", CO",fhir_organization,"CO, US",,
NS_325224dc-1,,,,", UT",fhir_organization,"UT, US",,
NS_98db85f5-5,,,,", MS",fhir_organization,"MS, US",,
NS_fa707e94-1,,,,", IL",fhir_organization,"IL, US",,
NS_eba368ca-c,,,,", DC",fhir_organization,"DC, US",,
NS_a2afa6d3-c,,,,", AZ",fhir_organization,"AZ, US",,
NS_78d4d26c-0,,,,", WA",fhir_organization,"WA, US",,
NS_a922c858-5,,,,", TX",fhir_organization,"TX, USA",,
NS_17748688-0,,,,", IL",fhir_organization,"IL, USA",,
NS_b5f3e9f9-8,,Memorial Hermann,,",  77030",fhir_organization,"Memorial Hermann, 77030, US",,
NS_f8cd5de0-f,,,,", NV",fhir_organization,"NV, US",,
NS_a5f3fe27-6,,,,", CA",fhir_organization,"CA, US",,
NS_c4a149bd-a,,SELF REGIONAL OPTIMUM LIFE CENTER,,",  29646",fhir_organization,"SELF REGIONAL OPTIMUM LIFE CENTER, 29646, US",,
NS_ed2f1214-5,,,,", ME",fhir_organization,"ME, USA",,
NS_c6a667b8-8,,,,", NH",fhir_organization,"NH, USA",,
NS_6be6b8af-f,,,,", MT",fhir_organization,"MT, USA",,
NS_05c1bc37-4,,,,",",fhir_organization,,,
NS_a8451599-c,,,,", PA",fhir_organization,"PA, US",,
NS_119c82b1-a,,,,", TX",fhir_organization,"TX, US",,
NS_50d01ee8-2,,,,", MI",fhir_organization,"MI, USA",,
NS_8798fcdc-3,,,,", CO",fhir_organization,"CO, USA",,
NS_9751b918-1,,,,", WY",fhir_organization,"WY, USA",,
NS_81b55ee4-0,,,,", NE",fhir_organization,"NE, USA",,
NS_dceb8884-7,,,,",",fhir_organization,,,
NS_9a3f5935-f,,,,", OH",fhir_organization,"OH, US",,
NS_d221222d-5,,,,", OR",fhir_organization,"OR, US",,
NS_8dd04572-0,,Orthopedic Surgery Center of Fox Valley,,",  54956",fhir_organization,"Orthopedic Surgery Center of Fox Valley, 54956, USA",,
NS_bd4140a2-0,,SRH Mobile Mammography,,",  29646-4071",fhir_organization,"SRH Mobile Mammography, 29646-4071, US",,
NS_33bda80c-e,,,,", IA",fhir_organization,"IA, US",,
NS_82b711e3-1,,,,", KS",fhir_organization,"KS, US",,
NS_de6855a7-9,,Texas Children's Pediatrics Austin Pediatrics,,", TX 78735",fhir_organization,"Texas Children's Pediatrics Austin Pediatrics, TX, 78735, US",,
NS_65617e2d-6,,,,", HI",fhir_organization,"HI, US",,
NS_573e4d66-c,,,,", HI",fhir_organization,"HI, US",,
NS_26cf7eff-3,,,,", IA",fhir_organization,"IA, USA",,
NS_47620b9f-a,,,,", WA",fhir_organization,"WA, USA",,
NS_69d2e4d3-4,,Ascension SE Wisconsin Hospital - St. Joseph,,",  53210",fhir_organization,"Ascension SE Wisconsin Hospital - St. Joseph, 53210, USA",,
NS_092d10fb-0,,,,", AL",fhir_organization,"AL, USA",,
NS_2db76b3e-b,,,,", ND",fhir_organization,"ND, US",,
NS_458dc59c-0,,,,", MN",fhir_organization,"MN, US",,
NS_31761973-d,,,,", SD",fhir_organization,"SD, US",,
NS_ded7dd93-5,,,,", IA",fhir_organization,"IA, US",,
NS_ff95a3e8-8,,,,", CA",fhir_organization,"CA, US",,
NS_ef1eb073-4,,,,", MT",fhir_organization,"MT, US",,
NS_72553d6a-e,,,,", NE",fhir_organization,"NE, US",,
NS_1a92f841-f,,,,", FL",fhir_organization,"FL, US",,
NS_a742d9f0-6,,,,", TX",fhir_organization,"TX, US",,
NS_3529e77b-c,,,,", LA",fhir_organization,"LA, US",,
NS_b5c77946-8,,,,", CA",fhir_organization,"CA, US",,
NS_f87b47d0-f,,,,", CA",fhir_organization,"CA, US",,
NS_495dcff1-4,,,,",",fhir_organization,,,
NS_9f67de8a-0,,,,", SC",fhir_organization,"SC, US",,
NS_d4da567b-a,,,,", CO",fhir_organization,"CO, US",,
NS_df3b19a4-4,,,,", UT",fhir_organization,"UT, US",,
NS_c9cea02f-c,,,,", KS",fhir_organization,"KS, US",,
NS_bcce049d-d,,,,", NM",fhir_organization,"NM, US",,
NS_d4b0fe72-a,,,,", OR",fhir_organization,"OR, US",,
NS_8ec7c54e-b,,,,", TX",fhir_organization,"TX, US",,
NS_fd25f9bd-3,,,,",",fhir_organization,,,
NS_3d2dca3f-a,,,,",",fhir_organization,,,
NS_bb7150a1-2,,,,", OR",fhir_organization,"OR, USA",,
NS_6e4733a8-a,,CVS/minuteclinic - New England,,",  01540",fhir_organization,"CVS/minuteclinic - New England, 01540, US",,
NS_ca48f412-e,,,,", FL",fhir_organization,"FL, US",,
NS_51e195e2-c,,SMG-ADVANCED CARDIOLOGY ASSOCIATES-LAURENS,,",  29325-7530",fhir_organization,"SMG-ADVANCED CARDIOLOGY ASSOCIATES-LAURENS, 29325-7530, US",,
NS_5a111bee-3,,,,", MO",fhir_organization,"MO, US",,
NS_b00e0056-6,,,,", NY",fhir_organization,"NY, US",,
NS_a319eb47-e,,,,", FL",fhir_organization,"FL, US",,
NS_043df4da-d,,Texas Children's Pediatrics Pasedena,,", TX 77505",fhir_organization,"Texas Children's Pediatrics Pasedena, TX, 77505, US",,
NS_df6b4bde-f,,Texas Childrens Maternal Fetal Medicine - Lufkin Telemedicine Cl,,", TX 75904",fhir_organization,"Texas Childrens Maternal Fetal Medicine - Lufkin Telemedicine Clinic, TX, 75904, US",,
NS_c24cf731-8,,CVS/minuteclinic - New York City,,",  07647",fhir_organization,"CVS/minuteclinic - New York City, 07647, US",,
NS_39014afe-c,,,,",",fhir_organization,,,
NS_99557557-1,,,,", PA",fhir_organization,"PA, US",,
NS_f071bab5-a,,,,", WV",fhir_organization,"WV, US",,
NS_a4aab21d-e,,,,", NY",fhir_organization,"NY, US",,
NS_283cb626-4,,,,", TX",fhir_organization,"TX, US",,
NS_cfcbcb9f-c,,CVS/minuteclinic - Central SC,,", SC 29123",fhir_organization,"CVS/minuteclinic - Central SC, SC, 29123, US",,
NS_b0f4db50-3,,,,", CA",fhir_organization,"CA, US",,
NS_2ad8a2df-6,,SELF REGIONAL ORTHOPAEDICS OF LAKELANDS,,",  29646-2315",fhir_organization,"SELF REGIONAL ORTHOPAEDICS OF LAKELANDS, 29646-2315, US",,
NS_e5751cdf-c,,,,", MN",fhir_organization,"MN, US",,
NS_f3f73388-7,,,,",",fhir_organization,,,
NS_0edf1e08-0,,,,", WA",fhir_organization,"WA, USA",,
NS_b6c81bc0-d,,Barnes West Medical Consultants,,",  63141",fhir_organization,"Barnes West Medical Consultants, 63141, USA",,
NS_44f27049-0,,,,", VA",fhir_organization,"VA, US",,
NS_77fd9cae-7,,,,", CT",fhir_organization,"CT, US",,
NS_739554c1-d,,,,", IL",fhir_organization,"IL, US",,
NS_1eb9a4f5-1,,,,", WA",fhir_organization,"WA, USA",,
NS_c1b88056-0,,,,", IL",fhir_organization,"IL, US",,
NS_286968d0-5,,,,", CA",fhir_organization,"CA, USA",,
NS_277e972c-8,,,,", OR",fhir_organization,"OR, USA",,
NS_6e0cb67d-2,,,,", NV",fhir_organization,"NV, USA",,
NS_2b703720-2,,Quartz,,",  53583",fhir_organization,"Quartz, 53583",,
NS_ea07abbb-b,,,,", IL",fhir_organization,"IL, US",,
NS_4cd13f7a-c,,,,", MI",fhir_organization,"MI, US",,
NS_d095d060-a,,,,", WA",fhir_organization,"WA, USA",,
NS_c867954c-4,,,,", MT",fhir_organization,"MT, USA",,
NS_7eaf79a8-d,,,,", ID",fhir_organization,"ID, USA",,
NS_27775fe6-6,,,,", OR",fhir_organization,"OR, USA",,
NS_f2bb6181-6,,,,", NJ",fhir_organization,"NJ, US",,
NS_a3caf806-9,,,,", CA",fhir_organization,"CA, US",,
NS_74acd127-2,,,,", TX",fhir_organization,"TX, US",,
NS_fae303ef-4,,,,", GA",fhir_organization,"GA, USA",,
NS_7c812796-c,,,,", NC",fhir_organization,"NC, US",,
NS_e07e2d1b-5,,,,", IL",fhir_organization,"IL, USA",,
NS_62b050ff-6,,,,",",fhir_organization,,,
NS_5f5c43e8-4,,,,",",fhir_organization,,,
NS_464b16a7-0,,,,", TN",fhir_organization,"TN, US",,
NS_12bcc712-c,,,,",",fhir_organization,,,
NS_7fb506e3-1,,,,", WV",fhir_organization,"WV, US",,
NS_0b62c650-9,,,,", PA",fhir_organization,"PA, US",,
NS_16bb9233-d,,,,", OH",fhir_organization,"OH, US",,
NS_546c6820-a,,,,", VA",fhir_organization,"VA, US",,
NS_4a950430-0,,,,", MD",fhir_organization,"MD, US",,
NS_f4c454c4-4,,Neurology Associates,,",  63131",fhir_organization,"Neurology Associates, 63131, USA",,
NS_8255946c-a,,,,",",fhir_organization,,,
NS_cb24ad05-6,,,,", IL",fhir_organization,"IL, US",,
NS_4fe5a842-9,,,,", OR",fhir_organization,"OR, US",,
NS_f07f84b3-6,,Lurie Children's at Plainfield,,"Plainfield,  60585",fhir_organization,"Lurie Children's at Plainfield, Plainfield, 60585, US",,
NS_193740df-c,,,,", CA",fhir_organization,"CA, US",,
NS_4aeded4d-3,,,,", NJ",fhir_organization,"NJ, US",,
NS_d87d1111-2,,,,", DE",fhir_organization,"DE, US",,
NS_a30f6125-4,,,,", FL",fhir_organization,"FL, US",,
NS_a7731380-3,,,,", PA",fhir_organization,"PA, US",,
NS_f662150a-2,,,,", SD",fhir_organization,"SD, US",,
NS_ba3f1389-2,,,,", WY",fhir_organization,"WY, US",,
NS_e235f582-8,,,,", OR",fhir_organization,"OR, US",,
NS_c60524fa-4,,,,", NJ",fhir_organization,"NJ, USA",,
NS_d7b1602b-9,,Loyola Center for Health at Oak Park North,,",  60455",fhir_organization,"Loyola Center for Health at Oak Park North, 60455, US",,
NS_9c5dbd07-1,,,,", WI",fhir_organization,"WI, US",,
NS_db5b2f07-c,,,,", CA",fhir_organization,"CA, US",,
NS_718d4f4f-b,,,,",",fhir_organization,,,
NS_57052757-2,,,,",",fhir_organization,,,
NS_e2afe627-5,,,,", OH",fhir_organization,"OH, USA",,
NS_9d133065-0,,,,", CA",fhir_organization,"CA, US",,
NS_a3d1eb6e-a,,,,", TX",fhir_organization,"TX, US",,
NS_4874bbca-d,,,,", WA",fhir_organization,"WA, US",,
NS_2c54069c-c,,,,", IL",fhir_organization,"IL, US",,
NS_feebb0c5-4,,,,",",fhir_organization,,,
NS_373cf663-8,,,,",",fhir_organization,,,
NS_ee32edf3-a,,,,", OR",fhir_organization,"OR, US",,
NS_64bfcef8-8,,Loyola Center for Health on Roosevelt Road,,",  60540",fhir_organization,"Loyola Center for Health on Roosevelt Road, 60540, US",,
NS_d1188060-4,,Presence Health,,"CHICAGO,  60016",fhir_organization,"Presence Health, CHICAGO, 60016, US",,
NS_c61d0558-4,,SELF REGIONAL BEHAVIORAL HEALTH,,",  29646",fhir_organization,"SELF REGIONAL BEHAVIORAL HEALTH, 29646, US",,
NS_b4db05f1-7,,,,",",fhir_organization,,,
NS_8650e916-6,,,,", NC",fhir_organization,"NC, US",,
NS_556846b3-8,,,,",",fhir_organization,,,
NS_868ea1e0-a,,,,", NJ",fhir_organization,"NJ, US",,
NS_2dc4a5a4-4,,,,", OR",fhir_organization,"OR, USA",,
NS_2adea433-2,,CVS/minuteclinic - Tampa Area,,",  33620",fhir_organization,"CVS/minuteclinic - Tampa Area, 33620, US",,
NS_23819775-1,,Texas Children's Pediatrics Barker Cypress,,", TX 77433",fhir_organization,"Texas Children's Pediatrics Barker Cypress, TX, 77433, US",,
NS_c4974f32-3,,,,", OR",fhir_organization,"OR, US",,
NS_43c2f539-c,,,,", NY",fhir_organization,"NY, USA",,
NS_3f49b960-e,,,,", OR",fhir_organization,"OR, USA",,
NS_ed112f03-5,,,,", FL",fhir_organization,"FL, US",,
NS_fbf58466-e,,,,", NY",fhir_organization,"NY, USA",,
NS_2ac3bd0f-9,,,,",",fhir_organization,,,
NS_eae3ac31-5,,CVS/minuteclinic - Southern New Hampshire,,",  03276",fhir_organization,"CVS/minuteclinic - Southern New Hampshire, 03276, US",,
NS_159faafb-e,,,,", OK",fhir_organization,"OK, US",,
NS_07d90e40-e,,,,", WA",fhir_organization,"WA, USA",,
NS_079f838c-4,,,,", NJ",fhir_organization,"NJ, US",,
NS_8296f681-f,,,,",",fhir_organization,,,
NS_1d6eb1ff-c,,,,", ID",fhir_organization,"ID, US",,
NS_e26fcf34-6,,,,", FL",fhir_organization,"FL, US",,
NS_b07f16df-3,,,,", GA",fhir_organization,"GA, US",,
NS_4960b216-0,,,,", CT",fhir_organization,"CT, US",,
NS_9353e29d-5,,,,", PA",fhir_organization,"PA, US",,
NS_e2b06ee6-5,,,,", IA",fhir_organization,"IA, US",,
NS_3ba4f7f1-7,,,,", OH",fhir_organization,"OH, US",,
NS_53d8848e-2,,,,", MI",fhir_organization,"MI, US",,
NS_ef16aaa0-5,,,,", NY",fhir_organization,"NY, US",,
NS_b3175926-c,,,,", IN",fhir_organization,"IN, US",,
NS_c9b0711d-0,,,,", DE",fhir_organization,"DE, US",,
NS_1c7a6ec7-4,,,,", MA",fhir_organization,"MA, US",,
NS_91731ff7-9,,,,", OR",fhir_organization,"OR, US",,
NS_06f24696-6,,,,", MD",fhir_organization,"MD, US",,
NS_299ffba6-d,,,,", CA",fhir_organization,"CA, US",,
NS_264dccf7-3,,,,", IL",fhir_organization,"IL, US",,
NS_73b8756d-c,,,,", AL",fhir_organization,"AL, US",,
NS_29ccad72-0,,,,", LA",fhir_organization,"LA, US",,
NS_1f6a95a3-a,,,,", TX",fhir_organization,"TX, US",,
NS_6ab08b56-5,,,,", NJ",fhir_organization,"NJ, US",,
NS_37f11ab9-9,,,,", NC",fhir_organization,"NC, US",,
NS_f5c802e0-9,,Sullivan Clinic,,",  63080",fhir_organization,"Sullivan Clinic, 63080, USA",,
NS_f71db69d-c,,SELF REGIONAL IMAGING CENTER,,",  29646-3808",fhir_organization,"SELF REGIONAL IMAGING CENTER, 29646-3808, US",,
NS_5132b7cf-9,,,,", WI",fhir_organization,"WI, US",,
NS_46708e9a-f,,,,", MS",fhir_organization,"MS, USA",,
NS_c00bd668-b,,Penn Medicine for Maryland,,", MD 20810",fhir_organization,"Penn Medicine for Maryland, MD, 20810, USA",,
NS_0e92c28b-4,,Lurie Children's at Lincoln Square,,"Chicago,  60625",fhir_organization,"Lurie Children's at Lincoln Square, Chicago, 60625, US",,
NS_d0ebb209-2,,,,", CA",fhir_organization,"CA, US",,
NS_6fd21048-7,,"Neuroscience, Orthopaedic and Wellness (NOW) Center",,",  23233",fhir_organization,"Neuroscience, Orthopaedic and Wellness (NOW) Center, 23233, US",,
NS_dd0df6dc-0,,Gastroenterology Consultants,,",  63131",fhir_organization,"Gastroenterology Consultants, 63131, USA",,
NS_e0431869-a,,,,", FL",fhir_organization,"FL, US",,
NS_7667dcf1-1,,CVS/minuteclinic - Charlotte/Winston-Salem,,",  28147",fhir_organization,"CVS/minuteclinic - Charlotte/Winston-Salem, 28147, US",,
NS_e58680ee-8,,CVS/minuteclinic - Central VA,,",  24083",fhir_organization,"CVS/minuteclinic - Central VA, 24083, US",,
NS_8e0b89f0-c,,Montefiore Medical Center,,", NY 10467",fhir_organization,"Montefiore Medical Center, NY, 10467, US",,
NS_4a0b1139-2,,,,",",fhir_organization,USA,,
NS_7702de32-d,,,,",",fhir_organization,USA,,
NS_302b3d30-1,,,,",",fhir_organization,USA,,
NS_b705706f-6,,,,",",fhir_organization,USA,,
NS_d9cd2226-7,,,,",",fhir_organization,USA,,
NS_6a8ab1e7-1,,,,",",fhir_organization,USA,,
NS_ae9fdeef-9,,,,",",fhir_organization,USA,,
NS_d4ec5000-4,,,,",",fhir_organization,USA,,
NS_eb68f7b4-0,,,,",",fhir_organization,USA,,
NS_8bf82300-6,,,,",",fhir_organization,USA,,
NS_78ea0c12-5,,,,",",fhir_organization,USA,,
NS_5d6129b5-a,,,,",",fhir_organization,USA,,
NS_b1394971-e,,,,",",fhir_organization,USA,,
NS_589158f3-1,,,,",",fhir_organization,USA,,
NS_7194cf79-9,,,,",",fhir_organization,USA,,
NS_bfe4117e-d,,,,",",fhir_organization,USA,,
NS_fcdbae81-e,,,,",",fhir_organization,USA,,
NS_acf3760b-6,,,,",",fhir_organization,USA,,
NS_55d36229-1,,,,",",fhir_organization,USA,,
NS_b8a032c7-9,,,,",",fhir_organization,USA,,
NS_7f26ceab-0,,,,",",fhir_organization,USA,,
NS_b663cc98-e,,,,",",fhir_organization,USA,,
NS_48e6e726-1,,,,",",fhir_organization,USA,,
NS_1532c98c-2,,,,",",fhir_organization,USA,,
NS_712aea66-8,,,,",",fhir_organization,USA,,
NS_2b00c9dc-c,,,,",",fhir_organization,USA,,
NS_69668b9e-7,,,,",",fhir_organization,USA,,
NS_be60318e-7,,,,",",fhir_organization,USA,,
NS_28f86ebe-2,,,,",",fhir_organization,USA,,
NS_7af5c236-0,,,,",",fhir_organization,USA,,
NS_74dc8884-c,,,,",",fhir_organization,USA,,
NS_ff018192-5,,,,",",fhir_organization,USA,,
NS_9ac51e0d-2,,,,",",fhir_organization,USA,,
NS_ff48457a-a,,,,",",fhir_organization,USA,,
NS_11a98afb-a,,,,",",fhir_organization,USA,,
NS_6912dfa3-2,,,,",",fhir_organization,USA,,
NS_d99e6e39-c,,,,",",fhir_organization,USA,,
NS_f6a1a8eb-8,,,,",",fhir_organization,USA,,
NS_d499fb3c-f,,,,",",fhir_organization,USA,,
NS_310a1c39-d,,,,",",fhir_organization,USA,,
NS_00b4c4e5-6,,,,",",fhir_organization,USA,,
NS_d0455abf-e,,,,",",fhir_organization,USA,,
NS_eca9250e-d,,,,",",fhir_organization,USA,,
NS_ad2e5b5d-b,,,,",",fhir_organization,USA,,
NS_474d143f-7,,,,",",fhir_organization,USA,,
NS_0c65c6ae-3,,,,",",fhir_organization,USA,,
NS_03560c4e-d,,,,",",fhir_organization,USA,,
NS_b3780ce0-7,,,,",",fhir_organization,USA,,
NS_f09d002f-6,,,,",",fhir_organization,USA,,
NS_6633e499-6,,,,",",fhir_organization,USA,,
NS_b48d118f-8,,,,",",fhir_organization,USA,,
NS_971cbcf0-9,,,,",",fhir_organization,USA,,
NS_d5306e7d-f,,,,",",fhir_organization,USA,,
NS_8ab7983c-c,,,,",",fhir_organization,USA,,
NS_875aeee7-4,,,,",",fhir_organization,USA,,
NS_50bb0a97-7,,,,",",fhir_organization,USA,,
NS_75a64445-6,,,,",",fhir_organization,USA,,
NS_c5a5959b-e,,,,",",fhir_organization,USA,,
NS_bace194e-d,,,,",",fhir_organization,USA,,
NS_e7d6fa97-f,,,,",",fhir_organization,USA,,
NS_ccdf0608-5,,,,",",fhir_organization,USA,,
NS_98233b08-d,,,,",",fhir_organization,USA,,
NS_61ea6a21-0,,,,",",fhir_organization,USA,,
NS_f8a36b65-3,,,,",",fhir_organization,USA,,
NS_0e946102-c,,,,",",fhir_organization,USA,,
NS_ddd70a47-f,,,,",",fhir_organization,USA,,
NS_a04fb55c-1,,,,",",fhir_organization,USA,,
NS_e5409915-d,,,,",",fhir_organization,USA,,
NS_421594c0-d,,,,",",fhir_organization,USA,,
NS_9976d550-1,,,,",",fhir_organization,USA,,
NS_27a5834d-9,,,,",",fhir_organization,USA,,
NS_4bdcf4cd-f,,,,",",fhir_organization,USA,,
NS_01f0be0e-1,,,,",",fhir_organization,USA,,
NS_ea627037-4,,,,",",fhir_organization,USA,,
NS_3b3561e8-c,,,,",",fhir_organization,USA,,
NS_9be5cf0e-6,,,,",",fhir_organization,USA,,
NS_929cf9b1-6,,,,",",fhir_organization,USA,,
NS_50e3a127-c,,,,",",fhir_organization,USA,,
NS_a763f456-b,,,,",",fhir_organization,USA,,
NS_81dae5f0-4,,,,",",fhir_organization,USA,,
NS_04e44d1e-c,,,,",",fhir_organization,USA,,
NS_6a08296b-e,,,,",",fhir_organization,USA,,
NS_b0d9a204-8,,,,",",fhir_organization,USA,,
NS_93e7f7c4-8,,,,",",fhir_organization,USA,,
NS_3b66bcea-f,,,,",",fhir_organization,USA,,
NS_2de27064-1,,,,",",fhir_organization,USA,,
NS_72886d97-b,,,,",",fhir_organization,USA,,
NS_dccb77dc-9,,,,",",fhir_organization,USA,,
NS_9b88fa5b-f,,,,",",fhir_organization,USA,,
NS_22278ad7-5,,,,",",fhir_organization,USA,,
NS_e2b353f5-a,,,,",",fhir_organization,USA,,
NS_8073bf86-c,,,,",",fhir_organization,USA,,
NS_d9604634-4,,,,",",fhir_organization,USA,,
NS_89ee5dd4-6,,,,",",fhir_organization,USA,,
NS_07f96f9c-5,,,,",",fhir_organization,USA,,
NS_c9c6d80b-9,,,,",",fhir_organization,USA,,
NS_1c7b809d-8,,,,",",fhir_organization,USA,,
NS_a4fa5f3f-4,,,,",",fhir_organization,USA,,
NS_f972b32c-9,,,,",",fhir_organization,USA,,
NS_f57b9cdc-4,,,,",",fhir_organization,USA,,
NS_63533952-8,,,,",",fhir_organization,USA,,
NS_28ff60b5-a,,,,",",fhir_organization,USA,,
NS_54954d39-6,,,,",",fhir_organization,USA,,
NS_73609ff0-8,,,,",",fhir_organization,USA,,
NS_dc61cc67-1,,,,",",fhir_organization,USA,,
NS_cb4f79ad-9,,,,",",fhir_organization,USA,,
NS_f907dbb9-c,,,,",",fhir_organization,USA,,
NS_cd2e8334-6,,,,",",fhir_organization,USA,,
NS_de88ee81-8,,,,",",fhir_organization,USA,,
NS_52d06150-b,,,,",",fhir_organization,USA,,
NS_c9b14d9f-3,,,,",",fhir_organization,USA,,
NS_1fba1a16-a,,,,",",fhir_organization,USA,,
NS_3aaf9ed9-e,,,,",",fhir_organization,USA,,
NS_4cbc89e2-b,,,,",",fhir_organization,USA,,
NS_f250de37-9,,,,",",fhir_organization,USA,,
NS_0daf3af0-e,,,,",",fhir_organization,USA,,
NS_b7b250f0-a,,,,",",fhir_organization,USA,,
NS_aa365409-7,,,,",",fhir_organization,USA,,
NS_c1f8d89a-c,,,,",",fhir_organization,USA,,
NS_8daed7b2-2,,,,",",fhir_organization,USA,,
NS_98e61eda-b,,,,",",fhir_organization,USA,,
NS_f2c6d553-b,,,,",",fhir_organization,USA,,
NS_e61cb559-0,,,,",",fhir_organization,USA,,
NS_55188261-6,,,,",",fhir_organization,USA,,
NS_56ced93c-1,,,,",",fhir_organization,USA,,
NS_f2639d7f-3,,,,",",fhir_organization,USA,,
NS_5a75f881-3,,,,",",fhir_organization,USA,,
NS_9d901622-9,,,,",",fhir_organization,USA,,
NS_0df6c9ac-3,,,,",",fhir_organization,USA,,
NS_f8c98743-7,,,,",",fhir_organization,USA,,
NS_416165db-8,,,,",",fhir_organization,USA,,
NS_07bb7735-6,,,,",",fhir_organization,USA,,
NS_41dadcdb-4,,,,",",fhir_organization,USA,,
NS_bc210a40-2,,,,",",fhir_organization,USA,,
NS_f5f8edd3-7,,,,",",fhir_organization,USA,,
NS_3f4aab71-e,,,,",",fhir_organization,USA,,
NS_94e5eb05-0,,,,",",fhir_organization,USA,,
NS_5b2b4bdd-d,,,,",",fhir_organization,USA,,
NS_d76283fd-d,,,,",",fhir_organization,USA,,
NS_94e0455a-b,,,,",",fhir_organization,USA,,
NS_573f85bd-9,,,,",",fhir_organization,USA,,
NS_dd0a59db-9,,,,",",fhir_organization,USA,,
NS_69d5cbcd-e,,,,",",fhir_organization,USA,,
NS_a9d2660b-7,,,,",",fhir_organization,USA,,
NS_c47262e5-8,,,,",",fhir_organization,USA,,
NS_57dd3627-4,,,,",",fhir_organization,USA,,
NS_b85228a1-3,,,,",",fhir_organization,USA,,
NS_ef272224-9,,,,",",fhir_organization,USA,,
NS_0ba73fa1-2,,,,",",fhir_organization,USA,,
NS_a2ae5a29-f,,,,",",fhir_organization,USA,,
NS_df505da1-e,,,,",",fhir_organization,USA,,
NS_9917826f-d,,,,",",fhir_organization,USA,,
NS_b82ee47d-7,,,,",",fhir_organization,USA,,
NS_afc91375-3,,,,",",fhir_organization,USA,,
NS_045388d2-6,,,,",",fhir_organization,USA,,
NS_c3de9ae9-0,,,,",",fhir_organization,USA,,
NS_f678a0bc-9,,,,",",fhir_organization,USA,,
NS_fa79d614-9,,,,",",fhir_organization,USA,,
NS_bbc1e291-8,,,,",",fhir_organization,USA,,
NS_d2c483ce-2,,,,",",fhir_organization,USA,,
NS_28832b81-6,,,,",",fhir_organization,USA,,
NS_8ccd6ea4-f,,,,",",fhir_organization,USA,,
NS_489412d8-9,,,,",",fhir_organization,USA,,
NS_d8649634-0,,,,",",fhir_organization,USA,,
NS_99bf143c-7,,,,",",fhir_organization,USA,,
NS_245c0c4a-d,,,,",",fhir_organization,USA,,
NS_a6de4abf-d,,,,",",fhir_organization,USA,,
NS_c96e52f1-0,,,,",",fhir_organization,USA,,
NS_36f6b214-4,,,,",",fhir_organization,USA,,
NS_8ae49505-0,,,,",",fhir_organization,USA,,
NS_8771a660-9,,,,",",fhir_organization,USA,,
NS_5efc4f9e-d,,,,",",fhir_organization,USA,,
NS_f4394fd8-c,,,,",",fhir_organization,USA,,
NS_28c11ab5-7,,,,",",fhir_organization,USA,,
NS_a8e80519-9,,,,",",fhir_organization,USA,,
NS_b83714b6-a,,,,",",fhir_organization,USA,,
NS_2ba46241-0,,,,",",fhir_organization,USA,,
NS_f6557dd7-3,,,,",",fhir_organization,USA,,
NS_20e273d8-0,,,,",",fhir_organization,USA,,
NS_f93549c6-1,,,,",",fhir_organization,USA,,
NS_ce488ee6-2,,,,",",fhir_organization,USA,,
NS_eba2b5f5-3,,,,",",fhir_organization,USA,,
NS_31eb1771-7,,,,",",fhir_organization,USA,,
NS_6c976732-5,,,,",",fhir_organization,USA,,
NS_554eedc9-c,,,,",",fhir_organization,USA,,
NS_8a16bab9-0,,,,",",fhir_organization,USA,,
NS_bdadd5d4-9,,,,",",fhir_organization,USA,,
NS_ca514a66-f,,,,",",fhir_organization,USA,,
NS_b9ec30a5-5,,,,",",fhir_organization,USA,,
NS_66990893-b,,,,",",fhir_organization,USA,,
NS_bb8b8a6a-d,,,,",",fhir_organization,USA,,
NS_9de388a9-c,,,,",",fhir_organization,USA,,
NS_456710f0-1,,,,",",fhir_organization,USA,,
NS_23edb0e6-d,,,,",",fhir_organization,USA,,
NS_0b9918f6-2,,,,",",fhir_organization,USA,,
NS_9cc0d719-b,,,,",",fhir_organization,USA,,
NS_26366f5c-5,,,,",",fhir_organization,USA,,
NS_d53a371a-e,,,,",",fhir_organization,USA,,
NS_3204bf12-0,,,,",",fhir_organization,USA,,
NS_53862901-5,,,,",",fhir_organization,USA,,
NS_d3422455-0,,,,",",fhir_organization,USA,,
NS_f4250efd-1,,,,",",fhir_organization,USA,,
NS_59f60077-a,,,,",",fhir_organization,USA,,
NS_13a64461-3,,,,",",fhir_organization,USA,,
NS_0cdf8498-2,,,,",",fhir_organization,USA,,
NS_1b05e31e-d,,,,",",fhir_organization,USA,,
NS_91c91b00-d,,,,",",fhir_organization,USA,,
NS_ba5bdfc8-9,,,,",",fhir_organization,USA,,
NS_4067d6a6-a,,,,",",fhir_organization,USA,,
NS_81500a92-1,,,,",",fhir_organization,USA,,
NS_c6d495e9-f,,,,",",fhir_organization,USA,,
NS_fc9a7e90-0,,,,",",fhir_organization,USA,,
NS_517df893-0,,,,",",fhir_organization,USA,,
NS_4f310b97-a,,,,",",fhir_organization,USA,,
NS_cb724b8f-0,,,,",",fhir_organization,USA,,
NS_db1b56dd-c,,,,",",fhir_organization,USA,,
NS_1f8c90fb-2,,,,",",fhir_organization,USA,,
NS_c4d63873-f,,,,",",fhir_organization,USA,,
NS_2b79669a-9,,,,",",fhir_organization,USA,,
NS_9a84ed06-8,,,,",",fhir_organization,USA,,
NS_39968793-6,,,,",",fhir_organization,USA,,
NS_6f3143e8-6,,,,",",fhir_organization,USA,,
NS_8ca6af87-f,,,,",",fhir_organization,USA,,
NS_1d1ae2f8-d,,,,",",fhir_organization,USA,,
NS_bbc61aa6-7,,,,",",fhir_organization,USA,,
NS_d2623641-9,,,,",",fhir_organization,USA,,
NS_bd4d7f72-0,,,,",",fhir_organization,USA,,
NS_cd95c1ad-9,,,,",",fhir_organization,USA,,
NS_a8d92527-e,,,,",",fhir_organization,USA,,
NS_9624d81b-8,,,,",",fhir_organization,USA,,
NS_348e71df-6,,,,",",fhir_organization,USA,,
NS_44f0758e-b,,,,",",fhir_organization,USA,,
NS_d22e9609-9,,,,",",fhir_organization,USA,,
NS_3e76420a-a,,,,",",fhir_organization,USA,,
NS_5f8e7ccf-b,,,,",",fhir_organization,USA,,
NS_e90d1d2a-2,,,,",",fhir_organization,USA,,
NS_a5a15cf7-2,,,,",",fhir_organization,USA,,
NS_5dd560bd-a,,,,",",fhir_organization,USA,,
NS_bba8382c-f,,,,",",fhir_organization,USA,,
NS_6a0ccdc9-0,,,,",",fhir_organization,USA,,
NS_05025fc5-8,,,,",",fhir_organization,USA,,
NS_52082f73-0,,,,",",fhir_organization,USA,,
NS_32450e18-2,,,,",",fhir_organization,USA,,
NS_52735261-3,,,,",",fhir_organization,USA,,
NS_5fa3f74c-3,,,,",",fhir_organization,USA,,
NS_418ff745-a,,,,",",fhir_organization,USA,,
NS_c1deea3f-e,,,,",",fhir_organization,USA,,
NS_5cd8e08e-3,,,,",",fhir_organization,USA,,
NS_71d2790c-0,,,,",",fhir_organization,USA,,
NS_0a434501-d,,,,",",fhir_organization,USA,,
NS_db05cf6b-c,,,,",",fhir_organization,USA,,
NS_817cbd29-8,,,,",",fhir_organization,USA,,
NS_11c46df5-b,,,,",",fhir_organization,USA,,
NS_735380d9-2,,,,",",fhir_organization,USA,,
NS_8b7fe624-e,,,,",",fhir_organization,USA,,
NS_3f32d17d-0,,,,",",fhir_organization,USA,,
NS_027cc860-a,,,,",",fhir_organization,USA,,
NS_cb748ceb-a,,,,",",fhir_organization,USA,,
NS_3364c3bb-2,,,,",",fhir_organization,USA,,
NS_89407bb7-9,,,,",",fhir_organization,USA,,
NS_326d2b69-9,,,,",",fhir_organization,USA,,
NS_a7598cd5-5,,,,",",fhir_organization,USA,,
NS_17a0a525-a,,,,",",fhir_organization,USA,,
NS_9deacf11-e,,,,",",fhir_organization,USA,,
NS_244ab3cc-8,,,,",",fhir_organization,USA,,
NS_a8ff0e37-d,,,,",",fhir_organization,USA,,
NS_31e66863-a,,,,",",fhir_organization,USA,,
NS_54ef21fb-6,,,,",",fhir_organization,USA,,
NS_24e47314-f,,,,",",fhir_organization,USA,,
NS_af46d039-4,,,,",",fhir_organization,USA,,
NS_dfeb71b8-b,,,,",",fhir_organization,USA,,
NS_650ad391-e,,,,",",fhir_organization,USA,,
NS_9dc65d33-1,,,,",",fhir_organization,USA,,
NS_e9238c37-3,,,,",",fhir_organization,USA,,
NS_079b7f11-6,,,,",",fhir_organization,USA,,
NS_0dd83aaa-4,,,,",",fhir_organization,USA,,
NS_a2e93eb4-7,,,,",",fhir_organization,USA,,
NS_366aca51-e,,,,",",fhir_organization,USA,,
NS_86c6557b-0,,,,",",fhir_organization,USA,,
NS_4f818014-8,,,,",",fhir_organization,USA,,
NS_7927bfed-e,,,,",",fhir_organization,USA,,
NS_ac4a0840-f,,,,",",fhir_organization,USA,,
NS_1f8ee510-3,,,,",",fhir_organization,USA,,
NS_8763d05a-7,,,,",",fhir_organization,USA,,
NS_2d886443-7,,,,",",fhir_organization,USA,,
NS_6109563c-f,,,,",",fhir_organization,USA,,
NS_90fb4721-4,,,,",",fhir_organization,USA,,
NS_5d4b1346-f,,,,", AR",fhir_organization,"AR, USA",,
NS_059555a7-9,,,,",",fhir_organization,USA,,
NS_65cccc32-f,,,,",",fhir_organization,USA,,
NS_0d20ea7a-3,,,,",",fhir_organization,USA,,
NS_9f61c4f1-0,,,,",",fhir_organization,USA,,
NS_48733d6d-6,,,,",",fhir_organization,USA,,
NS_74f7131a-5,,,,",",fhir_organization,USA,,
NS_b9844dda-d,,,,",",fhir_organization,USA,,
NS_33d77210-3,,,,",",fhir_organization,USA,,
NS_635de2cb-2,,,,",",fhir_organization,USA,,
NS_ec611bb1-c,,,,",",fhir_organization,USA,,
NS_e1747135-4,,,,",",fhir_organization,USA,,
NS_09314c5f-c,,,,",",fhir_organization,USA,,
NS_ab8688cc-a,,,,",",fhir_organization,USA,,
NS_c5d5ec39-e,,,,",",fhir_organization,USA,,
NS_e04754a9-4,,,,",",fhir_organization,USA,,
NS_de628919-5,,,,",",fhir_organization,USA,,
NS_1be65d68-3,,,,",",fhir_organization,USA,,
NS_12503c49-b,,,,",",fhir_organization,USA,,
NS_0fd805e8-3,,,,",",fhir_organization,USA,,
NS_8b50351f-8,,,,",",fhir_organization,USA,,
NS_aeac61a7-e,,,,",",fhir_organization,USA,,
NS_1de3d29b-3,,,,",",fhir_organization,USA,,
NS_12124a78-c,,,,",",fhir_organization,USA,,
NS_716b6cda-9,,,,",",fhir_organization,USA,,
NS_531d5abb-0,,,,",",fhir_organization,USA,,
NS_1327fc34-f,,,,",",fhir_organization,USA,,
NS_f359ad87-b,,,,",",fhir_organization,USA,,
NS_97fa4dc9-0,,,,",",fhir_organization,USA,,
NS_7f334f3d-3,,,,",",fhir_organization,USA,,
NS_42d15352-a,,,,",",fhir_organization,USA,,
NS_fc262b83-a,,,,",",fhir_organization,USA,,
NS_6c925e18-f,,,,",",fhir_organization,USA,,
NS_cc45cf12-c,,,,",",fhir_organization,USA,,
NS_2eaa8380-e,,901 JAMES AVE,,"FARMERVILLE,  71241",fhir_organization,"901 JAMES AVE, FARMERVILLE, 71241, USA",,
NS_ae0f9188-5,,,,",",fhir_organization,USA,,
NS_a0b75134-3,,,,",",fhir_organization,USA,,
NS_60e67f63-4,,,,",",fhir_organization,USA,,
NS_ca5c1011-7,,,,",",fhir_organization,USA,,
NS_648a62a2-4,,,,",",fhir_organization,USA,,
NS_173d7bae-0,,,,",",fhir_organization,USA,,
NS_a2fa813d-2,,,,",",fhir_organization,USA,,
NS_a8675d57-4,,,,",",fhir_organization,USA,,
NS_12df415f-d,,,,",",fhir_organization,USA,,
NS_d1e19137-0,,,,",",fhir_organization,USA,,
NS_e29d5536-e,,,,",",fhir_organization,USA,,
NS_9607aa1d-6,,,,",",fhir_organization,USA,,
NS_464acbd8-5,,,,",",fhir_organization,USA,,
NS_59b64b00-3,,,,",",fhir_organization,USA,,
NS_69518a72-0,,,,",",fhir_organization,USA,,
NS_a039fa5b-1,,,,",",fhir_organization,USA,,
NS_ca0ba874-3,,,,",",fhir_organization,USA,,
NS_e0cbe501-1,,,,",",fhir_organization,USA,,
NS_56c8d0f7-9,,,,",",fhir_organization,USA,,
NS_506784dd-d,,,,",",fhir_organization,USA,,
NS_cf6284c8-3,,,,",",fhir_organization,USA,,
NS_84f1fe7b-6,,,,",",fhir_organization,USA,,
NS_16a9a3e7-0,,,,",",fhir_organization,USA,,
NS_9a092f0b-d,,,,",",fhir_organization,USA,,
NS_ce0588ac-e,,,,",",fhir_organization,USA,,
NS_d3f4a26d-3,,,,",",fhir_organization,USA,,
NS_311c0857-f,,,,",",fhir_organization,USA,,
NS_6bd1f0e8-6,,,,",",fhir_organization,USA,,
NS_62a06ca7-b,,,,",",fhir_organization,USA,,
NS_9c3fae21-f,,,,",",fhir_organization,USA,,
NS_a253a1c5-a,,,,",",fhir_organization,USA,,
NS_8e0e94d9-9,,,,",",fhir_organization,USA,,
NS_3d59669b-1,,,,",",fhir_organization,USA,,
NS_597a5df8-e,,,,",",fhir_organization,USA,,
NS_28d667d5-4,,,,",",fhir_organization,USA,,
NS_49cfe09b-5,,,,",",fhir_organization,USA,,
NS_0354720f-3,,,,",",fhir_organization,USA,,
NS_0e6a158a-8,,,,",",fhir_organization,USA,,
NS_85b4f8e3-8,,,,",",fhir_organization,USA,,
NS_4800b371-8,,,,",",fhir_organization,USA,,
NS_aedec1ef-6,,,,",",fhir_organization,USA,,
NS_7584612e-4,,,,",",fhir_organization,USA,,
NS_044e89e1-5,,,,",",fhir_organization,USA,,
NS_97d07d5a-0,,,,",",fhir_organization,USA,,
NS_aebb243f-1,,,,",",fhir_organization,USA,,
NS_6a63c260-0,,,,",",fhir_organization,USA,,
NS_e9493420-0,,,,",",fhir_organization,USA,,
NS_6c787c70-7,,,,",",fhir_organization,USA,,
NS_bdc7a324-8,,,,",",fhir_organization,USA,,
NS_b0fed7ba-2,,,,",",fhir_organization,USA,,
NS_a9f0c48f-6,,,,",",fhir_organization,USA,,
NS_d10ce068-2,,,,",",fhir_organization,USA,,
NS_83fdf8cd-0,,,,",",fhir_organization,USA,,
NS_bff9cdd6-b,,,,",",fhir_organization,USA,,
NS_d76841a5-2,,,,",",fhir_organization,USA,,
NS_57c055bd-0,,,,",",fhir_organization,USA,,
NS_b7bcb054-f,,,,",",fhir_organization,USA,,
NS_0431838f-6,,,,",",fhir_organization,USA,,
NS_8e0e0e8f-4,,,,",",fhir_organization,USA,,
NS_0e1921db-d,,,,",",fhir_organization,USA,,
NS_e9138a5e-a,,,,",",fhir_organization,USA,,
NS_ce0ee873-2,,,,",",fhir_organization,USA,,
NS_df28122f-3,,,,",",fhir_organization,USA,,
NS_fdc578a5-b,,,,",",fhir_organization,USA,,
NS_db9b1301-d,,,,",",fhir_organization,USA,,
NS_7e3c0163-d,,,,",",fhir_organization,USA,,
NS_fb866c61-c,,,,",",fhir_organization,USA,,
NS_27f51736-0,,,,",",fhir_organization,USA,,
NS_663eb7a0-c,,,,",",fhir_organization,USA,,
NS_3e4d9009-2,,,,",",fhir_organization,USA,,
NS_531378ab-a,,,,",",fhir_organization,USA,,
NS_6295cba3-4,,,,",",fhir_organization,USA,,
NS_16466e8d-7,,,,",",fhir_organization,USA,,
NS_6ce22d6f-0,,,,",",fhir_organization,USA,,
NS_5b14f41d-d,,,,",",fhir_organization,USA,,
NS_2a556fcc-e,,,,",",fhir_organization,USA,,
NS_859605ce-5,,,,",",fhir_organization,USA,,
NS_aa42f7bc-d,,,,",",fhir_organization,USA,,
NS_c2712174-7,,,,",",fhir_organization,USA,,
NS_1e483f2b-8,,,,",",fhir_organization,USA,,
NS_d0f2da11-a,,,,",",fhir_organization,USA,,
NS_db82edc2-a,,,,",",fhir_organization,USA,,
NS_cb01c55d-a,,,,",",fhir_organization,USA,,
NS_6aa758af-f,,,,",",fhir_organization,USA,,
NS_ecbfd0a7-d,,,,",",fhir_organization,USA,,
NS_2653c7b2-e,,,,",",fhir_organization,USA,,
NS_007f11f1-2,,,,",",fhir_organization,USA,,
NS_105f4c07-2,,,,",",fhir_organization,USA,,
NS_8b46270f-f,,,,",",fhir_organization,USA,,
NS_78208e0d-4,,,,",",fhir_organization,USA,,
NS_6ac02d98-d,,,,",",fhir_organization,USA,,
NS_973356a1-0,,,,",",fhir_organization,USA,,
NS_ea89b665-c,,,,",",fhir_organization,USA,,
NS_56468f36-c,,,,",",fhir_organization,USA,,
NS_20bdd8ef-9,,,,",",fhir_organization,USA,,
NS_5d13d0c0-d,,,,",",fhir_organization,USA,,
NS_299a360a-8,,,,",",fhir_organization,USA,,
NS_1d800cde-8,,,,",",fhir_organization,USA,,
NS_fad51460-a,,,,",",fhir_organization,USA,,
NS_1a217172-4,,,,",",fhir_organization,USA,,
NS_8256dbea-a,,,,",",fhir_organization,USA,,
NS_37dbaa13-0,,,,",",fhir_organization,USA,,
NS_226048fd-9,,,,",",fhir_organization,USA,,
NS_1a251133-1,,0000,,"0000,",fhir_organization,"0000, 0000, USA",,
NS_023cddd6-2,,,,",",fhir_organization,USA,,
NS_661442d2-2,,,,",",fhir_organization,USA,,
NS_f4b7a1d6-1,,,,",",fhir_organization,USA,,
NS_8fa6eedd-a,,,,",",fhir_organization,USA,,
NS_a751b8db-b,,,,",",fhir_organization,USA,,
NS_c3fd99b0-8,,,,",",fhir_organization,USA,,
NS_ef2aa851-7,,,,",",fhir_organization,USA,,
NS_84e17b54-b,,,,",",fhir_organization,USA,,
NS_cde486a8-2,,,,",",fhir_organization,USA,,
NS_8e17e9c0-a,,,,",",fhir_organization,USA,,
NS_0c854a5e-f,,,,",",fhir_organization,USA,,
NS_addc9836-5,,,,",",fhir_organization,USA,,
NS_c17b4572-7,,,,",",fhir_organization,USA,,
NS_0d9f98a1-2,,,,",",fhir_organization,USA,,
NS_bc5a8237-9,,,,",",fhir_organization,USA,,
NS_6ce7d97e-6,,,,",",fhir_organization,USA,,
NS_2393d431-6,,,,",",fhir_organization,USA,,
NS_1df5fa32-c,,,,",",fhir_organization,USA,,
NS_39773873-d,,,,",",fhir_organization,USA,,
NS_e429ea6b-e,,,,",",fhir_organization,USA,,
NS_fcf87f6d-5,,,,",",fhir_organization,USA,,
NS_7cc93bf0-8,,,,",",fhir_organization,USA,,
NS_5add4b58-4,,,,",",fhir_organization,USA,,
NS_065a1789-c,,,,",",fhir_organization,USA,,
NS_b5882e36-6,,,,",",fhir_organization,USA,,
NS_1d12d443-4,,,,",",fhir_organization,USA,,
NS_2bc78220-7,,,,",",fhir_organization,USA,,
NS_eb459b7c-0,,,,",",fhir_organization,USA,,
NS_41ef6387-1,,,,",",fhir_organization,USA,,
NS_944f4188-3,,,,",",fhir_organization,USA,,
NS_8ea2fe63-3,,,,", NH",fhir_organization,"NH, USA",,
NS_2f72cf1f-a,,,,",",fhir_organization,USA,,
NS_448ec666-2,,,,",",fhir_organization,USA,,
NS_3728c779-0,,,,",",fhir_organization,USA,,
NS_dcb8d89f-0,,,,",",fhir_organization,USA,,
NS_eec28f03-c,,,,",",fhir_organization,USA,,
NS_db7e1566-a,,,,",",fhir_organization,USA,,
NS_05e657c3-5,,,,",",fhir_organization,USA,,
NS_76cc4db2-8,,,,",",fhir_organization,USA,,
NS_3fac9940-e,,,,",",fhir_organization,USA,,
NS_ee48cbb6-8,,,,",",fhir_organization,USA,,
NS_16fe7349-4,,,,",",fhir_organization,USA,,
NS_14c91afd-a,,,,",",fhir_organization,USA,,
NS_12c9f6b4-a,,,,",",fhir_organization,USA,,
NS_4b965f96-1,,,,",",fhir_organization,USA,,
NS_e69cbcad-9,,,,",",fhir_organization,USA,,
NS_737807a5-4,,,,",",fhir_organization,USA,,
NS_6e524555-d,,Multiple Locations,,", NH",fhir_organization,"Multiple Locations, NH, USA",,
NS_ad4ed99e-0,,,,",",fhir_organization,USA,,
NS_538373ed-d,,,,",",fhir_organization,USA,,
NS_4a247e98-4,,,,",",fhir_organization,USA,,
NS_c9ee1131-5,,,,",",fhir_organization,USA,,
NS_3347887e-c,,,,",",fhir_organization,USA,,
NS_2a73a268-a,,,,",",fhir_organization,USA,,
NS_b353f3b3-6,,,,",",fhir_organization,USA,,
NS_cc856a86-3,,,,",",fhir_organization,USA,,
NS_3579fdbd-f,,,,",",fhir_organization,USA,,
NS_ed8ebb2d-3,,,,",",fhir_organization,USA,,
NS_2b97e266-5,,,,",",fhir_organization,USA,,
NS_fbc4de27-8,,,,",",fhir_organization,USA,,
NS_487f3137-3,,,,",",fhir_organization,USA,,
NS_09d5f35b-e,,,,",",fhir_organization,USA,,
NS_8c8aadc0-3,,,,",",fhir_organization,USA,,
NS_e8721627-d,,,,",",fhir_organization,USA,,
NS_ce22a108-3,,",",,",",fhir_organization,",, USA",,
NS_ee9ab7e7-7,,,,",",fhir_organization,USA,,
NS_7310450c-a,,,,",",fhir_organization,USA,,
NS_21fbc83d-6,,,,",",fhir_organization,USA,,
NS_e1876a74-d,,,,",",fhir_organization,USA,,
NS_51feee46-6,,,,",",fhir_organization,USA,,
NS_945b6559-f,,,,",",fhir_organization,USA,,
NS_5f2a532c-7,,.,,",",fhir_organization,"., USA",,
NS_fcb54750-d,,,,",",fhir_organization,USA,,
NS_fe7d4178-6,,,,",",fhir_organization,USA,,
NS_58aa70d0-a,,,,",",fhir_organization,USA,,
NS_f752984d-2,,,,",",fhir_organization,USA,,
NS_3597f0b0-9,,,,",",fhir_organization,USA,,
NS_95035d66-3,,,,",",fhir_organization,USA,,
NS_5b2f084d-0,,,,",",fhir_organization,USA,,
NS_7aefc9c8-5,,,,",",fhir_organization,USA,,
NS_b4b0c014-6,,,,",",fhir_organization,USA,,
NS_b1a9250f-a,,,,",",fhir_organization,USA,,
NS_75f7600c-7,,,,",",fhir_organization,USA,,
NS_983efc1f-2,,,,",",fhir_organization,USA,,
NS_b4c95974-6,,,,",",fhir_organization,USA,,
NS_7fc6b224-0,,,,",",fhir_organization,USA,,
NS_37276b07-5,,,,",",fhir_organization,USA,,
NS_79c5724f-7,,,,",",fhir_organization,USA,,
NS_9d720244-6,,,,",",fhir_organization,USA,,
NS_ad39a3fd-a,,,,",",fhir_organization,USA,,
NS_7a1b547d-1,,,,",",fhir_organization,USA,,
NS_4d5b10ab-3,,,,",",fhir_organization,USA,,
NS_8d5e0ec6-d,,,,",",fhir_organization,USA,,
NS_5d8beb86-5,,,,",",fhir_organization,USA,,
NS_cbba9779-f,,,,",",fhir_organization,USA,,
NS_afc057fb-8,,,,",",fhir_organization,USA,,
NS_33d80cc2-7,,,,",",fhir_organization,USA,,
NS_d52ee3ed-b,,,,",",fhir_organization,USA,,
NS_34b4ec17-c,,,,",",fhir_organization,USA,,
NS_1cdb9858-3,,,,",",fhir_organization,USA,,
NS_b011ea3c-9,,,,",",fhir_organization,USA,,
NS_5cf961de-0,,,,",",fhir_organization,USA,,
NS_776de0d2-2,,,,",",fhir_organization,USA,,
NS_d88f868b-8,,,,",",fhir_organization,USA,,
NS_b2848abd-0,,1234,,",",fhir_organization,"1234, USA",,
NS_6bf25d40-6,,,,",",fhir_organization,USA,,
NS_e0b36c66-1,,,,",",fhir_organization,USA,,
NS_01997a69-5,,,,",",fhir_organization,USA,,
NS_64c806e1-e,,,,",",fhir_organization,USA,,
NS_d8e485f2-a,,,,",",fhir_organization,USA,,
NS_0e93e945-f,,,,",",fhir_organization,USA,,
NS_efd0c85f-5,,,,",",fhir_organization,USA,,
NS_fde89d71-f,,,,",",fhir_organization,USA,,
NS_1c25469d-2,,,,",",fhir_organization,USA,,
NS_3290db88-e,,,,",",fhir_organization,USA,,
NS_0325a73c-f,,,,",",fhir_organization,USA,,
NS_5f4beed1-a,,,,",",fhir_organization,USA,,
NS_37565fd9-a,,,,",",fhir_organization,USA,,
NS_34058c2e-e,,,,",",fhir_organization,USA,,
NS_92212bc1-8,,,,",",fhir_organization,USA,,
NS_76d55010-b,,,,",",fhir_organization,USA,,
NS_04a34107-c,,,,",",fhir_organization,USA,,
NS_6c4a107a-8,,,,",",fhir_organization,USA,,
NS_5d14bbea-1,,,,",",fhir_organization,USA,,
NS_7c7be19e-d,,,,",",fhir_organization,USA,,
NS_c1335f90-a,,,,",",fhir_organization,USA,,
NS_dbb8e788-a,,,,",",fhir_organization,USA,,
NS_f8142c0f-8,,,,",",fhir_organization,USA,,
NS_c1c346b6-6,,,,",",fhir_organization,USA,,
NS_e43cb013-e,,1111,,",",fhir_organization,"1111, USA",,
NS_7160f2e5-d,,,,",",fhir_organization,USA,,
NS_83ce9e96-5,,,,",",fhir_organization,USA,,
NS_269557d8-a,,,,",",fhir_organization,USA,,
NS_34a13e51-b,,,,",",fhir_organization,USA,,
NS_1db55136-a,,,,",",fhir_organization,USA,,
NS_ff87d3cb-6,,,,",",fhir_organization,USA,,
NS_2d48265e-2,,,,",",fhir_organization,USA,,
NS_4797bccc-7,,,,",",fhir_organization,USA,,
NS_f50000e8-1,,,,",",fhir_organization,USA,,
NS_d2252a79-c,,,,",",fhir_organization,USA,,
NS_420d49cc-8,,,,",",fhir_organization,USA,,
NS_f0e1fe4b-4,,,,",",fhir_organization,USA,,
NS_f9da0c2f-9,,,,",",fhir_organization,USA,,
NS_c0860896-8,,,,",",fhir_organization,USA,,
NS_7ee85fb9-2,,,,",",fhir_organization,USA,,
NS_4b20b79b-2,,,,",",fhir_organization,USA,,
NS_f71715aa-b,,,,",",fhir_organization,USA,,
NS_d6f652eb-4,,,,",",fhir_organization,USA,,
NS_3ae0dd63-b,,,,",",fhir_organization,USA,,
NS_7431506a-f,,,,",",fhir_organization,USA,,
NS_9ec21bc4-7,,1250 16th street,,"Santa Monica,  90404",fhir_organization,"1250 16th street, Santa Monica, 90404, USA",,
NS_fa4397ed-3,,,,",",fhir_organization,USA,,
NS_7baf7edf-5,,,,",",fhir_organization,USA,,
NS_cfd76f98-3,,,,",",fhir_organization,USA,,
NS_ce086cc4-d,,,,",",fhir_organization,USA,,
NS_71810560-a,,,,",",fhir_organization,USA,,
NS_37f65906-5,,,,",",fhir_organization,USA,,
NS_be99e99c-d,,,,",",fhir_organization,USA,,
NS_fcb9fead-2,,,,",",fhir_organization,USA,,
NS_2d98260d-0,,,,",",fhir_organization,USA,,
NS_f381c2e4-6,,,,",",fhir_organization,USA,,
NS_64f22606-5,,,,",",fhir_organization,USA,,
NS_bb97b8b0-3,,,,",",fhir_organization,USA,,
NS_6f80c10a-0,,,,",",fhir_organization,USA,,
NS_728663c7-d,,,,",",fhir_organization,USA,,
NS_f9f82d04-6,,,,",",fhir_organization,USA,,
NS_9822cd04-4,,,,",",fhir_organization,USA,,
NS_fd6d8261-f,,,,",",fhir_organization,USA,,
NS_ee6577cc-3,,,,",",fhir_organization,USA,,
NS_42efe709-8,,,,",",fhir_organization,USA,,
NS_ea7c9cd0-c,,,,",",fhir_organization,USA,,
NS_1351b4e3-6,,,,",",fhir_organization,USA,,
NS_9e226cb6-5,,,,",",fhir_organization,USA,,
NS_dcc12fd8-7,,,,",",fhir_organization,USA,,
NS_6303fb6e-5,,,,",",fhir_organization,USA,,
NS_08fbb388-7,,,,",",fhir_organization,USA,,
NS_70e6c711-c,,,,",",fhir_organization,USA,,
NS_2d49fd9b-9,,,,",",fhir_organization,USA,,
NS_ea62e3eb-7,,,,",",fhir_organization,USA,,
NS_3e5a021a-7,,,,",",fhir_organization,USA,,
NS_f9b64da9-9,,,,",",fhir_organization,USA,,
NS_0c3a27b2-7,,,,",",fhir_organization,USA,,
NS_a75b9929-f,,,,",",fhir_organization,USA,,
NS_c4e67679-1,,,,",",fhir_organization,USA,,
NS_042a5d71-2,,,,",",fhir_organization,USA,,
NS_4c2a5569-d,,,,",",fhir_organization,USA,,
NS_732b7afc-a,,,,",",fhir_organization,USA,,
NS_9df3cb12-b,,1015 Unity Road,,"Crossett,",fhir_organization,"1015 Unity Road, Crossett, USA",,
NS_5349597d-7,,2319 Hwy 110 West,,",",fhir_organization,"2319 Hwy 110 West, USA",,
NS_2800cbe0-8,,9601 Baptist Health Drive,,",",fhir_organization,"9601 Baptist Health Drive, USA",,
NS_f6d04064-b,,As per instruction,,",",fhir_organization,"As per instruction, USA",,
NS_8d689e06-b,,,,",",fhir_organization,USA,,
NS_f2701c80-e,,,,",",fhir_organization,USA,,
NS_bc161d29-6,,,,",",fhir_organization,USA,,
NS_2969f35f-f,,,,",",fhir_organization,USA,,
NS_9c08df92-9,,,,",",fhir_organization,USA,,
NS_87c101b2-1,,,,",",fhir_organization,USA,,
NS_4eca5bd8-5,,,,",",fhir_organization,USA,,
NS_0d4fe1b3-2,,,,",",fhir_organization,USA,,
NS_d02de84a-d,,,,",",fhir_organization,USA,,
NS_28a17ace-2,,,,",",fhir_organization,USA,,
NS_d0b9f0ef-3,,,,",",fhir_organization,USA,,
NS_b7b0a10b-f,,,,",",fhir_organization,USA,,
NS_bb79c695-7,,,,",",fhir_organization,USA,,
NS_7e34189a-7,,,,",",fhir_organization,USA,,
NS_39f0f324-0,,12345 Wizard Way,,"Hogsmeade,",fhir_organization,"12345 Wizard Way, Hogsmeade, USA",,
NS_e95d251c-0,,,,",",fhir_organization,USA,,
NS_80c1f5e2-3,,,,",",fhir_organization,USA,,
NS_f6d53972-e,,,,",",fhir_organization,USA,,
NS_f2466820-2,,,,",",fhir_organization,USA,,
NS_b9e0e911-d,,,,",",fhir_organization,USA,,
NS_275fc1f7-4,,,,",",fhir_organization,USA,,
NS_9c03517e-5,,,,",",fhir_organization,USA,,
NS_e4995ed4-1,,,,",",fhir_organization,USA,,
NS_bd671147-f,,,,",",fhir_organization,USA,,
NS_0c7754ed-c,,,,",",fhir_organization,USA,,
NS_52ca8668-3,,,,",",fhir_organization,USA,,
NS_68174679-6,,,,",",fhir_organization,USA,,
NS_f64e69ba-d,,,,",",fhir_organization,USA,,
NS_dbdaad39-1,,,,",",fhir_organization,USA,,
NS_c570737b-4,,,,",",fhir_organization,USA,,
NS_977e995f-b,,,,",",fhir_organization,USA,,
NS_166f6aba-e,,,,",",fhir_organization,USA,,
NS_4df6f7d3-6,,,,",",fhir_organization,USA,,
NS_c69b1197-7,,,,",",fhir_organization,USA,,
NS_bfa4620e-a,,,,",",fhir_organization,USA,,
NS_bf96970f-b,,,,",",fhir_organization,USA,,
NS_f3d30fd8-b,,,,",",fhir_organization,USA,,
NS_6b84504b-2,,11111,,"11111,",fhir_organization,"11111, 11111, USA",,
NS_43aa4255-4,,,,",",fhir_organization,USA,,
NS_5fe9077d-5,,111  FOOOBAR,,", MA 02155",fhir_organization,"111  FOOOBAR, MA, 02155, USA",,
NS_95007dca-9,,,,",",fhir_organization,USA,,
NS_24af5295-e,,,,",",fhir_organization,USA,,
NS_a5b1300c-c,,,,",",fhir_organization,USA,,
NS_84b1c516-0,,,,",",fhir_organization,USA,,
NS_a874d540-1,,,,",",fhir_organization,USA,,
NS_b30f24ad-a,,,,",",fhir_organization,USA,,
NS_af39b514-2,,,,",",fhir_organization,USA,,
NS_16bb9bfe-0,,,,",",fhir_organization,USA,,
NS_83708516-4,,,,",",fhir_organization,USA,,
NS_6ca916ef-1,,,,",",fhir_organization,USA,,
NS_eea923c2-b,,,,",",fhir_organization,USA,,
NS_b839f92a-6,,,,",",fhir_organization,USA,,
NS_5c2ccb3f-0,,,,",",fhir_organization,USA,,
NS_b9903c1a-a,,,,",",fhir_organization,USA,,
NS_5684cc2e-b,,,,",",fhir_organization,USA,,
NS_2b9fd24b-5,,,,",",fhir_organization,USA,,
NS_b7d6b5d2-1,,,,",",fhir_organization,USA,,
NS_e045e194-3,,,,",",fhir_organization,USA,,
NS_79f8bb51-0,,,,",",fhir_organization,USA,,
NS_e1f17b3a-7,,,,",",fhir_organization,USA,,
NS_0de520d9-2,,,,",",fhir_organization,USA,,
NS_b8f39011-e,,,,",",fhir_organization,USA,,
NS_30a7a933-5,,,,",",fhir_organization,USA,,
NS_3ce93dfd-c,,,,",",fhir_organization,USA,,
NS_0b202e22-d,,,,",",fhir_organization,USA,,
NS_bed53281-b,,,,",",fhir_organization,USA,,
NS_c6f1a984-7,,,,",",fhir_organization,USA,,
NS_8be541ae-b,,,,",",fhir_organization,USA,,
NS_0dda48b8-8,,,,",",fhir_organization,USA,,
NS_cb4e610a-7,,,,",",fhir_organization,USA,,
NS_06dea958-8,,,,",",fhir_organization,USA,,
NS_7dd9d5e7-2,,,,",",fhir_organization,USA,,
NS_61f67527-0,,,,",",fhir_organization,USA,,
NS_e72b458f-0,,,,",",fhir_organization,USA,,
NS_38b36313-e,,,,",",fhir_organization,USA,,
NS_a1ef524d-2,,,,",",fhir_organization,USA,,
NS_8cd3f2ff-5,,,,",",fhir_organization,USA,,
NS_df0d052d-6,,,,",",fhir_organization,USA,,
NS_dccf485c-e,,,,",",fhir_organization,USA,,
NS_0e434337-a,,111  FOOOBAR,,", MA 02155",fhir_organization,"111  FOOOBAR, MA, 02155, USA",,
NS_4f1194ab-b,,,,",",fhir_organization,USA,,
NS_f1dd2f04-2,,,,",",fhir_organization,USA,,
NS_ea5417e3-4,,,,",",fhir_organization,USA,,
NS_2dee8836-0,,,,",",fhir_organization,USA,,
NS_68b81fd1-6,,,,",",fhir_organization,USA,,
NS_d4c0c297-3,,,,",",fhir_organization,USA,,
NS_27a937f6-a,,,,",",fhir_organization,USA,,
NS_71cd0dc4-5,,,,",",fhir_organization,USA,,
NS_20301a5e-d,,,,",",fhir_organization,USA,,
NS_77e565fd-c,,,,",",fhir_organization,USA,,
NS_969bbf15-6,,,,",",fhir_organization,USA,,
NS_80568738-6,,,,",",fhir_organization,USA,,
NS_5c3a0ad0-9,,,,",",fhir_organization,USA,,
NS_9d9b5c62-a,,,,",",fhir_organization,USA,,
NS_5527bc01-8,,,,",",fhir_organization,USA,,
NS_34502a54-5,,,,",",fhir_organization,USA,,
NS_757c3753-9,,,,",",fhir_organization,USA,,
NS_2b1edbd2-e,,,,",",fhir_organization,USA,,
NS_59e94556-6,,,,",",fhir_organization,USA,,
NS_7a385392-a,,,,",",fhir_organization,USA,,
NS_2f61b12f-d,,222 Anywhere street,,",",fhir_organization,"222 Anywhere street, USA",,
NS_43f119b5-1,,,,",",fhir_organization,USA,,
NS_82774c4a-1,,,,",",fhir_organization,USA,,
NS_35328d0d-7,,,,",",fhir_organization,USA,,
NS_9891ff7f-5,,,,",",fhir_organization,USA,,
NS_fec41df1-8,,,,",",fhir_organization,USA,,
NS_7f758f7c-c,,,,",",fhir_organization,USA,,
NS_4696a78f-c,,,,",",fhir_organization,USA,,
NS_3f5ea58f-8,,,,",",fhir_organization,USA,,
NS_4c153cf2-0,,,,",",fhir_organization,USA,,
NS_9659f60c-2,,,,",",fhir_organization,USA,,
NS_406b0291-0,,,,",",fhir_organization,USA,,
NS_6568680a-c,,,,",",fhir_organization,USA,,
NS_33315a78-1,,,,",",fhir_organization,USA,,
NS_801de2cc-d,,,,",",fhir_organization,USA,,
NS_ea1bccb7-6,,,,",",fhir_organization,USA,,
NS_2d9b2151-f,,,,",",fhir_organization,USA,,
NS_947d7e07-9,,,,",",fhir_organization,USA,,
NS_53f5e7bd-5,,,,",",fhir_organization,USA,,
NS_b755f939-3,,,,",",fhir_organization,USA,,
NS_567ecbb3-4,,,,",",fhir_organization,USA,,
NS_4c99e2db-0,,,,",",fhir_organization,USA,,
NS_0ce9d7bc-f,,,,",",fhir_organization,USA,,
NS_d94ff0e4-8,,,,",",fhir_organization,USA,,
NS_b88d1fbc-e,,,,",",fhir_organization,USA,,
NS_3f02272b-a,,,,",",fhir_organization,USA,,
NS_9a7d023c-5,,,,",",fhir_organization,USA,,
NS_6f04e492-9,,,,",",fhir_organization,USA,,
NS_a302874f-5,,,,",",fhir_organization,USA,,
NS_e7dfd799-0,,,,",",fhir_organization,USA,,
NS_3912d4c6-6,,,,",",fhir_organization,USA,,
NS_3a276867-f,,some street,,"ny,",fhir_organization,"some street, ny, USA",,
NS_55ef5156-0,,,,",",fhir_organization,USA,,
NS_468197bc-d,,,,",",fhir_organization,USA,,
NS_d3d69d1b-c,,,,",",fhir_organization,USA,,
NS_481a4bda-b,,,,",",fhir_organization,USA,,
NS_86d6dad1-f,,,,",",fhir_organization,USA,,
NS_8b775e3e-1,,,,",",fhir_organization,USA,,
NS_336cdaa7-e,,,,",",fhir_organization,USA,,
NS_e11244ef-8,,,,",",fhir_organization,USA,,
NS_5c22011f-7,,,,",",fhir_organization,USA,,
NS_68231d06-8,,,,",",fhir_organization,USA,,
NS_f10ded03-9,,,,",",fhir_organization,USA,,
NS_24b690d8-7,,,,",",fhir_organization,USA,,
NS_25f4e9c6-0,,,,",",fhir_organization,USA,,
NS_87024a75-7,,,,",",fhir_organization,USA,,
NS_1b41e7d8-7,,,,",",fhir_organization,USA,,
NS_fb5797d8-2,,,,",",fhir_organization,USA,,
NS_6f4b9b42-7,,,,",",fhir_organization,USA,,
NS_8f268602-b,,,,",",fhir_organization,USA,,
NS_d42fedb8-0,,,,",",fhir_organization,USA,,
NS_eb484998-1,,,,",",fhir_organization,USA,,
NS_ed0ad613-d,,,,",  534234",fhir_organization,"534234, USA",,
NS_892b1081-8,,,,",",fhir_organization,USA,,
NS_6f2f766e-3,,,,",",fhir_organization,USA,,
NS_1140073a-e,,test,,"test,",fhir_organization,"test, test, USA",,
NS_a45680c3-b,,,,",",fhir_organization,USA,,
NS_a30f4257-3,,,,",",fhir_organization,USA,,
NS_0ac0e1c6-4,,,,",",fhir_organization,USA,,
NS_a01cbb4e-8,,,,",",fhir_organization,USA,,
NS_a20e5ef1-3,,test,,"test,",fhir_organization,"test, test, USA",,
NS_5aa75fe0-4,,,,",",fhir_organization,USA,,
NS_c8d7e2aa-f,,,,",",fhir_organization,USA,,
NS_600969f0-f,,,,",",fhir_organization,USA,,
NS_4e622e28-b,,telemedicine,,",",fhir_organization,"telemedicine, USA",,
NS_326ebb88-0,,,,",  1234",fhir_organization,"1234, USA",,
NS_fccb9789-8,,,,",",fhir_organization,USA,,
NS_23d6a791-4,,test,t,"test,",fhir_organization,"test, t, test, USA",,
NS_e61a453d-1,,,,",",fhir_organization,USA,,
NS_64b058d9-2,,,,",",fhir_organization,USA,,
NS_76ceff98-6,,,,",",fhir_organization,USA,,
NS_c3ff24a8-d,,,,",",fhir_organization,USA,,
NS_4b80ff8d-f,,,,",",fhir_organization,USA,,
NS_6dd4dad0-0,,,,",",fhir_organization,USA,,
NS_45e26ac5-f,,,,",",fhir_organization,USA,,
NS_823ae242-1,,,,",",fhir_organization,USA,,
NS_041c746e-7,,,,",",fhir_organization,USA,,
NS_38bc0366-4,,,,",",fhir_organization,USA,,
NS_73832b31-4,,,,",",fhir_organization,USA,,
NS_bc70a58c-7,,,,",",fhir_organization,USA,,
NS_35d6f93e-0,,,,",",fhir_organization,USA,,
NS_9f7f5bf0-6,,,,",",fhir_organization,USA,,
NS_81023169-2,,,,",",fhir_organization,USA,,
NS_f05b1c30-0,,,,",",fhir_organization,USA,,
NS_7d1e4116-8,,,,",",fhir_organization,USA,,
NS_ab35cf35-a,,,,",",fhir_organization,USA,,
NS_6113043d-9,,,,",",fhir_organization,USA,,
NS_dffce69a-2,,,,",",fhir_organization,USA,,
NS_69bc2398-1,,,,",",fhir_organization,USA,,
NS_5bf2e443-c,,,,",",fhir_organization,USA,,
NS_e6e16c19-a,,,,",",fhir_organization,USA,,
NS_99c1b32f-4,,,,",",fhir_organization,USA,,
NS_fca79eab-3,,,,",",fhir_organization,USA,,
NS_4741a0aa-1,,,,",",fhir_organization,USA,,
NS_dbc31416-a,,,,",",fhir_organization,USA,,
NS_495ac2c3-b,,,,",",fhir_organization,USA,,
NS_a254017c-1,,,,",",fhir_organization,USA,,
NS_ac7702f1-4,,,,",",fhir_organization,USA,,
NS_3a95800c-8,,,,",",fhir_organization,USA,,
NS_1fdd69b9-e,,,,",",fhir_organization,USA,,
NS_1e9ae979-0,,,,",",fhir_organization,USA,,
NS_df87fdf0-4,,,,",",fhir_organization,USA,,
NS_ae418587-d,,,,",",fhir_organization,USA,,
NS_caaf1838-3,,,,",",fhir_organization,USA,,
NS_9dbf549f-9,,,,",",fhir_organization,USA,,
NS_a30d4639-7,,,,",",fhir_organization,USA,,
NS_e7ef136b-a,,,,",",fhir_organization,USA,,
NS_fa74030a-b,,,,",",fhir_organization,USA,,
NS_36c22057-b,,,,",",fhir_organization,USA,,
NS_3fe0904c-e,,,,",",fhir_organization,USA,,
NS_13d8bb47-b,,,,",",fhir_organization,USA,,
NS_f093d9a7-4,,,,",",fhir_organization,USA,,
NS_d78fdd54-0,,,,",",fhir_organization,USA,,
NS_37309f1f-5,,,,",",fhir_organization,USA,,
NS_ccf7528e-5,,,,",",fhir_organization,USA,,
NS_d94c1918-2,,,,",",fhir_organization,USA,,
NS_d1dc3438-5,,,,",",fhir_organization,USA,,
NS_407687a9-5,,,,",",fhir_organization,USA,,
NS_04479937-f,,,,",",fhir_organization,USA,,
NS_6e4c7f6c-1,,,,",",fhir_organization,USA,,
NS_a4b30a29-8,,,,",",fhir_organization,USA,,
NS_1ef7de52-1,,,,",",fhir_organization,USA,,
NS_252f6b5a-d,,,,",",fhir_organization,USA,,
NS_5a732d08-6,,,,",",fhir_organization,USA,,
NS_b7f071de-3,,,,",",fhir_organization,USA,,
NS_f479ab61-f,,,,",",fhir_organization,USA,,
NS_8d992c50-d,,,,",",fhir_organization,USA,,
NS_ff4989c2-a,,,,",",fhir_organization,USA,,
NS_4e7ba4bd-0,,,,",",fhir_organization,USA,,
NS_fab4a04f-2,,,,",",fhir_organization,USA,,
NS_9d11ed97-4,,,,",",fhir_organization,USA,,
NS_6473b179-3,,,,",",fhir_organization,USA,,
NS_9d8f57b8-c,,,,",",fhir_organization,USA,,
NS_93e1e1a1-8,,,,",",fhir_organization,USA,,
NS_9c3645a4-3,,,,",",fhir_organization,USA,,
NS_028f6553-f,,,,",",fhir_organization,USA,,
NS_2f33bc4f-0,,,,",",fhir_organization,USA,,
NS_e13e7643-e,,,,",",fhir_organization,USA,,
NS_b505457b-d,,,,",",fhir_organization,USA,,
NS_f81e3833-6,,,,",",fhir_organization,USA,,
NS_5e2ee48d-7,,,,",",fhir_organization,USA,,
NS_7f9387f1-1,,,,",",fhir_organization,USA,,
NS_9b78bc2b-2,,,,",",fhir_organization,USA,,
NS_c0b4277f-d,,,,",",fhir_organization,USA,,
NS_421122b5-7,,,,",",fhir_organization,USA,,
NS_b0e975b9-8,,,,",",fhir_organization,USA,,
NS_a6de955a-7,,,,",",fhir_organization,USA,,
NS_3144ce8f-c,,,,",",fhir_organization,USA,,
NS_909347ab-4,,,,",",fhir_organization,USA,,
NS_e7ffb53c-5,,,,",",fhir_organization,USA,,
NS_82785993-3,,,,",",fhir_organization,USA,,
NS_73eaec40-f,,,,",",fhir_organization,USA,,
NS_afa11ee3-b,,,,",",fhir_organization,USA,,
NS_e496b49d-8,,,,",",fhir_organization,USA,,
NS_da56d0b8-4,,,,",",fhir_organization,USA,,
NS_a47a91e1-2,,,,",",fhir_organization,USA,,
NS_da416147-7,,,,",",fhir_organization,USA,,
NS_21fe7437-6,,,,",",fhir_organization,USA,,
NS_1ff753db-d,,,,",",fhir_organization,USA,,
NS_9e93d2ba-2,,,,",",fhir_organization,USA,,
NS_f1cf0cfd-6,,,,",",fhir_organization,USA,,
NS_91ce4e7a-5,,,,",",fhir_organization,USA,,
NS_191fffa8-e,,,,",",fhir_organization,USA,,
NS_57d92f8e-f,,,,",",fhir_organization,USA,,
NS_24c002b1-d,,,,",",fhir_organization,USA,,
NS_6abba204-8,,,,",",fhir_organization,USA,,
NS_8d98c381-5,,,,",",fhir_organization,USA,,
NS_7a15ae65-b,,,,",",fhir_organization,USA,,
NS_ee940beb-7,,,,",",fhir_organization,USA,,
NS_3bb6845c-1,,,,",",fhir_organization,USA,,
NS_4c53a735-0,,,,",",fhir_organization,USA,,
NS_103cda74-9,,,,",",fhir_organization,USA,,
NS_e57f52ec-4,,,,",",fhir_organization,USA,,
NS_424a554e-2,,,,",",fhir_organization,USA,,
NS_125f186b-1,,,,",",fhir_organization,USA,,
NS_a2587751-5,,,,",",fhir_organization,USA,,
NS_4d14494f-b,,,,",",fhir_organization,USA,,
NS_e87c96f1-9,,,,",",fhir_organization,USA,,
NS_a5519e31-c,,,,",",fhir_organization,USA,,
NS_bfd7868a-7,,,,",",fhir_organization,USA,,
NS_4b76ea6c-9,,,,",",fhir_organization,USA,,
NS_d35eb435-9,,,,",",fhir_organization,USA,,
NS_c1878a12-a,,,,",",fhir_organization,USA,,
NS_f77b4268-d,,,,",",fhir_organization,USA,,
NS_27468e8b-7,,,,",",fhir_organization,USA,,
NS_00b05c8f-9,,,,",",fhir_organization,USA,,
NS_8fd19ba7-d,,,,",",fhir_organization,USA,,
NS_7b138a24-5,,,,",",fhir_organization,USA,,
NS_26af6646-5,,,,",",fhir_organization,USA,,
NS_a11b8980-8,,,,",",fhir_organization,USA,,
NS_b0ec5990-a,,,,",",fhir_organization,USA,,
NS_32922def-7,,,,",",fhir_organization,USA,,
NS_b8323024-7,,,,",",fhir_organization,USA,,
NS_d7c4b068-9,,,,",",fhir_organization,USA,,
NS_d25d0eb5-3,,,,",",fhir_organization,USA,,
NS_eb728873-e,,,,",",fhir_organization,USA,,
NS_41792766-f,,,,",",fhir_organization,USA,,
NS_0834fcf0-c,,,,",",fhir_organization,USA,,
NS_873fed66-0,,,,",",fhir_organization,USA,,
NS_1d467d4e-1,,,,",",fhir_organization,USA,,
NS_9f700079-d,,,,",",fhir_organization,USA,,
NS_1ca6c474-8,,,,",",fhir_organization,USA,,
NS_1469bde0-2,,,,",",fhir_organization,USA,,
NS_2d6c36f5-2,,,,",",fhir_organization,USA,,
NS_e76a9c1e-e,,,,",",fhir_organization,USA,,
NS_96bbc5db-e,,,,",",fhir_organization,USA,,
NS_912eb149-1,,,,",",fhir_organization,USA,,
NS_e06994b8-9,,,,",",fhir_organization,USA,,
NS_b59a32c7-f,,,,",",fhir_organization,USA,,
NS_84529e83-f,,,,",",fhir_organization,USA,,
NS_d97bd422-2,,,,",",fhir_organization,USA,,
NS_a7f51690-f,,,,",",fhir_organization,USA,,
NS_a695fe47-a,,,,",",fhir_organization,USA,,
NS_9f6c967a-3,,,,",",fhir_organization,USA,,
NS_92a602e1-5,,,,",",fhir_organization,USA,,
NS_0d6334a9-9,,,,",",fhir_organization,USA,,
NS_1a1a7226-7,,,,",",fhir_organization,USA,,
NS_1a2ffa78-6,,,,",",fhir_organization,USA,,
NS_dba8f382-9,,,,",",fhir_organization,USA,,
NS_7fd32b89-d,,,,",",fhir_organization,USA,,
NS_3cacfdd4-d,,,,",",fhir_organization,USA,,
NS_890570d2-d,,,,",",fhir_organization,USA,,
NS_57bb7992-3,,,,",",fhir_organization,USA,,
NS_f8ab96fd-c,,,,",",fhir_organization,USA,,
NS_2acb65c5-a,,,,",",fhir_organization,USA,,
NS_ab90c706-f,,,,",",fhir_organization,USA,,
NS_1ea02cd5-8,,,,",",fhir_organization,USA,,
NS_14a487aa-f,,,,",",fhir_organization,USA,,
NS_c8e3979f-3,,,,",",fhir_organization,USA,,
NS_2008bf90-3,,,,",",fhir_organization,USA,,
NS_dde0c1bb-e,,,,",",fhir_organization,USA,,
NS_bc253f0f-3,,,,",",fhir_organization,USA,,
NS_3d2a02c9-4,,,,",",fhir_organization,USA,,
NS_6c0ada0c-6,,some street,,"ny,",fhir_organization,"some street, ny, USA",,
NS_321aba0f-f,,,,",",fhir_organization,USA,,
NS_37d82308-2,,,,",",fhir_organization,USA,,
NS_c6c89b3d-a,,,,",",fhir_organization,USA,,
NS_61a95f09-8,,,,",",fhir_organization,USA,,
NS_fc4b0246-b,,,,",",fhir_organization,USA,,
NS_5e43f205-f,,,,",",fhir_organization,USA,,
NS_29a331a5-4,,,,",",fhir_organization,USA,,
NS_1d9fa2f6-8,,,,",",fhir_organization,USA,,
NS_8bdefbe1-d,,,,",",fhir_organization,USA,,
NS_02b43ea1-8,,,,",",fhir_organization,USA,,
NS_ed131796-2,,,,",",fhir_organization,USA,,
NS_710d2779-b,,,,",",fhir_organization,USA,,
NS_12c12f89-4,,,,",",fhir_organization,USA,,
NS_a19c3ecf-4,,,,",",fhir_organization,USA,,
NS_fe124f65-f,,,,",",fhir_organization,USA,,
NS_8c65543a-e,,,,",",fhir_organization,USA,,
NS_8f73e6e0-f,,,,",",fhir_organization,USA,,
NS_87753085-7,,,,",",fhir_organization,USA,,
NS_9d3dd2d4-7,,,,",",fhir_organization,USA,,
NS_31f0fa9d-0,,,,",",fhir_organization,USA,,
NS_ce97e99a-5,,,,",",fhir_organization,USA,,
NS_d08fa2a9-c,,,,",",fhir_organization,USA,,
NS_72df41b4-e,,,,",",fhir_organization,USA,,
NS_e92e9ec9-9,,,,",",fhir_organization,USA,,
NS_49b7dcff-6,,,,",",fhir_organization,USA,,
NS_97bbf6ec-c,,,,",",fhir_organization,USA,,
NS_8a3c510c-9,,,,",",fhir_organization,USA,,
NS_ddf467d4-7,,,,",",fhir_organization,USA,,
NS_ea88b1bb-1,,,,",",fhir_organization,USA,,
NS_39de6fa4-5,,,,",",fhir_organization,USA,,
NS_722bacb8-3,,,,",",fhir_organization,USA,,
NS_c11c8a7c-0,,,,",",fhir_organization,USA,,
NS_7ccfd543-c,,,,",",fhir_organization,USA,,
NS_662da6f3-7,,,,",",fhir_organization,USA,,
NS_586e71fe-2,,,,",",fhir_organization,USA,,
NS_d9592246-4,,,,",",fhir_organization,USA,,
NS_2bd113f5-5,,,,",",fhir_organization,USA,,
NS_3ea08f8d-d,,,,",",fhir_organization,USA,,
NS_aed08276-4,,,,",",fhir_organization,USA,,
NS_a9d16139-4,,,,",",fhir_organization,USA,,
NS_0ede57c5-f,,,,",",fhir_organization,USA,,
NS_fba5a329-f,,,,",",fhir_organization,USA,,
NS_b01a9041-2,,,,",",fhir_organization,USA,,
NS_ea23397e-2,,,,",",fhir_organization,USA,,
NS_7c2923a8-f,,,,",",fhir_organization,USA,,
NS_d414e201-5,,,,",",fhir_organization,USA,,
NS_438f566b-5,,,,",",fhir_organization,USA,,
NS_08f2d890-1,,,,",",fhir_organization,USA,,
NS_e69b8b8a-1,,,,",",fhir_organization,USA,,
NS_0fcb15cb-d,,,,",",fhir_organization,USA,,
NS_7b1c6cd3-4,,,,",",fhir_organization,USA,,
NS_fa073614-0,,,,",",fhir_organization,USA,,
NS_b1840325-d,,,,",",fhir_organization,USA,,
NS_683eebc3-e,,,,",",fhir_organization,USA,,
NS_169a6748-c,,,,",",fhir_organization,USA,,
NS_36c6acac-2,,,,",",fhir_organization,USA,,
NS_e103075f-0,,,,",",fhir_organization,USA,,
NS_2806a8e9-c,,,,",",fhir_organization,USA,,
NS_5f139596-4,,,,",",fhir_organization,USA,,
NS_111a9e5c-0,,,,",",fhir_organization,USA,,
NS_32ae921b-a,,,,",",fhir_organization,USA,,
NS_286254c7-2,,,,",",fhir_organization,USA,,
NS_fad0320b-9,,,,",",fhir_organization,USA,,
NS_b22dba81-5,,,,", AR",fhir_organization,"AR, USA",,
NS_dbe49772-9,,901 JAMES AVE,,"FARMERVILLE,  71241",fhir_organization,"901 JAMES AVE, FARMERVILLE, 71241, USA",,
NS_80cc6a12-c,,,,",",fhir_organization,USA,,
NS_83b3c854-4,,,,",",fhir_organization,USA,,
NS_a0f2c02c-9,,,,",",fhir_organization,USA,,
NS_239f4a7a-3,,,,",",fhir_organization,USA,,
NS_ac47a144-e,,,,",",fhir_organization,USA,,
NS_58880e6f-7,,,,",",fhir_organization,USA,,
NS_b247fbdf-f,,,,",",fhir_organization,USA,,
NS_3d22a938-3,,,,",",fhir_organization,USA,,
NS_c0c9c039-1,,,,",",fhir_organization,USA,,
NS_c04da1f7-6,,,,",",fhir_organization,USA,,
NS_b0737121-a,,,,",",fhir_organization,USA,,
NS_4e5eb48c-2,,,,",",fhir_organization,USA,,
NS_90c9d149-e,,,,",",fhir_organization,USA,,
NS_bf9914fc-b,,,,",",fhir_organization,USA,,
NS_fff69495-3,,,,",",fhir_organization,USA,,
NS_2690a754-e,,,,",",fhir_organization,USA,,
NS_e88df532-f,,,,",",fhir_organization,USA,,
NS_e96fb95e-5,,,,",",fhir_organization,USA,,
NS_e1991f67-e,,,,",",fhir_organization,USA,,
NS_125a7ab7-b,,,,",",fhir_organization,USA,,
NS_c53946eb-9,,,,",",fhir_organization,USA,,
NS_b0df71ea-3,,,,",",fhir_organization,USA,,
NS_76583005-7,,,,",",fhir_organization,USA,,
NS_d2484e0a-8,,,,",",fhir_organization,USA,,
NS_601f25b3-3,,,,",",fhir_organization,USA,,
NS_0866a8da-4,,,,",",fhir_organization,USA,,
NS_92f02cd4-6,,,,",",fhir_organization,USA,,
NS_6661b7e0-5,,,,",",fhir_organization,USA,,
NS_627dbe1c-f,,,,",",fhir_organization,USA,,
NS_74c28ebc-e,,,,",",fhir_organization,USA,,
NS_76f92625-f,,,,",",fhir_organization,USA,,
NS_1c1813d6-6,,,,",",fhir_organization,USA,,
NS_45b65511-1,,,,",",fhir_organization,USA,,
NS_7f6f9e89-c,,,,",",fhir_organization,USA,,
NS_65ac0f0d-8,,,,",",fhir_organization,USA,,
NS_93a3cb18-0,,,,",",fhir_organization,USA,,
NS_731f2444-e,,,,",",fhir_organization,USA,,
NS_cad9342d-6,,,,",",fhir_organization,USA,,
NS_ade1161f-f,,,,",",fhir_organization,USA,,
NS_7860941a-8,,,,",",fhir_organization,USA,,
NS_86f59ee1-4,,,,",",fhir_organization,USA,,
NS_02f2c051-b,,,,",",fhir_organization,USA,,
NS_e5807b49-a,,,,",",fhir_organization,USA,,
NS_f9568d1b-8,,,,",",fhir_organization,USA,,
NS_bded2c2a-c,,,,",",fhir_organization,USA,,
NS_fc3cb532-6,,,,",",fhir_organization,USA,,
NS_0f05bfac-0,,,,",",fhir_organization,USA,,
NS_4641b091-a,,,,",",fhir_organization,USA,,
NS_3f5155f7-f,,,,",",fhir_organization,USA,,
NS_c5dca88f-2,,,,",",fhir_organization,USA,,
NS_538c0dc1-1,,,,",",fhir_organization,USA,,
NS_020c59d6-9,,,,",",fhir_organization,USA,,
NS_bbeb9062-1,,,,",",fhir_organization,USA,,
NS_ce64192f-d,,,,",",fhir_organization,USA,,
NS_52b6fb78-7,,,,",",fhir_organization,USA,,
NS_4cea968a-d,,,,",",fhir_organization,USA,,
NS_cd5f1fd0-9,,,,",",fhir_organization,USA,,
NS_ffdfd1c9-f,,,,",",fhir_organization,USA,,
NS_07b834f1-e,,,,",",fhir_organization,USA,,
NS_18beea29-1,,,,",",fhir_organization,USA,,
NS_4fedb456-f,,,,",",fhir_organization,USA,,
NS_f1540916-b,,,,",",fhir_organization,USA,,
NS_cb99c933-c,,,,",",fhir_organization,USA,,
NS_fbf80e76-d,,,,",",fhir_organization,USA,,
NS_e841058b-8,,,,",",fhir_organization,USA,,
NS_52f2305f-d,,,,",",fhir_organization,USA,,
NS_a141b509-1,,,,",",fhir_organization,USA,,
NS_11f5cbcd-8,,,,",",fhir_organization,USA,,
NS_52c84c27-e,,,,",",fhir_organization,USA,,
NS_91d1294b-8,,,,",",fhir_organization,USA,,
NS_873be3c4-0,,,,",",fhir_organization,USA,,
NS_50cf67e9-f,,,,",",fhir_organization,USA,,
NS_c9bddc1b-a,,,,",",fhir_organization,USA,,
NS_50e558a8-0,,,,",",fhir_organization,USA,,
NS_05eda581-0,,,,",",fhir_organization,USA,,
NS_f17d2fe7-2,,,,",",fhir_organization,USA,,
NS_6bf3ad68-6,,,,",",fhir_organization,USA,,
NS_a8e6257e-7,,,,",",fhir_organization,USA,,
NS_753f314e-f,,,,",",fhir_organization,USA,,
NS_a8c07063-4,,,,",",fhir_organization,USA,,
NS_aeb76cc4-7,,,,",",fhir_organization,USA,,
NS_6692c208-3,,1 Soho Square,,"New YOrk,",fhir_organization,"1 Soho Square, New YOrk, USA",,
NS_4d81d5b8-d,,,,",",fhir_organization,USA,,
NS_4c6a2f2a-4,,,,",",fhir_organization,USA,,
NS_c68eef71-4,,,,",",fhir_organization,USA,,
NS_f05e4bed-8,,20 Expedition Trail Ste 101,,",",fhir_organization,"20 Expedition Trail Ste 101, USA",,
NS_89a70330-f,,,,",",fhir_organization,USA,,
NS_16589b1e-d,,,,",",fhir_organization,USA,,
NS_d5251759-5,,,,",",fhir_organization,USA,,
NS_5435302a-3,,,,",",fhir_organization,USA,,
NS_8091f3e1-1,,,,",",fhir_organization,USA,,
NS_40f79d5d-6,,,,",",fhir_organization,USA,,
NS_be5e0156-5,,,,",",fhir_organization,USA,,
NS_c6f92ba7-7,,,,",",fhir_organization,USA,,
NS_5758907f-0,,,,",",fhir_organization,USA,,
NS_3cf837ea-2,,,,",",fhir_organization,USA,,
NS_ac02743a-7,,,,",",fhir_organization,USA,,
NS_677caab6-a,,,,",",fhir_organization,USA,,
NS_1b5ffa5b-e,,,,",",fhir_organization,USA,,
NS_1dde3b17-f,,,,",",fhir_organization,USA,,
NS_1d712cf9-c,,,,",",fhir_organization,USA,,
NS_1bb74740-d,,,,",",fhir_organization,USA,,
NS_14db52c7-f,,,,",",fhir_organization,USA,,
NS_fb3c4833-1,,,,",",fhir_organization,USA,,
NS_3f6204c2-7,,,,",",fhir_organization,USA,,
NS_8be1f728-5,,,,",",fhir_organization,USA,,
NS_1aafc952-e,,,,",",fhir_organization,USA,,
NS_3cabe9d3-d,,,,",",fhir_organization,USA,,
NS_fef8f28a-f,,,,",",fhir_organization,USA,,
NS_304e4ede-a,,,,",",fhir_organization,USA,,
NS_f732117d-7,,,,",",fhir_organization,USA,,
NS_d0bd3e9e-b,,,,",",fhir_organization,USA,,
NS_be333629-1,,,,",",fhir_organization,USA,,
NS_6255c173-8,,,,",",fhir_organization,USA,,
NS_1ac2cb91-d,,,,",",fhir_organization,USA,,
NS_237d2a8a-5,,,,",",fhir_organization,USA,,
NS_8d8b4cd7-7,,,,",",fhir_organization,USA,,
NS_1d18bebd-c,,,,",",fhir_organization,USA,,
NS_d80a8232-2,,,,",",fhir_organization,USA,,
NS_2c68e57b-b,,,,",",fhir_organization,USA,,
NS_d64b3c77-e,,,,",",fhir_organization,USA,,
NS_be23c2c5-e,,,,",",fhir_organization,USA,,
NS_bb74a8a0-f,,,,",",fhir_organization,USA,,
NS_bd4de8ae-3,,,,",",fhir_organization,USA,,
NS_e1eb2c5a-d,,,,",",fhir_organization,USA,,
NS_e059169e-8,,,,",",fhir_organization,USA,,
NS_4948d412-d,,,,",",fhir_organization,USA,,
NS_7dce6a92-8,,,,",",fhir_organization,USA,,
NS_4bcf0b6c-d,,643 I45 S.,TX,"Huntsville,  77340",fhir_organization,"643 I45 S., TX, Huntsville, 77340, USA",,
NS_3530bd6a-2,,,,",",fhir_organization,USA,,
NS_40fdc996-d,,,,",",fhir_organization,USA,,
NS_33793704-4,,,,",",fhir_organization,USA,,
NS_59b2ca33-e,,,,",",fhir_organization,USA,,
NS_fdad0d3d-e,,,,",",fhir_organization,USA,,
NS_32a95dc6-b,,,,",",fhir_organization,USA,,
NS_af1f7e4c-3,,,,",",fhir_organization,USA,,
NS_0ff3a81a-b,,,,",",fhir_organization,USA,,
NS_ba83ddbe-8,,,,",",fhir_organization,USA,,
NS_2ab85647-8,,,,",",fhir_organization,USA,,
NS_1b5fc9f0-9,,,,",",fhir_organization,USA,,
NS_8ac10e3c-b,,,,",",fhir_organization,USA,,
NS_a6327508-9,,,,",",fhir_organization,USA,,
NS_e2fac9a6-0,,,,",",fhir_organization,USA,,
NS_39a8fce5-9,,,,",",fhir_organization,USA,,
NS_5ff0c66b-e,,,,",",fhir_organization,USA,,
NS_023a9da0-9,,,,",",fhir_organization,USA,,
NS_cc6a9376-1,,,,",",fhir_organization,USA,,
NS_c9d42f4c-8,,,,",",fhir_organization,USA,,
NS_06cb9c5d-a,,,,",",fhir_organization,USA,,
NS_6b45aaa6-3,,,,",",fhir_organization,USA,,
NS_03a6f207-a,,,,",",fhir_organization,USA,,
NS_a5bbe51a-3,,,,",",fhir_organization,USA,,
NS_9d5bcb94-d,,,,",",fhir_organization,USA,,
NS_b1d31398-9,,,,",",fhir_organization,USA,,
NS_45775aee-e,,,,",",fhir_organization,USA,,
NS_3bf30fa0-d,,,,",",fhir_organization,USA,,
NS_2e599570-4,,,,",",fhir_organization,USA,,
NS_5a9b7363-4,,,,",",fhir_organization,USA,,
NS_1243275e-a,,,,",",fhir_organization,USA,,
NS_250e8967-1,,,,",",fhir_organization,USA,,
NS_79f3ea8c-3,,,,",",fhir_organization,USA,,
NS_613502f0-e,,,,",",fhir_organization,USA,,
NS_f7b58ec7-9,,,,",",fhir_organization,USA,,
NS_38483a98-9,,,,",",fhir_organization,USA,,
NS_b25f321b-7,,,,",",fhir_organization,USA,,
NS_9adfadf1-5,,,,",",fhir_organization,USA,,
NS_2010a140-5,,,,",",fhir_organization,USA,,
NS_94a29bbc-c,,,,",",fhir_organization,USA,,
NS_cdc95d50-8,,,,",",fhir_organization,USA,,
NS_80d31dcf-5,,,,",",fhir_organization,USA,,
NS_0a771719-1,,,,",",fhir_organization,USA,,
NS_a311df11-7,,,,",",fhir_organization,USA,,
NS_93ec7e54-4,,,,",",fhir_organization,USA,,
NS_0592e460-2,,,,",",fhir_organization,USA,,
NS_4118fddf-8,,,,",",fhir_organization,USA,,
NS_2e1cc541-f,,,,",",fhir_organization,USA,,
NS_f972259b-3,,,,",",fhir_organization,USA,,
NS_5df0f77a-7,,,,",",fhir_organization,USA,,
NS_e6ff19c2-b,,,,",",fhir_organization,USA,,
NS_ac889cf4-8,,,,",",fhir_organization,USA,,
NS_acc59022-d,,,,",",fhir_organization,USA,,
NS_319cf636-f,,,,",",fhir_organization,USA,,
NS_5919c5de-2,,,,",",fhir_organization,USA,,
NS_2f8a2011-8,,,,",",fhir_organization,USA,,
NS_92e2a109-1,,,,",",fhir_organization,USA,,
NS_50e1f4ab-5,,,,",",fhir_organization,USA,,
NS_19dc1ef4-2,,,,",",fhir_organization,USA,,
NS_dd02cd42-e,,20 Expedition Trail Ste 101,,",",fhir_organization,"20 Expedition Trail Ste 101, USA",,
NS_02a18b18-e,,,,",",fhir_organization,USA,,
NS_a79fae71-3,,,,",",fhir_organization,USA,,
NS_d2542b77-d,,,,",",fhir_organization,USA,,
NS_7a1b9eb5-9,,,,",",fhir_organization,USA,,
NS_2d531b19-f,,,,",",fhir_organization,USA,,
NS_985eaadf-a,,,,",",fhir_organization,USA,,
NS_e6e6fb7d-e,,11175 CAMPUS ST,,"Loma Linda,  92350",fhir_organization,"11175 CAMPUS ST, Loma Linda, 92350, USA",,
NS_4a0194c8-2,,,,",",fhir_organization,USA,,
NS_82a7fc0e-b,,,,",",fhir_organization,USA,,
NS_3d2006af-c,,,,",",fhir_organization,USA,,
NS_2d37bc5e-6,,,,",",fhir_organization,USA,,
NS_4fe4eb6f-6,,,,",",fhir_organization,USA,,
NS_5d10403e-a,,,,",",fhir_organization,USA,,
NS_7eab8059-c,,,,",",fhir_organization,USA,,
NS_1b35d272-0,,,,",",fhir_organization,USA,,
NS_59c3b4ac-4,,,,",",fhir_organization,USA,,
NS_ccf70bb8-1,,,,",",fhir_organization,USA,,
NS_42ef32fd-7,,,,",",fhir_organization,USA,,
NS_2eb5ab1b-8,,,,",",fhir_organization,USA,,
NS_47c7ed04-6,,,,",",fhir_organization,USA,,
NS_c57afd30-9,,,,",",fhir_organization,USA,,
NS_5033c80d-5,,,,",",fhir_organization,USA,,
NS_dcdf9096-4,,,,",",fhir_organization,USA,,
NS_41cbc707-a,,,,",",fhir_organization,USA,,
NS_724fac4e-a,,,,",",fhir_organization,USA,,
NS_451d7c82-6,,Contact West Cancer Center Scheduler,,"901-683-0055,  Thank you!",fhir_organization,"Contact West Cancer Center Scheduler, 901-683-0055, Thank you!, USA",,
NS_600efbd3-8,,,,",",fhir_organization,USA,,
NS_12be69c0-1,,Contact West Cancer Center Scheduler,,",",fhir_organization,"Contact West Cancer Center Scheduler, USA",,
NS_04ac32ed-e,,Contact West Cancer Center Surgery Scheduler,,"901-683-0055,  Thank you!",fhir_organization,"Contact West Cancer Center Surgery Scheduler, 901-683-0055, Thank you!, USA",,
NS_ff74cc90-8,,,,",",fhir_organization,USA,,
NS_a8791b43-2,,,,",",fhir_organization,USA,,
NS_dfb19c18-8,,,,",",fhir_organization,USA,,
NS_dfe9e491-a,,,,",",fhir_organization,USA,,
NS_2b4e9e74-8,,,,",",fhir_organization,USA,,
NS_dda91288-7,,New Patient Referrals Faxing Location,,",",fhir_organization,"New Patient Referrals Faxing Location, USA",,
NS_42ddd56c-2,,Faxing - Medical Records,,",",fhir_organization,"Faxing - Medical Records, USA",,
NS_4c9498cc-b,,ACC Chart Prep Faxing location,,",",fhir_organization,"ACC Chart Prep Faxing location, USA",,
NS_fe3987b9-a,,A210andAMC Chart Prep Faxing Location,,",",fhir_organization,"A210andAMC Chart Prep Faxing Location, USA",,
NS_f4228533-c,,Amsterdam Chart Prep Faxing Location,,",",fhir_organization,"Amsterdam Chart Prep Faxing Location, USA",,
NS_bb7536bd-e,,Troy and Hudson Chart Prep Faxing,,",",fhir_organization,"Troy and Hudson Chart Prep Faxing, USA",,
NS_66834435-0,,Clifton Park Chart Prep Faxing Location,,",",fhir_organization,"Clifton Park Chart Prep Faxing Location, USA",,
NS_143b2193-4,,Faxing - GYN Chart Prep,,",",fhir_organization,"Faxing - GYN Chart Prep, USA",,
NS_38037893-e,,Faxing - GYN Triage,,",",fhir_organization,"Faxing - GYN Triage, USA",,
NS_67e9ce8e-6,,Faxing - Troy Triage,,",",fhir_organization,"Faxing - Troy Triage, USA",,
NS_0b640762-2,,,,",",fhir_organization,USA,,
NS_128f66ed-c,,,,",",fhir_organization,USA,,
NS_a148769f-6,,,,",",fhir_organization,USA,,
NS_bc00da6f-4,,,,",",fhir_organization,USA,,
NS_6018e9ed-5,,,,",",fhir_organization,USA,,
NS_bffe8296-c,,,,",",fhir_organization,USA,,
NS_ad1a2066-1,,,,",",fhir_organization,USA,,
NS_ba78058c-8,,,,",",fhir_organization,USA,,
NS_763b36bb-c,,,,",",fhir_organization,USA,,
NS_4da55cc1-7,,,,",",fhir_organization,USA,,
NS_5308334c-2,,,,",",fhir_organization,USA,,
NS_68e9dc5a-d,,,,",",fhir_organization,USA,,
NS_3c818979-f,,,,",",fhir_organization,USA,,
NS_a5da6a14-7,,,,",",fhir_organization,USA,,
NS_f31d26f4-c,,,,",",fhir_organization,USA,,
NS_665b1d0e-7,,,,",",fhir_organization,USA,,
NS_f1ee4dec-f,,,,",",fhir_organization,USA,,
NS_5817577a-d,,,,",",fhir_organization,USA,,
NS_7f3fef31-d,,,,",",fhir_organization,USA,,
NS_a23b42d8-e,,,,",",fhir_organization,USA,,
NS_6b89c374-d,,,,",",fhir_organization,USA,,
NS_e5b04f10-4,,,,",",fhir_organization,USA,,
NS_25868fee-2,,,,", FL 34135",fhir_organization,"FL, 34135, USA",,
NS_a63ac000-c,,,,",",fhir_organization,USA,,
NS_49c9ddba-3,,,,",",fhir_organization,USA,,
NS_618a40c5-9,,,,",",fhir_organization,USA,,
NS_c328bca2-d,,,,",",fhir_organization,USA,,
NS_2e50e8ae-b,,,,",",fhir_organization,USA,,
NS_bf705069-6,,,,",",fhir_organization,USA,,
NS_f4e4a708-2,,Hospital Dreive,,",",fhir_organization,"Hospital Dreive, USA",,
NS_d6a24976-4,,,,",",fhir_organization,USA,,
NS_4e931dc3-2,,,,",",fhir_organization,USA,,
NS_a8498ccb-2,,,,",",fhir_organization,USA,,
NS_70cb2784-5,,,,",",fhir_organization,USA,,
NS_e3adf9b8-0,,,,",",fhir_organization,USA,,
NS_6fad0a51-9,,,,",",fhir_organization,USA,,
NS_c3ec9c52-4,,,,",",fhir_organization,USA,,
NS_d2035c55-2,,,,",",fhir_organization,USA,,
NS_ec597626-f,,,,",",fhir_organization,USA,,
NS_c0f39cb0-1,,,,",",fhir_organization,USA,,
NS_755fd2a2-9,,,,",",fhir_organization,USA,,
NS_c1a40d7b-5,,,,",",fhir_organization,USA,,
NS_14e1c8ea-d,,unknown,,",",fhir_organization,"unknown, USA",,
NS_5d010d82-b,,,,",",fhir_organization,USA,,
NS_754eebde-0,,,,",",fhir_organization,USA,,
NS_6ee6bf85-3,,,,",",fhir_organization,USA,,
NS_9accc72e-2,,,,", NC 28328",fhir_organization,"NC, 28328, USA",,
NS_4f7ff1d3-4,,,,",",fhir_organization,USA,,
NS_5bd5cab4-8,,,,",",fhir_organization,USA,,
NS_a24d4656-5,,,,",",fhir_organization,USA,,
NS_2ad63832-2,,,,",",fhir_organization,USA,,
NS_35075e57-6,,,,",",fhir_organization,USA,,
NS_64b79448-3,,,,",",fhir_organization,USA,,
NS_c7ea0e5e-8,,,,",",fhir_organization,USA,,
NS_f0bce4d1-b,,,,",",fhir_organization,USA,,
NS_cfdbbbcc-c,,,,",",fhir_organization,USA,,
NS_08e56273-6,,,,",",fhir_organization,USA,,
NS_8481720d-1,,,,",",fhir_organization,USA,,
NS_88f0c480-a,,,,",",fhir_organization,USA,,
NS_e984b651-9,,,,",",fhir_organization,USA,,
NS_732c37fb-c,,,,",",fhir_organization,USA,,
NS_a505b966-0,,,,",",fhir_organization,USA,,
NS_f18a29f8-a,,,,",",fhir_organization,USA,,
NS_4e9895d4-4,,,,",",fhir_organization,USA,,
NS_91c6a6cf-6,,,,",",fhir_organization,USA,,
NS_fba312cf-3,,,,",",fhir_organization,USA,,
NS_6bd3b222-1,,,,",",fhir_organization,USA,,
NS_c0514d00-5,,,,",",fhir_organization,USA,,
NS_c2c974fb-9,,,,",",fhir_organization,USA,,
NS_63c35472-1,,,,",",fhir_organization,USA,,
NS_e6332011-d,,,,",",fhir_organization,USA,,
NS_056fbd27-e,,,,",",fhir_organization,USA,,
NS_2595e02c-d,,,,",",fhir_organization,USA,,
NS_d9d90215-d,,,,",",fhir_organization,USA,,
NS_c46eb7e9-8,,,,",",fhir_organization,USA,,
NS_86fbc2ba-0,,,,",",fhir_organization,USA,,
NS_37c9cf85-d,,,,",",fhir_organization,USA,,
NS_929ef791-7,,,,",",fhir_organization,USA,,
NS_d6c965f4-4,,,,",",fhir_organization,USA,,
NS_23c92b99-9,,,,",",fhir_organization,USA,,
NS_ffbbf601-6,,,,",",fhir_organization,USA,,
NS_24232460-c,,,,",",fhir_organization,USA,,
NS_fa9d45d2-e,,,,",",fhir_organization,USA,,
NS_5a25057e-6,,,,",",fhir_organization,USA,,
NS_a659e0e5-2,,,,",",fhir_organization,USA,,
NS_06837637-b,,,,",",fhir_organization,USA,,
NS_5c31868c-8,,,,",",fhir_organization,USA,,
NS_19b65bb6-6,,,,",",fhir_organization,USA,,
NS_d0a21849-e,,,,",",fhir_organization,USA,,
NS_5f2567c3-d,,,,",",fhir_organization,USA,,
NS_bebfa719-6,,,,",",fhir_organization,USA,,
NS_9efcfb6d-e,,,,",",fhir_organization,USA,,
NS_86f64f96-7,,,,",",fhir_organization,USA,,
NS_6fa5a653-4,,,,",",fhir_organization,USA,,
NS_5dcf52c4-1,,,,",",fhir_organization,USA,,
NS_f2982e0f-5,,,,",",fhir_organization,USA,,
NS_7aac5d70-e,,,,",",fhir_organization,USA,,
NS_a18d29fd-b,,,,",",fhir_organization,USA,,
NS_620c9362-2,,,,",",fhir_organization,USA,,
NS_2e39652b-b,,,,",",fhir_organization,USA,,
NS_3c1211b4-a,,,,",",fhir_organization,USA,,
NS_cff0185a-9,,,,",",fhir_organization,USA,,
NS_d72f74e4-0,,,,",",fhir_organization,USA,,
NS_36a0fd52-0,,,,",",fhir_organization,USA,,
NS_a19d4ca2-5,,,,",",fhir_organization,USA,,
NS_39b85f8b-0,,,,",",fhir_organization,USA,,
NS_7921c604-f,,,,",",fhir_organization,USA,,
NS_521086c1-3,,,,",",fhir_organization,USA,,
NS_d0c4ce02-c,,,,",",fhir_organization,USA,,
NS_140d56c1-7,,,,",",fhir_organization,USA,,
NS_8983c1d1-5,,,,",",fhir_organization,USA,,
NS_54990bb7-e,,,,",",fhir_organization,USA,,
NS_bddb25bd-5,,,,",",fhir_organization,USA,,
NS_5a3e3daa-2,,,,",",fhir_organization,USA,,
NS_d3221379-4,,,,",",fhir_organization,USA,,
NS_269fdb59-6,,,,",",fhir_organization,USA,,
NS_27188969-e,,,,",",fhir_organization,USA,,
NS_17b9b5d0-6,,,,",",fhir_organization,USA,,
NS_6d656c84-e,,,,",",fhir_organization,USA,,
NS_91811e0c-b,,,,",",fhir_organization,USA,,
NS_f2101dfd-9,,,,",",fhir_organization,USA,,
NS_d0ef5fc3-2,,,,",",fhir_organization,USA,,
NS_ff06f6e8-4,,,,",",fhir_organization,USA,,
NS_55499bf5-a,,,,",",fhir_organization,USA,,
NS_b3d6a944-c,,,,",",fhir_organization,USA,,
NS_4ab6e77d-e,,,,",",fhir_organization,USA,,
NS_9425db40-a,,,,",",fhir_organization,USA,,
NS_6febb496-8,,,,",",fhir_organization,USA,,
NS_dcab5c35-e,,,,",",fhir_organization,USA,,
NS_edc4dda5-9,,,,",",fhir_organization,USA,,
NS_7d33b944-9,,,,",",fhir_organization,USA,,
NS_f3fc549e-1,,,,",",fhir_organization,USA,,
NS_1d96d3fa-f,,,,",",fhir_organization,USA,,
NS_2095c61b-e,,,,",",fhir_organization,USA,,
NS_9d20a5b7-a,,,,",",fhir_organization,USA,,
NS_bc6bd923-8,,,,",",fhir_organization,USA,,
NS_dc4e10f3-8,,,,",",fhir_organization,USA,,
NS_fa668ded-d,,,,",",fhir_organization,USA,,
NS_6864124e-e,,,,",",fhir_organization,USA,,
NS_2c4e094f-0,,,,",",fhir_organization,USA,,
NS_c872eb26-a,,,,",",fhir_organization,USA,,
NS_f234011b-6,,,,",",fhir_organization,USA,,
NS_b837e701-b,,,,",",fhir_organization,USA,,
NS_5c18febf-2,,,,",",fhir_organization,USA,,
NS_5c269497-0,,,,",",fhir_organization,USA,,
NS_d3c68435-d,,,,",",fhir_organization,USA,,
NS_ff426808-5,,,,",",fhir_organization,USA,,
NS_bdac24ab-5,,,,",",fhir_organization,USA,,
NS_60118168-2,,,,",",fhir_organization,USA,,
NS_58f52ccc-5,,,,",",fhir_organization,USA,,
NS_182c38d3-a,,,,",",fhir_organization,USA,,
NS_7499b8a8-f,,,,",",fhir_organization,USA,,
NS_2249e617-e,,,,",",fhir_organization,USA,,
NS_9ebc28a5-a,,,,",",fhir_organization,USA,,
NS_a5147af9-0,,,,",",fhir_organization,USA,,
NS_5f0f829e-3,,,,",",fhir_organization,USA,,
NS_97b672f4-d,,,,",",fhir_organization,USA,,
NS_85c60428-c,,,,",",fhir_organization,USA,,
NS_a31a305a-9,,,,",",fhir_organization,USA,,
NS_79b86a29-4,,,,",",fhir_organization,USA,,
NS_b1a9e6b2-7,,,,",",fhir_organization,USA,,
NS_baa5a75e-b,,,,",",fhir_organization,USA,,
NS_e7b79168-8,,,,",",fhir_organization,USA,,
NS_0f5184c2-1,,,,",",fhir_organization,USA,,
NS_42cd9eab-9,,,,",",fhir_organization,USA,,
NS_9c2c4b83-9,,,,",",fhir_organization,USA,,
NS_c805223e-5,,,,",",fhir_organization,USA,,
NS_cc14a35b-4,,,,",",fhir_organization,USA,,
NS_596aa61b-c,,,,",",fhir_organization,USA,,
NS_54f353f5-a,,,,",",fhir_organization,USA,,
NS_db6ddc66-f,,,,",",fhir_organization,USA,,
NS_41c0ab7f-4,,,,",",fhir_organization,USA,,
NS_de2e0687-2,,,,",",fhir_organization,USA,,
NS_01da1b27-4,,,,",",fhir_organization,USA,,
NS_1e173cef-8,,,,",",fhir_organization,USA,,
NS_b923d843-a,,,,",",fhir_organization,USA,,
NS_837fe31c-8,,,,",",fhir_organization,USA,,
NS_17bc809f-a,,,,",",fhir_organization,USA,,
NS_a279ae84-4,,,,",",fhir_organization,USA,,
NS_cef2e5ee-b,,,,",",fhir_organization,USA,,
NS_8c9a5c0f-f,,,,",",fhir_organization,USA,,
NS_a0164124-8,,,,",",fhir_organization,USA,,
NS_3941f685-8,,,,",",fhir_organization,USA,,
NS_fed862d4-1,,,,",",fhir_organization,USA,,
NS_b7883a80-9,,"Location varies by test, verify with scheduler",,",",fhir_organization,"Location varies by test, verify with scheduler, USA",,
NS_b1391bfa-e,,,,",",fhir_organization,USA,,
NS_f91565e1-3,,,,",",fhir_organization,USA,,
NS_9ba879a0-1,,,,",",fhir_organization,USA,,
NS_2b8a5c88-4,,,,",",fhir_organization,USA,,
NS_aa540a96-3,,,,",",fhir_organization,USA,,
NS_0883834b-a,,,,",",fhir_organization,USA,,
NS_0d9fd304-4,,,,",",fhir_organization,USA,,
NS_63792a70-0,,,,",",fhir_organization,USA,,
NS_d5f12b89-c,,,,",",fhir_organization,USA,,
NS_6a49c733-2,,,,",",fhir_organization,USA,,
NS_ed216952-b,,,,",",fhir_organization,USA,,
NS_ac73bca0-5,,,,",",fhir_organization,USA,,
NS_afd939fe-2,,,,",",fhir_organization,USA,,
NS_71c5a236-e,,,,",",fhir_organization,USA,,
NS_669ffb06-e,,,,",",fhir_organization,USA,,
NS_86e426fa-4,,,,",",fhir_organization,USA,,
NS_53167561-5,,,,",",fhir_organization,USA,,
NS_b595a1d9-4,,,,",",fhir_organization,USA,,
NS_44cc93e8-0,,,,",",fhir_organization,USA,,
NS_277f3d7e-2,,,,",",fhir_organization,USA,,
NS_375155bc-9,,,,",",fhir_organization,USA,,
NS_8e5b12c0-4,,,,",",fhir_organization,USA,,
NS_52627762-f,,,,",",fhir_organization,USA,,
NS_0dfc9e7d-b,,,,",",fhir_organization,USA,,
NS_3864f86d-c,,,,",",fhir_organization,USA,,
NS_94a77cb1-3,,,,",",fhir_organization,USA,,
NS_8f7ea9d2-0,,,,",",fhir_organization,USA,,
NS_ebbe2d84-5,,,,",",fhir_organization,USA,,
NS_68855499-6,,,,",",fhir_organization,USA,,
NS_798e552f-9,,,,",",fhir_organization,USA,,
NS_fddd4229-2,,,,",",fhir_organization,USA,,
NS_0d941c13-d,,,,",",fhir_organization,USA,,
NS_7f590a5a-8,,,,",",fhir_organization,USA,,
NS_ac6d4f54-1,,,,",",fhir_organization,USA,,
NS_85aeb427-a,,,,",",fhir_organization,USA,,
NS_7e12a95d-2,,,,",",fhir_organization,USA,,
NS_4d4da71b-6,,,,",",fhir_organization,USA,,
NS_452e9b0e-e,,,,",",fhir_organization,USA,,
NS_6d2fa06c-2,,,,",",fhir_organization,USA,,
NS_a66c81ba-4,,,,",",fhir_organization,USA,,
NS_53ffb540-3,,,,",",fhir_organization,USA,,
NS_bcb8f5c2-3,,,,",",fhir_organization,USA,,
NS_4dc19dd9-b,,,,",",fhir_organization,USA,,
NS_d54e2978-3,,,,",",fhir_organization,USA,,
NS_5791970a-d,,,,",",fhir_organization,USA,,
NS_abd584bc-8,,,,",",fhir_organization,USA,,
NS_99598959-5,,,,",",fhir_organization,USA,,
NS_8a55da39-b,,,,",",fhir_organization,USA,,
NS_4123ea1d-1,,,,",",fhir_organization,USA,,
NS_54d16bae-e,,,,",",fhir_organization,USA,,
NS_398195f9-0,,,,",",fhir_organization,USA,,
NS_631cbcc5-6,,,,",",fhir_organization,USA,,
NS_d744ba6c-e,,,,",",fhir_organization,USA,,
NS_0226c1e6-2,,,,",",fhir_organization,USA,,
NS_99e4272a-c,,,,",",fhir_organization,USA,,
NS_a47746e6-7,,,,",",fhir_organization,USA,,
NS_23f3fcc1-0,,,,",",fhir_organization,USA,,
NS_c753c2fc-e,,,,",",fhir_organization,USA,,
NS_8a1d1f76-4,,,,",",fhir_organization,USA,,
NS_a78ae9f8-8,,,,",",fhir_organization,USA,,
NS_efd346c8-6,,,,",",fhir_organization,USA,,
NS_4b9d2828-b,,,,",",fhir_organization,USA,,
NS_1954fe65-5,,,,",",fhir_organization,USA,,
NS_cc9cb194-c,,,,",",fhir_organization,USA,,
NS_0ded36fa-4,,,,",",fhir_organization,USA,,
NS_601e4e55-d,,,,",",fhir_organization,USA,,
NS_7f8a81fa-3,,,,",",fhir_organization,USA,,
NS_11371d39-5,,,,",",fhir_organization,USA,,
NS_749cb9dd-d,,,,",",fhir_organization,USA,,
NS_007b46b1-9,,,,",",fhir_organization,USA,,
NS_ee6a05f6-3,,,,",",fhir_organization,USA,,
NS_16faac89-d,,,,",",fhir_organization,USA,,
NS_77dcbb29-b,,1250 16th street,,"Santa Monica,  90404",fhir_organization,"1250 16th street, Santa Monica, 90404, USA",,
NS_413fef0b-9,,,,",",fhir_organization,USA,,
NS_083d414d-3,,,,",",fhir_organization,USA,,
NS_b9b89716-7,,,,",",fhir_organization,USA,,
NS_2ce42a14-b,,,,",",fhir_organization,USA,,
NS_10743a71-9,,,,",",fhir_organization,USA,,
NS_f951ebe1-a,,,,",",fhir_organization,USA,,
NS_30b31c34-3,,,,",",fhir_organization,USA,,
NS_d2f3fef8-4,,,,",",fhir_organization,USA,,
NS_7c764c5a-b,,,,",",fhir_organization,USA,,
NS_f7c160fa-0,,,,",",fhir_organization,USA,,
NS_da714d76-b,,,,",",fhir_organization,USA,,
NS_d3f29db8-4,,,,",",fhir_organization,USA,,
NS_8063e11e-9,,,,",",fhir_organization,USA,,
NS_3d292872-9,,,,",",fhir_organization,USA,,
NS_8276d970-1,,,,",",fhir_organization,USA,,
NS_10454e88-e,,,,",",fhir_organization,USA,,
NS_0d7d9a7c-f,,,,",",fhir_organization,USA,,
NS_78410ef0-a,,,,",",fhir_organization,USA,,
NS_0745e743-b,,,,",",fhir_organization,USA,,
NS_1c57e57a-7,,,,",",fhir_organization,USA,,
NS_1809b76d-e,,,,",",fhir_organization,USA,,
NS_a420133f-6,,,,",",fhir_organization,USA,,
NS_08aaf7b2-c,,,,",",fhir_organization,USA,,
NS_dca822bd-c,,,,",",fhir_organization,USA,,
NS_a70fabb2-2,,,,",",fhir_organization,USA,,
NS_d425ef20-4,,,,",",fhir_organization,USA,,
NS_d1e0ff04-2,,,,",",fhir_organization,USA,,
NS_685680c2-c,,,,",",fhir_organization,USA,,
NS_bfc66d69-6,,,,",",fhir_organization,USA,,
NS_e446091d-2,,,,",",fhir_organization,USA,,
NS_037dcc83-d,,,,",",fhir_organization,USA,,
NS_8afcc18d-8,,,,",",fhir_organization,USA,,
NS_1a5cddb3-8,,,,",",fhir_organization,USA,,
NS_d01c0aea-1,,,,",",fhir_organization,USA,,
NS_1ba9a285-9,,,,",",fhir_organization,USA,,
NS_c3679f68-9,,,,",",fhir_organization,USA,,
NS_6a668f64-e,,,,",",fhir_organization,USA,,
NS_c997c024-8,,,,",",fhir_organization,USA,,
NS_017b1510-4,,,,",",fhir_organization,USA,,
NS_8df1e121-5,,,,",",fhir_organization,USA,,
NS_3ab5d776-0,,,,",",fhir_organization,USA,,
NS_52e3f52b-9,,,,",",fhir_organization,USA,,
NS_68e50b1f-a,,,,",",fhir_organization,USA,,
NS_048b4c74-b,,,,",",fhir_organization,USA,,
NS_5351cafd-7,,,,",",fhir_organization,USA,,
NS_8dca39b7-a,,,,",",fhir_organization,USA,,
NS_9ab06591-6,,,,",",fhir_organization,USA,,
NS_24456d83-e,,,,",",fhir_organization,USA,,
NS_163e329c-3,,,,",",fhir_organization,USA,,
NS_a28b271e-7,,,,",",fhir_organization,USA,,
NS_0152e789-9,,,,",",fhir_organization,USA,,
NS_fae4fa5d-4,,,,",",fhir_organization,USA,,
NS_a087ce74-a,,,,",",fhir_organization,USA,,
NS_986c3edd-6,,,,",",fhir_organization,USA,,
NS_36ad2dc4-3,,,,",",fhir_organization,USA,,
NS_d6ca84fe-2,,,,",",fhir_organization,USA,,
NS_4d86626e-d,,,,",",fhir_organization,USA,,
NS_feda30a7-e,,,,",",fhir_organization,USA,,
NS_0d941a6e-7,,GynOnc Rounding Hospital,,",",fhir_organization,"GynOnc Rounding Hospital, USA",,
NS_377ba517-5,,,,",",fhir_organization,USA,,
NS_edc39ab0-4,,,,",",fhir_organization,USA,,
NS_eab476c7-8,,,,",",fhir_organization,USA,,
NS_f144f869-f,,,,",",fhir_organization,USA,,
NS_3c08f12e-0,,,,",",fhir_organization,USA,,
NS_1019cc1f-a,,,,",",fhir_organization,USA,,
NS_c223c2c3-3,,,,",",fhir_organization,USA,,
NS_0eeece4c-0,,,,",",fhir_organization,USA,,
NS_90faf216-7,,,,",",fhir_organization,USA,,
NS_edb193ba-8,,,,",",fhir_organization,USA,,
NS_42b2639e-9,,,,",",fhir_organization,USA,,
NS_47f6b97c-f,,,,",",fhir_organization,USA,,
NS_99b2066f-a,,,,",",fhir_organization,USA,,
NS_01b6db01-0,,,,",",fhir_organization,USA,,
NS_d789157e-7,,,,",",fhir_organization,USA,,
NS_2203cf05-a,,,,",",fhir_organization,USA,,
NS_4d9c6c6e-6,,,,",",fhir_organization,USA,,
NS_d0f38be3-3,,,,",",fhir_organization,USA,,
NS_f163125a-8,,,,",",fhir_organization,USA,,
NS_c2a49ca3-8,,,,",",fhir_organization,USA,,
NS_f1fd34d8-8,,,,",",fhir_organization,USA,,
NS_7b5d6572-7,,,,",",fhir_organization,USA,,
NS_25baea0c-1,,,,",",fhir_organization,USA,,
NS_3d635333-2,,,,",",fhir_organization,USA,,
NS_04ab187f-8,,,,",",fhir_organization,USA,,
NS_5aa6f85d-7,,,,",",fhir_organization,USA,,
NS_995cc4ab-4,,,,",",fhir_organization,USA,,
NS_e642256a-4,,,,",",fhir_organization,USA,,
NS_3c1a6c2e-8,,,,",",fhir_organization,USA,,
NS_236fd5f1-4,,,,",",fhir_organization,USA,,
NS_d2ec4927-b,,,,",",fhir_organization,USA,,
NS_fd5394eb-2,,,,",",fhir_organization,USA,,
NS_6739a710-e,,,,",",fhir_organization,USA,,
NS_f5749cc8-6,,,,",",fhir_organization,USA,,
NS_e59d190c-b,,,,",",fhir_organization,USA,,
NS_09012a07-1,,,,",",fhir_organization,USA,,
NS_3a773bea-4,,,,",",fhir_organization,USA,,
NS_0ce6547e-f,,,,",",fhir_organization,USA,,
NS_5e946b70-3,,,,",",fhir_organization,USA,,
NS_adb45936-e,,,,",",fhir_organization,USA,,
NS_fdf92d07-2,,,,",",fhir_organization,USA,,
NS_917df2a9-7,,,,",",fhir_organization,USA,,
NS_0ec98553-0,,,,",",fhir_organization,USA,,
NS_db325b22-e,,,,",",fhir_organization,USA,,
NS_591a04df-4,,,,",",fhir_organization,USA,,
NS_becca6d7-a,,,,",",fhir_organization,USA,,
NS_d2117a10-a,,,,",",fhir_organization,USA,,
NS_aee36300-2,,,,",",fhir_organization,USA,,
NS_dcacdd0a-2,,,,",",fhir_organization,USA,,
NS_228e905f-3,,,,",",fhir_organization,USA,,
NS_c7748686-a,,,,",",fhir_organization,USA,,
NS_d0f2ebad-1,,,,",",fhir_organization,USA,,
NS_40eb0325-f,,,,",",fhir_organization,USA,,
NS_63a43f1d-5,,,,",",fhir_organization,USA,,
NS_4dd484ec-1,,,,",",fhir_organization,USA,,
NS_201ecc7b-d,,,,",",fhir_organization,USA,,
NS_41fe5464-4,,,,",",fhir_organization,USA,,
NS_23e71c0b-c,,,,",",fhir_organization,USA,,
NS_15d3340a-2,,,,",",fhir_organization,USA,,
NS_d8405af9-5,,,,",",fhir_organization,USA,,
NS_26e92889-e,,,,",",fhir_organization,USA,,
NS_7d28ac91-c,,,,",",fhir_organization,USA,,
NS_79b79fc5-4,,,,",",fhir_organization,USA,,
NS_f98603f8-f,,,,",",fhir_organization,USA,,
NS_9e50b454-9,,,,",",fhir_organization,USA,,
NS_f183e705-a,,,,",",fhir_organization,USA,,
NS_dc40703d-0,,,,",",fhir_organization,USA,,
NS_4b32163f-8,,,,",",fhir_organization,USA,,
NS_bde698ed-7,,,,",",fhir_organization,USA,,
NS_bea28354-1,,,,",",fhir_organization,USA,,
NS_c04c6bb7-1,,,,",",fhir_organization,USA,,
NS_cdf5855f-e,,,,",",fhir_organization,USA,,
NS_51bee75c-2,,,,",",fhir_organization,USA,,
NS_e97bf9db-c,,,,",",fhir_organization,USA,,
NS_f9abae35-e,,,,",",fhir_organization,USA,,
NS_9e001c79-7,,,,",",fhir_organization,USA,,
NS_1f3b903e-c,,,,",",fhir_organization,USA,,
NS_d8d7d493-7,,,,",",fhir_organization,USA,,
NS_547d800c-9,,,,",",fhir_organization,USA,,
NS_d13fea46-6,,,,",",fhir_organization,USA,,
NS_4bbe37f5-a,,,,",",fhir_organization,USA,,
NS_e4345d70-4,,,,",",fhir_organization,USA,,
NS_dbff8ab7-4,,,,",",fhir_organization,USA,,
NS_46d0a68b-4,,,,",",fhir_organization,USA,,
NS_3139e042-4,,12 los altos lane,,",",fhir_organization,"12 los altos lane, USA",,
NS_9527961d-0,,,,",",fhir_organization,USA,,
NS_5d1c4252-4,,,,",",fhir_organization,USA,,
NS_e0a73ddb-b,,,,",",fhir_organization,USA,,
NS_d4af3782-7,,,,",",fhir_organization,USA,,
NS_1552404a-6,,,,",",fhir_organization,USA,,
NS_7daeb4a9-a,,,,",",fhir_organization,USA,,
NS_6fc1469b-7,,,,",",fhir_organization,USA,,
NS_2df2b930-2,,,,",",fhir_organization,USA,,
NS_92161c39-1,,,,",",fhir_organization,USA,,
NS_04cda16c-9,,,,",",fhir_organization,USA,,
NS_8e15d85b-e,,,,",",fhir_organization,USA,,
NS_f0961aec-7,,,,",",fhir_organization,USA,,
NS_cb770812-6,,,,",",fhir_organization,USA,,
NS_87c163d1-1,,,,",",fhir_organization,USA,,
NS_eb93a646-d,,,,",",fhir_organization,USA,,
NS_212bb031-e,,,,",",fhir_organization,USA,,
NS_946b8de4-5,,,,",",fhir_organization,USA,,
NS_8ba25473-4,,,,",",fhir_organization,USA,,
NS_daed3cf6-3,,,,",",fhir_organization,USA,,
NS_5dc24e6a-6,,,,",",fhir_organization,USA,,
NS_fb0059ce-1,,,,",",fhir_organization,USA,,
NS_d4d34623-b,,,,",",fhir_organization,USA,,
NS_72b60550-e,,,,",",fhir_organization,USA,,
NS_d8d1c802-5,,,,",",fhir_organization,USA,,
NS_dc9ed51e-f,,,,",",fhir_organization,USA,,
NS_f3d51394-a,,,,",",fhir_organization,USA,,
NS_0234a782-d,,,,",",fhir_organization,USA,,
NS_d541061c-6,,,,",",fhir_organization,USA,,
NS_16eb4bc5-0,,,,",",fhir_organization,USA,,
NS_a4e87606-7,,,,",",fhir_organization,USA,,
NS_271ab686-4,,,,",",fhir_organization,USA,,
NS_b47088a3-a,,,,",",fhir_organization,USA,,
NS_7ae9ec43-1,,,,",",fhir_organization,USA,,
NS_9f16ab62-b,,,,",",fhir_organization,USA,,
NS_67a1e2f2-9,,,,",",fhir_organization,USA,,
NS_ff6bd20a-8,,,,",",fhir_organization,USA,,
NS_fd483f2c-b,,,,",",fhir_organization,USA,,
NS_2e7a930a-c,,,,",",fhir_organization,USA,,
NS_9f9e3866-f,,,,",",fhir_organization,USA,,
NS_14c698e8-e,,,,",",fhir_organization,USA,,
NS_71e24aa9-6,,,,",",fhir_organization,USA,,
NS_97c1f3d0-1,,,,",",fhir_organization,USA,,
NS_29928b4c-a,,,,",",fhir_organization,USA,,
NS_cbce4113-3,,,,",",fhir_organization,USA,,
NS_34e5c572-b,,,,",",fhir_organization,USA,,
NS_191007e2-b,,,,",",fhir_organization,USA,,
NS_1f514ded-3,,,,",",fhir_organization,USA,,
NS_b5f6b22a-5,,,,",",fhir_organization,USA,,
NS_bffb1a2b-c,,,,",",fhir_organization,USA,,
NS_dfb57d14-3,,,,",",fhir_organization,USA,,
NS_474e1dde-8,,,,",",fhir_organization,USA,,
NS_913d84a4-6,,,,",",fhir_organization,USA,,
NS_ed5b54cf-1,,,,",",fhir_organization,USA,,
NS_1d54f809-2,,,,",",fhir_organization,USA,,
NS_94ad9f47-e,,,,",",fhir_organization,USA,,
NS_0cc09923-d,,,,",",fhir_organization,USA,,
NS_92d47cab-f,,,,",",fhir_organization,USA,,
NS_fe3cf7d0-6,,,,",",fhir_organization,USA,,
NS_7d9ee6e9-b,,,,",",fhir_organization,USA,,
NS_88b1c4a4-b,,,,",",fhir_organization,USA,,
NS_c411d899-e,,,,",",fhir_organization,USA,,
NS_414b14ec-2,,,,",",fhir_organization,USA,,
NS_ff9d67ad-1,,,,",",fhir_organization,USA,,
NS_3b8b15d5-1,,,,",",fhir_organization,USA,,
NS_100a5c02-b,,,,",",fhir_organization,USA,,
NS_82ba37a2-e,,,,",",fhir_organization,USA,,
NS_f67e37ed-9,,,,",",fhir_organization,USA,,
NS_f035f5a2-d,,,,",",fhir_organization,USA,,
NS_e4b0d7d2-b,,,,",",fhir_organization,USA,,
NS_d2331ac0-5,,,,",",fhir_organization,USA,,
NS_b8d3dd40-0,,,,",",fhir_organization,USA,,
NS_d0203190-b,,,,",",fhir_organization,USA,,
NS_9a13255d-a,,,,",",fhir_organization,USA,,
NS_2c605ef1-f,,,,",",fhir_organization,USA,,
NS_1f8499eb-3,,,,",",fhir_organization,USA,,
NS_249211cb-d,,,,",",fhir_organization,USA,,
NS_5479f238-9,,,,",",fhir_organization,USA,,
NS_04bc33a9-c,,,,",",fhir_organization,USA,,
NS_a9a1833a-f,,,,",",fhir_organization,USA,,
NS_f0acfe69-6,,.,,",",fhir_organization,"., USA",,
NS_be9520ff-8,,,,",",fhir_organization,USA,,
NS_8f3a811a-d,,,,",",fhir_organization,USA,,
NS_4a1a333c-7,,,,",",fhir_organization,USA,,
NS_b2acc57c-6,,,,",",fhir_organization,USA,,
NS_ef428b70-f,,,,",",fhir_organization,USA,,
NS_1093fe62-f,,,,",",fhir_organization,USA,,
NS_89c25e0a-0,,,,",",fhir_organization,USA,,
NS_4dd5093a-9,,,,",",fhir_organization,USA,,
NS_b8f9041a-1,,,,",",fhir_organization,USA,,
NS_5e33e41a-9,,,,",",fhir_organization,USA,,
NS_aaa7cce4-d,,,,",",fhir_organization,USA,,
NS_e979bcb7-0,,,,",",fhir_organization,USA,,
NS_e9aab9ca-6,,,,",",fhir_organization,USA,,
NS_6e118e0d-e,,,,",",fhir_organization,USA,,
NS_775b05b0-8,,,,",",fhir_organization,USA,,
NS_7568fc3a-a,,,,",",fhir_organization,USA,,
NS_d548cb70-5,,,,",",fhir_organization,USA,,
NS_54213642-4,,,,",",fhir_organization,USA,,
NS_3a659bd0-c,,,,",",fhir_organization,USA,,
NS_15e219e7-c,,,,",",fhir_organization,USA,,
NS_7edfeb88-1,,,,",",fhir_organization,USA,,
NS_fbabc3a1-d,,,,",",fhir_organization,USA,,
NS_c5d8ed11-9,,,,",",fhir_organization,USA,,
NS_cbd14b7a-1,,,,",",fhir_organization,USA,,
NS_b2c4610b-9,,,,",",fhir_organization,USA,,
NS_57ed3f95-2,,,,",",fhir_organization,USA,,
NS_66d84f48-7,,,,",",fhir_organization,USA,,
NS_d10343fb-a,,,,",",fhir_organization,USA,,
NS_0ccb5be1-d,,,,",",fhir_organization,USA,,
NS_22d4645a-9,,,,",",fhir_organization,USA,,
NS_294d61a3-4,,,,",",fhir_organization,USA,,
NS_d28d1966-b,,,,",",fhir_organization,USA,,
NS_d56db3b3-6,,,,",",fhir_organization,USA,,
NS_58766c24-5,,,,",",fhir_organization,USA,,
NS_6199a253-9,,,,",",fhir_organization,USA,,
NS_073d567f-3,,,,",",fhir_organization,USA,,
NS_b290c89d-f,,,,",",fhir_organization,USA,,
NS_93ffb57a-5,,,,",",fhir_organization,USA,,
NS_e73aae57-3,,,,",",fhir_organization,USA,,
NS_8efe1a1e-5,,,,",",fhir_organization,USA,,
NS_2d642a82-b,,,,",",fhir_organization,USA,,
NS_9e18cff0-7,,,,",",fhir_organization,USA,,
NS_f272fca0-0,,,,",",fhir_organization,USA,,
NS_3c818337-9,,,,",",fhir_organization,USA,,
NS_e2229335-8,,,,",",fhir_organization,USA,,
NS_b912fbd0-4,,,,",",fhir_organization,USA,,
NS_b7a5cf6e-3,,,,",",fhir_organization,USA,,
NS_2df6b74b-8,,,,",",fhir_organization,USA,,
NS_431cbba6-f,,,,",",fhir_organization,USA,,
NS_b3d330c8-9,,,,",",fhir_organization,USA,,
NS_ece58f4e-8,,,,",",fhir_organization,USA,,
NS_9230ee61-3,,,,",",fhir_organization,USA,,
NS_7203adbb-6,,,,",",fhir_organization,USA,,
NS_073a79a8-b,,,,",",fhir_organization,USA,,
NS_be309e7f-3,,,,",",fhir_organization,USA,,
NS_eeccdc70-f,,,,",",fhir_organization,USA,,
NS_83c4603e-2,,,,",",fhir_organization,USA,,
NS_9be5e0bf-2,,,,",",fhir_organization,USA,,
NS_fe623187-2,,,,",",fhir_organization,USA,,
NS_a1cb1b21-8,,,,",",fhir_organization,USA,,
NS_c461b382-3,,,,",",fhir_organization,USA,,
NS_ff6be247-7,,,,",",fhir_organization,USA,,
NS_c4f62b19-e,,,,",",fhir_organization,USA,,
NS_3d2cd262-c,,,,",",fhir_organization,USA,,
NS_04101836-c,,,,",",fhir_organization,USA,,
NS_3d1f18f3-4,,,,",",fhir_organization,USA,,
NS_0623bd6d-2,,,,",",fhir_organization,USA,,
NS_9ba6beae-5,,,,",",fhir_organization,USA,,
NS_fbd0c510-e,,,,",",fhir_organization,USA,,
NS_f9f4b660-5,,,,",",fhir_organization,USA,,
NS_4dec2781-f,,,,",",fhir_organization,USA,,
NS_6bb2ac7b-0,,,,",",fhir_organization,USA,,
NS_a5921216-9,,,,",",fhir_organization,USA,,
NS_df78bad2-1,,,,",",fhir_organization,USA,,
NS_6e96e96c-c,,,,",",fhir_organization,USA,,
NS_e1153c00-b,,,,",",fhir_organization,USA,,
NS_f7cf9078-0,,,,",",fhir_organization,USA,,
NS_7962535d-a,,,,",",fhir_organization,USA,,
NS_ab88a2fe-8,,,,",",fhir_organization,USA,,
NS_32273a22-e,,,,",",fhir_organization,USA,,
NS_b176aced-f,,,,",",fhir_organization,USA,,
NS_34a6708f-f,,,,",",fhir_organization,USA,,
NS_fb52456a-1,,,,",",fhir_organization,USA,,
NS_fc73d5e4-8,,,,",",fhir_organization,USA,,
NS_5217af57-1,,,,",",fhir_organization,USA,,
NS_6eb6eed1-0,,,,",",fhir_organization,USA,,
NS_12efa3d6-9,,,,",",fhir_organization,USA,,
NS_3d160cf8-6,,,,",",fhir_organization,USA,,
NS_20155679-4,,,,",",fhir_organization,USA,,
NS_1ff8a68a-d,,,,",",fhir_organization,USA,,
NS_a5247e3a-f,,,,",",fhir_organization,USA,,
NS_6ef556f3-b,,,,",",fhir_organization,USA,,
NS_304fbda2-2,,,,",",fhir_organization,USA,,
NS_3539b00d-8,,,,",",fhir_organization,USA,,
NS_17e827b3-b,,,,",",fhir_organization,USA,,
NS_464f0768-7,,,,",",fhir_organization,USA,,
NS_652f6cb0-8,,,,",",fhir_organization,USA,,
NS_bd8ead2c-b,,,,",",fhir_organization,USA,,
NS_a5a50144-7,,,,",",fhir_organization,USA,,
NS_b70f30af-e,,,,",",fhir_organization,USA,,
NS_9cd6741a-a,,,,",",fhir_organization,USA,,
NS_7248615a-3,,,,",",fhir_organization,USA,,
NS_7bd18897-f,,,,",",fhir_organization,USA,,
NS_20c0c569-a,,,,",",fhir_organization,USA,,
NS_47041446-a,,,,",",fhir_organization,USA,,
NS_9f63caa4-c,,,,",",fhir_organization,USA,,
NS_ed1630d2-6,,,,",",fhir_organization,USA,,
NS_985484f3-8,,,,",",fhir_organization,USA,,
NS_1f94f97e-c,,,,",",fhir_organization,USA,,
NS_cca1fcb0-e,,,,",",fhir_organization,USA,,
NS_02f623ed-c,,,,",",fhir_organization,USA,,
NS_a6913306-f,,,,",",fhir_organization,USA,,
NS_7507d01c-6,,,,",",fhir_organization,USA,,
NS_225bc775-a,,,,",",fhir_organization,USA,,
NS_beb355e4-9,,,,",",fhir_organization,USA,,
NS_3e6978db-f,,,,",",fhir_organization,USA,,
NS_16d02b4d-e,,,,",",fhir_organization,USA,,
NS_8d3f4eb8-a,,,,",",fhir_organization,USA,,
NS_cb05b570-2,,,,",",fhir_organization,USA,,
NS_7bc4bddd-8,,,,",",fhir_organization,USA,,
NS_3ba91496-9,,,,",",fhir_organization,USA,,
NS_b6b6fb9e-1,,3600 South Highlands Ave,,",",fhir_organization,"3600 South Highlands Ave, USA",,
NS_999470a1-d,,,,",",fhir_organization,USA,,
NS_51a053db-1,,,,",",fhir_organization,USA,,
NS_f2b2f411-e,,,,",",fhir_organization,USA,,
NS_bd9efd48-8,,,,",",fhir_organization,USA,,
NS_3dafd4ad-8,,,,",",fhir_organization,USA,,
NS_6ddad05a-8,,,,",",fhir_organization,USA,,
NS_730188a3-7,,,,",",fhir_organization,USA,,
NS_3156c9c6-4,,,,",",fhir_organization,USA,,
NS_ef00f525-3,,,,",",fhir_organization,USA,,
NS_ee5081c9-0,,,,",",fhir_organization,USA,,
NS_a5870c15-b,,,,",",fhir_organization,USA,,
NS_ef24df53-5,,1,,",",fhir_organization,"1, USA",,
NS_a886d3da-b,,1,,",",fhir_organization,"1, USA",,
NS_3c256293-c,,1,,",",fhir_organization,"1, USA",,
NS_39247427-1,,1,,",",fhir_organization,"1, USA",,
NS_5a2be5d2-8,,,,",",fhir_organization,USA,,
NS_a5d016c6-f,,,,",",fhir_organization,USA,,
NS_108266df-7,,,,",",fhir_organization,USA,,
NS_f0b8af31-3,,,,",",fhir_organization,USA,,
NS_da9b309b-5,,,,",",fhir_organization,USA,,
NS_761216d5-6,,,,",",fhir_organization,USA,,
NS_2e2aa671-5,,,,",",fhir_organization,USA,,
NS_7754b65d-7,,,,",",fhir_organization,USA,,
NS_7df64eac-7,,,,",",fhir_organization,USA,,
NS_b0d8912a-c,,,,",",fhir_organization,USA,,
NS_371617a1-c,,,,",",fhir_organization,USA,,
NS_476c3ccb-4,,,,",",fhir_organization,USA,,
NS_e6152f3a-f,,,,",",fhir_organization,USA,,
NS_d81af29e-4,,,,",",fhir_organization,USA,,
NS_12399a3c-6,,,,",",fhir_organization,USA,,
NS_bc12affc-d,,,,",",fhir_organization,USA,,
NS_abbe07bd-9,,,,",",fhir_organization,USA,,
NS_8445fc8b-9,,,,",",fhir_organization,USA,,
NS_e1ef8678-b,,,,",",fhir_organization,USA,,
NS_bb1329ca-9,,1,,",",fhir_organization,"1, USA",,
NS_20cb1ce4-3,,1,,",",fhir_organization,"1, USA",,
NS_de820283-8,,,,",",fhir_organization,USA,,
NS_b87ce09e-4,,,,",",fhir_organization,USA,,
NS_a805e881-b,,,,",",fhir_organization,USA,,
NS_68dd4d23-6,,,,",",fhir_organization,USA,,
NS_dadcc8de-d,,,,",",fhir_organization,USA,,
NS_a2c02d24-0,,,,",",fhir_organization,USA,,
NS_47e3f74f-d,,,,",",fhir_organization,USA,,
NS_53f6a549-9,,,,",",fhir_organization,USA,,
NS_5ca69ee4-f,,,,",",fhir_organization,USA,,
NS_80fc53d4-c,,,,",",fhir_organization,USA,,
NS_ac69c39f-3,,,,",",fhir_organization,USA,,
NS_56c6289c-6,,,,",",fhir_organization,USA,,
NS_146cef26-a,,,,",",fhir_organization,USA,,
NS_0d9ae717-8,,,,",",fhir_organization,USA,,
NS_f1fc4d31-b,,,,",",fhir_organization,USA,,
NS_4a13eea3-d,,,,",",fhir_organization,USA,,
NS_d614b07a-6,,,,",",fhir_organization,USA,,
NS_bb0f5afa-0,,,,",",fhir_organization,USA,,
NS_3a4014d6-a,,,,",",fhir_organization,USA,,
NS_5e60d3a1-c,,,,",",fhir_organization,USA,,
NS_aefb7e3e-a,,,,",",fhir_organization,USA,,
NS_7eeacfd3-0,,,,",",fhir_organization,USA,,
NS_eb6344b9-f,,,,",",fhir_organization,USA,,
NS_83448aeb-4,,,,",",fhir_organization,USA,,
NS_d5fd6f6c-5,,,,",",fhir_organization,USA,,
NS_db8fbff8-f,,,,",",fhir_organization,USA,,
NS_8cbcd403-8,,,,",",fhir_organization,USA,,
NS_c4b86e12-8,,,,",",fhir_organization,USA,,
NS_1c349367-a,,,,",",fhir_organization,USA,,
NS_a79f9963-a,,,,",",fhir_organization,USA,,
NS_6f3e2843-8,,,,",",fhir_organization,USA,,
NS_71fd7bb8-e,,,,",",fhir_organization,USA,,
NS_636e395a-b,,,,",",fhir_organization,USA,,
NS_e0a37fd5-1,,,,",",fhir_organization,USA,,
NS_3a0c4da2-2,,,,",",fhir_organization,USA,,
NS_372e0dd8-4,,,,",",fhir_organization,USA,,
NS_668aab63-6,,,,",",fhir_organization,USA,,
NS_b30acbe1-c,,,,",",fhir_organization,USA,,
NS_fb506a31-c,,,,",",fhir_organization,USA,,
NS_730e8b91-a,,,,",",fhir_organization,USA,,
NS_b112c743-3,,,,",",fhir_organization,USA,,
NS_80d2b57f-3,,,,",",fhir_organization,USA,,
NS_bb9b36a6-e,,,,",",fhir_organization,USA,,
NS_26bce25a-8,,,,",",fhir_organization,USA,,
NS_b72c0ab6-7,,,,",",fhir_organization,USA,,
NS_a27b7e7b-2,,,,",",fhir_organization,USA,,
NS_56cf1d58-4,,,,",",fhir_organization,USA,,
NS_5428c1c0-0,,,,",",fhir_organization,USA,,
NS_bb226a05-9,,,,",",fhir_organization,USA,,
NS_dcb1dd1f-d,,,,",",fhir_organization,USA,,
NS_85f4588a-6,,,,",",fhir_organization,USA,,
NS_db671788-4,,,,",",fhir_organization,USA,,
NS_da3ae501-2,,,,",",fhir_organization,USA,,
NS_d2b2e112-8,,,,",",fhir_organization,USA,,
NS_e9e92def-2,,,,",",fhir_organization,USA,,
NS_1198a6c9-d,,,,",",fhir_organization,USA,,
NS_60f23167-0,,,,",",fhir_organization,USA,,
NS_f35af7d0-6,,,,",",fhir_organization,USA,,
NS_ce13f263-9,,,,",",fhir_organization,USA,,
NS_34f16730-a,,,,",",fhir_organization,USA,,
NS_0fc87d3a-6,,,,",",fhir_organization,USA,,
NS_362f37a8-3,,,,",",fhir_organization,USA,,
NS_eb9d7cd2-a,,,,",",fhir_organization,USA,,
NS_cad39f07-5,,,,",",fhir_organization,USA,,
NS_a69ab2aa-8,,,,",",fhir_organization,USA,,
NS_5cda5c47-0,,,,",",fhir_organization,USA,,
NS_46b8d92b-4,,,,",",fhir_organization,USA,,
NS_727a3f2a-6,,,,",",fhir_organization,USA,,
NS_b13cd577-6,,,,",",fhir_organization,USA,,
NS_c61b6eef-2,,,,",",fhir_organization,USA,,
NS_20d10d45-4,,,,",",fhir_organization,USA,,
NS_33d3733e-2,,,,",",fhir_organization,USA,,
NS_a346dd4c-b,,,,",",fhir_organization,USA,,
NS_4d69a0b1-1,,,,",",fhir_organization,USA,,
NS_ba7d8c21-1,,,,",",fhir_organization,USA,,
NS_40cd22bb-a,,,,",",fhir_organization,USA,,
NS_2d2bac63-1,,,,",",fhir_organization,USA,,
NS_6ea30288-d,,,,",",fhir_organization,USA,,
NS_ac01b253-3,,,,",",fhir_organization,USA,,
NS_01627d30-c,,,,",",fhir_organization,USA,,
NS_56ce59a0-9,,,,",",fhir_organization,USA,,
NS_83609292-7,,,,",",fhir_organization,USA,,
NS_1cc66559-7,,,,",",fhir_organization,USA,,
NS_6e6b8ed4-3,,,,",",fhir_organization,USA,,
NS_37794cdd-8,,,,",",fhir_organization,USA,,
NS_6392fcac-4,,,,",",fhir_organization,USA,,
NS_1489a51a-e,,,,",",fhir_organization,USA,,
NS_05887e69-d,,,,",",fhir_organization,USA,,
NS_4f7813c9-e,,,,",",fhir_organization,USA,,
NS_f0b9dac0-3,,,,",",fhir_organization,USA,,
NS_8eb07bcc-2,,,,",",fhir_organization,USA,,
NS_b245c208-a,,,,",",fhir_organization,USA,,
NS_5ef0e490-4,,,,",",fhir_organization,USA,,
NS_5185a620-3,,,,",",fhir_organization,USA,,
NS_7f6ca341-3,,,,",",fhir_organization,USA,,
NS_2736e0e7-3,,,,",",fhir_organization,USA,,
NS_a296a427-c,,,,",",fhir_organization,USA,,
NS_54aa706a-d,,,,",",fhir_organization,USA,,
NS_e5d51897-a,,,,",",fhir_organization,USA,,
NS_4aa46961-0,,,,",",fhir_organization,USA,,
NS_62ffd8c8-8,,,,",",fhir_organization,USA,,
NS_170892ba-5,,,,",",fhir_organization,USA,,
NS_e764bc6c-3,,,,",",fhir_organization,USA,,
NS_ed80b0c4-c,,,,",",fhir_organization,USA,,
NS_c17c13ca-b,,,,",",fhir_organization,USA,,
NS_5ebe4bb5-7,,,,",",fhir_organization,USA,,
NS_a51627a8-9,,,,",",fhir_organization,USA,,
NS_6a5ceaae-d,,,,",",fhir_organization,USA,,
NS_a7d3fe13-d,,,,",",fhir_organization,USA,,
NS_b38294b5-1,,,,",",fhir_organization,USA,,
NS_c5f48f0b-f,,,,",",fhir_organization,USA,,
NS_6f773e96-f,,,,",",fhir_organization,USA,,
NS_e0bbea87-a,,,,",",fhir_organization,USA,,
NS_d7c994e7-8,,,,",",fhir_organization,USA,,
NS_b36ba307-c,,,,",",fhir_organization,USA,,
NS_62ef2e2f-5,,,,",",fhir_organization,USA,,
NS_4c0b5464-3,,,,",",fhir_organization,USA,,
NS_d2dca9af-4,,,,",",fhir_organization,USA,,
NS_20262af2-9,,,,",",fhir_organization,USA,,
NS_94ded351-0,,,,",",fhir_organization,USA,,
NS_06be4486-3,,,,",",fhir_organization,USA,,
NS_f48a4d9e-3,,,,",",fhir_organization,USA,,
NS_9988ddac-f,,,,",",fhir_organization,USA,,
NS_b38eb4f0-6,,,,",",fhir_organization,USA,,
NS_ba800fec-a,,,,",",fhir_organization,USA,,
NS_276f602e-f,,,,",",fhir_organization,USA,,
NS_36c5116e-5,,,,",",fhir_organization,USA,,
NS_24637912-6,,,,",",fhir_organization,USA,,
NS_d3a58efc-7,,,,",",fhir_organization,USA,,
NS_74dd8e6b-0,,,,",",fhir_organization,USA,,
NS_cd86b700-9,,,,",",fhir_organization,USA,,
NS_a7d68cc1-7,,,,",",fhir_organization,USA,,
NS_2eb47781-c,,,,",",fhir_organization,USA,,
NS_49683725-2,,,,",",fhir_organization,USA,,
NS_2d7bcb05-a,,,,",",fhir_organization,USA,,
NS_0a1fcbf2-4,,,,",",fhir_organization,USA,,
NS_35b08698-a,,,,",",fhir_organization,USA,,
NS_b37b6feb-a,,,,",",fhir_organization,USA,,
NS_db3025bb-8,,,,",",fhir_organization,USA,,
NS_30dc01d0-e,,,,",",fhir_organization,USA,,
NS_8029feaf-b,,,,",",fhir_organization,USA,,
NS_ea672667-6,,,,",",fhir_organization,USA,,
NS_0468e0c4-0,,,,",",fhir_organization,USA,,
NS_8485dc65-b,,,,",",fhir_organization,USA,,
NS_2e57ca53-9,,,,",",fhir_organization,USA,,
NS_e4715bb2-6,,,,",",fhir_organization,USA,,
NS_259a0851-e,,,,",",fhir_organization,USA,,
NS_f08ff500-9,,,,",",fhir_organization,USA,,
NS_f39e1454-c,,,,",",fhir_organization,USA,,
NS_89a56742-9,,,,",",fhir_organization,USA,,
NS_9b8dda76-2,,,,",",fhir_organization,USA,,
NS_1fe08162-3,,,,",",fhir_organization,USA,,
NS_ba9dc873-0,,,,",",fhir_organization,USA,,
NS_7e8936ed-2,,,,",",fhir_organization,USA,,
NS_66ee90a9-6,,,,",",fhir_organization,USA,,
NS_661c2ef7-9,,,,",",fhir_organization,USA,,
NS_2b4579f9-8,,,,",",fhir_organization,USA,,
NS_c19ff006-6,,,,",",fhir_organization,USA,,
NS_299904cd-f,,,,",",fhir_organization,USA,,
NS_50da76f3-1,,,,",",fhir_organization,USA,,
NS_0b74c477-a,,,,",",fhir_organization,USA,,
NS_0601b3da-0,,,,",",fhir_organization,USA,,
NS_d821c618-8,,4211 Winding Vine Court,Brandon,", FL 33511",fhir_organization,"4211 Winding Vine Court, Brandon, FL, 33511, USA",,
NS_66d1ec3b-d,,,,",",fhir_organization,USA,,
NS_68d6215f-f,,,,",",fhir_organization,USA,,
NS_73f0c0ee-4,,,,",",fhir_organization,USA,,
NS_1b09e144-f,,,,",",fhir_organization,USA,,
NS_58971ab5-b,,,,",",fhir_organization,USA,,
NS_58d18588-7,,,,",",fhir_organization,USA,,
NS_187598fa-b,,,,",",fhir_organization,USA,,
NS_3adedf21-d,,,,",",fhir_organization,USA,,
NS_e67a2fa5-a,,,,",",fhir_organization,USA,,
NS_80224afc-9,,,,",",fhir_organization,USA,,
NS_7d86cc4d-b,,,,",",fhir_organization,USA,,
NS_fa59fa83-0,,,,",",fhir_organization,USA,,
NS_e6f1b6a9-3,,,,",",fhir_organization,USA,,
NS_2e87024d-4,,,,",",fhir_organization,USA,,
NS_460338a3-7,,,,",",fhir_organization,USA,,
NS_e90b984d-6,,,,",",fhir_organization,USA,,
NS_536df544-0,,,,",",fhir_organization,USA,,
NS_1a0140e8-7,,,,",",fhir_organization,USA,,
NS_53c67061-3,,,,",",fhir_organization,USA,,
NS_1252024e-3,,,,",",fhir_organization,USA,,
NS_f9e947f0-a,,,,",",fhir_organization,USA,,
NS_c5969a61-0,,,,",",fhir_organization,USA,,
NS_a978ac7b-3,,,,",",fhir_organization,USA,,
NS_d70a3f95-1,,,,",",fhir_organization,USA,,
NS_7415eb34-6,,,,",",fhir_organization,USA,,
NS_14cf3ae3-c,,,,",",fhir_organization,USA,,
NS_b845feed-2,,,,",",fhir_organization,USA,,
NS_ef82e703-4,,,,",",fhir_organization,USA,,
NS_b5085814-c,,,,",",fhir_organization,USA,,
NS_485adef5-f,,,,",",fhir_organization,USA,,
NS_ed64cd47-2,,,,",",fhir_organization,USA,,
NS_3c8f1562-a,,,,",",fhir_organization,USA,,
NS_7dd028cd-c,,,,",",fhir_organization,USA,,
NS_7968f3c8-f,,,,",",fhir_organization,USA,,
NS_a784be7d-7,,,,",",fhir_organization,USA,,
NS_5b475bb3-2,,,,",",fhir_organization,USA,,
NS_dfcced98-e,,,,",",fhir_organization,USA,,
NS_f818a897-e,,,,",",fhir_organization,USA,,
NS_7a71b59a-2,,,,",",fhir_organization,USA,,
NS_67c09f07-3,,,,",",fhir_organization,USA,,
NS_da08d3ae-b,,,,",",fhir_organization,USA,,
NS_fffe24b4-4,,,,",",fhir_organization,USA,,
NS_dc6f387f-e,,,,",",fhir_organization,USA,,
NS_ea446e1e-a,,,,",",fhir_organization,USA,,
NS_5893f556-a,,,,",",fhir_organization,USA,,
NS_2f398e68-b,,,,",",fhir_organization,USA,,
NS_aeed25ad-c,,,,",",fhir_organization,USA,,
NS_888ee154-b,,,,",",fhir_organization,USA,,
NS_b38fd119-1,,,,",",fhir_organization,USA,,
NS_ffa104ee-7,,,,",",fhir_organization,USA,,
NS_2e189b26-6,,,,",",fhir_organization,USA,,
NS_5528d80a-e,,,,",",fhir_organization,USA,,
NS_2c356289-6,,,,",",fhir_organization,USA,,
NS_ce538491-a,,,,",",fhir_organization,USA,,
NS_1d32d4db-3,,,,",",fhir_organization,USA,,
NS_a1158ea7-9,,,,",",fhir_organization,USA,,
NS_95ba048c-d,,,,",",fhir_organization,USA,,
NS_2442e1db-3,,,,",",fhir_organization,USA,,
NS_974c0cad-c,,,,",",fhir_organization,USA,,
NS_179ee769-6,,,,",",fhir_organization,USA,,
NS_3a229194-6,,,,",",fhir_organization,USA,,
NS_6e246ce5-f,,,,",",fhir_organization,USA,,
NS_9db608af-5,,,,",",fhir_organization,USA,,
NS_d596c7f1-f,,,,",",fhir_organization,USA,,
NS_42b12a51-3,,,,",",fhir_organization,USA,,
NS_6b270e50-9,,,,",",fhir_organization,USA,,
NS_265dcf02-9,,,,",",fhir_organization,USA,,
NS_4f28946b-3,,,,",",fhir_organization,USA,,
NS_4911f2ca-c,,,,",",fhir_organization,USA,,
NS_6406d67d-9,,,,",",fhir_organization,USA,,
NS_4489ada0-f,,,,",",fhir_organization,USA,,
NS_9e2de794-d,,,,",",fhir_organization,USA,,
NS_28f47501-a,,,,",",fhir_organization,USA,,
NS_5d46c550-7,,,,",",fhir_organization,USA,,
NS_3401cb0d-1,,,,",",fhir_organization,USA,,
NS_20e5f189-2,,,,",",fhir_organization,USA,,
NS_05b96db0-e,,,,",",fhir_organization,USA,,
NS_2831c5fb-a,,11111,,"11111,",fhir_organization,"11111, 11111, USA",,
NS_5b2d3182-9,,,,",",fhir_organization,USA,,
NS_c240c3f2-1,,111  FOOOBAR,,", MA 02155",fhir_organization,"111  FOOOBAR, MA, 02155, USA",,
NS_62b958d6-e,,,,",",fhir_organization,USA,,
NS_b3187ccb-9,,,,",",fhir_organization,USA,,
NS_14963956-9,,,,",",fhir_organization,USA,,
NS_a58e21eb-c,,,,",",fhir_organization,USA,,
NS_d515189e-3,,,,",",fhir_organization,USA,,
NS_5859e184-8,,,,",",fhir_organization,USA,,
NS_16a912cb-8,,,,",",fhir_organization,USA,,
NS_fdd9e5f6-a,,,,",",fhir_organization,USA,,
NS_1be27187-e,,,,",",fhir_organization,USA,,
NS_9fca3b3a-4,,,,",",fhir_organization,USA,,
NS_d4c0719b-1,,,,",",fhir_organization,USA,,
NS_1a641f3e-2,,,,",",fhir_organization,USA,,
NS_e998be63-5,,,,",",fhir_organization,USA,,
NS_795c633d-c,,,,",",fhir_organization,USA,,
NS_2756ffc1-7,,,,",",fhir_organization,USA,,
NS_d3e2ae35-3,,,,",",fhir_organization,USA,,
NS_3f0af429-e,,,,",",fhir_organization,USA,,
NS_32eed6a6-8,,,,",",fhir_organization,USA,,
NS_1a0deb5d-e,,,,",",fhir_organization,USA,,
NS_f0b15d75-d,,,,",",fhir_organization,USA,,
NS_c2f70dbc-e,,4383 Medical Driv,,",",fhir_organization,"4383 Medical Driv, USA",,
NS_12f801fa-e,,4383 Medical Drive,,",",fhir_organization,"4383 Medical Drive, USA",,
NS_4b14815a-b,,,,",",fhir_organization,USA,,
NS_8a0642d6-e,,,,",",fhir_organization,USA,,
NS_4c687b0c-e,,4383 Medical Drive,,",",fhir_organization,"4383 Medical Drive, USA",,
NS_c70d3640-6,,4383 Medical Drive,,",",fhir_organization,"4383 Medical Drive, USA",,
NS_2eef9397-e,,4383 Medical Drive,,",",fhir_organization,"4383 Medical Drive, USA",,
NS_737cf885-6,,,,",",fhir_organization,USA,,
NS_142d9b23-f,,4383 Medical Drive,,",",fhir_organization,"4383 Medical Drive, USA",,
NS_c3580c49-e,,4383 Medical Drive,,",",fhir_organization,"4383 Medical Drive, USA",,
NS_3d6cc4e9-1,,4383 Medical Drive,,",",fhir_organization,"4383 Medical Drive, USA",,
NS_6a470b39-b,,4383 Medical Drive,,",",fhir_organization,"4383 Medical Drive, USA",,
NS_255d3483-6,,4383 Medical Drive,,",",fhir_organization,"4383 Medical Drive, USA",,
NS_3fd26b7a-f,,4383 Medical Drive,,",",fhir_organization,"4383 Medical Drive, USA",,
NS_26548278-a,,4383 Medical Drive,,",",fhir_organization,"4383 Medical Drive, USA",,
NS_54b3dac7-a,,4383 Medical Drive,,",",fhir_organization,"4383 Medical Drive, USA",,
NS_6d4d9e3d-9,,4383 Medical Drive,,",",fhir_organization,"4383 Medical Drive, USA",,
NS_e8c95958-b,,4383 Medical Drive,,",",fhir_organization,"4383 Medical Drive, USA",,
NS_8d2aa66e-b,,4383 Medical Drive,,",",fhir_organization,"4383 Medical Drive, USA",,
NS_73c70738-7,,4383 Medical Drive,,",",fhir_organization,"4383 Medical Drive, USA",,
NS_ae4205be-2,,4383 Medical Drive,,",",fhir_organization,"4383 Medical Drive, USA",,
NS_b59e11f0-b,,,,",",fhir_organization,USA,,
NS_c1d39cbc-0,,4383 Medical Drive,,",",fhir_organization,"4383 Medical Drive, USA",,
NS_00551874-6,,4383 Medical Drive,,",",fhir_organization,"4383 Medical Drive, USA",,
NS_a4317ec5-6,,,,",",fhir_organization,USA,,
NS_e919eb39-1,,,,",",fhir_organization,USA,,
NS_7508d9e7-d,,4383 Medical Drive,,",",fhir_organization,"4383 Medical Drive, USA",,
NS_8b364644-f,,4383 Medical Drive,,",",fhir_organization,"4383 Medical Drive, USA",,
NS_1fc319fb-0,,4383 Medical Drive,,",",fhir_organization,"4383 Medical Drive, USA",,
NS_ad5f2515-f,,4383 Medical Drive,,",",fhir_organization,"4383 Medical Drive, USA",,
NS_a6110b1f-f,,4383 Medical Drive,,",",fhir_organization,"4383 Medical Drive, USA",,
NS_900c2fbe-b,,4383 Medical Drive,,",",fhir_organization,"4383 Medical Drive, USA",,
NS_6fdbe205-0,,,,",",fhir_organization,USA,,
NS_9e55b962-5,,,,",",fhir_organization,USA,,
NS_25e48e03-2,,4383 Medical Drive,,",",fhir_organization,"4383 Medical Drive, USA",,
NS_50666121-3,,4383 Medical Drive,,",",fhir_organization,"4383 Medical Drive, USA",,
NS_8083fbac-5,,4383 Medical Drive,,",",fhir_organization,"4383 Medical Drive, USA",,
NS_e24417c6-d,,,,",",fhir_organization,USA,,
NS_7542f651-9,,,,",",fhir_organization,USA,,
NS_62b62e50-7,,,,",",fhir_organization,USA,,
NS_c70e9d68-d,,,,",",fhir_organization,USA,,
NS_99ccedfd-8,,,,",",fhir_organization,USA,,
NS_a9c59a7f-6,,,,",",fhir_organization,USA,,
NS_4cca6e01-1,,,,",",fhir_organization,USA,,
NS_184ed631-7,,,,",",fhir_organization,USA,,
NS_b1638e80-f,,,,",",fhir_organization,USA,,
NS_d5f41a4d-1,,,,",",fhir_organization,USA,,
NS_a38a5892-c,,,,",",fhir_organization,USA,,
NS_adbd6a89-7,,,,",",fhir_organization,USA,,
NS_9e958498-6,,,,",",fhir_organization,USA,,
NS_3d31e27e-1,,,,",",fhir_organization,USA,,
NS_df2eb793-8,,,,",",fhir_organization,USA,,
NS_c44f0087-a,,,,",",fhir_organization,USA,,
NS_0c8ebc74-9,,,,",",fhir_organization,USA,,
NS_0e1e28e3-c,,,,",",fhir_organization,USA,,
NS_9e9f9db5-9,,,,",",fhir_organization,USA,,
NS_cc88369c-7,,,,",",fhir_organization,USA,,
NS_9fad93a1-e,,,,",",fhir_organization,USA,,
NS_5f2e7d6a-3,,,,",",fhir_organization,USA,,
NS_00aafdfe-1,,,,",",fhir_organization,USA,,
NS_b189d257-c,,,,",",fhir_organization,USA,,
NS_a448ae27-b,,,,",",fhir_organization,USA,,
NS_85bad8db-0,,,,",",fhir_organization,USA,,
NS_296a5e34-b,,,,",",fhir_organization,USA,,
NS_7316c341-0,,,,",",fhir_organization,USA,,
NS_3956f802-0,,,,",",fhir_organization,USA,,
NS_73458b5a-e,,,,",",fhir_organization,USA,,
NS_03ec3093-8,,,,",",fhir_organization,USA,,
NS_bd85fa44-f,,,,",",fhir_organization,USA,,
NS_b4ff7184-c,,,,",",fhir_organization,USA,,
NS_b50de110-3,,,,",",fhir_organization,USA,,
NS_9196b981-a,,OFF SITE,,"OFF SITE,",fhir_organization,"OFF SITE, OFF SITE, USA",,
NS_56ad3496-7,,,,",",fhir_organization,USA,,
NS_1256282c-7,,,,",",fhir_organization,USA,,
NS_0576a868-9,,,,",",fhir_organization,USA,,
NS_efc3c889-3,,,,",",fhir_organization,USA,,
NS_536519b0-8,,,,",",fhir_organization,USA,,
NS_69002a4e-5,,,,",",fhir_organization,USA,,
NS_c90bf5a9-4,,,,",",fhir_organization,USA,,
NS_189874b1-d,,,,",",fhir_organization,USA,,
NS_3ae7dc8e-0,,,,",",fhir_organization,USA,,
NS_19f96f7a-3,,,,",",fhir_organization,USA,,
NS_b23c6250-b,,,,",",fhir_organization,USA,,
NS_7eba419d-b,,,,",",fhir_organization,USA,,
NS_4529b0e2-9,,,,",",fhir_organization,USA,,
NS_b195a18f-a,,,,",",fhir_organization,USA,,
NS_ca20111e-c,,,,",",fhir_organization,USA,,
NS_82c70f34-2,,,,",",fhir_organization,USA,,
NS_1a4fbc1f-d,,,,",",fhir_organization,USA,,
NS_bb35c4c6-9,,,,",",fhir_organization,USA,,
NS_fa738ddd-c,,,,",",fhir_organization,USA,,
NS_88c66cba-1,,,,",",fhir_organization,USA,,
NS_9a774a9d-8,,,,",",fhir_organization,USA,,
NS_f9be7c75-6,,,,",",fhir_organization,USA,,
NS_458a4db8-b,,,,",",fhir_organization,USA,,
NS_d9f26256-4,,,,",",fhir_organization,USA,,
NS_4fcb43d8-5,,,,",",fhir_organization,USA,,
NS_69931a43-d,,,,",",fhir_organization,USA,,
NS_0d6af299-2,,,,",",fhir_organization,USA,,
NS_2451e3b5-f,,,,",",fhir_organization,USA,,
NS_bde64198-2,,,,",",fhir_organization,USA,,
NS_c40b85bf-6,,,,",",fhir_organization,USA,,
NS_416553e6-1,,,,",",fhir_organization,USA,,
NS_fa215a9a-6,,,,",",fhir_organization,USA,,
NS_fee31cba-a,,,,",",fhir_organization,USA,,
NS_36e20e7f-c,,,,",",fhir_organization,USA,,
NS_1713c8ce-3,,,,",",fhir_organization,USA,,
NS_54543818-3,,,,",",fhir_organization,USA,,
NS_e8a47182-e,,,,",",fhir_organization,USA,,
NS_39fd2daa-b,,,,",",fhir_organization,USA,,
NS_0831f9db-e,,,,",",fhir_organization,USA,,
NS_aeb2564e-1,,,,",",fhir_organization,USA,,
NS_4e35070f-8,,,,",",fhir_organization,USA,,
NS_3947bd8e-8,,,,",",fhir_organization,USA,,
NS_e199e84e-b,,,,",",fhir_organization,USA,,
NS_7d4a74cb-5,,,,",",fhir_organization,USA,,
NS_9fb5c851-8,,,,",",fhir_organization,USA,,
NS_5a392b18-e,,,,",",fhir_organization,USA,,
NS_83512d49-2,,,,",",fhir_organization,USA,,
NS_cb055e12-2,,,,",",fhir_organization,USA,,
NS_5162d803-e,,,,",",fhir_organization,USA,,
NS_899e437d-3,,,,",",fhir_organization,USA,,
NS_d7c2fb84-4,,,,",",fhir_organization,USA,,
NS_c5c91a7b-c,,,,",",fhir_organization,USA,,
NS_2ab91903-d,,,,",",fhir_organization,USA,,
NS_f1c0d8d5-8,,,,",",fhir_organization,USA,,
NS_1a51ee7a-1,,,,",",fhir_organization,USA,,
NS_1833b240-7,,,,",",fhir_organization,USA,,
NS_c9c9ee68-5,,,,",",fhir_organization,USA,,
NS_c86b6ecb-a,,,,",",fhir_organization,USA,,
NS_f087b42d-5,,,,",",fhir_organization,USA,,
NS_1d38eea8-e,,,,",",fhir_organization,USA,,
NS_ac3ad386-2,,,,",",fhir_organization,USA,,
NS_a52b5030-1,,,,",",fhir_organization,USA,,
NS_8a8739f7-b,,,,",",fhir_organization,USA,,
NS_70cf58c0-8,,,,",",fhir_organization,USA,,
NS_5ade2155-9,,,,",",fhir_organization,USA,,
NS_1ab26c86-7,,,,",",fhir_organization,USA,,
NS_7442c014-c,,,,",",fhir_organization,USA,,
NS_09c177a2-3,,,,"Ravenna,",fhir_organization,"Ravenna, USA",,
NS_085c3d1a-9,,,,",",fhir_organization,USA,,
NS_f66ae44c-3,,,,",",fhir_organization,USA,,
NS_208b0404-3,,,,",",fhir_organization,USA,,
NS_bf65c91e-8,,,,",",fhir_organization,USA,,
NS_12d148c5-9,,,,",",fhir_organization,USA,,
NS_ab4a2e99-a,,,,",",fhir_organization,USA,,
NS_6ae7ede9-7,,,,",",fhir_organization,USA,,
NS_3bdef6be-0,,,,",",fhir_organization,USA,,
NS_a028c9ee-6,,,,",",fhir_organization,USA,,
NS_08f35a74-a,,,,",",fhir_organization,USA,,
NS_7a0f1610-4,,,,",",fhir_organization,USA,,
NS_61ff5ff9-e,,,,",",fhir_organization,USA,,
NS_8e421591-8,,,,",",fhir_organization,USA,,
NS_20d6286c-a,,,,",",fhir_organization,USA,,
NS_1f4627a5-0,,,,",",fhir_organization,USA,,
NS_0dc63340-b,,,,",",fhir_organization,USA,,
NS_0c599d07-9,,,,",",fhir_organization,USA,,
NS_0b7ebfd3-d,,,,",",fhir_organization,USA,,
NS_3b67649a-8,,,,",",fhir_organization,USA,,
NS_50396ce1-0,,,,",",fhir_organization,USA,,
NS_26afc1f4-d,,,,",",fhir_organization,USA,,
NS_180dfb9b-e,,,,",",fhir_organization,USA,,
NS_0356bb95-9,,,,",",fhir_organization,USA,,
NS_cf48b9db-d,,,,",",fhir_organization,USA,,
NS_edac72ef-1,,,,",",fhir_organization,USA,,
NS_20179fc3-f,,400 Old River Road,,",  93311-9781",fhir_organization,"400 Old River Road, 93311-9781, USA",,
NS_e96fd203-f,,,,",",fhir_organization,USA,,
NS_70c9b12c-0,,,,",",fhir_organization,USA,,
NS_05efa3f8-b,,,,",",fhir_organization,USA,,
NS_2726c54e-6,,,,",",fhir_organization,USA,,
NS_1d118e6f-2,,,,",",fhir_organization,USA,,
NS_c70c1d41-b,,,,",",fhir_organization,USA,,
NS_2787d68a-1,,,,",",fhir_organization,USA,,
NS_9cd928ad-2,,,,",",fhir_organization,USA,,
NS_2ad0497f-a,,,,",",fhir_organization,USA,,
NS_243efd3e-c,,,,",",fhir_organization,USA,,
NS_d9b522d5-b,,,,",",fhir_organization,USA,,
NS_ae5f82bd-6,,,,",",fhir_organization,USA,,
NS_b086ce14-a,,,,",",fhir_organization,USA,,
NS_cf7450e9-5,,,,",",fhir_organization,USA,,
NS_79a47d7a-4,,,,",",fhir_organization,USA,,
NS_1acb5fe2-8,,,,",",fhir_organization,USA,,
NS_d3e967e8-2,,,,",",fhir_organization,USA,,
NS_9bab61d7-f,,ns drive,,",",fhir_organization,"ns drive, USA",,
NS_2560fc5f-0,,,,",",fhir_organization,USA,,
NS_f7d6cf10-1,,,,",",fhir_organization,USA,,
NS_68c451c4-e,,,,",",fhir_organization,USA,,
NS_6070b4c1-3,,,,",",fhir_organization,USA,,
NS_907506ad-8,,,,",",fhir_organization,USA,,
NS_784e4800-1,,,,",",fhir_organization,USA,,
NS_5876461c-f,,,,",",fhir_organization,USA,,
NS_fa43350f-a,,,,",",fhir_organization,USA,,
NS_e6ccda17-d,,,,",",fhir_organization,USA,,
NS_9687389e-1,,,,",",fhir_organization,USA,,
NS_129a89e1-5,,,,",",fhir_organization,USA,,
NS_e1fb2653-5,,,,",",fhir_organization,USA,,
NS_cd1ef886-4,,,,",",fhir_organization,USA,,
NS_25c99fbf-1,,,,",",fhir_organization,USA,,
NS_2c37e89d-0,,,,",",fhir_organization,USA,,
NS_7440bda1-0,,,,",",fhir_organization,USA,,
NS_625ef869-5,,,,",",fhir_organization,USA,,
NS_0e9b236f-a,,,,",",fhir_organization,USA,,
NS_a5ca4248-9,,,,",",fhir_organization,USA,,
NS_72156a8c-f,,,,",",fhir_organization,USA,,
NS_4e810182-1,,,,",",fhir_organization,USA,,
NS_be6839b1-b,,,,",",fhir_organization,USA,,
NS_3bb563d7-5,,,,",",fhir_organization,USA,,
NS_963cd3f8-8,,,,",",fhir_organization,USA,,
NS_cc2d9a4f-b,,,,",",fhir_organization,USA,,
NS_679492ae-2,,,,",",fhir_organization,USA,,
NS_b4fca1b1-a,,,,",",fhir_organization,USA,,
NS_bebb95e1-8,,,,",",fhir_organization,USA,,
NS_55abf12c-1,,,,",",fhir_organization,USA,,
NS_50902398-d,,,,",",fhir_organization,USA,,
NS_d218dfad-f,,,,",",fhir_organization,USA,,
NS_a85833a5-5,,,,",",fhir_organization,USA,,
NS_6b0c770d-0,,,,",",fhir_organization,USA,,
NS_5fd7711c-8,,,,",",fhir_organization,USA,,
NS_601d11e0-9,,,,",",fhir_organization,USA,,
NS_eb9815cf-7,,,,",",fhir_organization,USA,,
NS_94893402-3,,P.O. Box 2116,,"San Juan,",fhir_organization,"P.O. Box 2116, San Juan, USA",,
NS_73be8661-e,,,,",",fhir_organization,USA,,
NS_35aec44e-5,,,,",",fhir_organization,USA,,
NS_a67e77a2-0,,,,",",fhir_organization,USA,,
NS_26fde58e-e,,,,",",fhir_organization,USA,,
NS_055d078b-3,,,,",",fhir_organization,USA,,
NS_23d3369d-a,,,,",",fhir_organization,USA,,
NS_0a3d963f-e,,,,",",fhir_organization,USA,,
NS_0341c552-c,,,,",",fhir_organization,USA,,
NS_43ac5ed6-7,,,,",",fhir_organization,USA,,
NS_f3bc73d2-1,,,,",",fhir_organization,USA,,
NS_3edc57c3-d,,,,",",fhir_organization,USA,,
NS_1710a4fc-d,,,,",",fhir_organization,USA,,
NS_9ae2c24f-b,,,,",",fhir_organization,USA,,
NS_ec09b9db-8,,,,",",fhir_organization,USA,,
NS_2558f42b-0,,,,",",fhir_organization,USA,,
NS_9e3e6e97-6,,,,",",fhir_organization,USA,,
NS_c029b627-5,,,,",",fhir_organization,USA,,
NS_0c99bc85-8,,,,",",fhir_organization,USA,,
NS_a0e78baa-d,,,,",",fhir_organization,USA,,
NS_16ed0ee8-5,,,,",",fhir_organization,USA,,
NS_197af281-c,,,,",",fhir_organization,USA,,
NS_959546da-2,,,,",",fhir_organization,USA,,
NS_9789b859-5,,,,",",fhir_organization,USA,,
NS_14bff39f-8,,,,",",fhir_organization,USA,,
NS_711b32ff-d,,,,",",fhir_organization,USA,,
NS_e7aded40-4,,,,",",fhir_organization,USA,,
NS_eb809461-0,,,,",",fhir_organization,USA,,
NS_2722972b-6,,,,",",fhir_organization,USA,,
NS_6fad0171-a,,"327 Beach 19th Street Far Rockway, NY11691",,",",fhir_organization,"327 Beach 19th Street Far Rockway, NY11691, USA",,
NS_23e1f636-3,,,,",",fhir_organization,USA,,
NS_34c6ea43-3,,,,",",fhir_organization,USA,,
NS_cc387e88-1,,,,",",fhir_organization,USA,,
NS_49f0e3e1-d,,,,",",fhir_organization,USA,,
NS_3379a8dc-7,,,,",",fhir_organization,USA,,
NS_cab8d529-a,,,,",",fhir_organization,USA,,
NS_1d8a8944-8,,,,",",fhir_organization,USA,,
NS_ca48a62c-7,,,,",",fhir_organization,USA,,
NS_ec980c39-e,,,,",",fhir_organization,USA,,
NS_a90934a7-c,,,,",",fhir_organization,USA,,
NS_c32926ff-a,,,,",",fhir_organization,USA,,
NS_57d65129-9,,,,",",fhir_organization,USA,,
NS_c899526e-6,,,,",",fhir_organization,USA,,
NS_f9fccc3e-7,,,,",",fhir_organization,USA,,
NS_e5f0787c-a,,,,",",fhir_organization,USA,,
NS_8a1327a7-e,,use general address,,",",fhir_organization,"use general address, USA",,
NS_88f45dbb-b,,,,",",fhir_organization,USA,,
NS_6b9df6a5-b,,,,",",fhir_organization,USA,,
NS_ef2c4dc5-6,,,,",",fhir_organization,USA,,
NS_fa7ccb18-8,,,,",",fhir_organization,USA,,
NS_45694338-d,,,,",",fhir_organization,USA,,
NS_9158f74a-a,,,,",",fhir_organization,USA,,
NS_24c4c775-d,,,,",",fhir_organization,USA,,
NS_74736da0-0,,,,",",fhir_organization,USA,,
NS_18278d99-8,,,,",",fhir_organization,USA,,
NS_027b7541-b,,,,",",fhir_organization,USA,,
NS_c3a2ffd3-d,,,,",",fhir_organization,USA,,
NS_9549126e-c,,,,",",fhir_organization,USA,,
NS_dc262ad3-a,,see general address,,",",fhir_organization,"see general address, USA",,
NS_11d19fc4-5,,,,",",fhir_organization,USA,,
NS_d9267726-7,,,,",",fhir_organization,USA,,
NS_44d1d07e-5,,,,",",fhir_organization,USA,,
NS_859dbed8-6,,,,",",fhir_organization,USA,,
NS_f2ddb17b-c,,,,",",fhir_organization,USA,,
NS_548cb09c-0,,,,",",fhir_organization,USA,,
NS_8bf88fbb-e,,,,",",fhir_organization,USA,,
NS_5da97dbd-c,,,,",",fhir_organization,USA,,
NS_f0c878e5-d,,,,",",fhir_organization,USA,,
NS_bd8e4224-1,,,,",",fhir_organization,USA,,
NS_ac405f55-7,,,,",",fhir_organization,USA,,
NS_83f50e46-c,,,,",",fhir_organization,USA,,
NS_bd1cf935-a,,,,",",fhir_organization,USA,,
NS_774fb939-c,,,,",",fhir_organization,USA,,
NS_55d74c4c-a,,,,",",fhir_organization,USA,,
NS_5187621c-c,,,,",",fhir_organization,USA,,
NS_78a2183f-c,,,,",",fhir_organization,USA,,
NS_4ed676e9-c,,,,",",fhir_organization,USA,,
NS_c2a3036c-f,,,,",",fhir_organization,USA,,
NS_a591678c-7,,,,",",fhir_organization,USA,,
NS_407e8aad-d,,,,",",fhir_organization,USA,,
NS_0d7c6feb-5,,,,",",fhir_organization,USA,,
NS_5dbc0d80-2,,,,",",fhir_organization,USA,,
NS_efed31c7-3,,,,",",fhir_organization,USA,,
NS_4f2181fb-0,,,,",",fhir_organization,USA,,
NS_e07d2657-a,,,,",",fhir_organization,USA,,
NS_cf26c9a0-7,,,,",",fhir_organization,USA,,
NS_be91f0e7-d,,,,",",fhir_organization,USA,,
NS_dbef26c9-9,,,,",",fhir_organization,USA,,
NS_e0278a42-4,,,,",",fhir_organization,USA,,
NS_25b5873e-8,,,,",",fhir_organization,USA,,
NS_65aebeed-1,,,,",",fhir_organization,USA,,
NS_c84ac40a-9,,,,",",fhir_organization,USA,,
NS_4cdae724-7,,,,",",fhir_organization,USA,,
NS_7fc9de38-e,,,,",",fhir_organization,USA,,
NS_f60d8b71-8,,,,",",fhir_organization,USA,,
NS_28aefa71-1,,,,",",fhir_organization,USA,,
NS_aae07e09-b,,,,",",fhir_organization,USA,,
NS_2c9879a2-d,,,,",",fhir_organization,USA,,
NS_0f653be7-7,,,,",",fhir_organization,USA,,
NS_1092b34e-1,,,,",",fhir_organization,USA,,
NS_f6776668-2,,,,",",fhir_organization,USA,,
NS_916f3c88-f,,,,",",fhir_organization,USA,,
NS_003bce88-0,,,,",",fhir_organization,USA,,
NS_a54245d7-6,,,,",",fhir_organization,USA,,
NS_92103389-e,,,,",",fhir_organization,USA,,
NS_cd16cd30-6,,,,",",fhir_organization,USA,,
NS_2abab440-2,,,,",",fhir_organization,USA,,
NS_279c7d3f-6,,,,",",fhir_organization,USA,,
NS_d44d92c4-3,,Outside,,"Treatment,",fhir_organization,"Outside, Treatment, USA",,
NS_fab65070-8,,,,",",fhir_organization,USA,,
NS_b1d9ffc6-3,,,,",",fhir_organization,USA,,
NS_9222dfcc-b,,,,",",fhir_organization,USA,,
NS_91951fae-d,,,,",",fhir_organization,USA,,
NS_e339d310-0,,,,",",fhir_organization,USA,,
NS_17761710-4,,,,",",fhir_organization,USA,,
NS_3497ae5e-4,,,,",",fhir_organization,USA,,
NS_c0721c68-5,,,,",",fhir_organization,USA,,
NS_5fc07376-d,,,,",",fhir_organization,USA,,
NS_8396c2d4-7,,,,",",fhir_organization,USA,,
NS_69681436-9,,,,",",fhir_organization,USA,,
NS_7189c5f9-0,,,,",",fhir_organization,USA,,
NS_42f516c4-f,,,,",",fhir_organization,USA,,
NS_8f6995a0-2,,,,",",fhir_organization,USA,,
NS_b9518184-d,,Genesis Hot Springs Harmony Office,,",",fhir_organization,"Genesis Hot Springs Harmony Office, USA",,
NS_4d9319ae-b,,,,",",fhir_organization,USA,,
NS_6a0c2eb2-7,,,,",",fhir_organization,USA,,
NS_6fe14203-9,,STAT Fax -Cancer and Blood Specialist of Nova,,",",fhir_organization,"STAT Fax -Cancer and Blood Specialist of Nova, USA",,
NS_dd5ae975-f,,,,",",fhir_organization,USA,,
NS_8ffc15b7-f,,,,",",fhir_organization,USA,,
NS_4197181f-a,,Radiololgy server for Cancer and Blood Specialist,,",",fhir_organization,"Radiololgy server for Cancer and Blood Specialist, USA",,
NS_15ea8f84-c,,,,",",fhir_organization,USA,,
NS_5d336559-c,,,,",",fhir_organization,USA,,
NS_c1c97896-c,,,,",",fhir_organization,USA,,
NS_60022686-2,,,,",",fhir_organization,USA,,
NS_3e7b3aad-3,,,,",",fhir_organization,USA,,
NS_00c40d48-d,,,,",",fhir_organization,USA,,
NS_b892ee57-6,,,,",",fhir_organization,USA,,
NS_ad7a92cb-c,,,,",",fhir_organization,USA,,
NS_e7d3f9f8-4,,,,",",fhir_organization,USA,,
NS_5b29dfbd-1,,,,",",fhir_organization,USA,,
NS_71df8eb4-f,,,,",",fhir_organization,USA,,
NS_5dabcfda-5,,,,",",fhir_organization,USA,,
NS_81aefade-2,,,,",",fhir_organization,USA,,
NS_aeb88996-f,,,,",",fhir_organization,USA,,
NS_5ea2ec6d-b,,,,",",fhir_organization,USA,,
NS_39853d97-6,,see general address,,",",fhir_organization,"see general address, USA",,
NS_e8d2a9cb-4,,,,",",fhir_organization,USA,,
NS_9d57c4d1-8,,,,",",fhir_organization,USA,,
NS_aed3df0b-5,,,,",",fhir_organization,USA,,
NS_b3276074-f,,,,",",fhir_organization,USA,,
NS_d8bb5348-b,,,,",",fhir_organization,USA,,
NS_b0ea34f1-0,,,,",",fhir_organization,USA,,
NS_a85f90ed-5,,,,",",fhir_organization,USA,,
NS_fb94db04-5,,,,",",fhir_organization,USA,,
NS_cc8d801a-6,,,,",",fhir_organization,USA,,
NS_6d11c4c3-2,,,,",",fhir_organization,USA,,
NS_2180d3ee-5,,,,",",fhir_organization,USA,,
NS_8ee1265f-a,,,,",",fhir_organization,USA,,
NS_8d684700-e,,,,",",fhir_organization,USA,,
NS_6b4a4d4e-f,,,,",",fhir_organization,USA,,
NS_1f1f50e5-d,,,,",",fhir_organization,USA,,
NS_3eecfb0e-9,,,,",",fhir_organization,USA,,
NS_30fa728a-2,,,,",",fhir_organization,USA,,
NS_75dd35be-0,,,,",",fhir_organization,USA,,
NS_4d6953a2-7,,,,",",fhir_organization,USA,,
NS_000060d5-3,,,,",",fhir_organization,USA,,
NS_cc79a11d-d,,Spokane Valley Office,,",",fhir_organization,"Spokane Valley Office, USA",,
NS_0293fefd-2,,,,",",fhir_organization,USA,,
NS_fc794372-2,,,,",",fhir_organization,USA,,
NS_b9437aad-5,,,,",",fhir_organization,USA,,
NS_9a86b9e9-1,,,,",",fhir_organization,USA,,
NS_d013584f-3,,,,",",fhir_organization,USA,,
NS_085827ca-d,,,,",",fhir_organization,USA,,
NS_4dda4e44-c,,,,",",fhir_organization,USA,,
NS_39dcf87a-8,,see general address,,",",fhir_organization,"see general address, USA",,
NS_ff97a52d-6,,,,",",fhir_organization,USA,,
NS_ffac6372-d,,,,",",fhir_organization,USA,,
NS_181219d2-1,,,,",",fhir_organization,USA,,
NS_76ca799f-4,,,,",",fhir_organization,USA,,
NS_b072b55f-0,,,,",",fhir_organization,USA,,
NS_4fcd18dd-4,,,,",",fhir_organization,USA,,
NS_98eb4931-7,,,,",",fhir_organization,USA,,
NS_049102f1-e,,,,",",fhir_organization,USA,,
NS_d8cd88e2-7,,,,",",fhir_organization,USA,,
NS_feec28b0-3,,,,",",fhir_organization,USA,,
NS_557f21ec-0,,,,",",fhir_organization,USA,,
NS_883f2d0d-2,,,,",",fhir_organization,USA,,
NS_f3b82700-6,,,,",",fhir_organization,USA,,
NS_607b0d26-b,,,,",",fhir_organization,USA,,
NS_107a4fc2-2,,,,",",fhir_organization,USA,,
NS_65712179-0,,,,",",fhir_organization,USA,,
NS_11a9eb4e-2,,,,",",fhir_organization,USA,,
NS_8c36ea17-d,,,,",",fhir_organization,USA,,
NS_83bb65bc-1,,,,",",fhir_organization,USA,,
NS_a21d7dff-7,,,,",",fhir_organization,USA,,
NS_9f418dee-9,,,,",",fhir_organization,USA,,
NS_3b94020b-2,,,,",",fhir_organization,USA,,
NS_fa6a6146-8,,,,",",fhir_organization,USA,,
NS_68ef18db-f,,,,",",fhir_organization,USA,,
NS_ee5e74d1-a,,,,",",fhir_organization,USA,,
NS_dbfc59e2-f,,,,",",fhir_organization,USA,,
NS_be60e1e0-4,,,,",",fhir_organization,USA,,
NS_b4081861-9,,,,",",fhir_organization,USA,,
NS_941ec58f-c,,,,",",fhir_organization,USA,,
NS_f90c9c7c-5,,,,",",fhir_organization,USA,,
NS_f58407a2-a,,,,",",fhir_organization,USA,,
NS_4f7fbf58-5,,,,",",fhir_organization,USA,,
NS_bcb1f942-2,,,,",",fhir_organization,USA,,
NS_1d5d054d-5,,,,",",fhir_organization,USA,,
NS_2df30b45-5,,,,",",fhir_organization,USA,,
NS_6137a864-5,,,,",",fhir_organization,USA,,
NS_830576f8-6,,,,",",fhir_organization,USA,,
NS_6f350408-6,,,,",",fhir_organization,USA,,
NS_2187d7d8-3,,KY Non-Aon Referrals,,",",fhir_organization,"KY Non-Aon Referrals, USA",,
NS_6adf86b9-0,,,,",",fhir_organization,USA,,
NS_eba26b49-4,,,,",",fhir_organization,USA,,
NS_004030df-2,,,,",",fhir_organization,USA,,
NS_d02a7567-5,,,,",",fhir_organization,USA,,
NS_6057fb11-f,,,,",",fhir_organization,USA,,
NS_27de93fb-5,,,,",",fhir_organization,USA,,
NS_c8664558-2,,,,",",fhir_organization,USA,,
NS_a913d41e-3,,,,",",fhir_organization,USA,,
NS_aafbec5c-e,,,,",",fhir_organization,USA,,
NS_945db900-7,,,,",",fhir_organization,USA,,
NS_1ef5dbc6-2,,,,",",fhir_organization,USA,,
NS_7b94334e-8,,,,",",fhir_organization,USA,,
NS_51baab96-f,,,,",",fhir_organization,USA,,
NS_fd4a61fb-5,,,,",",fhir_organization,USA,,
NS_b03254a2-5,,,,",",fhir_organization,USA,,
NS_703026b5-1,,,,",",fhir_organization,USA,,
NS_944d6983-5,,,,",",fhir_organization,USA,,
NS_8b97cbc7-d,,,,",",fhir_organization,USA,,
NS_addb94fe-b,,,,",",fhir_organization,USA,,
NS_7f55d656-0,,,,",",fhir_organization,USA,,
NS_cba87089-6,,,,",",fhir_organization,USA,,
NS_f6025a97-1,,,,",",fhir_organization,USA,,
NS_6b4c8443-3,,,,",",fhir_organization,USA,,
NS_499b954e-b,,,,",",fhir_organization,USA,,
NS_69914267-8,,,,",",fhir_organization,USA,,
NS_7d6e4ff9-c,,,,",",fhir_organization,USA,,
NS_de76c426-4,,,,",",fhir_organization,USA,,
NS_8d268da9-1,,,,",",fhir_organization,USA,,
NS_e5116d34-0,,,,",",fhir_organization,USA,,
NS_329f9bdb-a,,,,",",fhir_organization,USA,,
NS_65d6f1c7-a,,,,",",fhir_organization,USA,,
NS_10dbf774-7,,,,",",fhir_organization,USA,,
NS_d824b5de-e,,,,",",fhir_organization,USA,,
NS_b4c00e0d-1,,,,",",fhir_organization,USA,,
NS_e297be96-d,,,,",",fhir_organization,USA,,
NS_04e0f48c-5,,see general address,,",",fhir_organization,"see general address, USA",,
NS_7be1ec79-7,,,,",",fhir_organization,USA,,
NS_6cbf1fa5-c,,,,",",fhir_organization,USA,,
NS_a6e85742-3,,,,",",fhir_organization,USA,,
NS_4d2fb8c8-3,,,,",",fhir_organization,USA,,
NS_963575a7-f,,,,",",fhir_organization,USA,,
NS_8d6848f6-e,,,,",",fhir_organization,USA,,
NS_64c391cd-7,,,,",",fhir_organization,USA,,
NS_103627e0-0,,,,",",fhir_organization,USA,,
NS_f60f98a2-7,,,,",",fhir_organization,USA,,
NS_1f8142a1-3,,,,",",fhir_organization,USA,,
NS_bc7e8c2b-a,,,,",",fhir_organization,USA,,
NS_3a4d987c-3,,,,",",fhir_organization,USA,,
NS_4cf5994c-9,,,,",",fhir_organization,USA,,
NS_615581fe-a,,,,",",fhir_organization,USA,,
NS_e35509c8-e,,,,",",fhir_organization,USA,,
NS_02a9eb37-7,,,,",",fhir_organization,USA,,
NS_0fb86cb9-8,,,,",",fhir_organization,USA,,
NS_b1971fb0-7,,,,",",fhir_organization,USA,,
NS_e774c4ad-8,,,,",",fhir_organization,USA,,
NS_1fb044f1-0,,,,",",fhir_organization,USA,,
NS_ad87e277-0,,,,",",fhir_organization,USA,,
NS_53340d26-e,,,,",",fhir_organization,USA,,
NS_87a9c379-d,,,,",",fhir_organization,USA,,
NS_9504736b-a,,,,",",fhir_organization,USA,,
NS_a298c4b5-b,,,,",",fhir_organization,USA,,
NS_1e502e95-7,,,,",",fhir_organization,USA,,
NS_6617bf0a-0,,,,",",fhir_organization,USA,,
NS_595f34ce-d,,,,",",fhir_organization,USA,,
NS_2eb83f69-c,,,,",",fhir_organization,USA,,
NS_3da335b2-5,,n/a,,"n/a,",fhir_organization,"n/a, n/a, USA",,
NS_34d8f647-c,,,,",",fhir_organization,USA,,
NS_fabd038b-d,,,,",",fhir_organization,USA,,
NS_d4fa42aa-7,,,,",",fhir_organization,USA,,
NS_825003f5-d,,,,",",fhir_organization,USA,,
NS_29b85e9a-0,,,,",",fhir_organization,USA,,
NS_7c14471e-8,,,,",",fhir_organization,USA,,
NS_46c31d0d-2,,,,",",fhir_organization,USA,,
NS_78f3151f-1,,,,",",fhir_organization,USA,,
NS_0c802a21-b,,,,",",fhir_organization,USA,,
NS_9657f206-1,,,,",",fhir_organization,USA,,
NS_68136d1f-6,,,,",",fhir_organization,USA,,
NS_5b20b2c3-1,,,,",",fhir_organization,USA,,
NS_55060846-c,,,,",",fhir_organization,USA,,
NS_8f56c8e1-1,,,,",",fhir_organization,USA,,
NS_65a50398-3,,,,",",fhir_organization,USA,,
NS_d01a2b41-8,,,,",",fhir_organization,USA,,
NS_91eb1320-d,,,,",",fhir_organization,USA,,
NS_555bd4bd-a,,,,",",fhir_organization,USA,,
NS_5e6bfbf2-9,,,,",",fhir_organization,USA,,
NS_0f34fbfd-f,,,,",",fhir_organization,USA,,
NS_6a0f4398-5,,,,",",fhir_organization,USA,,
NS_a118e4b4-0,,,,",",fhir_organization,USA,,
NS_0f91ae8e-a,,,,",",fhir_organization,USA,,
NS_dbb71fcd-a,,,,",",fhir_organization,USA,,
NS_24c2acc3-e,,,,",",fhir_organization,USA,,
NS_1adf9f1a-4,,,,",",fhir_organization,USA,,
NS_5836a1fc-8,,,,",",fhir_organization,USA,,
NS_9cf5b1a3-6,,,,",",fhir_organization,USA,,
NS_aec589c5-d,,,,",",fhir_organization,USA,,
NS_7395cefc-6,,,,",",fhir_organization,USA,,
NS_ad0ae198-2,,,,",",fhir_organization,USA,,
NS_ebfb5feb-a,,,,",",fhir_organization,USA,,
NS_cf734a0e-b,,,,",",fhir_organization,USA,,
NS_ba7cd39e-5,,,,",",fhir_organization,USA,,
NS_53b4c03b-2,,,,",",fhir_organization,USA,,
NS_26d8d390-a,,,,",",fhir_organization,USA,,
NS_f9349838-d,,,,",",fhir_organization,USA,,
NS_547a7cd8-0,,,,",",fhir_organization,USA,,
NS_26ae001c-8,,,,",",fhir_organization,USA,,
NS_97602b00-9,,,,",",fhir_organization,USA,,
NS_97e6bb74-d,,,,",",fhir_organization,USA,,
NS_28bf756a-6,,,,",",fhir_organization,USA,,
NS_94c61c3d-f,,,,",",fhir_organization,USA,,
NS_1bf0caa3-f,,,,",",fhir_organization,USA,,
NS_e14c3ee1-7,,,,",",fhir_organization,USA,,
NS_501f3c53-8,,,,",",fhir_organization,USA,,
NS_020ce344-1,,,,",",fhir_organization,USA,,
NS_17e8879a-d,,,,",",fhir_organization,USA,,
NS_02fe05f5-e,,,,",",fhir_organization,USA,,
NS_a05c4717-3,,,,",",fhir_organization,USA,,
NS_41ac85cc-6,,,,",",fhir_organization,USA,,
NS_97fc4168-0,,,,",",fhir_organization,USA,,
NS_30bf5e09-a,,,,",",fhir_organization,USA,,
NS_898016d5-9,,,,",",fhir_organization,USA,,
NS_9c9cc97b-3,,,,",",fhir_organization,USA,,
NS_0a1e4b0c-b,,,,",",fhir_organization,USA,,
NS_c8e2fc83-e,,,,",",fhir_organization,USA,,
NS_f3bb5421-f,,,,",",fhir_organization,USA,,
NS_f8f447a1-1,,,,",",fhir_organization,USA,,
NS_3437fd44-5,,,,",",fhir_organization,USA,,
NS_7a713f1d-3,,,,",",fhir_organization,USA,,
NS_d22ab947-7,,,,",",fhir_organization,USA,,
NS_c47fbd33-e,,,,",",fhir_organization,USA,,
NS_fc683d71-9,,,,",",fhir_organization,USA,,
NS_c7cb877a-1,,,,",",fhir_organization,USA,,
NS_2a7f4186-b,,,,",",fhir_organization,USA,,
NS_fc413f5e-2,,,,",",fhir_organization,USA,,
NS_2cc15a20-a,,,,",",fhir_organization,USA,,
NS_cf78092a-d,,,,",",fhir_organization,USA,,
NS_1f8dd469-5,,,,",",fhir_organization,USA,,
NS_19ef5418-7,,,,",",fhir_organization,USA,,
NS_5113c770-3,,,,",",fhir_organization,USA,,
NS_644a07d0-b,,,,",",fhir_organization,USA,,
NS_4f01bea8-d,,,,",",fhir_organization,USA,,
NS_3576deb7-4,,,,",",fhir_organization,USA,,
NS_99e0351c-1,,,,",",fhir_organization,USA,,
NS_253ec525-c,,,,",",fhir_organization,USA,,
NS_02a7cd62-c,,,,",",fhir_organization,USA,,
NS_daf14317-b,,,,",",fhir_organization,USA,,
NS_f9df08f2-a,,,,",",fhir_organization,USA,,
NS_675d207b-6,,,,",",fhir_organization,USA,,
NS_907893a7-d,,,,",",fhir_organization,USA,,
NS_8af60b87-1,,,,",",fhir_organization,USA,,
NS_fbe829bf-f,,,,",",fhir_organization,USA,,
NS_fdf99ca5-1,,,,",",fhir_organization,USA,,
NS_cb0ea3e7-a,,1,,"1,",fhir_organization,"1, 1, USA",,
NS_0c2ab90c-f,,,,",",fhir_organization,USA,,
NS_29377d65-f,,,,",",fhir_organization,USA,,
NS_aabca4e1-e,,,,",",fhir_organization,USA,,
NS_ce14066f-a,,,,",",fhir_organization,USA,,
NS_644037f6-7,,,,",",fhir_organization,USA,,
NS_32de0874-8,,,,",",fhir_organization,USA,,
NS_d1ad4d54-6,,,,",",fhir_organization,USA,,
NS_9eca5691-d,,,,",",fhir_organization,USA,,
NS_a5c4ba42-f,,,,",",fhir_organization,USA,,
NS_6481e9ee-8,,,,",",fhir_organization,USA,,
NS_86314487-f,,,,",",fhir_organization,USA,,
NS_573293e8-b,,,,",",fhir_organization,USA,,
NS_ac849933-b,,,,",",fhir_organization,USA,,
NS_2a887508-b,,,,",",fhir_organization,USA,,
NS_497e0da6-a,,,,",",fhir_organization,USA,,
NS_e0fd1247-b,,,,",",fhir_organization,USA,,
NS_6643ab68-2,,,,",",fhir_organization,USA,,
NS_f7953ae5-2,,,,",",fhir_organization,USA,,
NS_f5321d39-a,,,,",",fhir_organization,USA,,
NS_36264142-d,,,,",",fhir_organization,USA,,
NS_7d3b4b43-4,,,,",",fhir_organization,USA,,
NS_5dfd2ebd-f,,,,",",fhir_organization,USA,,
NS_499aae62-4,,,,",",fhir_organization,USA,,
NS_f668b897-8,,,,",",fhir_organization,USA,,
NS_6ccacd0b-0,,,,",",fhir_organization,USA,,
NS_7a2a75e2-7,,xxxxxxxxx,,",",fhir_organization,"xxxxxxxxx, USA",,
NS_6d9ec43a-f,,,,",",fhir_organization,USA,,
NS_2a234a0f-b,,,,",",fhir_organization,USA,,
NS_b93d8cbe-c,,,,",",fhir_organization,USA,,
NS_9a8a1d33-b,,,,",",fhir_organization,USA,,
NS_8b47c768-2,,,,",",fhir_organization,USA,,
NS_65425577-9,,,,",",fhir_organization,USA,,
NS_e9b9e4a7-0,,,,",",fhir_organization,USA,,
NS_abb46153-c,,,,",",fhir_organization,USA,,
NS_efc26b15-1,,,,",",fhir_organization,USA,,
NS_61ab3495-4,,,,",",fhir_organization,USA,,
NS_7a626a58-2,,,,",",fhir_organization,USA,,
NS_27b9b5a7-0,,,,",",fhir_organization,USA,,
NS_02be6516-b,,,,",",fhir_organization,USA,,
NS_f4b4df1b-c,,,,",",fhir_organization,USA,,
NS_49328f38-f,,,,",",fhir_organization,USA,,
NS_e3388bf2-5,,,,",",fhir_organization,USA,,
NS_c54b7aec-9,,,,",",fhir_organization,USA,,
NS_36372180-8,,,,",",fhir_organization,USA,,
NS_a44d1690-1,,,,",",fhir_organization,USA,,
NS_c9c2cda6-7,,,,",",fhir_organization,USA,,
NS_d5c99266-d,,,,",",fhir_organization,USA,,
NS_3deb2f33-7,,,,",",fhir_organization,USA,,
NS_e50ec408-d,,,,",",fhir_organization,USA,,
NS_9bf9abd6-b,,,,",",fhir_organization,USA,,
NS_8b6c17fc-7,,,,",",fhir_organization,USA,,
NS_1e00bd74-0,,,,",",fhir_organization,USA,,
NS_3e1be541-2,,,,",",fhir_organization,USA,,
NS_8213475f-7,,,,",",fhir_organization,USA,,
NS_099730ba-f,,,,",",fhir_organization,USA,,
NS_8a569eb8-0,,,,",",fhir_organization,USA,,
NS_ab980c53-d,,,,",",fhir_organization,USA,,
NS_f6bf53cf-a,,,,",",fhir_organization,USA,,
NS_7315127d-6,,,,",",fhir_organization,USA,,
NS_4a6c21bb-9,,,,",",fhir_organization,USA,,
NS_45fa72a3-2,,,,",",fhir_organization,USA,,
NS_61f3ba74-8,,,,",",fhir_organization,USA,,
NS_27a30b6f-1,,,,",",fhir_organization,USA,,
NS_7a4a6d60-e,,,,",",fhir_organization,USA,,
NS_10e192ae-7,,,,",",fhir_organization,USA,,
NS_58b5eef4-b,,,,",",fhir_organization,USA,,
NS_df2bfeb8-b,,,,",",fhir_organization,USA,,
NS_2999698c-9,,,,",",fhir_organization,USA,,
NS_6016f2e4-a,,,,",",fhir_organization,USA,,
NS_d477bf8c-3,,,,",",fhir_organization,USA,,
NS_74301e12-c,,,,",",fhir_organization,USA,,
NS_3e67ef64-4,,,,",",fhir_organization,USA,,
NS_72ed7d9b-1,,,,",",fhir_organization,USA,,
NS_8daec32a-f,,,,",",fhir_organization,USA,,
NS_38aece6f-a,,,,",",fhir_organization,USA,,
NS_a267263f-8,,,,",",fhir_organization,USA,,
NS_7b316f95-4,,,,",",fhir_organization,USA,,
NS_ab653ba6-9,,,,",",fhir_organization,USA,,
NS_d5173aab-8,,,,",",fhir_organization,USA,,
NS_29891ceb-5,,,,",",fhir_organization,USA,,
NS_8268842c-b,,,,",",fhir_organization,USA,,
NS_92d076ac-1,,,,",",fhir_organization,USA,,
NS_e534bd4f-3,,,,",",fhir_organization,USA,,
NS_fb2ce717-a,,,,",",fhir_organization,USA,,
NS_43791508-e,,,,",",fhir_organization,USA,,
NS_dd38fb11-a,,,,",",fhir_organization,USA,,
NS_a4656193-1,,,,",",fhir_organization,USA,,
NS_e423f7af-0,,,,",",fhir_organization,USA,,
NS_1f71c99f-d,,,,",",fhir_organization,USA,,
NS_0596defd-a,,,,",",fhir_organization,USA,,
NS_c04962b9-4,,,,",",fhir_organization,USA,,
NS_8b46c1d0-f,,,,",",fhir_organization,USA,,
NS_2f7e71ef-a,,,,",",fhir_organization,USA,,
NS_178caf09-b,,,,",",fhir_organization,USA,,
NS_cdd73456-a,,,,",",fhir_organization,USA,,
NS_b484a658-a,,,,",",fhir_organization,USA,,
NS_0c837d9a-a,,,,",",fhir_organization,USA,,
NS_99b17f9b-c,,,,",",fhir_organization,USA,,
NS_a253787c-f,,,,",",fhir_organization,USA,,
NS_819f535e-f,,,,",",fhir_organization,USA,,
NS_a95459a7-5,,,,",",fhir_organization,USA,,
NS_e61ca5b0-f,,,,",",fhir_organization,USA,,
NS_e7581e4c-c,,,,",",fhir_organization,USA,,
NS_4fed0504-b,,,,",",fhir_organization,USA,,
NS_011a5da9-6,,,,",",fhir_organization,USA,,
NS_0a8c8574-7,,,,",",fhir_organization,USA,,
NS_fbd97eeb-f,,,,",",fhir_organization,USA,,
NS_fcddd47c-1,,,,",",fhir_organization,USA,,
NS_ff7297ce-a,,,,",",fhir_organization,USA,,
NS_98210833-e,,,,",",fhir_organization,USA,,
NS_aa42067f-c,,,,",",fhir_organization,USA,,
NS_fed291ed-1,,,,",",fhir_organization,USA,,
NS_c5a1dc07-f,,,,",",fhir_organization,USA,,
NS_7989f387-f,,,,",",fhir_organization,USA,,
NS_e16e1bbf-f,,,,",",fhir_organization,USA,,
NS_12b7128c-3,,,,",",fhir_organization,USA,,
NS_ecf2d9b1-c,,,,",",fhir_organization,USA,,
NS_3bffc1e8-e,,,,",",fhir_organization,USA,,
NS_d3cc45af-b,,,,",",fhir_organization,USA,,
NS_e59046e7-d,,,,",",fhir_organization,USA,,
NS_59f37c2c-8,,,,",",fhir_organization,USA,,
NS_7950f618-6,,,,",",fhir_organization,USA,,
NS_12d42085-9,,,,",",fhir_organization,USA,,
NS_9a3a0a91-d,,,,",",fhir_organization,USA,,
NS_1b7f3d6f-c,,,,",",fhir_organization,USA,,
NS_7ff0ecfc-d,,,,",",fhir_organization,USA,,
NS_9f222177-3,,,,",",fhir_organization,USA,,
NS_69611a30-c,,,,",",fhir_organization,USA,,
NS_3fd0f87b-e,,,,",",fhir_organization,USA,,
NS_d6af9d8e-d,,,,",",fhir_organization,USA,,
NS_cf2a76a4-2,,1111,,"1111,",fhir_organization,"1111, 1111, USA",,
NS_af4192ee-3,,,,",",fhir_organization,USA,,
NS_8902d017-1,,,,",",fhir_organization,USA,,
NS_ae006bd7-b,,,,",",fhir_organization,USA,,
NS_3a502783-d,,,,",",fhir_organization,USA,,
NS_97cd5476-d,,Phone Call,,",",fhir_organization,"Phone Call, USA",,
NS_bd539cb1-8,,,,",",fhir_organization,USA,,
NS_52d75555-6,,,,",",fhir_organization,USA,,
NS_7a78d00a-6,,,,",",fhir_organization,USA,,
NS_dc29129f-1,,,,",",fhir_organization,USA,,
NS_48d64ca4-4,,,,",",fhir_organization,USA,,
NS_8fff3916-0,,,,",",fhir_organization,USA,,
NS_03300ec3-6,,,,",",fhir_organization,USA,,
NS_e167416b-d,,,,",",fhir_organization,USA,,
NS_7bc45a24-9,,,,",",fhir_organization,USA,,
NS_8525258b-5,,,,",",fhir_organization,USA,,
NS_6f05b6f7-a,,,,",",fhir_organization,USA,,
NS_408ae5bf-0,,,,",",fhir_organization,USA,,
NS_26632f3c-5,,,,",",fhir_organization,USA,,
NS_91221775-8,,,,",",fhir_organization,USA,,
NS_558313dc-0,,,,",",fhir_organization,USA,,
NS_2c75e5ff-0,,,,",",fhir_organization,USA,,
NS_3b7eff62-4,,,,",",fhir_organization,USA,,
NS_59f2604a-c,,,,",",fhir_organization,USA,,
NS_88ae64c9-1,,,,",",fhir_organization,USA,,
NS_d1c18e03-e,,,,",",fhir_organization,USA,,
NS_a867538e-d,,,,",",fhir_organization,USA,,
NS_3263098c-4,,-,,",",fhir_organization,"-, USA",,
NS_8dfa2bf8-5,,,,",",fhir_organization,USA,,
NS_e80c4213-f,,,,",",fhir_organization,USA,,
NS_ad332e1e-3,,,,",",fhir_organization,USA,,
NS_28eeda9f-1,,,,",",fhir_organization,USA,,
NS_238e3330-b,,,,",",fhir_organization,USA,,
NS_01e8688e-a,,,,",",fhir_organization,USA,,
NS_470d3eb1-8,,,,",",fhir_organization,USA,,
NS_138f3550-2,,,,",",fhir_organization,USA,,
NS_952af029-4,,,,",",fhir_organization,USA,,
NS_24d6ee58-5,,,,",",fhir_organization,USA,,
NS_683abd0e-0,,,,",",fhir_organization,USA,,
NS_a4dc5429-f,,,,",",fhir_organization,USA,,
NS_c9ca7aa7-5,,,,",",fhir_organization,USA,,
NS_46822631-2,,,,",",fhir_organization,USA,,
NS_238852fc-2,,,,",",fhir_organization,USA,,
NS_3345b5c5-6,,,,",",fhir_organization,USA,,
NS_1dbc3b3a-1,,,,",",fhir_organization,USA,,
NS_dd09b36b-4,,,,",",fhir_organization,USA,,
NS_68f0aa7d-3,,,,",",fhir_organization,USA,,
NS_4f3bc6fb-5,,,,",",fhir_organization,USA,,
NS_346c143d-0,,,,",",fhir_organization,USA,,
NS_c37a956e-2,,,,",",fhir_organization,USA,,
NS_c40a4d7d-4,,,,",",fhir_organization,USA,,
NS_ea8d4546-d,,,,",",fhir_organization,USA,,
NS_ef0344bb-c,,,,",",fhir_organization,USA,,
NS_cfa58a8c-c,,,,",",fhir_organization,USA,,
NS_12f8476c-1,,,,",",fhir_organization,USA,,
NS_d918736b-3,,,,",",fhir_organization,USA,,
NS_59996124-2,,,,",",fhir_organization,USA,,
NS_03c59f1b-d,,,,",",fhir_organization,USA,,
NS_0f463744-0,,,,",",fhir_organization,USA,,
NS_5050669c-b,,,,",",fhir_organization,USA,,
NS_81a2143d-5,,,,",",fhir_organization,USA,,
NS_bd88f3ad-6,,,,",",fhir_organization,USA,,
NS_2c8c08ac-f,,,,",",fhir_organization,USA,,
NS_04da30b0-8,,,,",",fhir_organization,USA,,
NS_6401ff9d-2,,,,",",fhir_organization,USA,,
NS_907598ec-9,,,,",",fhir_organization,USA,,
NS_b4edd0c8-3,,,,",",fhir_organization,USA,,
NS_5f2a34ab-9,,,,",",fhir_organization,USA,,
NS_35912c5a-e,,,,",",fhir_organization,USA,,
NS_b979f34f-8,,,,",",fhir_organization,USA,,
NS_ee595ab7-2,,,,",",fhir_organization,USA,,
NS_8b8ace19-c,,,,",",fhir_organization,USA,,
NS_f377df9d-d,,,,",",fhir_organization,USA,,
NS_b3520490-5,,,,",",fhir_organization,USA,,
NS_a85c34c7-3,,,,",",fhir_organization,USA,,
NS_9e223551-a,,,,",",fhir_organization,USA,,
NS_7e28437c-1,,,,",",fhir_organization,USA,,
NS_faf6e3d7-e,,,,",",fhir_organization,USA,,
NS_af8a5b0a-5,,,,",",fhir_organization,USA,,
NS_f74c9ece-0,,,,",",fhir_organization,USA,,
NS_9d2071c3-4,,,,",",fhir_organization,USA,,
NS_4fab2252-5,,,,",",fhir_organization,USA,,
NS_0ed739c2-e,,,,",",fhir_organization,USA,,
NS_323158f9-e,,,,",",fhir_organization,USA,,
NS_415b2789-d,,,,",",fhir_organization,USA,,
NS_b47422b2-d,,,,",",fhir_organization,USA,,
NS_eeeb595d-b,,,,",",fhir_organization,USA,,
NS_2c709e30-c,,,,",",fhir_organization,USA,,
NS_b5d89f93-1,,,,",",fhir_organization,USA,,
NS_9cd166a3-d,,,,",",fhir_organization,USA,,
NS_93ff7b22-1,,,,",",fhir_organization,USA,,
NS_d817fa29-e,,,,",",fhir_organization,USA,,
NS_18ad1f85-4,,,,",",fhir_organization,USA,,
NS_d1508f1d-0,,,,",",fhir_organization,USA,,
NS_957c6966-f,,,,",",fhir_organization,USA,,
NS_6906a404-6,,,,",",fhir_organization,USA,,
NS_a8746e11-b,,,,",",fhir_organization,USA,,
NS_03d2fa93-1,,,,",",fhir_organization,USA,,
NS_b286dcb0-3,,,,",",fhir_organization,USA,,
NS_933997c1-c,,,,",",fhir_organization,USA,,
NS_79fa49a7-e,,,,",",fhir_organization,USA,,
NS_7475081f-f,,,,",",fhir_organization,USA,,
NS_5b0b1490-a,,,,",",fhir_organization,USA,,
NS_5de782ba-4,,,,",",fhir_organization,USA,,
NS_822a24ab-7,,,,",",fhir_organization,USA,,
NS_a97538a7-4,,,,",",fhir_organization,USA,,
NS_6bf7e371-7,,,,",",fhir_organization,USA,,
NS_b395b90c-d,,,,",",fhir_organization,USA,,
NS_4f1208d6-0,,,,",",fhir_organization,USA,,
NS_0ba5c31d-0,,,,",",fhir_organization,USA,,
NS_db8c937f-6,,,,",",fhir_organization,USA,,
NS_0ef350d3-7,,,,",",fhir_organization,USA,,
NS_cd80c299-f,,,,",",fhir_organization,USA,,
NS_f6429388-5,,,,",",fhir_organization,USA,,
NS_6f623533-5,,,,",",fhir_organization,USA,,
NS_72b4c6bc-9,,,,",",fhir_organization,USA,,
NS_13dbc938-f,,,,",",fhir_organization,USA,,
NS_409b6a54-b,,,,",",fhir_organization,USA,,
NS_d0ea05ca-8,,,,",",fhir_organization,USA,,
NS_8c04e748-5,,,,",",fhir_organization,USA,,
NS_b2e84c4b-b,,,,",",fhir_organization,USA,,
NS_fc5e3dbb-3,,,,",",fhir_organization,USA,,
NS_84008fc3-2,,,,",",fhir_organization,USA,,
NS_176c9c85-a,,,,",",fhir_organization,USA,,
NS_c19bc018-d,,Offsite Testing Order,,",",fhir_organization,"Offsite Testing Order, USA",,
NS_3db31d13-b,,,,",",fhir_organization,USA,,
NS_f082cf5b-c,,,,",",fhir_organization,USA,,
NS_5b496ecd-8,,,,",",fhir_organization,USA,,
NS_5ff71531-f,,,,",",fhir_organization,USA,,
NS_d97f5715-4,,,,",",fhir_organization,USA,,
NS_029d899a-f,,,,",",fhir_organization,USA,,
NS_c718b3bc-e,,,,",",fhir_organization,USA,,
NS_b9ba8195-c,,,,",",fhir_organization,USA,,
NS_0474c13f-b,,,,",",fhir_organization,USA,,
NS_f833811d-8,,,,",",fhir_organization,USA,,
NS_016097f5-6,,,,",",fhir_organization,USA,,
NS_d789f1a1-f,,,,",",fhir_organization,USA,,
NS_e8611a40-1,,,,",",fhir_organization,USA,,
NS_f9d3291e-a,,,,",",fhir_organization,USA,,
NS_454540a5-4,,,,",",fhir_organization,USA,,
NS_d3249979-7,,,,",",fhir_organization,USA,,
NS_d847d2b1-1,,,,",",fhir_organization,USA,,
NS_839f4085-7,,,,",",fhir_organization,USA,,
NS_db8e96bc-b,,,,",",fhir_organization,USA,,
NS_ca2b20a6-a,,,,",",fhir_organization,USA,,
NS_5124c7be-f,,,,",",fhir_organization,USA,,
NS_03f7475f-e,,,,",",fhir_organization,USA,,
NS_24d28584-d,,,,",",fhir_organization,USA,,
NS_b2417b9b-d,,,,",",fhir_organization,USA,,
NS_8c974ecf-7,,,,",",fhir_organization,USA,,
NS_cf26d5e0-0,,,,",",fhir_organization,USA,,
NS_f8b830f4-f,,,,",",fhir_organization,USA,,
NS_7aaeb523-4,,,,",",fhir_organization,USA,,
NS_a7e5fdd7-f,,,,",",fhir_organization,USA,,
NS_b4d72f50-8,,,,",",fhir_organization,USA,,
NS_598a6026-6,,,,",",fhir_organization,USA,,
NS_153b010a-b,,,,",",fhir_organization,USA,,
NS_01e93bcd-0,,,,",",fhir_organization,USA,,
NS_1d576c16-5,,,,",",fhir_organization,USA,,
NS_60373fc7-7,,,,",",fhir_organization,USA,,
NS_3732078c-d,,,,",",fhir_organization,USA,,
NS_92a5a994-4,,,,",",fhir_organization,USA,,
NS_deee6dc7-1,,,,",",fhir_organization,USA,,
NS_31aef501-9,,,,",",fhir_organization,USA,,
NS_3b92bade-a,,,,",",fhir_organization,USA,,
NS_d42e72ef-a,,,,",",fhir_organization,USA,,
NS_c41fc878-8,,,,",",fhir_organization,USA,,
NS_78370ef3-3,,,,",",fhir_organization,USA,,
NS_2bf01cbe-f,,,,",",fhir_organization,USA,,
NS_89b6c454-f,,,,",",fhir_organization,USA,,
NS_56fbc268-c,,,,",",fhir_organization,USA,,
NS_75e89c07-b,,,,",",fhir_organization,USA,,
NS_af4a05bc-a,,,,",",fhir_organization,USA,,
NS_bce56fb0-1,,,,",",fhir_organization,USA,,
NS_93f26870-4,,,,",",fhir_organization,USA,,
NS_a59707f7-9,,,,",",fhir_organization,USA,,
NS_0969774f-5,,,,",",fhir_organization,USA,,
NS_8a26d5a2-c,,,,",",fhir_organization,USA,,
NS_ef64379c-f,,,,",",fhir_organization,USA,,
NS_962ac6d4-5,,,,",",fhir_organization,USA,,
NS_56919a9b-7,,,,",",fhir_organization,USA,,
NS_e138a4a7-8,,,,",",fhir_organization,USA,,
NS_a92d7e8e-0,,,,",",fhir_organization,USA,,
NS_9bbbd1a1-0,,,,",",fhir_organization,USA,,
NS_e4f331cd-4,,,,",",fhir_organization,USA,,
NS_18bb8d91-f,,,,",",fhir_organization,USA,,
NS_6d85a167-3,,,,",",fhir_organization,USA,,
NS_8d07530d-b,,,,",",fhir_organization,USA,,
NS_241cdb8d-d,,,,",",fhir_organization,USA,,
NS_4399dcf5-c,,,,",",fhir_organization,USA,,
NS_b67a7e99-e,,,,",",fhir_organization,USA,,
NS_07abd8ea-f,,,,",",fhir_organization,USA,,
NS_7aaf680d-7,,,,",",fhir_organization,USA,,
NS_1d2bd8ab-a,,,,",",fhir_organization,USA,,
NS_a5a19ecc-7,,,,",",fhir_organization,USA,,
NS_d1aad100-1,,,,",",fhir_organization,USA,,
NS_3f03c4f2-9,,,,",",fhir_organization,USA,,
NS_90d08e8c-6,,,,",",fhir_organization,USA,,
NS_64cc44dc-5,,,,",",fhir_organization,USA,,
NS_a31facc3-b,,,,",",fhir_organization,USA,,
NS_096ef26b-7,,,,",",fhir_organization,USA,,
NS_c9d092de-0,,,,",",fhir_organization,USA,,
NS_d3977fa8-1,,,,",",fhir_organization,USA,,
NS_8fc9f394-9,,,,",",fhir_organization,USA,,
NS_37d7bc83-c,,,,",",fhir_organization,USA,,
NS_f5d8f4b6-a,,,,",",fhir_organization,USA,,
NS_8f6096ab-c,,,,",",fhir_organization,USA,,
NS_b5663621-4,,,,",",fhir_organization,USA,,
NS_c55578b0-5,,,,",",fhir_organization,USA,,
NS_0bbbbcab-5,,,,",",fhir_organization,USA,,
NS_c580b1d4-6,,,,",",fhir_organization,USA,,
NS_05af04ac-5,,,,",",fhir_organization,USA,,
NS_a0ad639f-b,,,,",",fhir_organization,USA,,
NS_62e23aca-7,,,,",",fhir_organization,USA,,
NS_a5106a1e-7,,,,",",fhir_organization,USA,,
NS_4a261c1d-e,,,,",",fhir_organization,USA,,
NS_a4c908c7-4,,,,",",fhir_organization,USA,,
NS_4ee459f7-9,,,,",",fhir_organization,USA,,
NS_3930168b-f,,,,",",fhir_organization,USA,,
NS_da5d9939-b,,,,",",fhir_organization,USA,,
NS_c8635ba8-5,,,,",",fhir_organization,USA,,
NS_8cd6e278-e,,,,", AL",fhir_organization,"AL, USA",,
NS_e0e753bd-5,,,,", AL",fhir_organization,"AL, USA",,
NS_9cb1d315-4,,,,", AL",fhir_organization,"AL, USA",,
NS_3c3884bf-7,,,,",",fhir_organization,USA,,
NS_6b717e8e-6,,,,",",fhir_organization,USA,,
NS_b07adce5-3,,,,",",fhir_organization,USA,,
NS_4adc470e-c,,,,",",fhir_organization,USA,,
NS_1972c85b-8,,,,",",fhir_organization,USA,,
NS_11c676b5-2,,,,",",fhir_organization,USA,,
NS_1add6fdc-2,,,,",",fhir_organization,USA,,
NS_d82f0728-b,,,,",",fhir_organization,USA,,
NS_18e7abb7-5,,,,",",fhir_organization,USA,,
NS_3ceffdbc-a,,,,",",fhir_organization,USA,,
NS_7759a589-a,,,,",",fhir_organization,USA,,
NS_ea31ab45-2,,,,",",fhir_organization,USA,,
NS_29b8ccee-e,,,,",",fhir_organization,USA,,
NS_1eacc712-b,,,,",",fhir_organization,USA,,
NS_07569231-7,,,,",",fhir_organization,USA,,
NS_55e44659-a,,,,",",fhir_organization,USA,,
NS_cd982fe3-1,,,,",",fhir_organization,USA,,
NS_e0b2e356-1,,,,",",fhir_organization,USA,,
NS_161ea5a0-4,,,,",",fhir_organization,USA,,
NS_c9ca917b-f,,,,",",fhir_organization,USA,,
NS_7b2245b7-6,,,,",",fhir_organization,USA,,
NS_59694584-5,,,,",",fhir_organization,USA,,
NS_a10d2a99-7,,,,",",fhir_organization,USA,,
NS_befb529f-0,,,,",",fhir_organization,USA,,
NS_34d7ae30-3,,,,",",fhir_organization,USA,,
NS_1c7e69dd-0,,,,",",fhir_organization,USA,,
NS_97e8afe5-4,,,,",",fhir_organization,USA,,
NS_b3eba102-e,,,,",",fhir_organization,USA,,
NS_1e0e2c68-4,,,,",",fhir_organization,USA,,
NS_0dba337f-0,,,,",",fhir_organization,USA,,
NS_1d3923c5-0,,,,",",fhir_organization,USA,,
NS_58aba4d4-b,,,,",",fhir_organization,USA,,
NS_6ef1149f-f,,see general address,,",",fhir_organization,"see general address, USA",,
NS_c4238b0b-2,,,,",",fhir_organization,USA,,
NS_480379db-1,,Genesis Hot Springs Harmony Office,,",",fhir_organization,"Genesis Hot Springs Harmony Office, USA",,
NS_2a24e866-f,,,,",",fhir_organization,USA,,
NS_c81bd774-0,,,,",",fhir_organization,USA,,
NS_5e57d863-4,,,,",",fhir_organization,USA,,
NS_6a86ef2a-5,,,,",",fhir_organization,USA,,
NS_b1480f2a-3,,,,",",fhir_organization,USA,,
NS_f48ead73-7,,,,",",fhir_organization,USA,,
NS_1de657bc-2,,Outside,,"Treatment,",fhir_organization,"Outside, Treatment, USA",,
NS_24cd7a2d-1,,,,",",fhir_organization,USA,,
NS_412f39b6-b,,,,",",fhir_organization,USA,,
NS_b1380ab6-a,,,,",",fhir_organization,USA,,
NS_7f029f90-b,,,,",",fhir_organization,USA,,
NS_e0135b6b-a,,,,",",fhir_organization,USA,,
NS_e6982dc2-b,,,,",",fhir_organization,USA,,
NS_4c28e264-3,,,,",",fhir_organization,USA,,
NS_2aaed6bb-2,,,,",",fhir_organization,USA,,
NS_dab71cae-d,,,,",",fhir_organization,USA,,
NS_9d0c68a1-9,,,,",",fhir_organization,USA,,
NS_bf5f5842-6,,,,",",fhir_organization,USA,,
NS_90f89975-0,,,,",",fhir_organization,USA,,
NS_4c36ee03-3,,,,",",fhir_organization,USA,,
NS_b035aef3-7,,,,",",fhir_organization,USA,,
NS_a52fc20f-1,,,,",",fhir_organization,USA,,
NS_5498cd0d-b,,,,",",fhir_organization,USA,,
NS_6f715810-6,,,,",",fhir_organization,USA,,
NS_80cca00d-6,,,,",",fhir_organization,USA,,
NS_ccdd2f9d-3,,,,",",fhir_organization,USA,,
NS_75ebd866-c,,,,",",fhir_organization,USA,,
NS_ec87caf7-4,,see general address,,",",fhir_organization,"see general address, USA",,
NS_6f4c203e-9,,see general address,,",",fhir_organization,"see general address, USA",,
NS_18527198-9,,see general address,,",",fhir_organization,"see general address, USA",,
NS_87ab6fed-f,,,,",",fhir_organization,USA,,
NS_1661d8ab-8,,,,",",fhir_organization,USA,,
NS_a4974415-9,,,,",",fhir_organization,USA,,
NS_9389eefa-2,,,,",",fhir_organization,USA,,
NS_a14a50f5-f,,,,",",fhir_organization,USA,,
NS_ff43d701-4,,,,",",fhir_organization,USA,,
NS_556040b2-6,,,,",",fhir_organization,USA,,
NS_65a68cea-8,,,,",",fhir_organization,USA,,
NS_168e4177-d,,,,",",fhir_organization,USA,,
NS_ef423ee1-5,,,,",",fhir_organization,USA,,
NS_dd14d04e-a,,,,",",fhir_organization,USA,,
NS_ec925556-f,,,,",",fhir_organization,USA,,
NS_22b63f0e-c,,,,",",fhir_organization,USA,,
NS_a0f50757-6,,,,",",fhir_organization,USA,,
NS_ca4d6797-c,,,,",",fhir_organization,USA,,
NS_1a3256a2-0,,,,",",fhir_organization,USA,,
NS_b39ea909-a,,,,",",fhir_organization,USA,,
NS_9b0f6a7d-4,,,,",",fhir_organization,USA,,
NS_ce3dddc0-e,,,,",",fhir_organization,USA,,
NS_4bd11a3c-c,,,,",",fhir_organization,USA,,
NS_e401f591-2,,,,",",fhir_organization,USA,,
NS_1d94e578-5,,,,",",fhir_organization,USA,,
NS_6d00f16c-f,,,,",",fhir_organization,USA,,
NS_4a9119be-7,,,,",",fhir_organization,USA,,
NS_1f160a1e-9,,,,",",fhir_organization,USA,,
NS_a06e3520-5,,,,",",fhir_organization,USA,,
NS_7fba5930-a,,,,",",fhir_organization,USA,,
NS_7b091218-1,,,,",",fhir_organization,USA,,
NS_db63052b-5,,,,",",fhir_organization,USA,,
NS_c2580410-4,,,,",",fhir_organization,USA,,
NS_57b79db7-c,,,,",",fhir_organization,USA,,
NS_800000ff-5,,,,",",fhir_organization,USA,,
NS_f37e796f-7,,,,",",fhir_organization,USA,,
NS_3d578ac2-4,,,,",",fhir_organization,USA,,
NS_8421b14a-2,,,,",",fhir_organization,USA,,
NS_f66ed624-1,,,,",",fhir_organization,USA,,
NS_eb76ba0f-5,,,,",",fhir_organization,USA,,
NS_fe5ec374-3,,,,",",fhir_organization,USA,,
NS_f4ced485-5,,,,",",fhir_organization,USA,,
NS_7dc1ec1f-0,,,,",",fhir_organization,USA,,
NS_30c312c5-6,,,,",",fhir_organization,USA,,
NS_ee676a39-5,,,,",",fhir_organization,USA,,
NS_679ec833-7,,,,",",fhir_organization,USA,,
NS_a8f23f6b-5,,,,",",fhir_organization,USA,,
NS_e07dfe3f-2,,,,",",fhir_organization,USA,,
NS_a00bb7e2-b,,,,",",fhir_organization,USA,,
NS_601ab17b-6,,,,",",fhir_organization,USA,,
NS_4157c467-7,,,,",",fhir_organization,USA,,
NS_7523389e-c,,,,",",fhir_organization,USA,,
NS_d8e42407-e,,,,",",fhir_organization,USA,,
NS_fed9be4e-b,,,,",",fhir_organization,USA,,
NS_4b3a0ca7-7,,,,",",fhir_organization,USA,,
NS_8db47a4e-8,,,,",",fhir_organization,USA,,
NS_d63fa2cf-7,,,,",",fhir_organization,USA,,
NS_a2d5355f-7,,,,",",fhir_organization,USA,,
NS_82622979-c,,,,",",fhir_organization,USA,,
NS_e26eec46-9,,,,",",fhir_organization,USA,,
NS_f3421c29-3,,,,",",fhir_organization,USA,,
NS_ce60c5e0-5,,,,",",fhir_organization,USA,,
NS_ea84b57f-e,,,,",",fhir_organization,USA,,
NS_8f0c582b-3,,,,",",fhir_organization,USA,,
NS_1d54f27a-0,,,,",",fhir_organization,USA,,
NS_bd90f74e-5,,,,",",fhir_organization,USA,,
NS_5794a0ea-6,,,,",",fhir_organization,USA,,
NS_be1d13aa-b,,,,",",fhir_organization,USA,,
NS_bd105738-6,,,,",",fhir_organization,USA,,
NS_817bd110-0,,,,",",fhir_organization,USA,,
NS_b373ba4a-8,,,,",",fhir_organization,USA,,
NS_1d7fbe5c-0,,,,",",fhir_organization,USA,,
NS_18f94f30-6,,,,",",fhir_organization,USA,,
NS_7cb02968-c,,,,",",fhir_organization,USA,,
NS_a1f48812-f,,,,",",fhir_organization,USA,,
NS_8d240baa-5,,,,",",fhir_organization,USA,,
NS_579f38a4-5,,,,",",fhir_organization,USA,,
NS_16c510fe-1,,,,",",fhir_organization,USA,,
NS_4033e338-0,,,,",",fhir_organization,USA,,
NS_55ff2add-a,,,,",",fhir_organization,USA,,
NS_bc828553-2,,,,",",fhir_organization,USA,,
NS_b7566e5d-f,,,,",",fhir_organization,USA,,
NS_91d66e78-4,,,,",",fhir_organization,USA,,
NS_69227a6d-b,,,,",",fhir_organization,USA,,
NS_7824d44e-2,,,,",",fhir_organization,USA,,
NS_24e87a04-3,,,,",",fhir_organization,USA,,
NS_bc59d8bc-a,,,,",",fhir_organization,USA,,
NS_de1faf6e-5,,,,",",fhir_organization,USA,,
NS_9dd0aacb-c,,,,",",fhir_organization,USA,,
NS_023ca52a-3,,,,",",fhir_organization,USA,,
NS_f67ba8be-1,,,,",",fhir_organization,USA,,
NS_c35fa087-1,,,,",",fhir_organization,USA,,
NS_c1a9fb18-e,,,,",",fhir_organization,USA,,
NS_06938e67-7,,,,",",fhir_organization,USA,,
NS_8b13792a-1,,,,",",fhir_organization,USA,,
NS_6f329cc0-5,,,,",",fhir_organization,USA,,
NS_83cde8c2-2,,,,",",fhir_organization,USA,,
NS_aa9f50b1-0,,,,",",fhir_organization,USA,,
NS_c681bb69-f,,,,",",fhir_organization,USA,,
NS_f5574474-7,,,,",",fhir_organization,USA,,
NS_9db9378d-7,,,,",",fhir_organization,USA,,
NS_929b14f7-8,,,,",",fhir_organization,USA,,
NS_9c011c49-b,,,,",",fhir_organization,USA,,
NS_e2f21118-f,,,,",",fhir_organization,USA,,
NS_9bf7b8f6-a,,,,",",fhir_organization,USA,,
NS_4c999aa6-7,,,,",",fhir_organization,USA,,
NS_44cd412e-a,,,,",",fhir_organization,USA,,
NS_ae3ed0c2-a,,,,",",fhir_organization,USA,,
NS_b4460f98-f,,,,",",fhir_organization,USA,,
NS_7490af33-d,,,,",",fhir_organization,USA,,
NS_1ed4b4eb-4,,use general address,,",",fhir_organization,"use general address, USA",,
NS_e80608e9-e,,,,",",fhir_organization,USA,,
NS_4857850d-e,,,,",",fhir_organization,USA,,
NS_61a9e6dc-c,,,,",",fhir_organization,USA,,
NS_5b437225-b,,,,",",fhir_organization,USA,,
NS_d60262a8-5,,,,",",fhir_organization,USA,,
NS_fef5ce6c-3,,,,",",fhir_organization,USA,,
NS_4d6b3f19-f,,STAT Fax -Cancer and Blood Specialist of Nova,,",",fhir_organization,"STAT Fax -Cancer and Blood Specialist of Nova, USA",,
NS_b636c193-c,,Radiololgy server for Cancer and Blood Specialist,,",",fhir_organization,"Radiololgy server for Cancer and Blood Specialist, USA",,
NS_1ba226c5-0,,,,",",fhir_organization,USA,,
NS_1efa4676-9,,,,",",fhir_organization,USA,,
NS_41c881b8-7,,,,",",fhir_organization,USA,,
NS_63034a0c-0,,,,",",fhir_organization,USA,,
NS_e7e2f3a3-1,,,,",",fhir_organization,USA,,
NS_3b2cb866-5,,,,",",fhir_organization,USA,,
NS_50affe4e-c,,,,",",fhir_organization,USA,,
NS_e7d8cd7e-8,,,,",",fhir_organization,USA,,
NS_380af462-8,,,,",",fhir_organization,USA,,
NS_f562f6a6-a,,,,",",fhir_organization,USA,,
NS_ff0425e0-1,,,,",",fhir_organization,USA,,
NS_bd939380-9,,,,",",fhir_organization,USA,,
NS_ab5513a6-4,,,,",",fhir_organization,USA,,
NS_c6ee8f64-e,,,,",",fhir_organization,USA,,
NS_e7e43ea0-3,,,,",",fhir_organization,USA,,
NS_16fc9dfc-3,,,,",",fhir_organization,USA,,
NS_7faaf330-0,,,,",",fhir_organization,USA,,
NS_592ba378-c,,,,",",fhir_organization,USA,,
NS_0180a4d8-3,,,,",",fhir_organization,USA,,
NS_fe03b44d-b,,,,",",fhir_organization,USA,,
NS_cbe9cb0f-b,,KY Non-Aon Referrals,,",",fhir_organization,"KY Non-Aon Referrals, USA",,
NS_0e5e7ed4-5,,,,",",fhir_organization,USA,,
NS_9e67adc3-3,,,,",",fhir_organization,USA,,
NS_f46b5e2f-4,,,,",",fhir_organization,USA,,
NS_85655c09-f,,,,",",fhir_organization,USA,,
NS_f9f444e8-b,,,,",",fhir_organization,USA,,
NS_1c3f061c-e,,,,",",fhir_organization,USA,,
NS_0983057c-d,,,,",",fhir_organization,USA,,
NS_7367e14d-2,,,,",",fhir_organization,USA,,
NS_19cae8b7-1,,,,",",fhir_organization,USA,,
NS_54f50067-c,,,,",",fhir_organization,USA,,
NS_990ebbfe-6,,,,",",fhir_organization,USA,,
NS_14752110-2,,,,",",fhir_organization,USA,,
NS_1137bc88-3,,,,",",fhir_organization,USA,,
NS_228933d2-d,,,,",",fhir_organization,USA,,
NS_bd6aa0fa-5,,,,",",fhir_organization,USA,,
NS_cd551720-2,,,,",",fhir_organization,USA,,
NS_79d13895-e,,,,",",fhir_organization,USA,,
NS_6529b6f2-9,,,,",",fhir_organization,USA,,
NS_222ca92f-f,,,,",",fhir_organization,USA,,
NS_33cf388b-b,,,,",",fhir_organization,USA,,
NS_7e219cb4-5,,,,",",fhir_organization,USA,,
NS_1d409e2b-9,,,,",",fhir_organization,USA,,
NS_8b486dc2-1,,,,",",fhir_organization,USA,,
NS_2fd52c06-9,,,,",",fhir_organization,USA,,
NS_d53a72d9-4,,,,",",fhir_organization,USA,,
NS_4ffc4b69-b,,,,",",fhir_organization,USA,,
NS_3c6ebda4-6,,,,",",fhir_organization,USA,,
NS_d4c77d7a-d,,,,",",fhir_organization,USA,,
NS_94601550-5,,,,",",fhir_organization,USA,,
NS_93f6aa6e-f,,,,",",fhir_organization,USA,,
NS_56bc28d6-7,,,,",",fhir_organization,USA,,
NS_94554ea1-b,,,,",",fhir_organization,USA,,
NS_8740f6b1-1,,,,",",fhir_organization,USA,,
NS_245cefc7-1,,,,",",fhir_organization,USA,,
NS_f75599aa-f,,,,",",fhir_organization,USA,,
NS_15c979f8-5,,,,",",fhir_organization,USA,,
NS_5ad0fef8-1,,,,",",fhir_organization,USA,,
NS_51abf1ee-0,,,,",",fhir_organization,USA,,
NS_d52a0689-a,,,,",",fhir_organization,USA,,
NS_b9fe4302-8,,,,",",fhir_organization,USA,,
NS_55321a14-7,,,,",",fhir_organization,USA,,
NS_a19677a5-7,,,,",",fhir_organization,USA,,
NS_b4849fe5-4,,,,",",fhir_organization,USA,,
NS_d852011c-8,,,,",",fhir_organization,USA,,
NS_ffd2aa16-a,,,,",",fhir_organization,USA,,
NS_9d26dae1-f,,,,",",fhir_organization,USA,,
NS_2ae5db5c-5,,,,",",fhir_organization,USA,,
NS_e741c12d-c,,Spokane Valley Office,,",",fhir_organization,"Spokane Valley Office, USA",,
NS_c5a6e1ab-2,,,,",",fhir_organization,USA,,
NS_373ba05a-a,,,,",",fhir_organization,USA,,
NS_692001c3-0,,,,",",fhir_organization,USA,,
NS_70cb86c3-0,,,,",",fhir_organization,USA,,
NS_353f094d-c,,,,",",fhir_organization,USA,,
NS_ca053a91-c,,,,",",fhir_organization,USA,,
NS_6ddcd178-f,,,,",",fhir_organization,USA,,
NS_70fc912d-5,,,,",",fhir_organization,USA,,
NS_a35e6a59-7,,,,",",fhir_organization,USA,,
NS_5687fce4-f,,,,",",fhir_organization,USA,,
NS_3cb006a8-3,,,,",",fhir_organization,USA,,
NS_0677f9ce-9,,,,",",fhir_organization,USA,,
NS_88fec9a6-1,,,,",",fhir_organization,USA,,
NS_e0512608-3,,,,",",fhir_organization,USA,,
NS_d6bf07c8-2,,,,",",fhir_organization,USA,,
NS_d91e421b-7,,,,",",fhir_organization,USA,,
NS_af80f0d6-b,,,,",",fhir_organization,USA,,
NS_1534c321-9,,,,",",fhir_organization,USA,,
NS_137f0752-1,,,,",",fhir_organization,USA,,
NS_1e092e60-9,,,,",",fhir_organization,USA,,
NS_fe844c19-5,,,,",",fhir_organization,USA,,
NS_14f0107a-d,,,,",",fhir_organization,USA,,
NS_3b56608e-5,,,,",",fhir_organization,USA,,
NS_6ca4baea-d,,,,",",fhir_organization,USA,,
NS_ef76282e-d,,,,",",fhir_organization,USA,,
NS_8cbae156-6,,,,",",fhir_organization,USA,,
NS_04da450b-0,,,,",",fhir_organization,USA,,
NS_d7bd2dc2-2,,,,",",fhir_organization,USA,,
NS_c1fcbaae-c,,,,",",fhir_organization,USA,,
NS_aa26763c-6,,,,",",fhir_organization,USA,,
NS_8ed26176-6,,,,",",fhir_organization,USA,,
NS_92bad694-0,,,,",",fhir_organization,USA,,
NS_f188a839-3,,,,",",fhir_organization,USA,,
NS_16098dcd-8,,,,",",fhir_organization,USA,,
NS_77908e1c-d,,,,",",fhir_organization,USA,,
NS_0430e200-4,,322 22nd  Avenue North,,",",fhir_organization,"322 22nd  Avenue North, USA",,
NS_0ebd9f0c-8,,,,",",fhir_organization,USA,,
NS_30ed2fd6-f,,,,",",fhir_organization,USA,,
NS_09c8930d-f,,,,",",fhir_organization,USA,,
NS_b085b950-a,,,,",",fhir_organization,USA,,
NS_91ebf87e-0,,,,",",fhir_organization,USA,,
NS_b2db85a1-f,,,,",",fhir_organization,USA,,
NS_857d4d81-8,,,,",",fhir_organization,USA,,
NS_6a2b8a7b-8,,,,",",fhir_organization,USA,,
NS_7902eb2d-6,,,,",",fhir_organization,USA,,
NS_5cb619cf-0,,,,",",fhir_organization,USA,,
NS_ba5f662d-a,,,,",",fhir_organization,USA,,
NS_1e57bbcb-1,,,,",",fhir_organization,USA,,
NS_6d7b40a1-9,,,,",",fhir_organization,USA,,
NS_ed0813a6-d,,,,",",fhir_organization,USA,,
NS_b49687c0-d,,,,",",fhir_organization,USA,,
NS_b84a1c6e-e,,,,",",fhir_organization,USA,,
NS_13e21593-1,,,,",",fhir_organization,USA,,
NS_77f6f771-5,,,,",",fhir_organization,USA,,
NS_a4d58f47-b,,,,",",fhir_organization,USA,,
NS_958f1c5a-6,,,,",",fhir_organization,USA,,
NS_9073a78c-d,,,,",",fhir_organization,USA,,
NS_77260820-6,,,,",",fhir_organization,USA,,
NS_cf1a4d2e-3,,,,",",fhir_organization,USA,,
NS_7dc1f5ee-2,,,,",",fhir_organization,USA,,
NS_ba83e2bb-c,,,,",",fhir_organization,USA,,
NS_2a0b7209-f,,,,",",fhir_organization,USA,,
NS_c55d5eb7-f,,,,",",fhir_organization,USA,,
NS_e6108c4c-d,,,,",",fhir_organization,USA,,
NS_fe242c8a-6,,,,",",fhir_organization,USA,,
NS_1a9791c6-b,,,,",",fhir_organization,USA,,
NS_945afacc-f,,,,",",fhir_organization,USA,,
NS_a23e2696-6,,,,",",fhir_organization,USA,,
NS_04509c8f-1,,,,",",fhir_organization,USA,,
NS_a204d933-f,,,,",",fhir_organization,USA,,
NS_e4fd9d7c-9,,,,",",fhir_organization,USA,,
NS_dd91200f-1,,,,",",fhir_organization,USA,,
NS_7ab69f70-4,,,,",",fhir_organization,USA,,
NS_b8b4f18b-f,,,,",",fhir_organization,USA,,
NS_e9d93626-4,,,,",",fhir_organization,USA,,
NS_88df1a09-c,,,,",",fhir_organization,USA,,
NS_b4f0ff78-e,,,,",",fhir_organization,USA,,
NS_cad3c235-4,,,,",",fhir_organization,USA,,
NS_64877697-4,,,,",",fhir_organization,USA,,
NS_ad40eef7-4,,,,",",fhir_organization,USA,,
NS_f3f1983c-1,,,,",",fhir_organization,USA,,
NS_d846d5ee-f,,,,",",fhir_organization,USA,,
NS_1d9dd20b-f,,,,",",fhir_organization,USA,,
NS_79e0456a-2,,,,",",fhir_organization,USA,,
NS_711e2911-f,,,,",",fhir_organization,USA,,
NS_543280ed-a,,,,",",fhir_organization,USA,,
NS_0cfdcccb-0,,,,",",fhir_organization,USA,,
NS_42576e55-f,,,,",",fhir_organization,USA,,
NS_13eb3439-a,,,,",",fhir_organization,USA,,
NS_0686df94-f,,,,",",fhir_organization,USA,,
NS_a79e34b8-2,,,,",",fhir_organization,USA,,
NS_55e59922-7,,,,",",fhir_organization,USA,,
NS_2cfd42dc-1,,,,",",fhir_organization,USA,,
NS_5a6d3c74-7,,,,",",fhir_organization,USA,,
NS_2bd6b373-3,,,,",",fhir_organization,USA,,
NS_8953473d-3,,,,",",fhir_organization,USA,,
NS_45f934b2-5,,,,",",fhir_organization,USA,,
NS_7518cfca-1,,,,",",fhir_organization,USA,,
NS_0fb67b49-0,,,,",",fhir_organization,USA,,
NS_27f5ffed-9,,,,",",fhir_organization,USA,,
NS_f85c44b4-f,,,,",",fhir_organization,USA,,
NS_47ed2366-d,,,,",",fhir_organization,USA,,
NS_e8bf701b-7,,,,",",fhir_organization,USA,,
NS_ad5f4c89-2,,,,",",fhir_organization,USA,,
NS_84880ee9-0,,,,",",fhir_organization,USA,,
NS_c9124856-0,,,,",",fhir_organization,USA,,
NS_bbd2418a-5,,,,",",fhir_organization,USA,,
NS_6f2d24af-b,,,,",",fhir_organization,USA,,
NS_7fd822c6-0,,,,",",fhir_organization,USA,,
NS_79788984-c,,,,",",fhir_organization,USA,,
NS_81da87cf-d,,,,",",fhir_organization,USA,,
NS_6361de52-e,,,,",",fhir_organization,USA,,
NS_b8c738ff-f,,,,",",fhir_organization,USA,,
NS_9236491e-d,,,,",",fhir_organization,USA,,
NS_497a5284-a,,,,",",fhir_organization,USA,,
NS_29187d67-a,,,,",",fhir_organization,USA,,
NS_565dcde2-e,,,,",",fhir_organization,USA,,
NS_ff3ec57d-c,,,,",",fhir_organization,USA,,
NS_9e8a848f-8,,,,",",fhir_organization,USA,,
NS_9696a0b0-3,,,,",",fhir_organization,USA,,
NS_d8232176-8,,,,",",fhir_organization,USA,,
NS_4aa31b0f-b,,,,",",fhir_organization,USA,,
NS_d1e63262-a,,,,",",fhir_organization,USA,,
NS_4f9cb868-2,,,,",",fhir_organization,USA,,
NS_fa0f7522-7,,,,",",fhir_organization,USA,,
NS_48d02f05-6,,,,",",fhir_organization,USA,,
NS_5322cfa8-1,,,,",",fhir_organization,USA,,
NS_522e2551-6,,,,",",fhir_organization,USA,,
NS_96f053d5-3,,,,",",fhir_organization,USA,,
NS_099c2a3b-a,,,,",",fhir_organization,USA,,
NS_80501bf0-1,,,,",",fhir_organization,USA,,
NS_cd3cdb9c-e,,,,",",fhir_organization,USA,,
NS_4c76a493-6,,,,",",fhir_organization,USA,,
NS_141cf7b1-d,,,,",",fhir_organization,USA,,
NS_4aed9d1e-c,,,,",",fhir_organization,USA,,
NS_a1cebf64-3,,,,",",fhir_organization,USA,,
NS_36772bff-3,,,,",",fhir_organization,USA,,
NS_8f9dc455-d,,,,",",fhir_organization,USA,,
NS_f6c000c2-1,,,,",",fhir_organization,USA,,
NS_85a27f88-a,,,,",",fhir_organization,USA,,
NS_3dc800bf-e,,,,",",fhir_organization,USA,,
NS_4a5e554a-1,,,,",",fhir_organization,USA,,
NS_66a94c51-e,,fax 706 845 0034,,",",fhir_organization,"fax 706 845 0034, USA",,
NS_5b51fb3e-0,,,,",",fhir_organization,USA,,
NS_1bc5df9b-9,,,,",",fhir_organization,USA,,
NS_7adaa5c2-2,,,,",",fhir_organization,USA,,
NS_9077af84-f,,,,",",fhir_organization,USA,,
NS_8add858d-d,,,,",",fhir_organization,USA,,
NS_7fc9627c-3,,,,",",fhir_organization,USA,,
NS_d88ed7bd-e,,,,",",fhir_organization,USA,,
NS_c46fea1c-8,,,,",",fhir_organization,USA,,
NS_a3ef2b45-c,,,,",",fhir_organization,USA,,
NS_d198d826-f,,,,",",fhir_organization,USA,,
NS_3a1a7b6c-2,,,,",",fhir_organization,USA,,
NS_57741c95-7,,,,",",fhir_organization,USA,,
NS_29241059-8,,,,",",fhir_organization,USA,,
NS_abb47fac-3,,,,",",fhir_organization,USA,,
NS_839f4c47-3,,,,",",fhir_organization,USA,,
NS_76f60a9a-c,,,,",",fhir_organization,USA,,
NS_017ea93c-8,,,,",",fhir_organization,USA,,
NS_ebcba7c7-2,,,,",",fhir_organization,USA,,
NS_b463fcc7-4,,,,",",fhir_organization,USA,,
NS_0283c512-0,,,,",",fhir_organization,USA,,
NS_3f618467-f,,,,",",fhir_organization,USA,,
NS_4abbd104-2,,,,",",fhir_organization,USA,,
NS_12eab7b9-7,,2225 ponce by pass,Edificio parra suite 607,"ponce,  00717",fhir_organization,"2225 ponce by pass, Edificio parra suite 607, ponce, 00717, USA",,
NS_c5cb138d-a,,,,",",fhir_organization,USA,,
NS_6ff27656-d,,,,",",fhir_organization,USA,,
NS_b3b4465b-a,,,,",",fhir_organization,USA,,
NS_aff12d17-f,,,,",",fhir_organization,USA,,
NS_61351b9b-b,,,,",",fhir_organization,USA,,
NS_046ad5e6-3,,,,",",fhir_organization,USA,,
NS_f1fde46b-a,,,,",",fhir_organization,USA,,
NS_e03c7d9a-3,,,,",",fhir_organization,USA,,
NS_ccb6e7cb-f,,,,",",fhir_organization,USA,,
NS_862bcde4-0,,,,",",fhir_organization,USA,,
NS_3c2c3b34-3,,,,",",fhir_organization,USA,,
NS_2d959275-7,,,,",",fhir_organization,USA,,
NS_b784a358-f,,,,",",fhir_organization,USA,,
NS_5b994746-f,,,,",",fhir_organization,USA,,
NS_67e5d6f6-1,,,,",",fhir_organization,USA,,
NS_2115c393-b,,,,",",fhir_organization,USA,,
NS_7c9990f5-0,,,,",",fhir_organization,USA,,
NS_550c6fc9-c,,,,",",fhir_organization,USA,,
NS_cc42a2c5-a,,,,",",fhir_organization,USA,,
NS_351385cd-a,,,,",",fhir_organization,USA,,
NS_6b3ccc88-f,,,,",",fhir_organization,USA,,
NS_73579928-6,,,,",",fhir_organization,USA,,
NS_a33cb108-4,,,,",",fhir_organization,USA,,
NS_1b6d7ac8-1,,,,",",fhir_organization,USA,,
NS_1c69bb12-4,,,,",",fhir_organization,USA,,
NS_efb1116f-4,,,,",",fhir_organization,USA,,
NS_64c4de28-3,,,,",",fhir_organization,USA,,
NS_c4e5f916-f,,,,",",fhir_organization,USA,,
NS_9473e754-c,,,,",",fhir_organization,USA,,
NS_30876851-6,,,,",",fhir_organization,USA,,
NS_d97b9389-f,,,,",",fhir_organization,USA,,
NS_ecec122f-d,,,,",",fhir_organization,USA,,
NS_6f85b652-b,,,,",",fhir_organization,USA,,
NS_b1ff3680-8,,,,",",fhir_organization,USA,,
NS_1ab3ac44-f,,,,",",fhir_organization,USA,,
NS_a79d223d-8,,,,",",fhir_organization,USA,,
NS_ce295e79-f,,,,",",fhir_organization,USA,,
NS_3ff4ce7a-d,,,,",",fhir_organization,USA,,
NS_17021070-f,,,,",",fhir_organization,USA,,
NS_fb4bfbd8-d,,,,",",fhir_organization,USA,,
NS_0ed5eb8c-6,,,,",",fhir_organization,USA,,
NS_36ff9eff-7,,,,",",fhir_organization,USA,,
NS_6d3ac842-c,,,,",",fhir_organization,USA,,
NS_3b292c62-b,,,,",",fhir_organization,USA,,
NS_1412b923-4,,,,",",fhir_organization,USA,,
NS_3f178cb3-e,,,,",",fhir_organization,USA,,
NS_cee3a010-8,,,,",",fhir_organization,USA,,
NS_ddd4aa6b-d,,,,",",fhir_organization,USA,,
NS_48f14f33-0,,,,",",fhir_organization,USA,,
NS_23ea90cd-4,,,,",",fhir_organization,USA,,
NS_5ea5d969-1,,,,",",fhir_organization,USA,,
NS_1f433896-8,,,,",",fhir_organization,USA,,
NS_5010ff25-c,,,,",",fhir_organization,USA,,
NS_f9f55550-3,,,,",",fhir_organization,USA,,
NS_e5c975af-b,,,,",",fhir_organization,USA,,
NS_b92d1dd5-5,,,,",",fhir_organization,USA,,
NS_9d317245-d,,,,",",fhir_organization,USA,,
NS_3b3ee2a0-6,,,,",",fhir_organization,USA,,
NS_305f265f-7,,,,",",fhir_organization,USA,,
NS_709f782f-6,,,,",",fhir_organization,USA,,
NS_a63d2082-3,,,,",",fhir_organization,USA,,
NS_48673511-e,,,,",",fhir_organization,USA,,
NS_34bbd5d8-4,,,,",",fhir_organization,USA,,
NS_efd9d7f3-7,,,,",",fhir_organization,USA,,
NS_266d7bc4-3,,,,",",fhir_organization,USA,,
NS_e16f14d7-1,,,,",",fhir_organization,USA,,
NS_75b7e95f-1,,,,",",fhir_organization,USA,,
NS_5d20f754-f,,,,",",fhir_organization,USA,,
NS_3b245c64-f,,,,",",fhir_organization,USA,,
NS_f56bfbeb-7,,,,",",fhir_organization,USA,,
NS_ace9e488-9,,,,",",fhir_organization,USA,,
NS_0890f80d-0,,,,",",fhir_organization,USA,,
NS_f94884f6-c,,,,",",fhir_organization,USA,,
NS_7204e6a4-1,,,,",",fhir_organization,USA,,
NS_83b71451-f,,,,",",fhir_organization,USA,,
NS_e643ee87-a,,,,",",fhir_organization,USA,,
NS_742b05c0-f,,,,",",fhir_organization,USA,,
NS_2d1ae06a-d,,,,",",fhir_organization,USA,,
NS_30d7e781-6,,,,",",fhir_organization,USA,,
NS_d843f326-9,,,,",",fhir_organization,USA,,
NS_01abd4fd-3,,,,",",fhir_organization,USA,,
NS_5ef17862-b,,,,",",fhir_organization,USA,,
NS_3f282430-d,,,,",",fhir_organization,USA,,
NS_ec01a90e-0,,,,",",fhir_organization,USA,,
NS_423c4560-7,,,,",",fhir_organization,USA,,
NS_3ef502ba-6,,,,",",fhir_organization,USA,,
NS_49ccf65a-4,,,,",",fhir_organization,USA,,
NS_e3230df8-f,,,,",",fhir_organization,USA,,
NS_1aa94531-0,,,,",",fhir_organization,USA,,
NS_3fb08262-3,,,,",",fhir_organization,USA,,
NS_4eb31554-d,,,,",",fhir_organization,USA,,
NS_2263e3ee-b,,,,",",fhir_organization,USA,,
NS_19d37c20-9,,,,",",fhir_organization,USA,,
NS_48b10f93-a,,,,",",fhir_organization,USA,,
NS_0028dc01-2,,,,",",fhir_organization,USA,,
NS_12f15ff5-2,,,,",",fhir_organization,USA,,
NS_34e7ff1e-4,,,,",",fhir_organization,USA,,
NS_828d0942-5,,,,",",fhir_organization,USA,,
NS_5add69b7-1,,,,",",fhir_organization,USA,,
NS_16e3c32b-1,,,,",",fhir_organization,USA,,
NS_8c8175b9-d,,,,",",fhir_organization,USA,,
NS_b1559c56-3,,,,",",fhir_organization,USA,,
NS_c7d36c27-f,,,,",",fhir_organization,USA,,
NS_4ac2e053-2,,,,",",fhir_organization,USA,,
NS_aaa9e1ef-1,,,,",",fhir_organization,USA,,
NS_b4887bf0-0,,,,",",fhir_organization,USA,,
NS_48a53f49-7,,,,",",fhir_organization,USA,,
NS_e937c556-2,,,,",",fhir_organization,USA,,
NS_481fc8ca-5,,,,",",fhir_organization,USA,,
NS_099cf0aa-2,,,,",",fhir_organization,USA,,
NS_2a7ae7d9-b,,,,",",fhir_organization,USA,,
NS_c8166f92-b,,,,",",fhir_organization,USA,,
NS_1056fa14-d,,,,",",fhir_organization,USA,,
NS_186ee7eb-e,,,,",",fhir_organization,USA,,
NS_232a9b1b-f,,,,",",fhir_organization,USA,,
NS_4810b8b4-f,,,,",",fhir_organization,USA,,
NS_fd6acb25-6,,,,",",fhir_organization,USA,,
NS_69c1dd4f-7,,,,",",fhir_organization,USA,,
NS_1c3caa1b-f,,,,",",fhir_organization,USA,,
NS_c37ddc32-5,,,,",",fhir_organization,USA,,
NS_d87bf8b8-1,,,,",",fhir_organization,USA,,
NS_ae7066cc-5,,,,",",fhir_organization,USA,,
NS_393d13e2-f,,,,",",fhir_organization,USA,,
NS_28ee861e-5,,,,",",fhir_organization,USA,,
NS_159b7f26-f,,,,",",fhir_organization,USA,,
NS_9d743daa-a,,,,",",fhir_organization,USA,,
NS_ed4e3a07-e,,,,",",fhir_organization,USA,,
NS_f4e94561-c,,,,",",fhir_organization,USA,,
NS_b0dc9080-6,,,,",",fhir_organization,USA,,
NS_1b6eac8b-e,,,,",",fhir_organization,USA,,
NS_f13fe7cf-4,,,,",",fhir_organization,USA,,
NS_543ab660-9,,,,",",fhir_organization,USA,,
NS_c0cfcee4-e,,,,",",fhir_organization,USA,,
NS_2bd6f50b-5,,,,",",fhir_organization,USA,,
NS_a98ebcc0-9,,,,",",fhir_organization,USA,,
NS_9ed2b072-3,,,,",",fhir_organization,USA,,
NS_4fef0f23-8,,,,",",fhir_organization,USA,,
NS_4ed25fe2-2,,,,",",fhir_organization,USA,,
NS_d6a9914a-7,,,,",",fhir_organization,USA,,
NS_7bcbd797-9,,,,",",fhir_organization,USA,,
NS_7cd7c137-8,,,,",",fhir_organization,USA,,
NS_292cd55d-7,,,,",",fhir_organization,USA,,
NS_69a6d569-6,,,,",",fhir_organization,USA,,
NS_0605a69d-0,,,,",",fhir_organization,USA,,
NS_ce540ebf-2,,,,",",fhir_organization,USA,,
NS_7832d9a3-a,,,,",",fhir_organization,USA,,
NS_58e986c9-a,,,,",",fhir_organization,USA,,
NS_7701e23c-c,,,,",",fhir_organization,USA,,
NS_c851feb9-f,,,,",",fhir_organization,USA,,
NS_f67afb16-c,,,,",",fhir_organization,USA,,
NS_6e721e14-e,,,,",",fhir_organization,USA,,
NS_09fbb89f-3,,,,",",fhir_organization,USA,,
NS_d6615d65-4,,,,",",fhir_organization,USA,,
NS_36e6873e-f,,,,",",fhir_organization,USA,,
NS_03f17622-6,,,,",",fhir_organization,USA,,
NS_09bd2299-d,,,,",",fhir_organization,USA,,
NS_2177609d-7,,,,",",fhir_organization,USA,,
NS_d1bf8ff0-e,,,,",",fhir_organization,USA,,
NS_2ea0a793-1,,,,",",fhir_organization,USA,,
NS_73abd7fd-4,,,,",",fhir_organization,USA,,
NS_6c40a0d5-b,,,,",",fhir_organization,USA,,
NS_9614c1f4-f,,,,",",fhir_organization,USA,,
NS_6fe02ca7-8,,,,",",fhir_organization,USA,,
NS_aac26fd9-5,,,,",",fhir_organization,USA,,
NS_c06caa49-2,,,,",",fhir_organization,USA,,
NS_0df4cc42-2,,,,",",fhir_organization,USA,,
NS_eb778acb-9,,,,",",fhir_organization,USA,,
NS_a21d47a5-7,,,,",",fhir_organization,USA,,
NS_f78d6838-6,,,,",",fhir_organization,USA,,
NS_618067e4-f,,,,",",fhir_organization,USA,,
NS_488e03cf-0,,,,",",fhir_organization,USA,,
NS_957fdcdb-7,,,,",",fhir_organization,USA,,
NS_3c3ccd35-f,,,,",",fhir_organization,USA,,
NS_727764fa-8,,,,",",fhir_organization,USA,,
NS_7e72ba17-9,,,,",",fhir_organization,USA,,
NS_17370def-3,,,,",",fhir_organization,USA,,
NS_952b50ec-b,,,,",",fhir_organization,USA,,
NS_007c1ef7-4,,,,",",fhir_organization,USA,,
NS_3b3cc2e5-9,,,,",",fhir_organization,USA,,
NS_765a3a41-5,,,,",",fhir_organization,USA,,
NS_8d47e19c-6,,,,",",fhir_organization,USA,,
NS_b39fbe2e-d,,,,",",fhir_organization,USA,,
NS_b77f20dc-4,,,,",",fhir_organization,USA,,
NS_78ecc0d5-9,,,,",",fhir_organization,USA,,
NS_68447d22-6,,,,",",fhir_organization,USA,,
NS_3e06ca80-d,,,,",",fhir_organization,USA,,
NS_37c5adf6-9,,,,",",fhir_organization,USA,,
NS_8014063b-b,,,,",",fhir_organization,USA,,
NS_27c3f326-2,,,,",",fhir_organization,USA,,
NS_0ce63e44-b,,,,",",fhir_organization,USA,,
NS_cf47c32c-0,,,,",",fhir_organization,USA,,
NS_079f8ce0-3,,,,",",fhir_organization,USA,,
NS_5a352b9d-a,,,,",",fhir_organization,USA,,
NS_d05a7bc8-e,,,,",",fhir_organization,USA,,
NS_15dc6f83-9,,,,",",fhir_organization,USA,,
NS_f54fffdd-8,,,,",",fhir_organization,USA,,
NS_dd1ef729-a,,,,",",fhir_organization,USA,,
NS_e0800a66-3,,,,",",fhir_organization,USA,,
NS_fa5b633a-c,,,,",",fhir_organization,USA,,
NS_21d0e724-2,,,,",",fhir_organization,USA,,
NS_ebd3a824-f,,,,",",fhir_organization,USA,,
NS_addfec9d-c,,,,",",fhir_organization,USA,,
NS_c5dfbbee-5,,,,",",fhir_organization,USA,,
NS_3555b3a6-8,,,,",",fhir_organization,USA,,
NS_a9790a56-5,,,,",",fhir_organization,USA,,
NS_804f2bbe-3,,,,",",fhir_organization,USA,,
NS_a4481220-0,,,,",",fhir_organization,USA,,
NS_d639c587-1,,,,",",fhir_organization,USA,,
NS_c47a18b6-c,,,,",",fhir_organization,USA,,
NS_8039e756-9,,,,",",fhir_organization,USA,,
NS_91f55d8d-c,,,,",",fhir_organization,USA,,
NS_875419de-0,,,,",",fhir_organization,USA,,
NS_d1f673f8-3,,,,",",fhir_organization,USA,,
NS_6646e890-1,,,,",",fhir_organization,USA,,
NS_ccae7bb7-8,,,,",",fhir_organization,USA,,
NS_daedf3d8-9,,,,",",fhir_organization,USA,,
NS_387b1947-f,,,,",",fhir_organization,USA,,
NS_8d5d96a5-5,,,,",",fhir_organization,USA,,
NS_e6e086e1-2,,,,",",fhir_organization,USA,,
NS_59f2ca74-a,,,,",",fhir_organization,USA,,
NS_9ee3dfb5-2,,,,",",fhir_organization,USA,,
NS_7ebe063d-d,,,,",",fhir_organization,USA,,
NS_923cc6d4-7,,,,",",fhir_organization,USA,,
NS_4aaf6bc0-c,,,,",",fhir_organization,USA,,
NS_fdcb3fab-e,,,,",",fhir_organization,USA,,
NS_77657da3-e,,,,",",fhir_organization,USA,,
NS_a8e6d075-c,,,,",",fhir_organization,USA,,
NS_dd5b7a68-3,,,,",",fhir_organization,USA,,
NS_0e2a3ca4-0,,,,",",fhir_organization,USA,,
NS_abeef393-0,,,,",",fhir_organization,USA,,
NS_15a573dc-4,,,,",",fhir_organization,USA,,
NS_6435e962-6,,,,",",fhir_organization,USA,,
NS_cb2dccc5-4,,,,",",fhir_organization,USA,,
NS_401c9d1e-f,,,,",",fhir_organization,USA,,
NS_7c6fbf1d-1,,,,",",fhir_organization,USA,,
NS_8ec56681-1,,,,",",fhir_organization,USA,,
NS_0cf26aae-a,,,,",",fhir_organization,USA,,
NS_cce14fa8-0,,,,",",fhir_organization,USA,,
NS_b7753b2f-4,,,,",",fhir_organization,USA,,
NS_65930643-e,,,,",",fhir_organization,USA,,
NS_6e6c1472-a,,,,",",fhir_organization,USA,,
NS_1b41650f-8,,,,",",fhir_organization,USA,,
NS_45047d41-3,,,,",",fhir_organization,USA,,
NS_13ecb6b9-e,,,,",",fhir_organization,USA,,
NS_035cf0d4-8,,,,",",fhir_organization,USA,,
NS_4face55b-c,,,,",",fhir_organization,USA,,
NS_6f424d57-e,,,,",",fhir_organization,USA,,
NS_dc9b3a47-a,,,,",",fhir_organization,USA,,
NS_c761e5db-d,,,,",",fhir_organization,USA,,
NS_6b1da925-6,,,,",",fhir_organization,USA,,
NS_7e46b38c-8,,,,",",fhir_organization,USA,,
NS_a8648738-e,,,,",",fhir_organization,USA,,
NS_5f019fbe-c,,,,",",fhir_organization,USA,,
NS_4a5b2fa1-2,,,,",",fhir_organization,USA,,
NS_b2059ace-c,,,,",",fhir_organization,USA,,
NS_65ff78ce-d,,,,",",fhir_organization,USA,,
NS_b7957b3c-1,,,,",",fhir_organization,USA,,
NS_65484b0b-f,,,,",",fhir_organization,USA,,
NS_555fde6e-2,,,,",",fhir_organization,USA,,
NS_1df23786-2,,,,",",fhir_organization,USA,,
NS_df9ae2c5-8,,,,",",fhir_organization,USA,,
NS_20a8ace2-7,,,,",",fhir_organization,USA,,
NS_9eee367f-8,,,,",",fhir_organization,USA,,
NS_7e959c55-0,,,,",",fhir_organization,USA,,
NS_cf74e125-d,,,,",",fhir_organization,USA,,
NS_4b8f79a9-e,,,,",",fhir_organization,USA,,
NS_35f24838-a,,,,",",fhir_organization,USA,,
NS_dcd90892-9,,,,",",fhir_organization,USA,,
NS_42ddbdf4-1,,,,",",fhir_organization,USA,,
NS_727a9441-5,,,,",",fhir_organization,USA,,
NS_8f2d7070-c,,,,",",fhir_organization,USA,,
NS_49b8ce14-a,,,,",",fhir_organization,USA,,
NS_54f1a67f-c,,,,",",fhir_organization,USA,,
NS_ce7e6e5c-a,,,,",",fhir_organization,USA,,
NS_0e5fe442-a,,,,",",fhir_organization,USA,,
NS_5a21cfcf-7,,,,",",fhir_organization,USA,,
NS_e7462df9-3,,,,",",fhir_organization,USA,,
NS_fd0af824-f,,,,",",fhir_organization,USA,,
NS_0f5b20d9-3,,,,",",fhir_organization,USA,,
NS_322404e3-4,,,,",",fhir_organization,USA,,
NS_bcd34f01-a,,,,",",fhir_organization,USA,,
NS_ff83d67e-1,,,,",",fhir_organization,USA,,
NS_b96504f7-f,,,,",",fhir_organization,USA,,
NS_5f0935cb-f,,,,",",fhir_organization,USA,,
NS_1d65970c-3,,,,",",fhir_organization,USA,,
NS_0b648a6c-b,,,,",",fhir_organization,USA,,
NS_cbb53cc7-a,,,,",",fhir_organization,USA,,
NS_c8e8b450-2,,,,",",fhir_organization,USA,,
NS_f8bad165-2,,,,",",fhir_organization,USA,,
NS_fbb1d57f-1,,,,",",fhir_organization,USA,,
NS_8495d732-1,,,,",",fhir_organization,USA,,
NS_a4732cc7-8,,,,",",fhir_organization,USA,,
NS_354c299a-6,,,,",",fhir_organization,USA,,
NS_3310cbdf-3,,,,",",fhir_organization,USA,,
NS_c8e66b56-3,,,,",",fhir_organization,USA,,
NS_731429cb-c,,,,",",fhir_organization,USA,,
NS_2d73fd79-6,,,,",",fhir_organization,USA,,
NS_69ec7f84-0,,,,",",fhir_organization,USA,,
NS_1061ee5a-0,,,,",",fhir_organization,USA,,
NS_5296a863-0,,,,",",fhir_organization,USA,,
NS_8266d9dd-4,,,,",",fhir_organization,USA,,
NS_b8286036-4,,,,",",fhir_organization,USA,,
NS_a128a79e-5,,,,",",fhir_organization,USA,,
NS_67ebeddf-2,,,,",",fhir_organization,USA,,
NS_79913e25-1,,,,",",fhir_organization,USA,,
NS_877d5ce2-f,,,,",",fhir_organization,USA,,
NS_5bfac33e-3,,,,",",fhir_organization,USA,,
NS_40df8d8a-b,,,,",",fhir_organization,USA,,
NS_45c234f0-1,,,,",",fhir_organization,USA,,
NS_9bbfbb1f-5,,,,",",fhir_organization,USA,,
NS_10388da3-f,,,,",",fhir_organization,USA,,
NS_f3eb0096-c,,,,",",fhir_organization,USA,,
NS_2e977a5a-d,,,,",",fhir_organization,USA,,
NS_e68bb2b1-7,,,,",",fhir_organization,USA,,
NS_6d501da8-a,,,,",",fhir_organization,USA,,
NS_3872b81b-6,,,,",",fhir_organization,USA,,
NS_eb661fa0-2,,,,",",fhir_organization,USA,,
NS_05cc2b6c-1,,,,",",fhir_organization,USA,,
NS_ef0f632a-6,,,,",",fhir_organization,USA,,
NS_86d24532-a,,,,",",fhir_organization,USA,,
NS_0ffd738a-e,,,,",",fhir_organization,USA,,
NS_b7633385-f,,,,",",fhir_organization,USA,,
NS_1717fcf9-e,,,,",",fhir_organization,USA,,
NS_6b11b038-d,,,,",",fhir_organization,USA,,
NS_c1b61d6d-2,,,,",",fhir_organization,USA,,
NS_4755386d-2,,,,",",fhir_organization,USA,,
NS_8d803c51-e,,,,",",fhir_organization,USA,,
NS_feba6f15-8,,,,",",fhir_organization,USA,,
NS_532224d7-7,,,,",",fhir_organization,USA,,
NS_c7bacee5-8,,,,",",fhir_organization,USA,,
NS_7ea0f280-d,,,,",",fhir_organization,USA,,
NS_05c4009e-a,,,,",",fhir_organization,USA,,
NS_089892c3-b,,,,",",fhir_organization,USA,,
NS_24a36be5-f,,,,",",fhir_organization,USA,,
NS_38c3d8cd-b,,,,",",fhir_organization,USA,,
NS_83590761-8,,,,",",fhir_organization,USA,,
NS_5c8c03ba-5,,,,",",fhir_organization,USA,,
NS_cb37728e-7,,,,",",fhir_organization,USA,,
NS_7b84f39f-1,,,,",",fhir_organization,USA,,
NS_be98a989-a,,,,",",fhir_organization,USA,,
NS_f3989c18-6,,,,",",fhir_organization,USA,,
NS_8b8c973f-9,,,,",",fhir_organization,USA,,
NS_3070d644-f,,,,",",fhir_organization,USA,,
NS_d20e4e84-7,,,,",",fhir_organization,USA,,
NS_4fbb980f-d,,,,",",fhir_organization,USA,,
NS_c8a5f171-d,,,,",",fhir_organization,USA,,
NS_8459f60b-6,,,,",",fhir_organization,USA,,
NS_c327c625-6,,,,",",fhir_organization,USA,,
NS_3fbcc2f9-8,,,,",",fhir_organization,USA,,
NS_efc19f07-8,,,,",",fhir_organization,USA,,
NS_45d177b0-0,,,,",",fhir_organization,USA,,
NS_7977b1e2-7,,,,",",fhir_organization,USA,,
NS_4fdf682b-b,,,,",",fhir_organization,USA,,
NS_1e24db7f-a,,,,",",fhir_organization,USA,,
NS_47fb7b25-1,,,,",",fhir_organization,USA,,
NS_487f678d-c,,,,",",fhir_organization,USA,,
NS_7154bf8f-e,,,,",",fhir_organization,USA,,
NS_c0c74b52-1,,,,",",fhir_organization,USA,,
NS_c91bb4b5-e,,,,",",fhir_organization,USA,,
NS_cc56b67d-f,,,,",",fhir_organization,USA,,
NS_66d70f19-5,,,,",",fhir_organization,USA,,
NS_64328e41-7,,,,",",fhir_organization,USA,,
NS_17ce47ec-b,,,,",",fhir_organization,USA,,
NS_512e0565-2,,,,",",fhir_organization,USA,,
NS_558ef843-a,,,,",",fhir_organization,USA,,
NS_f9640b2e-e,,,,",",fhir_organization,USA,,
NS_ae5feeb3-8,,,,",",fhir_organization,USA,,
NS_d72a80cd-9,,,,",",fhir_organization,USA,,
NS_69eeeeb7-6,,,,",",fhir_organization,USA,,
NS_5502906c-4,,,,",",fhir_organization,USA,,
NS_44295898-f,,,,",",fhir_organization,USA,,
NS_93560285-5,,,,",",fhir_organization,USA,,
NS_d3368c17-1,,,,",",fhir_organization,USA,,
NS_b57398c0-9,,,,",",fhir_organization,USA,,
NS_81e0dcda-4,,,,",",fhir_organization,USA,,
NS_d833dacb-2,,,,",",fhir_organization,USA,,
NS_9cc8e4b0-3,,,,",",fhir_organization,USA,,
NS_24210d68-6,,,,",",fhir_organization,USA,,
NS_d8d8e2de-2,,,,",",fhir_organization,USA,,
NS_c089cc73-a,,,,",",fhir_organization,USA,,
NS_b6385642-f,,,,",",fhir_organization,USA,,
NS_67620705-7,,,,",",fhir_organization,USA,,
NS_6db9df00-d,,,,",",fhir_organization,USA,,
NS_4ed63606-e,,,,",",fhir_organization,USA,,
NS_0d9662fe-7,,,,",",fhir_organization,USA,,
NS_94cf1751-2,,,,",",fhir_organization,USA,,
NS_a4264bbc-9,,,,",",fhir_organization,USA,,
NS_05291bed-2,,,,",",fhir_organization,USA,,
NS_d0b0043b-e,,,,",",fhir_organization,USA,,
NS_e479d1d1-f,,,,",",fhir_organization,USA,,
NS_15d285fb-d,,,,",",fhir_organization,USA,,
NS_16be7359-e,,,,",",fhir_organization,USA,,
NS_ae6d6140-f,,,,",",fhir_organization,USA,,
NS_b0467dcf-f,,,,",",fhir_organization,USA,,
NS_59dc2a87-0,,,,",",fhir_organization,USA,,
NS_9c509f7c-9,,,,",",fhir_organization,USA,,
NS_ec28ec33-3,,,,",",fhir_organization,USA,,
NS_3bba122f-2,,,,",",fhir_organization,USA,,
NS_fc22a88b-e,,,,",",fhir_organization,USA,,
NS_d003da9e-8,,,,",",fhir_organization,USA,,
NS_7d97feeb-e,,,,",",fhir_organization,USA,,
NS_2967b536-7,,,,",",fhir_organization,USA,,
NS_511b4baf-1,,,,",",fhir_organization,USA,,
NS_8e5140f1-a,,,,",",fhir_organization,USA,,
NS_d459b70a-b,,,,",",fhir_organization,USA,,
NS_1f6bb8cd-4,,,,",",fhir_organization,USA,,
NS_c7b4dad7-1,,,,",",fhir_organization,USA,,
NS_852cc4bf-7,,,,",",fhir_organization,USA,,
NS_9c5cf0c4-6,,,,",",fhir_organization,USA,,
NS_469ccbf0-d,,,,",",fhir_organization,USA,,
NS_1c5bf96a-c,,,,",",fhir_organization,USA,,
NS_77548f2d-4,,,,",",fhir_organization,USA,,
NS_5f2391a6-9,,,,",",fhir_organization,USA,,
NS_c5c3d11c-4,,,,",",fhir_organization,USA,,
NS_b5d8ca65-6,,,,",",fhir_organization,USA,,
NS_ee30d71d-c,,,,",",fhir_organization,USA,,
NS_dcf42033-3,,,,",",fhir_organization,USA,,
NS_d2b2a8a2-e,,,,",",fhir_organization,USA,,
NS_e929a99d-7,,,,",",fhir_organization,USA,,
NS_f5d563de-c,,,,",",fhir_organization,USA,,
NS_694f6ec2-6,,,,",",fhir_organization,USA,,
NS_7e504b1d-d,,,,",",fhir_organization,USA,,
NS_ae8e0240-0,,,,",",fhir_organization,USA,,
NS_1e847073-8,,,,",",fhir_organization,USA,,
NS_b418b58a-9,,,,",",fhir_organization,USA,,
NS_59d0222c-5,,,,",",fhir_organization,USA,,
NS_91c50136-6,,,,",",fhir_organization,USA,,
NS_459a122d-8,,,,",",fhir_organization,USA,,
NS_9d73c4aa-d,,,,",",fhir_organization,USA,,
NS_f5161954-8,,,,",",fhir_organization,USA,,
NS_e24a46c4-0,,,,",",fhir_organization,USA,,
NS_1cec6999-0,,,,",",fhir_organization,USA,,
NS_1dc6bb90-6,,,,",",fhir_organization,USA,,
NS_710f26b9-d,,,,",",fhir_organization,USA,,
NS_52459b4d-7,,,,",",fhir_organization,USA,,
NS_e6853a7b-0,,,,",",fhir_organization,USA,,
NS_516d4dfc-0,,,,",",fhir_organization,USA,,
NS_a76eb92f-8,,,,",",fhir_organization,USA,,
NS_241d7aef-f,,,,",",fhir_organization,USA,,
NS_96acc659-0,,,,",",fhir_organization,USA,,
NS_d266ecb2-1,,,,",",fhir_organization,USA,,
NS_c52e523a-b,,,,",",fhir_organization,USA,,
NS_afbf065b-2,,,,",",fhir_organization,USA,,
NS_7a829740-8,,,,",",fhir_organization,USA,,
NS_10471486-3,,,,",",fhir_organization,USA,,
NS_f5dca6d8-4,,,,",",fhir_organization,USA,,
NS_d712041d-1,,,,",",fhir_organization,USA,,
NS_894e5590-d,,,,",",fhir_organization,USA,,
NS_43b829d1-6,,,,",",fhir_organization,USA,,
NS_2c7085d9-5,,,,",",fhir_organization,USA,,
NS_df2bc0e2-6,,,,",",fhir_organization,USA,,
NS_26e7ebaf-e,,,,",",fhir_organization,USA,,
NS_e77730e7-a,,,,",",fhir_organization,USA,,
NS_380537c7-3,,,,",",fhir_organization,USA,,
NS_68164e67-a,,,,",",fhir_organization,USA,,
NS_353fb52a-b,,,,",",fhir_organization,USA,,
NS_a59f6072-f,,,,",",fhir_organization,USA,,
NS_04300aa5-5,,,,",",fhir_organization,USA,,
NS_0d9763f6-e,,,,",",fhir_organization,USA,,
NS_9837598e-c,,,,",",fhir_organization,USA,,
NS_5a7d3052-5,,,,",",fhir_organization,USA,,
NS_d01fe70c-0,,,,",",fhir_organization,USA,,
NS_d9722841-7,,,,",",fhir_organization,USA,,
NS_8995644c-5,,,,",",fhir_organization,USA,,
NS_842b2075-8,,,,",",fhir_organization,USA,,
NS_b91603a5-b,,,,",",fhir_organization,USA,,
NS_808c29ad-8,,,,",",fhir_organization,USA,,
NS_ed5faaf5-e,,,,",",fhir_organization,USA,,
NS_c270c0cb-c,,,,",",fhir_organization,USA,,
NS_f7770cc6-0,,,,",",fhir_organization,USA,,
NS_46cec801-a,,,,",",fhir_organization,USA,,
NS_cf008554-9,,,,",",fhir_organization,USA,,
NS_3bcc66a4-d,,,,",",fhir_organization,USA,,
NS_f9e2509e-c,,,,",",fhir_organization,USA,,
NS_f3081956-b,,,,",",fhir_organization,USA,,
NS_5e75eb19-a,,,,",",fhir_organization,USA,,
NS_f2d8f41d-8,,,,",",fhir_organization,USA,,
NS_843f0acf-d,,,,",",fhir_organization,USA,,
NS_0f83debf-1,,,,",",fhir_organization,USA,,
NS_6a4ecf59-f,,,,",",fhir_organization,USA,,
NS_e1d57a75-f,,,,",",fhir_organization,USA,,
NS_a1cc8f4b-6,,,,",",fhir_organization,USA,,
NS_4defe4cb-5,,,,",",fhir_organization,USA,,
NS_d2c24d39-5,,,,",",fhir_organization,USA,,
NS_dc5331ce-7,,,,",",fhir_organization,USA,,
NS_c9683826-4,,,,",",fhir_organization,USA,,
NS_45609bc1-3,,,,",",fhir_organization,USA,,
NS_682611b6-6,,,,",",fhir_organization,USA,,
NS_46ef5f1b-e,,,,",",fhir_organization,USA,,
NS_c55f4b9e-e,,,,",",fhir_organization,USA,,
NS_8d81614e-5,,,,",",fhir_organization,USA,,
NS_1e0e9b1d-3,,,,",",fhir_organization,USA,,
NS_05e12958-b,,,,",",fhir_organization,USA,,
NS_be830232-7,,,,",",fhir_organization,USA,,
NS_45822828-d,,,,",",fhir_organization,USA,,
NS_405b3824-a,,,,",",fhir_organization,USA,,
NS_688c92f4-7,,,,",",fhir_organization,USA,,
NS_2b238b56-c,,,,",",fhir_organization,USA,,
NS_b5e23bf0-2,,,,",",fhir_organization,USA,,
NS_1da5d85b-b,,,,",",fhir_organization,USA,,
NS_8ed3831a-4,,,,",",fhir_organization,USA,,
NS_bd1bb8d3-a,,,,",",fhir_organization,USA,,
NS_b88cfc59-f,,,,",",fhir_organization,USA,,
NS_6133157c-e,,,,",",fhir_organization,USA,,
NS_e719d6b8-a,,,,",",fhir_organization,USA,,
NS_25ed4d14-7,,,,",",fhir_organization,USA,,
NS_59644188-a,,,,",",fhir_organization,USA,,
NS_f4b60a2d-4,,,,",",fhir_organization,USA,,
NS_f754f430-8,,,,",",fhir_organization,USA,,
NS_14f3aa87-6,,,,",",fhir_organization,USA,,
NS_7b6c08bb-5,,,,",",fhir_organization,USA,,
NS_b02f08aa-d,,,,",",fhir_organization,USA,,
NS_c88a59e6-a,,,,",",fhir_organization,USA,,
NS_5c2128ee-c,,,,",",fhir_organization,USA,,
NS_ab33a25d-8,,,,",",fhir_organization,USA,,
NS_879c02ef-3,,,,",",fhir_organization,USA,,
NS_46293ac4-6,,,,",",fhir_organization,USA,,
NS_41e14cd3-3,,,,",",fhir_organization,USA,,
NS_57580fb4-9,,,,",",fhir_organization,USA,,
NS_3be89ef1-d,,,,",",fhir_organization,USA,,
NS_de8a0cbe-3,,,,",",fhir_organization,USA,,
NS_f824d043-8,,,,",",fhir_organization,USA,,
NS_24c2eabb-b,,,,",",fhir_organization,USA,,
NS_7a15d641-5,,,,",",fhir_organization,USA,,
NS_dc71cfde-0,,,,",",fhir_organization,USA,,
NS_f623d4ca-0,,,,",",fhir_organization,USA,,
NS_ab31a25a-2,,,,",",fhir_organization,USA,,
NS_bb912581-9,,,,",",fhir_organization,USA,,
NS_925c8264-0,,,,",",fhir_organization,USA,,
NS_d5c684a8-3,,,,",",fhir_organization,USA,,
NS_0e67b4c6-1,,,,",",fhir_organization,USA,,
NS_e3c21930-d,,,,",",fhir_organization,USA,,
NS_eef188fc-1,,,,",",fhir_organization,USA,,
NS_4a53981b-e,,,,",",fhir_organization,USA,,
NS_331d064f-5,,,,",",fhir_organization,USA,,
NS_beadc5a1-f,,,,",",fhir_organization,USA,,
NS_1acb2bc6-6,,,,",",fhir_organization,USA,,
NS_cda93ce3-a,,,,",",fhir_organization,USA,,
NS_8de4a401-a,,,,",",fhir_organization,USA,,
NS_6c578621-5,,,,",",fhir_organization,USA,,
NS_3fc88cd0-c,,,,",",fhir_organization,USA,,
NS_ea42b6ae-d,,,,",",fhir_organization,USA,,
NS_9456a048-5,,,,",",fhir_organization,USA,,
NS_78d6597e-3,,,,",",fhir_organization,USA,,
NS_183dceb6-b,,,,",",fhir_organization,USA,,
NS_8c8216a3-6,,,,",",fhir_organization,USA,,
NS_7c367d46-c,,,,",",fhir_organization,USA,,
NS_deafe26a-d,,,,",",fhir_organization,USA,,
NS_54a0bcc3-c,,,,",",fhir_organization,USA,,
NS_46e35389-9,,,,",",fhir_organization,USA,,
NS_c44f1aae-7,,,,",",fhir_organization,USA,,
NS_499c8591-c,,,,",",fhir_organization,USA,,
NS_45b12c4a-6,,,,",",fhir_organization,USA,,
NS_d2a51225-0,,,,",",fhir_organization,USA,,
NS_0a0b606d-a,,,,",",fhir_organization,USA,,
NS_6d3a939c-0,,,,",",fhir_organization,USA,,
NS_0682d7e2-d,,,,",",fhir_organization,USA,,
NS_d0fa49b4-e,,,,",",fhir_organization,USA,,
NS_7c17b44a-1,,,,",",fhir_organization,USA,,
NS_93791776-0,,,,",",fhir_organization,USA,,
NS_ca887b34-4,,,,",",fhir_organization,USA,,
NS_b43a7d3b-4,,,,",",fhir_organization,USA,,
NS_d2f70614-c,,,,",",fhir_organization,USA,,
NS_dc0b4701-f,,,,",",fhir_organization,USA,,
NS_5828b69d-1,,,,",",fhir_organization,USA,,
NS_b013ac1c-b,,,,",",fhir_organization,USA,,
NS_6f0f9c53-c,,,,",",fhir_organization,USA,,
NS_1d7e8b33-8,,,,",",fhir_organization,USA,,
NS_a601a51e-8,,,,",",fhir_organization,USA,,
NS_5986006a-f,,,,",",fhir_organization,USA,,
NS_c8a09e10-b,,,,",",fhir_organization,USA,,
NS_f4815c31-c,,,,",",fhir_organization,USA,,
NS_2bd31bed-a,,,,",",fhir_organization,USA,,
NS_c799455e-0,,,,",",fhir_organization,USA,,
NS_fa171e65-e,,,,",",fhir_organization,USA,,
NS_629d64eb-6,,,,",",fhir_organization,USA,,
NS_087abc41-6,,,,",",fhir_organization,USA,,
NS_56564a98-e,,,,",",fhir_organization,USA,,
NS_77181100-7,,,,",",fhir_organization,USA,,
NS_cf348ab0-f,,,,",",fhir_organization,USA,,
NS_f73b2ea2-8,,,,",",fhir_organization,USA,,
NS_70cd6a83-a,,,,",",fhir_organization,USA,,
NS_6e4a16a5-b,,,,",",fhir_organization,USA,,
NS_bacd8f91-3,,,,",",fhir_organization,USA,,
NS_aec83196-9,,,,",",fhir_organization,USA,,
NS_d124a753-f,,,,",",fhir_organization,USA,,
NS_7189bbf6-8,,,,",",fhir_organization,USA,,
NS_c2a8f0d8-3,,,,",",fhir_organization,USA,,
NS_4e8ddc69-d,,,,",",fhir_organization,USA,,
NS_650e5077-5,,,,",",fhir_organization,USA,,
NS_5647b9d1-e,,,,",",fhir_organization,USA,,
NS_0ea7fc13-2,,,,",",fhir_organization,USA,,
NS_902d70e4-5,,,,",",fhir_organization,USA,,
NS_a06a3388-c,,,,",",fhir_organization,USA,,
NS_b7b2506f-0,,,,",",fhir_organization,USA,,
NS_c896f24f-f,,,,",",fhir_organization,USA,,
NS_5f0223de-1,,,,",",fhir_organization,USA,,
NS_cdfabb1b-7,,,,",",fhir_organization,USA,,
NS_649faf6b-f,,,,",",fhir_organization,USA,,
NS_ebf67d40-7,,,,",",fhir_organization,USA,,
NS_30a83056-7,,,,",",fhir_organization,USA,,
NS_d10856f9-f,,,,",",fhir_organization,USA,,
NS_b3685ed0-2,,,,",",fhir_organization,USA,,
NS_a48c10d6-4,,,,",",fhir_organization,USA,,
NS_e7b985e8-5,,,,",",fhir_organization,USA,,
NS_fc69dd44-6,,,,",",fhir_organization,USA,,
NS_ca38d4c4-c,,,,",",fhir_organization,USA,,
NS_303cee2a-0,,,,",",fhir_organization,USA,,
NS_a9bd835f-f,,,,",",fhir_organization,USA,,
NS_0f49775b-6,,,,",",fhir_organization,USA,,
NS_dde237e9-b,,,,",",fhir_organization,USA,,
NS_b7c8f926-e,,,,",",fhir_organization,USA,,
NS_33922440-4,,,,",",fhir_organization,USA,,
NS_37428f82-f,,,,",",fhir_organization,USA,,
NS_b4c19fb8-7,,,,",",fhir_organization,USA,,
NS_4728c74c-8,,,,",",fhir_organization,USA,,
NS_21c41256-4,,,,",",fhir_organization,USA,,
NS_3731d6a8-4,,,,",",fhir_organization,USA,,
NS_c75a44fd-a,,,,",",fhir_organization,USA,,
NS_abaed84d-7,,,,",",fhir_organization,USA,,
NS_1a65eb06-8,,,,",",fhir_organization,USA,,
NS_489de129-c,,,,",",fhir_organization,USA,,
NS_5e3ee24a-c,,,,",",fhir_organization,USA,,
NS_5cb194c4-0,,,,",",fhir_organization,USA,,
NS_da94711a-7,,,,",",fhir_organization,USA,,
NS_b402d782-2,,,,",",fhir_organization,USA,,
NS_ca3e4e2d-d,,,,",",fhir_organization,USA,,
NS_0dfc7e44-9,,,,",",fhir_organization,USA,,
NS_a1e2a777-9,,,,",",fhir_organization,USA,,
NS_d8509822-9,,,,",",fhir_organization,USA,,
NS_3a5700f4-4,,,,",",fhir_organization,USA,,
NS_acc686c9-0,,,,",",fhir_organization,USA,,
NS_3d1e1768-c,,,,",",fhir_organization,USA,,
NS_6e8e61c8-2,,,,",",fhir_organization,USA,,
NS_c509eee6-4,,,,",",fhir_organization,USA,,
NS_ebd4b1e7-1,,,,",",fhir_organization,USA,,
NS_fd71620f-5,,,,",",fhir_organization,USA,,
NS_a8cdb1da-5,,,,",",fhir_organization,USA,,
NS_ef38b22e-5,,,,",",fhir_organization,USA,,
NS_42773188-9,,,,",",fhir_organization,USA,,
NS_7f356f20-2,,,,",",fhir_organization,USA,,
NS_74e6848c-2,,,,",",fhir_organization,USA,,
NS_389a5d73-3,,,,",",fhir_organization,USA,,
NS_66e0f6a8-7,,,,",",fhir_organization,USA,,
NS_47085272-3,,,,",",fhir_organization,USA,,
NS_094b6d50-0,,,,",",fhir_organization,USA,,
NS_ab0183f4-0,,,,",",fhir_organization,USA,,
NS_de7cca8c-6,,,,",",fhir_organization,USA,,
NS_cbf5f3a1-8,,,,",",fhir_organization,USA,,
NS_e67b3397-1,,,,",",fhir_organization,USA,,
NS_2646ea0b-a,,,,",",fhir_organization,USA,,
NS_d35141dd-4,,,,",",fhir_organization,USA,,
NS_a13e8d16-2,,,,",",fhir_organization,USA,,
NS_8d302db7-8,,,,",",fhir_organization,USA,,
NS_3be4eaf6-2,,,,",",fhir_organization,USA,,
NS_54850125-c,,,,",",fhir_organization,USA,,
NS_655babb0-1,,,,",",fhir_organization,USA,,
NS_afac1b5f-1,,,,",",fhir_organization,USA,,
NS_99b0344e-a,,,,",",fhir_organization,USA,,
NS_b43c4718-b,,,,",",fhir_organization,USA,,
NS_5507e633-f,,,,",",fhir_organization,USA,,
NS_42f2912f-e,,,,",",fhir_organization,USA,,
NS_53ec50c6-a,,,,",",fhir_organization,USA,,
NS_dfa78605-6,,,,",",fhir_organization,USA,,
NS_b55354c6-7,,,,",",fhir_organization,USA,,
NS_69abf051-4,,,,",",fhir_organization,USA,,
NS_d259684f-e,,,,",",fhir_organization,USA,,
NS_26495d84-0,,,,",",fhir_organization,USA,,
NS_2d0abbf6-2,,,,",",fhir_organization,USA,,
NS_32b1ac7b-8,,,,",",fhir_organization,USA,,
NS_3e947669-f,,,,",",fhir_organization,USA,,
NS_34691027-2,,,,",",fhir_organization,USA,,
NS_cbd9451b-1,,,,",",fhir_organization,USA,,
NS_b24821ca-4,,,,",",fhir_organization,USA,,
NS_11e864d0-0,,,,",",fhir_organization,USA,,
NS_5f588627-f,,,,",",fhir_organization,USA,,
NS_00eee6c5-3,,,,",",fhir_organization,USA,,
NS_7317faae-1,,,,",",fhir_organization,USA,,
NS_9d618b18-b,,,,",",fhir_organization,USA,,
NS_6dda3167-7,,,,",",fhir_organization,USA,,
NS_4494aa9d-9,,,,",",fhir_organization,USA,,
NS_6d59a48b-d,,,,",",fhir_organization,USA,,
NS_98e807c5-3,,,,",",fhir_organization,USA,,
NS_b7e4eb67-6,,,,",",fhir_organization,USA,,
NS_3ff18413-0,,,,",",fhir_organization,USA,,
NS_b6d893de-b,,,,",",fhir_organization,USA,,
NS_f2b8b124-b,,,,",",fhir_organization,USA,,
NS_0d2ac1cb-7,,,,",",fhir_organization,USA,,
NS_6ee22723-e,,,,",",fhir_organization,USA,,
NS_9d7ecf75-1,,,,",",fhir_organization,USA,,
NS_e9277991-7,,,,",",fhir_organization,USA,,
NS_35011585-6,,,,",",fhir_organization,USA,,
NS_79d0bf84-b,,,,",",fhir_organization,USA,,
NS_bd70b352-9,,,,",",fhir_organization,USA,,
NS_b48f64f0-9,,,,",",fhir_organization,USA,,
NS_2f39aa60-5,,,,",",fhir_organization,USA,,
NS_fcea3a42-6,,,,",",fhir_organization,USA,,
NS_878a0e85-2,,,,",",fhir_organization,USA,,
NS_9beb89cd-f,,,,",",fhir_organization,USA,,
NS_4ffaff20-1,,,,",",fhir_organization,USA,,
NS_9c74d87e-d,,,,",",fhir_organization,USA,,
NS_963af413-8,,,,",",fhir_organization,USA,,
NS_4553f748-3,,,,",",fhir_organization,USA,,
NS_0c5c077f-f,,,,",",fhir_organization,USA,,
NS_b11432b1-a,,,,",",fhir_organization,USA,,
NS_40ffefd6-e,,,,",",fhir_organization,USA,,
NS_b56ff3af-5,,,,",",fhir_organization,USA,,
NS_fe1bb01f-f,,,,",",fhir_organization,USA,,
NS_c98324d8-a,,,,",",fhir_organization,USA,,
NS_ac1aa59c-8,,,,",",fhir_organization,USA,,
NS_efe7cab7-9,,,,",",fhir_organization,USA,,
NS_a55e1a95-9,,,,",",fhir_organization,USA,,
NS_571d5309-c,,,,",",fhir_organization,USA,,
NS_e301a46f-a,,,,",",fhir_organization,USA,,
NS_1ee80c6b-3,,,,",",fhir_organization,USA,,
NS_42c14f4a-a,,,,",",fhir_organization,USA,,
NS_4ec796c1-2,,,,",",fhir_organization,USA,,
NS_6e5ffec6-7,,,,",",fhir_organization,USA,,
NS_2c6ff995-c,,,,",",fhir_organization,USA,,
NS_e206ef0a-c,,,,",",fhir_organization,USA,,
NS_52cc48e6-3,,,,",",fhir_organization,USA,,
NS_3ea1b2b6-1,,,,",",fhir_organization,USA,,
NS_2157317a-d,,,,",",fhir_organization,USA,,
NS_da7fe548-4,,,,",",fhir_organization,USA,,
NS_a0b2ca71-c,,,,",",fhir_organization,USA,,
NS_4bef1620-f,,,,",",fhir_organization,USA,,
NS_5328a306-b,,,,",",fhir_organization,USA,,
NS_70c95056-1,,,,",",fhir_organization,USA,,
NS_fc9ed747-f,,,,",",fhir_organization,USA,,
NS_60b4a944-b,,,,",",fhir_organization,USA,,
NS_72261afa-0,,,,",",fhir_organization,USA,,
NS_bf2b56ed-b,,,,",",fhir_organization,USA,,
NS_3fb6f43a-f,,,,",",fhir_organization,USA,,
NS_f84db338-1,,,,",",fhir_organization,USA,,
NS_eb2659ca-e,,,,",",fhir_organization,USA,,
NS_823d2ba2-1,,,,",",fhir_organization,USA,,
NS_7b674cfa-7,,,,",",fhir_organization,USA,,
NS_06c43f55-5,,,,",",fhir_organization,USA,,
NS_9d2c1d95-2,,,,",",fhir_organization,USA,,
NS_b6287b55-b,,,,",",fhir_organization,USA,,
NS_b106b865-6,,,,",",fhir_organization,USA,,
NS_b73f942f-9,,,,",",fhir_organization,USA,,
NS_95b7f11d-4,,,,",",fhir_organization,USA,,
NS_fdae54ba-a,,,,",",fhir_organization,USA,,
NS_59582ce0-c,,,,",",fhir_organization,USA,,
NS_d48f492f-4,,,,",",fhir_organization,USA,,
NS_9b1095ef-8,,,,",",fhir_organization,USA,,
NS_da5d9047-b,,,,",",fhir_organization,USA,,
NS_822b6348-5,,,,",",fhir_organization,USA,,
NS_3d8bf6e1-c,,,,",",fhir_organization,USA,,
NS_a1ed2c93-8,,,,",",fhir_organization,USA,,
NS_417dbb56-5,,,,",",fhir_organization,USA,,
NS_c7a67908-7,,,,",",fhir_organization,USA,,
NS_d81da51a-9,,,,",",fhir_organization,USA,,
NS_f264ae40-e,,,,",",fhir_organization,USA,,
NS_3707f6f0-e,,,,",",fhir_organization,USA,,
NS_799c5c67-e,,,,",",fhir_organization,USA,,
NS_f7048bcc-c,,,,",",fhir_organization,USA,,
NS_6f5611dd-0,,,,",",fhir_organization,USA,,
NS_40f80a04-f,,,,",",fhir_organization,USA,,
NS_2d2913b3-5,,,,",",fhir_organization,USA,,
NS_db0e9ae6-2,,,,",",fhir_organization,USA,,
NS_abf2afc7-2,,,,",",fhir_organization,USA,,
NS_86b286d7-9,,,,",",fhir_organization,USA,,
NS_39c3a852-f,,,,",",fhir_organization,USA,,
NS_05c34d08-2,,,,",",fhir_organization,USA,,
NS_34c2691e-c,,,,",",fhir_organization,USA,,
NS_70bd6dc8-9,,,,",",fhir_organization,USA,,
NS_e6235c60-8,,,,",",fhir_organization,USA,,
NS_d1dc3e66-1,,,,",",fhir_organization,USA,,
NS_74fba03e-a,,,,",",fhir_organization,USA,,
NS_a708548b-4,,,,",",fhir_organization,USA,,
NS_f20a9646-1,,,,",",fhir_organization,USA,,
NS_2bd54a2e-c,,,,",",fhir_organization,USA,,
NS_5e5274e2-1,,,,",",fhir_organization,USA,,
NS_45dcf613-4,,,,",",fhir_organization,USA,,
NS_09f0f3e7-6,,,,",",fhir_organization,USA,,
NS_c9e03a03-e,,,,",",fhir_organization,USA,,
NS_b3dc42b4-2,,,,",",fhir_organization,USA,,
NS_916d6a48-9,,,,",",fhir_organization,USA,,
NS_b84a61c3-8,,,,",",fhir_organization,USA,,
NS_caf4848b-3,,,,",",fhir_organization,USA,,
NS_008aa121-1,,,,",",fhir_organization,USA,,
NS_96246f7b-a,,,,",",fhir_organization,USA,,
NS_eb324b24-3,,,,",",fhir_organization,USA,,
NS_d8be0a35-0,,,,",",fhir_organization,USA,,
NS_6b11a68e-6,,,,",",fhir_organization,USA,,
NS_8de2ccfd-8,,,,",",fhir_organization,USA,,
NS_ab9a03dd-6,,,,",",fhir_organization,USA,,
NS_a86ed276-f,,,,",",fhir_organization,USA,,
NS_7571ce4c-b,,,,",",fhir_organization,USA,,
NS_fe5106e6-e,,,,",",fhir_organization,USA,,
NS_c8dab293-1,,,,",",fhir_organization,USA,,
NS_ddbb7a01-d,,,,",",fhir_organization,USA,,
NS_6a96697d-f,,,,",",fhir_organization,USA,,
NS_a9b44ffc-f,,,,",",fhir_organization,USA,,
NS_c62e255f-1,,,,",",fhir_organization,USA,,
NS_c17d0728-6,,,,",",fhir_organization,USA,,
NS_06ca61d0-b,,,,",",fhir_organization,USA,,
NS_c40c69f2-7,,,,",",fhir_organization,USA,,
NS_e741b5d5-e,,,,",",fhir_organization,USA,,
NS_c35cf393-7,,,,",",fhir_organization,USA,,
NS_616a7460-a,,,,",",fhir_organization,USA,,
NS_c362a3b5-e,,,,",",fhir_organization,USA,,
NS_119f3122-c,,,,",",fhir_organization,USA,,
NS_5131580e-c,,,,",",fhir_organization,USA,,
NS_e5a7877c-8,,,,",",fhir_organization,USA,,
NS_4aba0bf1-3,,,,",",fhir_organization,USA,,
NS_58f65b83-3,,,,",",fhir_organization,USA,,
NS_5574b32c-d,,,,",",fhir_organization,USA,,
NS_ba17c8ee-8,,,,",",fhir_organization,USA,,
NS_9ce16b28-e,,,,",",fhir_organization,USA,,
NS_8cb080e0-3,,,,",",fhir_organization,USA,,
NS_122d05d1-d,,,,",",fhir_organization,USA,,
NS_c494f30d-b,,,,",",fhir_organization,USA,,
NS_e8fc813a-b,,,,",",fhir_organization,USA,,
NS_3e4d7d61-e,,,,",",fhir_organization,USA,,
NS_fcb837e3-9,,,,",",fhir_organization,USA,,
NS_95eee0c3-7,,,,",",fhir_organization,USA,,
NS_1abaa2cf-1,,,,",",fhir_organization,USA,,
NS_eecd46ea-e,,,,",",fhir_organization,USA,,
NS_863f5e4b-7,,,,",",fhir_organization,USA,,
NS_17e9e1f5-b,,,,",",fhir_organization,USA,,
NS_41d4ec4d-d,,,,",",fhir_organization,USA,,
NS_2cd65141-6,,,,",",fhir_organization,USA,,
NS_aff3164a-e,,,,",",fhir_organization,USA,,
NS_efd9e251-c,,,,",",fhir_organization,USA,,
NS_24d89318-d,,,,",",fhir_organization,USA,,
NS_51307047-5,,,,",",fhir_organization,USA,,
NS_27b32bc6-9,,,,",",fhir_organization,USA,,
NS_e71538a7-0,,,,",",fhir_organization,USA,,
NS_3b8dd78b-c,,,,",",fhir_organization,USA,,
NS_06503143-c,,,,",",fhir_organization,USA,,
NS_c3629ef4-d,,,,",",fhir_organization,USA,,
NS_52bf890b-0,,,,",",fhir_organization,USA,,
NS_d2d444d8-f,,,,",",fhir_organization,USA,,
NS_f36e9f17-c,,,,",",fhir_organization,USA,,
NS_c7af1857-e,,,,",",fhir_organization,USA,,
NS_00e63527-2,,,,",",fhir_organization,USA,,
NS_a9e418eb-d,,,,",",fhir_organization,USA,,
NS_e61b3380-4,,,,",",fhir_organization,USA,,
NS_dcd053d8-a,,,,",",fhir_organization,USA,,
NS_dc160cc6-a,,,,",",fhir_organization,USA,,
NS_d6400464-3,,,,",",fhir_organization,USA,,
NS_a8502faa-b,,,,",",fhir_organization,USA,,
NS_62a4dc22-c,,,,",",fhir_organization,USA,,
NS_11efa514-1,,,,",",fhir_organization,USA,,
NS_275cbfe1-7,,,,",",fhir_organization,USA,,
NS_3ef7e1fb-4,,,,",",fhir_organization,USA,,
NS_9a8ac5e2-2,,,,",",fhir_organization,USA,,
NS_cbc3e65e-0,,,,",",fhir_organization,USA,,
NS_6bd451d4-6,,,,",",fhir_organization,USA,,
NS_f1a14d8e-3,,,,",",fhir_organization,USA,,
NS_251fa5ea-3,,,,",",fhir_organization,USA,,
NS_e55a7bfb-d,,,,",",fhir_organization,USA,,
NS_e3f4f860-1,,,,",",fhir_organization,USA,,
NS_2cef7df3-f,,,,",",fhir_organization,USA,,
NS_705fd831-0,,,,",",fhir_organization,USA,,
NS_4a44dc74-7,,,,",",fhir_organization,USA,,
NS_45eff307-b,,,,",",fhir_organization,USA,,
NS_fa6a8947-3,,,,",",fhir_organization,USA,,
NS_2a274b93-5,,,,",",fhir_organization,USA,,
NS_5c7d668f-b,,,,",",fhir_organization,USA,,
NS_e30f9530-4,,,,",",fhir_organization,USA,,
NS_673c3563-6,,,,",",fhir_organization,USA,,
NS_37706e08-f,,,,",",fhir_organization,USA,,
NS_15448922-b,,,,",",fhir_organization,USA,,
NS_7d64b122-8,,,,",",fhir_organization,USA,,
NS_ac79333e-4,,,,",",fhir_organization,USA,,
NS_730927aa-f,,,,",",fhir_organization,USA,,
NS_4f80c926-b,,,,",",fhir_organization,USA,,
NS_b14831b7-6,,,,",",fhir_organization,USA,,
NS_90b8b292-2,,,,",",fhir_organization,USA,,
NS_670e87aa-7,,,,",",fhir_organization,USA,,
NS_d4a4f10b-8,,,,",",fhir_organization,USA,,
NS_d47e3067-4,,,,",",fhir_organization,USA,,
NS_16d2617a-c,,,,",",fhir_organization,USA,,
NS_40f45de9-5,,,,",",fhir_organization,USA,,
NS_ea365e57-6,,,,",",fhir_organization,USA,,
NS_a20bf105-b,,,,",",fhir_organization,USA,,
NS_f0942f04-2,,,,",",fhir_organization,USA,,
NS_2c8abf51-c,,,,",",fhir_organization,USA,,
NS_f22fdf3a-4,,,,",",fhir_organization,USA,,
NS_90bdce22-8,,,,",",fhir_organization,USA,,
NS_28160818-c,,,,",",fhir_organization,USA,,
NS_ca349d61-8,,,,",",fhir_organization,USA,,
NS_9bd5d9c2-2,,,,",",fhir_organization,USA,,
NS_8ae09d73-e,,,,",",fhir_organization,USA,,
NS_cfc5ab15-3,,,,",",fhir_organization,USA,,
NS_147006ed-1,,,,",",fhir_organization,USA,,
NS_11ff36cb-0,,,,",",fhir_organization,USA,,
NS_b71d07c0-5,,,,",",fhir_organization,USA,,
NS_be16e991-f,,,,",",fhir_organization,USA,,
NS_4a6288c7-3,,,,",",fhir_organization,USA,,
NS_62315f30-7,,,,",",fhir_organization,USA,,
NS_0d3731c8-5,,,,",",fhir_organization,USA,,
NS_2c8ac2ac-8,,,,",",fhir_organization,USA,,
NS_613da836-3,,,,",",fhir_organization,USA,,
NS_cfd1bc73-c,,,,",",fhir_organization,USA,,
NS_0460b16f-c,,,,",",fhir_organization,USA,,
NS_73d9b877-e,,,,",",fhir_organization,USA,,
NS_108a66cd-6,,,,",",fhir_organization,USA,,
NS_d48d983d-9,,,,",",fhir_organization,USA,,
NS_54110fbc-9,,,,",",fhir_organization,USA,,
NS_0ee33a06-8,,,,",",fhir_organization,USA,,
NS_bdca9c16-1,,,,",",fhir_organization,USA,,
NS_567abd5f-b,,,,",",fhir_organization,USA,,
NS_4005900e-1,,,,",",fhir_organization,USA,,
NS_6e38a1a3-7,,,,",",fhir_organization,USA,,
NS_da6ec054-8,,,,",",fhir_organization,USA,,
NS_618d1ed6-1,,,,",",fhir_organization,USA,,
NS_03bb9385-8,,,,",",fhir_organization,USA,,
NS_033a4569-f,,,,",",fhir_organization,USA,,
NS_ea9c363b-f,,,,",",fhir_organization,USA,,
NS_30c83191-1,,,,",",fhir_organization,USA,,
NS_ff1f23a9-0,,,,",",fhir_organization,USA,,
NS_39b00a56-c,,,,",",fhir_organization,USA,,
NS_cccabe5d-d,,,,",",fhir_organization,USA,,
NS_37f96e52-c,,,,",",fhir_organization,USA,,
NS_a08cc10e-e,,,,",",fhir_organization,USA,,
NS_726c98c3-4,,,,",",fhir_organization,USA,,
NS_01253d04-2,,,,",",fhir_organization,USA,,
NS_46e4b335-2,,,,",",fhir_organization,USA,,
NS_7b467b92-e,,,,",",fhir_organization,USA,,
NS_c5f2ff50-7,,,,",",fhir_organization,USA,,
NS_ea3bb064-1,,,,",",fhir_organization,USA,,
NS_92009fef-5,,,,",",fhir_organization,USA,,
NS_a03e304c-9,,,,",",fhir_organization,USA,,
NS_a4bdd0ab-2,,,,",",fhir_organization,USA,,
NS_8587fd1e-1,,,,",",fhir_organization,USA,,
NS_c75d8406-4,,,,",",fhir_organization,USA,,
NS_e67cc474-8,,,,",",fhir_organization,USA,,
NS_6db4f89d-a,,,,",",fhir_organization,USA,,
NS_6b8bcf2b-8,,,,",",fhir_organization,USA,,
NS_3ba1ac3b-3,,,,",",fhir_organization,USA,,
NS_6c950ec4-1,,,,",",fhir_organization,USA,,
NS_564c3399-4,,,,",",fhir_organization,USA,,
NS_20cc9070-6,,,,",",fhir_organization,USA,,
NS_9f9f985e-9,,,,",",fhir_organization,USA,,
NS_64d27c25-d,,,,",",fhir_organization,USA,,
NS_11c01fff-e,,,,",",fhir_organization,USA,,
NS_73fe8eae-e,,,,",",fhir_organization,USA,,
NS_fd5a038f-0,,,,",",fhir_organization,USA,,
NS_5698187d-b,,,,",",fhir_organization,USA,,
NS_dadec964-4,,,,",",fhir_organization,USA,,
NS_1d9edd8a-2,,,,",",fhir_organization,USA,,
NS_7762fef1-8,,,,",",fhir_organization,USA,,
NS_e1230c49-c,,,,",",fhir_organization,USA,,
NS_70e1ae31-7,,,,",",fhir_organization,USA,,
NS_bf3c5558-5,,,,",",fhir_organization,USA,,
NS_b7225126-8,,,,",",fhir_organization,USA,,
NS_f4a3b84a-a,,,,",",fhir_organization,USA,,
NS_c16cb4d0-c,,,,",",fhir_organization,USA,,
NS_f22d0b1c-2,,,,",",fhir_organization,USA,,
NS_9c8b6595-d,,,,",",fhir_organization,USA,,
NS_26c211fe-d,,,,",",fhir_organization,USA,,
NS_422de1d6-3,,,,",",fhir_organization,USA,,
NS_3936d881-f,,,,",",fhir_organization,USA,,
NS_563e11ed-a,,,,",",fhir_organization,USA,,
NS_252abc08-7,,,,",",fhir_organization,USA,,
NS_1982b937-d,,,,",",fhir_organization,USA,,
NS_1873b214-e,,,,",",fhir_organization,USA,,
NS_55e24142-c,,,,",",fhir_organization,USA,,
NS_faa44dc6-6,,,,",",fhir_organization,USA,,
NS_eaa2ac99-b,,,,",",fhir_organization,USA,,
NS_5ea28cfb-7,,,,",",fhir_organization,USA,,
NS_247fb6a8-f,,,,",",fhir_organization,USA,,
NS_849c9b47-0,,,,",",fhir_organization,USA,,
NS_cc84ff33-6,,,,",",fhir_organization,USA,,
NS_266e3fe0-5,,,,",",fhir_organization,USA,,
NS_7369822b-c,,,,",",fhir_organization,USA,,
NS_c19f2662-2,,,,",",fhir_organization,USA,,
NS_01efa8d1-1,,,,",",fhir_organization,USA,,
NS_cda4ff5e-c,,,,",",fhir_organization,USA,,
NS_1c940589-e,,,,",",fhir_organization,USA,,
NS_86891145-2,,,,",",fhir_organization,USA,,
NS_5c1b56cf-e,,,,",",fhir_organization,USA,,
NS_5cf5541d-6,,,,",",fhir_organization,USA,,
NS_cdbc7fe2-d,,,,",",fhir_organization,USA,,
NS_a84f3be0-e,,,,",",fhir_organization,USA,,
NS_4a5b706a-f,,,,",",fhir_organization,USA,,
NS_1ea582bd-0,,,,",",fhir_organization,USA,,
NS_51155f42-4,,,,",",fhir_organization,USA,,
NS_a167257f-6,,,,",",fhir_organization,USA,,
NS_272b4bc7-4,,,,",",fhir_organization,USA,,
NS_5618635c-4,,,,",",fhir_organization,USA,,
NS_e4e81bac-4,,,,",",fhir_organization,USA,,
NS_c24f6e89-3,,,,",",fhir_organization,USA,,
NS_823d2c9d-2,,,,",",fhir_organization,USA,,
NS_22173305-3,,,,",",fhir_organization,USA,,
NS_3e0a7e3e-d,,,,",",fhir_organization,USA,,
NS_aeea4bfb-c,,,,",",fhir_organization,USA,,
NS_797893db-7,,,,",",fhir_organization,USA,,
NS_a6cd94ba-0,,,,",",fhir_organization,USA,,
NS_802f2710-4,,,,",",fhir_organization,USA,,
NS_5bd7c8a7-6,,,,",",fhir_organization,USA,,
NS_51a45e36-5,,,,",",fhir_organization,USA,,
NS_d342233e-5,,,,",",fhir_organization,USA,,
NS_977e94b8-9,,,,",",fhir_organization,USA,,
NS_544eb12d-1,,,,",",fhir_organization,USA,,
NS_26806b58-3,,,,",",fhir_organization,USA,,
NS_d0dd6a72-a,,,,",",fhir_organization,USA,,
NS_1d9877c0-a,,,,",",fhir_organization,USA,,
NS_ae5af578-7,,,,",",fhir_organization,USA,,
NS_e96949ae-3,,,,",",fhir_organization,USA,,
NS_f8c3c67e-b,,,,",",fhir_organization,USA,,
NS_b5833da3-3,,,,",",fhir_organization,USA,,
NS_30a3cb15-8,,,,",",fhir_organization,USA,,
NS_3b697394-5,,,,",",fhir_organization,USA,,
NS_7877498c-c,,,,",",fhir_organization,USA,,
NS_2c547a15-d,,,,",",fhir_organization,USA,,
NS_539a7fec-8,,,,",",fhir_organization,USA,,
NS_27653566-5,,,,",",fhir_organization,USA,,
NS_5f1f1db0-6,,,,",",fhir_organization,USA,,
NS_8c69e3d0-d,,,,",",fhir_organization,USA,,
NS_75aabcdc-5,,,,",",fhir_organization,USA,,
NS_a24a64bd-e,,,,",",fhir_organization,USA,,
NS_dc5e77e4-e,,,,",",fhir_organization,USA,,
NS_d1616ce9-7,,,,",",fhir_organization,USA,,
NS_70f06001-d,,,,",",fhir_organization,USA,,
NS_d9878075-3,,,,",",fhir_organization,USA,,
NS_d0bc4908-6,,,,",",fhir_organization,USA,,
NS_c8431329-d,,,,",",fhir_organization,USA,,
NS_e683c886-2,,,,",",fhir_organization,USA,,
NS_661ff22d-e,,,,",",fhir_organization,USA,,
NS_c625784f-e,,,,",",fhir_organization,USA,,
NS_cfae5e20-3,,,,",",fhir_organization,USA,,
NS_4270225a-9,,,,",",fhir_organization,USA,,
NS_bf957cc2-a,,,,",",fhir_organization,USA,,
NS_4934aac7-a,,,,",",fhir_organization,USA,,
NS_be6cf138-8,,,,",",fhir_organization,USA,,
NS_65031ed5-a,,,,",",fhir_organization,USA,,
NS_542ea652-a,,,,",",fhir_organization,USA,,
NS_1fa54e3e-3,,,,",",fhir_organization,USA,,
NS_41611d9f-6,,,,",",fhir_organization,USA,,
NS_60b0eb52-e,,,,",",fhir_organization,USA,,
NS_01f336d8-2,,,,",",fhir_organization,USA,,
NS_c88e202a-a,,,,",",fhir_organization,USA,,
NS_fab48a75-7,,,,",",fhir_organization,USA,,
NS_b99aa2ce-0,,,,",",fhir_organization,USA,,
NS_42e801de-2,,,,",",fhir_organization,USA,,
NS_aa7bcea6-4,,,,",",fhir_organization,USA,,
NS_d79e0fef-d,,,,",",fhir_organization,USA,,
NS_6bacb689-b,,,,",",fhir_organization,USA,,
NS_55acd5dc-6,,,,",",fhir_organization,USA,,
NS_99a22f9d-9,,,,",",fhir_organization,USA,,
NS_68e83f81-9,,,,",",fhir_organization,USA,,
NS_8c3c890b-2,,,,",",fhir_organization,USA,,
NS_61654947-9,,,,",",fhir_organization,USA,,
NS_d84ad9ab-c,,,,",",fhir_organization,USA,,
NS_f2aba253-b,,,,",",fhir_organization,USA,,
NS_e7a0f4ef-d,,,,",",fhir_organization,USA,,
NS_78dc1f5a-e,,,,",",fhir_organization,USA,,
NS_dd103a95-0,,,,",",fhir_organization,USA,,
NS_4eba6705-b,,,,",",fhir_organization,USA,,
NS_82df6b76-d,,,,",",fhir_organization,USA,,
NS_59f21d5c-d,,,,",",fhir_organization,USA,,
NS_2a2dd646-c,,,,",",fhir_organization,USA,,
NS_e1c121b9-e,,,,",",fhir_organization,USA,,
NS_b956f6f9-6,,,,",",fhir_organization,USA,,
NS_92bd8762-d,,,,",",fhir_organization,USA,,
NS_5b9ceb4d-3,,,,",",fhir_organization,USA,,
NS_b198ed7c-c,,,,",",fhir_organization,USA,,
NS_bdc8b084-3,,,,",",fhir_organization,USA,,
NS_6f3e3bdb-f,,,,",",fhir_organization,USA,,
NS_4f46dd6e-6,,,,",",fhir_organization,USA,,
NS_0f8f3105-4,,,,",",fhir_organization,USA,,
NS_e7ca3a8e-2,,,,",",fhir_organization,USA,,
NS_0e1b4417-5,,,,",",fhir_organization,USA,,
NS_756982ad-7,,,,",",fhir_organization,USA,,
NS_53aa443a-1,,,,",",fhir_organization,USA,,
NS_73f57d06-4,,,,",",fhir_organization,USA,,
NS_2914d901-3,,,,",",fhir_organization,USA,,
NS_29b9d85d-c,,,,",",fhir_organization,USA,,
NS_37720f5d-2,,,,",",fhir_organization,USA,,
NS_88682416-2,,,,",",fhir_organization,USA,,
NS_e20d594e-1,,,,",",fhir_organization,USA,,
NS_3c3a6ed9-8,,,,",",fhir_organization,USA,,
NS_2652e5ab-8,,,,",",fhir_organization,USA,,
NS_763ee922-6,,,,",",fhir_organization,USA,,
NS_7a116be4-e,,,,",",fhir_organization,USA,,
NS_01ec7ad8-1,,,,",",fhir_organization,USA,,
NS_4843cb3f-1,,,,",",fhir_organization,USA,,
NS_869b0207-4,,,,",",fhir_organization,USA,,
NS_6526acb3-1,,,,",",fhir_organization,USA,,
NS_15ea8ad3-2,,,,",",fhir_organization,USA,,
NS_db805bc2-a,,,,",",fhir_organization,USA,,
NS_f7bc6dbd-9,,,,",",fhir_organization,USA,,
NS_bc483025-0,,,,",",fhir_organization,USA,,
NS_f25d3cc8-e,,,,",",fhir_organization,USA,,
NS_d6a44c86-c,,,,",",fhir_organization,USA,,
NS_66b74e6e-4,,,,",",fhir_organization,USA,,
NS_a3f5e6e9-e,,,,",",fhir_organization,USA,,
NS_982ca114-0,,,,",",fhir_organization,USA,,
NS_18811675-7,,,,",",fhir_organization,USA,,
NS_0a72e99c-9,,,,",",fhir_organization,USA,,
NS_95830fb9-5,,,,",",fhir_organization,USA,,
NS_426c55fe-e,,,,",",fhir_organization,USA,,
NS_cc15233b-f,,,,",",fhir_organization,USA,,
NS_6fb29e77-8,,,,",",fhir_organization,USA,,
NS_74f9ae83-1,,,,",",fhir_organization,USA,,
NS_beee3b21-b,,,,",",fhir_organization,USA,,
NS_41b8a11d-d,,,,",",fhir_organization,USA,,
NS_60657058-c,,,,",",fhir_organization,USA,,
NS_4dc26972-6,,,,",",fhir_organization,USA,,
NS_b13655a2-e,,,,",",fhir_organization,USA,,
NS_0e887ddc-7,,,,",",fhir_organization,USA,,
NS_22028fcc-a,,,,",",fhir_organization,USA,,
NS_ef8a8c23-1,,,,",",fhir_organization,USA,,
NS_82e2b738-9,,,,",",fhir_organization,USA,,
NS_f9d2403d-3,,,,",",fhir_organization,USA,,
NS_be1ec8ac-b,,,,",",fhir_organization,USA,,
NS_9b9cc027-9,,,,",",fhir_organization,USA,,
NS_52582c31-a,,,,",",fhir_organization,USA,,
NS_7f703547-8,,,,",",fhir_organization,USA,,
NS_4fe1b5cc-3,,,,",",fhir_organization,USA,,
NS_e016a3b8-9,,,,",",fhir_organization,USA,,
NS_82a630ed-d,,,,",",fhir_organization,USA,,
NS_039c3114-1,,,,",",fhir_organization,USA,,
NS_15025c0d-e,,,,",",fhir_organization,USA,,
NS_3d8dac1d-9,,,,",",fhir_organization,USA,,
NS_cb89f2f1-8,,,,",",fhir_organization,USA,,
NS_a461aedd-f,,,,",",fhir_organization,USA,,
NS_764e0bc9-3,,,,",",fhir_organization,USA,,
NS_9f808513-8,,,,",",fhir_organization,USA,,
NS_a26651d7-d,,,,",",fhir_organization,USA,,
NS_283c63ca-a,,,,",",fhir_organization,USA,,
NS_6e7c1e80-f,,,,",",fhir_organization,USA,,
NS_60f3b516-f,,,,",",fhir_organization,USA,,
NS_378bd919-a,,,,",",fhir_organization,USA,,
NS_26a9fb60-8,,,,",",fhir_organization,USA,,
NS_de3d8857-1,,,,",",fhir_organization,USA,,
NS_d327abee-6,,,,",",fhir_organization,USA,,
NS_6574dee8-a,,,,",",fhir_organization,USA,,
NS_62315885-4,,,,",",fhir_organization,USA,,
NS_d0e35898-f,,,,",",fhir_organization,USA,,
NS_2f1ae907-3,,,,",",fhir_organization,USA,,
NS_67c14a4b-b,,,,",",fhir_organization,USA,,
NS_8018e20c-6,,,,",",fhir_organization,USA,,
NS_d2c11e33-8,,,,",",fhir_organization,USA,,
NS_f951bbfc-3,,,,",",fhir_organization,USA,,
NS_b2e8d2a0-2,,,,",",fhir_organization,USA,,
NS_76f4c121-7,,,,",",fhir_organization,USA,,
NS_b0c4549c-3,,,,",",fhir_organization,USA,,
NS_c244a00f-5,,,,",",fhir_organization,USA,,
NS_17af1c2a-2,,,,",",fhir_organization,USA,,
NS_2f0a32a2-5,,,,",",fhir_organization,USA,,
NS_b35b0f24-7,,,,",",fhir_organization,USA,,
NS_a9ed30da-2,,,,",",fhir_organization,USA,,
NS_6cc89f39-0,,,,",",fhir_organization,USA,,
NS_adfdc5a9-e,,,,",",fhir_organization,USA,,
NS_b5b0c8c2-8,,,,",",fhir_organization,USA,,
NS_6058d66a-8,,,,",",fhir_organization,USA,,
NS_c824f634-e,,,,",",fhir_organization,USA,,
NS_9a3087d8-d,,,,",",fhir_organization,USA,,
NS_48a2a319-7,,,,",",fhir_organization,USA,,
NS_ee8a33cf-7,,,,",",fhir_organization,USA,,
NS_c87aa475-3,,,,",",fhir_organization,USA,,
NS_c785152d-e,,,,",",fhir_organization,USA,,
NS_ee59445d-5,,,,",",fhir_organization,USA,,
NS_22c88df3-3,,,,",",fhir_organization,USA,,
NS_6327df4d-d,,,,",",fhir_organization,USA,,
NS_2f9c3b3f-1,,,,",",fhir_organization,USA,,
NS_e6f83aac-2,,,,",",fhir_organization,USA,,
NS_e3767ebc-7,,,,",",fhir_organization,USA,,
NS_5571cd82-4,,,,",",fhir_organization,USA,,
NS_fcd63aa7-1,,,,",",fhir_organization,USA,,
NS_e618e6fd-5,,,,",",fhir_organization,USA,,
NS_796c4440-d,,,,",",fhir_organization,USA,,
NS_f0ff7128-b,,,,",",fhir_organization,USA,,
NS_2a64052a-5,,,,",",fhir_organization,USA,,
NS_f2b27a2c-1,,,,",",fhir_organization,USA,,
NS_13102a79-f,,,,",",fhir_organization,USA,,
NS_ee8e162c-0,,,,",",fhir_organization,USA,,
NS_4cb23f56-4,,,,",",fhir_organization,USA,,
NS_3ed846bd-c,,,,",",fhir_organization,USA,,
NS_0c5af841-3,,,,",",fhir_organization,USA,,
NS_77694938-9,,,,",",fhir_organization,USA,,
NS_40cd8c8a-4,,,,",",fhir_organization,USA,,
NS_d9889029-0,,,,",",fhir_organization,USA,,
NS_174dc018-d,,,,",",fhir_organization,USA,,
NS_14dca5d8-7,,,,",",fhir_organization,USA,,
NS_efbd95be-9,,,,",",fhir_organization,USA,,
NS_5167b68e-f,,,,",",fhir_organization,USA,,
NS_0f9c86cf-9,,,,",",fhir_organization,USA,,
NS_4ae585f6-2,,,,",",fhir_organization,USA,,
NS_66e9bfba-0,,,,",",fhir_organization,USA,,
NS_18484806-a,,,,",",fhir_organization,USA,,
NS_b7dae808-6,,,,",",fhir_organization,USA,,
NS_f1366786-6,,,,",",fhir_organization,USA,,
NS_70b303ac-d,,,,",",fhir_organization,USA,,
NS_4ceac997-d,,,,",",fhir_organization,USA,,
NS_80d47bb4-e,,,,",",fhir_organization,USA,,
NS_69d962f4-d,,,,",",fhir_organization,USA,,
NS_5d9254c1-d,,,,",",fhir_organization,USA,,
NS_6b9e0c92-d,,,,",",fhir_organization,USA,,
NS_dac8b7cb-0,,,,",",fhir_organization,USA,,
NS_1c1f17a5-d,,,,",",fhir_organization,USA,,
NS_1186ad63-f,,,,",",fhir_organization,USA,,
NS_92f25bbb-3,,,,",",fhir_organization,USA,,
NS_cb23b8f3-f,,,,",",fhir_organization,USA,,
NS_d794891d-3,,,,",",fhir_organization,USA,,
NS_e4568bd2-1,,,,",",fhir_organization,USA,,
NS_de1bf7af-1,,,,",",fhir_organization,USA,,
NS_4362d0d4-b,,,,",",fhir_organization,USA,,
NS_d9304612-d,,,,",",fhir_organization,USA,,
NS_697bb5f4-7,,,,",",fhir_organization,USA,,
NS_ed8a5716-b,,,,",",fhir_organization,USA,,
NS_87836313-7,,,,",",fhir_organization,USA,,
NS_8a240cfb-d,,,,",",fhir_organization,USA,,
NS_86e2e4ab-1,,,,",",fhir_organization,USA,,
NS_53e18b52-a,,,,",",fhir_organization,USA,,
NS_7e682c11-7,,,,",",fhir_organization,USA,,
NS_f091d1af-6,,,,",",fhir_organization,USA,,
NS_c9b83ad2-b,,,,",",fhir_organization,USA,,
NS_a55e799f-e,,,,",",fhir_organization,USA,,
NS_1895dad5-f,,,,",",fhir_organization,USA,,
NS_8270bf99-d,,,,",",fhir_organization,USA,,
NS_691c5165-7,,,,",",fhir_organization,USA,,
NS_60776bc6-2,,,,",",fhir_organization,USA,,
NS_c294e25e-4,,,,",",fhir_organization,USA,,
NS_d0c80e76-5,,,,",",fhir_organization,USA,,
NS_87934fa6-9,,,,",",fhir_organization,USA,,
NS_3c704191-9,,,,",",fhir_organization,USA,,
NS_66cf02f9-c,,,,",",fhir_organization,USA,,
NS_a5db11f2-2,,,,",",fhir_organization,USA,,
NS_c600e928-8,,,,",",fhir_organization,USA,,
NS_c6c49da7-7,,,,",",fhir_organization,USA,,
NS_93444a43-2,,,,",",fhir_organization,USA,,
NS_7fcf3491-b,,,,",",fhir_organization,USA,,
NS_7a0fd7b1-5,,,,",",fhir_organization,USA,,
NS_31f3f13c-9,,,,",",fhir_organization,USA,,
NS_22ec760e-3,,,,",",fhir_organization,USA,,
NS_694c717d-4,,,,",",fhir_organization,USA,,
NS_ad8054c7-7,,,,",",fhir_organization,USA,,
NS_c81826e4-6,,,,",",fhir_organization,USA,,
NS_6bd75b69-e,,,,",",fhir_organization,USA,,
NS_a6705062-c,,,,",",fhir_organization,USA,,
NS_9099a083-4,,,,",",fhir_organization,USA,,
NS_2812f87f-b,,,,",",fhir_organization,USA,,
NS_7c526bec-5,,,,",",fhir_organization,USA,,
NS_696ff404-d,,,,",",fhir_organization,USA,,
NS_0eeda69d-1,,,,",",fhir_organization,USA,,
NS_d7405a82-3,,,,",",fhir_organization,USA,,
NS_d33b8f8d-f,,,,",",fhir_organization,USA,,
NS_819415e7-7,,,,",",fhir_organization,USA,,
NS_5dabbb47-6,,,,",",fhir_organization,USA,,
NS_2c23a1df-7,,,,",",fhir_organization,USA,,
NS_a86c35c8-e,,,,",",fhir_organization,USA,,
NS_f2925cb5-7,,,,",",fhir_organization,USA,,
NS_748adb2e-1,,,,",",fhir_organization,USA,,
NS_9bd6d5dd-6,,,,",",fhir_organization,USA,,
NS_db6022c7-6,,,,",",fhir_organization,USA,,
NS_8eb7da5f-7,,,,",",fhir_organization,USA,,
NS_cf727b99-8,,,,",",fhir_organization,USA,,
NS_2dbf2461-2,,,,",",fhir_organization,USA,,
NS_38b8a97b-0,,,,",",fhir_organization,USA,,
NS_537bf2b9-d,,,,",",fhir_organization,USA,,
NS_bc04e401-f,,,,",",fhir_organization,USA,,
NS_a758a5e7-9,,,,",",fhir_organization,USA,,
NS_18aefa27-2,,,,",",fhir_organization,USA,,
NS_c7de6954-d,,,,",",fhir_organization,USA,,
NS_7295e97f-4,,,,",",fhir_organization,USA,,
NS_a99a6305-f,,,,",",fhir_organization,USA,,
NS_5e52b8e2-7,,,,",",fhir_organization,USA,,
NS_cedbd17c-2,,,,",",fhir_organization,USA,,
NS_52c943c4-6,,,,",",fhir_organization,USA,,
NS_eac454e8-c,,,,",",fhir_organization,USA,,
NS_af5f44ca-c,,,,",",fhir_organization,USA,,
NS_a8eb88dc-9,,,,",",fhir_organization,USA,,
NS_474e21d8-e,,,,",",fhir_organization,USA,,
NS_75ef27f1-2,,,,",",fhir_organization,USA,,
NS_50618217-e,,,,",",fhir_organization,USA,,
NS_0937fcd8-8,,,,",",fhir_organization,USA,,
NS_1874e15f-a,,,,",",fhir_organization,USA,,
NS_de92f5d4-4,,,,",",fhir_organization,USA,,
NS_a561bc6b-d,,,,",",fhir_organization,USA,,
NS_30dd87b2-5,,,,",",fhir_organization,USA,,
NS_799a2e69-1,,,,",",fhir_organization,USA,,
NS_66b56ce6-f,,,,",",fhir_organization,USA,,
NS_9b08b87b-5,,,,",",fhir_organization,USA,,
NS_3abe775d-5,,,,",",fhir_organization,USA,,
NS_9d5a9e02-6,,,,",",fhir_organization,USA,,
NS_d1456127-7,,,,",",fhir_organization,USA,,
NS_568b6293-4,,,,",",fhir_organization,USA,,
NS_7d546f8c-2,,,,",",fhir_organization,USA,,
NS_0ffb1178-e,,,,",",fhir_organization,USA,,
NS_019019e3-6,,,,",",fhir_organization,USA,,
NS_792f4c0a-0,,,,",",fhir_organization,USA,,
NS_54da585f-9,,,,",",fhir_organization,USA,,
NS_0d01c3e1-0,,,,",",fhir_organization,USA,,
NS_d62eed01-8,,,,",",fhir_organization,USA,,
NS_96d803d5-f,,,,",",fhir_organization,USA,,
NS_55f6d0bb-d,,,,",",fhir_organization,USA,,
NS_f641f408-8,,,,",",fhir_organization,USA,,
NS_44f750d4-c,,,,",",fhir_organization,USA,,
NS_5298ff51-7,,,,",",fhir_organization,USA,,
NS_ced9f7eb-4,,,,",",fhir_organization,USA,,
NS_7c63eb88-2,,,,",",fhir_organization,USA,,
NS_5ffbf7d5-4,,,,",",fhir_organization,USA,,
NS_4af3ba7a-c,,,,",",fhir_organization,USA,,
NS_9dec827c-e,,,,",",fhir_organization,USA,,
NS_0e35042e-f,,,,",",fhir_organization,USA,,
NS_3d3cc51b-a,,,,",",fhir_organization,USA,,
NS_835132b1-7,,,,",",fhir_organization,USA,,
NS_b188fe18-5,,,,",",fhir_organization,USA,,
NS_4f28602f-7,,,,",",fhir_organization,USA,,
NS_691fcd61-3,,,,",",fhir_organization,USA,,
NS_eb6d7f16-0,,,,",",fhir_organization,USA,,
NS_83e768f0-d,,,,",",fhir_organization,USA,,
NS_b91c2bb2-7,,,,",",fhir_organization,USA,,
NS_35187e60-e,,,,",",fhir_organization,USA,,
NS_1ed6e984-9,,,,",",fhir_organization,USA,,
NS_b6503971-3,,,,",",fhir_organization,USA,,
NS_80449fa6-e,,,,",",fhir_organization,USA,,
NS_a194cd9f-f,,,,",",fhir_organization,USA,,
NS_ff5d2910-c,,,,",",fhir_organization,USA,,
NS_c297b2db-f,,,,",",fhir_organization,USA,,
NS_d5c75d35-9,,,,",",fhir_organization,USA,,
NS_a8fbdce1-8,,,,",",fhir_organization,USA,,
NS_ce80b83d-4,,,,",",fhir_organization,USA,,
NS_a84f83c0-d,,,,",",fhir_organization,USA,,
NS_d110376e-2,,,,",",fhir_organization,USA,,
NS_f9b3b2bd-7,,,,",",fhir_organization,USA,,
NS_8bd64b79-8,,,,",",fhir_organization,USA,,
NS_6e57a2ac-c,,,,",",fhir_organization,USA,,
NS_400124e5-8,,,,",",fhir_organization,USA,,
NS_48ff310c-2,,,,",",fhir_organization,USA,,
NS_45de155d-d,,,,",",fhir_organization,USA,,
NS_1ac12bd4-5,,,,",",fhir_organization,USA,,
NS_894e4a84-a,,,,",",fhir_organization,USA,,
NS_f173da7b-2,,,,",",fhir_organization,USA,,
NS_d5824a1a-8,,,,",",fhir_organization,USA,,
NS_98893166-f,,,,",",fhir_organization,USA,,
NS_09ce9ac8-b,,,,",",fhir_organization,USA,,
NS_43a061ce-8,,,,",",fhir_organization,USA,,
NS_b58046e7-0,,,,",",fhir_organization,USA,,
NS_84afec08-3,,,,",",fhir_organization,USA,,
NS_0dcd03fc-1,,,,",",fhir_organization,USA,,
NS_ef8a8f0f-6,,,,",",fhir_organization,USA,,
NS_a1c3cdf1-a,,,,",",fhir_organization,USA,,
NS_f1c70a7b-d,,,,",",fhir_organization,USA,,
NS_cb5259b0-c,,,,",",fhir_organization,USA,,
NS_0b61bc37-f,,,,",",fhir_organization,USA,,
NS_c9aa559b-5,,,,",",fhir_organization,USA,,
NS_28997ce1-5,,,,",",fhir_organization,USA,,
NS_8fbaf267-5,,,,",",fhir_organization,USA,,
NS_75e5851f-b,,,,",",fhir_organization,USA,,
NS_1b036675-5,,,,",",fhir_organization,USA,,
NS_0f5e8555-2,,,,",",fhir_organization,USA,,
NS_0d5aea34-5,,,,",",fhir_organization,USA,,
NS_3d01a886-d,,,,",",fhir_organization,USA,,
NS_d0e82e13-b,,,,",",fhir_organization,USA,,
NS_173fc8a5-e,,,,",",fhir_organization,USA,,
NS_40b30eed-7,,,,",",fhir_organization,USA,,
NS_97c0605b-6,,,,",",fhir_organization,USA,,
NS_75d0b19e-f,,,,",",fhir_organization,USA,,
NS_5d69456e-8,,,,",",fhir_organization,USA,,
NS_f551c512-2,,,,",",fhir_organization,USA,,
NS_04b3ef6d-6,,,,",",fhir_organization,USA,,
NS_48f16abc-5,,,,",",fhir_organization,USA,,
NS_b0236bee-6,,,,",",fhir_organization,USA,,
NS_43b87910-1,,,,",",fhir_organization,USA,,
NS_f27324d8-1,,,,",",fhir_organization,USA,,
NS_19a92842-3,,,,",",fhir_organization,USA,,
NS_b40cfd78-9,,,,",",fhir_organization,USA,,
NS_2b2326a4-d,,,,",",fhir_organization,USA,,
NS_1b6dd5d8-8,,,,",",fhir_organization,USA,,
NS_dc83f23c-5,,,,",",fhir_organization,USA,,
NS_5faebc77-2,,,,",",fhir_organization,USA,,
NS_00e7de1c-e,,,,",",fhir_organization,USA,,
NS_60a541ce-3,,,,",",fhir_organization,USA,,
NS_bdb3f975-c,,,,",",fhir_organization,USA,,
NS_00e4d2c8-d,,,,",",fhir_organization,USA,,
NS_f1f4c0bf-c,,,,",",fhir_organization,USA,,
NS_f8852aee-8,,,,",",fhir_organization,USA,,
NS_6d07d0cd-f,,,,",",fhir_organization,USA,,
NS_b359bb9d-7,,,,",",fhir_organization,USA,,
NS_d328f6e6-f,,,,",",fhir_organization,USA,,
NS_47a51415-e,,,,",",fhir_organization,USA,,
NS_9e86592f-3,,,,",",fhir_organization,USA,,
NS_321102e4-a,,,,",",fhir_organization,USA,,
NS_0bb8af45-5,,,,",",fhir_organization,USA,,
NS_078f43c7-1,,,,",",fhir_organization,USA,,
NS_ed40f156-4,,,,",",fhir_organization,USA,,
NS_417bb427-6,,,,",",fhir_organization,USA,,
NS_dbb69bb7-6,,,,",",fhir_organization,USA,,
NS_81055bf8-7,,,,",",fhir_organization,USA,,
NS_f2fb0d12-d,,,,",",fhir_organization,USA,,
NS_0f9b0107-c,,,,",",fhir_organization,USA,,
NS_570b9164-a,,,,",",fhir_organization,USA,,
NS_29c79518-b,,,,",",fhir_organization,USA,,
NS_e8e707be-8,,,,",",fhir_organization,USA,,
NS_defac706-a,,,,",",fhir_organization,USA,,
NS_74f4d924-3,,,,",",fhir_organization,USA,,
NS_dab5729c-b,,,,",",fhir_organization,USA,,
NS_1eb5e6fe-8,,,,",",fhir_organization,USA,,
NS_9eb9005b-3,,,,",",fhir_organization,USA,,
NS_79034e64-c,,,,",",fhir_organization,USA,,
NS_a34ef5fa-a,,,,",",fhir_organization,USA,,
NS_745106cd-f,,,,",",fhir_organization,USA,,
NS_bf90be12-a,,,,",",fhir_organization,USA,,
NS_cb254776-7,,,,",",fhir_organization,USA,,
NS_cd72e03b-f,,,,",",fhir_organization,USA,,
NS_10b60c81-1,,,,",",fhir_organization,USA,,
NS_084918da-9,,,,",",fhir_organization,USA,,
NS_b4889566-6,,,,",",fhir_organization,USA,,
NS_42fecbe1-1,,,,",",fhir_organization,USA,,
NS_9dba569a-1,,,,",",fhir_organization,USA,,
NS_0cb8ca74-1,,,,",",fhir_organization,USA,,
NS_897c41aa-7,,,,",",fhir_organization,USA,,
NS_7077882f-5,,,,",",fhir_organization,USA,,
NS_1c0509dc-d,,,,",",fhir_organization,USA,,
NS_4c44afa3-7,,,,",",fhir_organization,USA,,
NS_4dbf5e16-8,,,,",",fhir_organization,USA,,
NS_994f37aa-5,,,,",",fhir_organization,USA,,
NS_2b418e1e-9,,,,",",fhir_organization,USA,,
NS_da61679b-e,,,,",",fhir_organization,USA,,
NS_480f94de-3,,,,",",fhir_organization,USA,,
NS_31d01fca-6,,,,",",fhir_organization,USA,,
NS_5b371519-7,,,,",",fhir_organization,USA,,
NS_a814b203-e,,,,",",fhir_organization,USA,,
NS_aff45fed-8,,,,",",fhir_organization,USA,,
NS_b29361a3-c,,,,",",fhir_organization,USA,,
NS_9c4a89e7-2,,,,",",fhir_organization,USA,,
NS_c76262ea-6,,,,",",fhir_organization,USA,,
NS_184f6303-a,,,,",",fhir_organization,USA,,
NS_8b8b1283-e,,,,",",fhir_organization,USA,,
NS_7b3d8ca0-e,,,,",",fhir_organization,USA,,
NS_4a91d96c-1,,,,",",fhir_organization,USA,,
NS_2738bda5-8,,,,",",fhir_organization,USA,,
NS_84ba3508-a,,,,",",fhir_organization,USA,,
NS_6de4d123-1,,,,",",fhir_organization,USA,,
NS_75be939b-6,,,,",",fhir_organization,USA,,
NS_c44a3dcb-b,,,,",",fhir_organization,USA,,
NS_ad18306c-4,,,,",",fhir_organization,USA,,
NS_1e5ac3b2-f,,,,",",fhir_organization,USA,,
NS_4f2d422d-7,,,,",",fhir_organization,USA,,
NS_8e3cbb56-3,,,,",",fhir_organization,USA,,
NS_01c5c07c-8,,,,",",fhir_organization,USA,,
NS_2457ac28-8,,,,",",fhir_organization,USA,,
NS_9fbcf47a-0,,,,",",fhir_organization,USA,,
NS_1ed87d97-0,,,,",",fhir_organization,USA,,
NS_6a1fe24a-5,,,,",",fhir_organization,USA,,
NS_d1fd91fd-0,,,,",",fhir_organization,USA,,
NS_03e044fc-d,,,,",",fhir_organization,USA,,
NS_e7f11cba-3,,,,",",fhir_organization,USA,,
NS_e4b9a3e6-1,,,,",",fhir_organization,USA,,
NS_fae00a68-0,,,,",",fhir_organization,USA,,
NS_1d4ec1b2-5,,,,",",fhir_organization,USA,,
NS_01978d27-1,,,,",",fhir_organization,USA,,
NS_ac345dfa-f,,,,",",fhir_organization,USA,,
NS_00eecd31-d,,,,",",fhir_organization,USA,,
NS_c8d370db-c,,,,",",fhir_organization,USA,,
NS_289fbcdf-d,,,,",",fhir_organization,USA,,
NS_b790f44c-3,,,,",",fhir_organization,USA,,
NS_69c7c3b2-9,,,,",",fhir_organization,USA,,
NS_d414b7a0-3,,,,",",fhir_organization,USA,,
NS_76711ba6-9,,,,",",fhir_organization,USA,,
NS_952936cf-b,,,,",",fhir_organization,USA,,
NS_5fa2af35-8,,,,",",fhir_organization,USA,,
NS_a35e1467-6,,,,",",fhir_organization,USA,,
NS_9655c9d6-3,,,,",",fhir_organization,USA,,
NS_afd19482-8,,,,",",fhir_organization,USA,,
NS_f0a6acf2-c,,,,",",fhir_organization,USA,,
NS_d9d4314d-8,,,,",",fhir_organization,USA,,
NS_967f4db7-f,,,,",",fhir_organization,USA,,
NS_ea2646db-7,,,,",",fhir_organization,USA,,
NS_8811b5ec-d,,,,",",fhir_organization,USA,,
NS_97f2b0ec-a,,,,",",fhir_organization,USA,,
NS_53ac6525-3,,,,",",fhir_organization,USA,,
NS_17eb47e5-b,,,,",",fhir_organization,USA,,
NS_6e6b545c-d,,,,",",fhir_organization,USA,,
NS_e71f7aba-1,,,,",",fhir_organization,USA,,
NS_a8cd01c2-d,,,,",",fhir_organization,USA,,
NS_b2d1d238-1,,,,",",fhir_organization,USA,,
NS_0694d4b1-2,,,,",",fhir_organization,USA,,
NS_57b71e64-3,,,,",",fhir_organization,USA,,
NS_27692281-8,,,,",",fhir_organization,USA,,
NS_803ce8cd-b,,,,",",fhir_organization,USA,,
NS_67c519c4-c,,,,",",fhir_organization,USA,,
NS_36b4d318-5,,,,",",fhir_organization,USA,,
NS_4f3fbd60-a,,,,",",fhir_organization,USA,,
NS_c674b3f7-4,,,,",",fhir_organization,USA,,
NS_d9f4c729-d,,,,",",fhir_organization,USA,,
NS_04103dd2-6,,,,",",fhir_organization,USA,,
NS_f6a47f01-a,,,,",",fhir_organization,USA,,
NS_1759233e-b,,,,",",fhir_organization,USA,,
NS_531c2a50-3,,,,",",fhir_organization,USA,,
NS_76500898-4,,,,",",fhir_organization,USA,,
NS_005cefa3-b,,,,",",fhir_organization,USA,,
NS_39c44a07-0,,,,",",fhir_organization,USA,,
NS_58cd46b1-f,,,,",",fhir_organization,USA,,
NS_6013784b-9,,,,",",fhir_organization,USA,,
NS_d89694bf-3,,,,",",fhir_organization,USA,,
NS_f308c2c5-7,,,,",",fhir_organization,USA,,
NS_dbaada52-e,,,,",",fhir_organization,USA,,
NS_2795ee5a-f,,,,",",fhir_organization,USA,,
NS_6f1907d7-8,,,,",",fhir_organization,USA,,
NS_f1ba0083-8,,,,",",fhir_organization,USA,,
NS_434be2ac-a,,,,",",fhir_organization,USA,,
NS_1aaef272-8,,,,",",fhir_organization,USA,,
NS_156bff1c-b,,,,",",fhir_organization,USA,,
NS_a6ebbb52-f,,,,",",fhir_organization,USA,,
NS_06d60db1-5,,,,",",fhir_organization,USA,,
NS_8bcf609c-6,,,,",",fhir_organization,USA,,
NS_74c8ce36-5,,,,",",fhir_organization,USA,,
NS_f81ed0f1-b,,,,",",fhir_organization,USA,,
NS_875a49b5-a,,,,",",fhir_organization,USA,,
NS_07993ebd-7,,,,",",fhir_organization,USA,,
NS_72def822-5,,,,",",fhir_organization,USA,,
NS_5c72c6f4-b,,,,",",fhir_organization,USA,,
NS_1f083d1c-6,,,,",",fhir_organization,USA,,
NS_34eed842-8,,,,",",fhir_organization,USA,,
NS_8d0b92d0-b,,,,",",fhir_organization,USA,,
NS_23768668-7,,,,",",fhir_organization,USA,,
NS_c144addf-3,,,,",",fhir_organization,USA,,
NS_ca806df8-6,,,,",",fhir_organization,USA,,
NS_3addb563-9,,,,",",fhir_organization,USA,,
NS_fbda2a54-9,,,,",",fhir_organization,USA,,
NS_a26b9450-c,,,,",",fhir_organization,USA,,
NS_e1bb15f5-e,,,,",",fhir_organization,USA,,
NS_e103906a-2,,,,",",fhir_organization,USA,,
NS_4adc4d39-4,,,,",",fhir_organization,USA,,
NS_bdc752f9-0,,,,",",fhir_organization,USA,,
NS_792f146e-e,,,,",",fhir_organization,USA,,
NS_cbb66b71-1,,,,",",fhir_organization,USA,,
NS_ec1c2025-0,,,,",",fhir_organization,USA,,
NS_e3a52bd0-5,,,,",",fhir_organization,USA,,
NS_93303f95-0,,,,",",fhir_organization,USA,,
NS_416abacd-b,,,,",",fhir_organization,USA,,
NS_caa75e3f-7,,,,",",fhir_organization,USA,,
NS_bc941236-3,,,,",",fhir_organization,USA,,
NS_a513af58-b,,,,",",fhir_organization,USA,,
NS_79f2d6ee-7,,,,",",fhir_organization,USA,,
NS_1f785518-a,,,,",",fhir_organization,USA,,
NS_6211c18a-b,,,,",",fhir_organization,USA,,
NS_a997856d-b,,,,",",fhir_organization,USA,,
NS_e1eeec14-b,,,,",",fhir_organization,USA,,
NS_f6c71765-e,,,,",",fhir_organization,USA,,
NS_e200b698-c,,,,",",fhir_organization,USA,,
NS_09c3fdf2-8,,,,",",fhir_organization,USA,,
NS_ec3160e7-1,,,,",",fhir_organization,USA,,
NS_970b13e4-4,,,,",",fhir_organization,USA,,
NS_3693e22b-c,,,,",",fhir_organization,USA,,
NS_0bcd0d88-5,,,,",",fhir_organization,USA,,
NS_6226e1de-6,,,,",",fhir_organization,USA,,
NS_bdbe2ec0-b,,,,",",fhir_organization,USA,,
NS_b331dee7-a,,,,",",fhir_organization,USA,,
NS_c1a0eb25-2,,,,",",fhir_organization,USA,,
NS_d66db912-6,,,,",",fhir_organization,USA,,
NS_ab9ebeaf-2,,,,",",fhir_organization,USA,,
NS_09d3e6c4-a,,,,",",fhir_organization,USA,,
NS_7865e66b-f,,,,",",fhir_organization,USA,,
NS_80d054d8-9,,,,",",fhir_organization,USA,,
NS_6154c92e-9,,,,",",fhir_organization,USA,,
NS_b9ef15b2-3,,,,",",fhir_organization,USA,,
NS_dee2ed8f-c,,,,",",fhir_organization,USA,,
NS_275ba24d-3,,,,",",fhir_organization,USA,,
NS_6d6927f0-1,,,,",",fhir_organization,USA,,
NS_c1228df0-4,,,,",",fhir_organization,USA,,
NS_0b018fe1-5,,,,",",fhir_organization,USA,,
NS_66e639db-3,,,,",",fhir_organization,USA,,
NS_e0d3c982-4,,,,",",fhir_organization,USA,,
NS_3c62bdbb-5,,,,",",fhir_organization,USA,,
NS_ef74782b-b,,,,",",fhir_organization,USA,,
NS_1f28b88e-7,,,,",",fhir_organization,USA,,
NS_fcab0b6d-f,,,,",",fhir_organization,USA,,
NS_a16d3bc8-2,,,,",",fhir_organization,USA,,
NS_bb507f1f-1,,,,",",fhir_organization,USA,,
NS_8bf31b2b-3,,,,",",fhir_organization,USA,,
NS_26fea6eb-1,,,,",",fhir_organization,USA,,
NS_d19e36d4-2,,,,",",fhir_organization,USA,,
NS_4c7ba263-f,,,,",",fhir_organization,USA,,
NS_820366ae-4,,,,",",fhir_organization,USA,,
NS_6adf0edb-5,,,,",",fhir_organization,USA,,
NS_de1d1558-0,,,,",",fhir_organization,USA,,
NS_1df15137-8,,,,",",fhir_organization,USA,,
NS_22826101-a,,,,",",fhir_organization,USA,,
NS_b38a56d2-a,,,,",",fhir_organization,USA,,
NS_d9e96ab4-e,,,,",",fhir_organization,USA,,
NS_5f3ada82-b,,,,",",fhir_organization,USA,,
NS_0528da4a-b,,,,",",fhir_organization,USA,,
NS_e40855be-4,,,,",",fhir_organization,USA,,
NS_9ae82d65-d,,,,",",fhir_organization,USA,,
NS_15cf1729-f,,,,",",fhir_organization,USA,,
NS_eed29bc8-a,,,,",",fhir_organization,USA,,
NS_9ddcf09f-e,,,,",",fhir_organization,USA,,
NS_2044c8e9-a,,,,",",fhir_organization,USA,,
NS_0bfc13b8-7,,,,",",fhir_organization,USA,,
NS_de05dee6-6,,,,",",fhir_organization,USA,,
NS_954e53e4-e,,,,",",fhir_organization,USA,,
NS_4578c65a-c,,,,",",fhir_organization,USA,,
NS_961647dc-8,,,,",",fhir_organization,USA,,
NS_b64a8096-2,,,,",",fhir_organization,USA,,
NS_a8ee19f6-a,,,,",",fhir_organization,USA,,
NS_607a9843-a,,,,",",fhir_organization,USA,,
NS_98a61c14-2,,,,",",fhir_organization,USA,,
NS_a240dd0c-d,,,,",",fhir_organization,USA,,
NS_b8d02783-1,,,,",",fhir_organization,USA,,
NS_1512f600-f,,,,",",fhir_organization,USA,,
NS_bfa1614c-d,,,,",",fhir_organization,USA,,
NS_42025ffa-0,,,,",",fhir_organization,USA,,
NS_26f388c5-d,,,,",",fhir_organization,USA,,
NS_6c8650d1-0,,,,",",fhir_organization,USA,,
NS_b90a820f-c,,,,",",fhir_organization,USA,,
NS_5a4962b6-6,,,,",",fhir_organization,USA,,
NS_7eb2d1bb-9,,,,",",fhir_organization,USA,,
NS_89ca65de-0,,,,",",fhir_organization,USA,,
NS_159aaba6-c,,,,",",fhir_organization,USA,,
NS_f5caf6c7-d,,,,",",fhir_organization,USA,,
NS_ed197636-8,,,,",",fhir_organization,USA,,
NS_e31e18f1-4,,,,",",fhir_organization,USA,,
NS_5b94dbbb-c,,,,",",fhir_organization,USA,,
NS_d0868712-9,,,,",",fhir_organization,USA,,
NS_66e1b015-d,,,,",",fhir_organization,USA,,
NS_914a69a4-c,,,,",",fhir_organization,USA,,
NS_48cd24eb-4,,,,",",fhir_organization,USA,,
NS_55b17269-7,,,,",",fhir_organization,USA,,
NS_a74b6bb9-3,,,,",",fhir_organization,USA,,
NS_a07c86af-e,,,,",",fhir_organization,USA,,
NS_28f6ff31-1,,,,",",fhir_organization,USA,,
NS_fc323910-b,,,,",",fhir_organization,USA,,
NS_571f878b-b,,,,",",fhir_organization,USA,,
NS_4d18c5c1-5,,,,",",fhir_organization,USA,,
NS_b3d3e290-6,,,,",",fhir_organization,USA,,
NS_398b02b5-7,,,,",",fhir_organization,USA,,
NS_c270547c-5,,,,",",fhir_organization,USA,,
NS_43d40d4f-4,,,,",",fhir_organization,USA,,
NS_6f4f6f15-9,,,,",",fhir_organization,USA,,
NS_528eba69-a,,,,",",fhir_organization,USA,,
NS_633c0e06-4,,,,",",fhir_organization,USA,,
NS_2ad53164-a,,,,",",fhir_organization,USA,,
NS_51d046d7-8,,,,",",fhir_organization,USA,,
NS_8f7fb24e-1,,,,",",fhir_organization,USA,,
NS_711de8fd-c,,,,",",fhir_organization,USA,,
NS_daee6048-f,,,,",",fhir_organization,USA,,
NS_0b364dd5-d,,,,",",fhir_organization,USA,,
NS_4db99d76-b,,,,",",fhir_organization,USA,,
NS_443b7ce2-a,,,,",",fhir_organization,USA,,
NS_ac8efad9-1,,,,",",fhir_organization,USA,,
NS_003a1582-e,,,,",",fhir_organization,USA,,
NS_014204af-1,,,,",",fhir_organization,USA,,
NS_2f862b19-9,,,,",",fhir_organization,USA,,
NS_ffce8fb4-4,,,,",",fhir_organization,USA,,
NS_98ce4e51-b,,,,",",fhir_organization,USA,,
NS_033af5b6-c,,,,",",fhir_organization,USA,,
NS_840f7e9b-3,,,,",",fhir_organization,USA,,
NS_ee35034b-5,,,,",",fhir_organization,USA,,
NS_cca4dfa5-0,,,,",",fhir_organization,USA,,
NS_dcf74f59-9,,,,",",fhir_organization,USA,,
NS_cbf4ff1c-f,,,,",",fhir_organization,USA,,
NS_f3611b64-e,,,,",",fhir_organization,USA,,
NS_3b90424b-1,,,,",",fhir_organization,USA,,
NS_26854d66-c,,,,",",fhir_organization,USA,,
NS_bb7e0f62-c,,,,",",fhir_organization,USA,,
NS_17f1a13e-9,,,,",",fhir_organization,USA,,
NS_5db77f90-0,,,,",",fhir_organization,USA,,
NS_fabc4bd0-2,,,,",",fhir_organization,USA,,
NS_cd097223-d,,,,",",fhir_organization,USA,,
NS_510f4a44-3,,,,",",fhir_organization,USA,,
NS_79989ff4-3,,,,",",fhir_organization,USA,,
NS_c7ff6f0e-0,,,,",",fhir_organization,USA,,
NS_2a79160b-b,,,,",",fhir_organization,USA,,
NS_f06f8632-1,,,,",",fhir_organization,USA,,
NS_370ad8f4-c,,,,",",fhir_organization,USA,,
NS_1254e383-6,,,,",",fhir_organization,USA,,
NS_a7e4999f-7,,,,",",fhir_organization,USA,,
NS_8b05f24f-1,,,,",",fhir_organization,USA,,
NS_ff685a8e-f,,,,",",fhir_organization,USA,,
NS_6e01ff45-a,,,,",",fhir_organization,USA,,
NS_23556442-c,,,,",",fhir_organization,USA,,
NS_91d34c34-f,,,,",",fhir_organization,USA,,
NS_a7389450-1,,,,",",fhir_organization,USA,,
NS_7e3cfb0d-2,,,,",",fhir_organization,USA,,
NS_b17a0628-7,,,,",",fhir_organization,USA,,
NS_7b49cd40-d,,,,",",fhir_organization,USA,,
NS_ce0e43a8-c,,,,",",fhir_organization,USA,,
NS_36208a09-a,,,,",",fhir_organization,USA,,
NS_f07eabbe-e,,,,",",fhir_organization,USA,,
NS_b4c35c49-8,,,,",",fhir_organization,USA,,
NS_8dbfbdd7-2,,,,",",fhir_organization,USA,,
NS_911309e5-0,,,,",",fhir_organization,USA,,
NS_a6210de0-9,,,,",",fhir_organization,USA,,
NS_dd62040a-8,,,,",",fhir_organization,USA,,
NS_3b7a6408-2,,,,",",fhir_organization,USA,,
NS_1bd1cc19-a,,,,",",fhir_organization,USA,,
NS_0bfdd7e7-d,,,,",",fhir_organization,USA,,
NS_d711cb0a-c,,,,",",fhir_organization,USA,,
NS_9dae601f-2,,,,",",fhir_organization,USA,,
NS_179d4d37-3,,,,",",fhir_organization,USA,,
NS_2d2be96c-b,,,,",",fhir_organization,USA,,
NS_95b4f80c-b,,,,",",fhir_organization,USA,,
NS_97683e43-4,,,,",",fhir_organization,USA,,
NS_0eb0a454-e,,,,",",fhir_organization,USA,,
NS_df6f69bf-8,,,,",",fhir_organization,USA,,
NS_aa7e1a20-9,,,,",",fhir_organization,USA,,
NS_ef724367-8,,,,",",fhir_organization,USA,,
NS_9d536a21-3,,,,",",fhir_organization,USA,,
NS_5af1ce9d-e,,,,",",fhir_organization,USA,,
NS_2b88363f-a,,,,",",fhir_organization,USA,,
NS_83029c7b-c,,,,",",fhir_organization,USA,,
NS_6e5b86ac-d,,,,",",fhir_organization,USA,,
NS_fffce4ca-e,,,,",",fhir_organization,USA,,
NS_b64d5f3d-8,,,,",",fhir_organization,USA,,
NS_98e4086f-a,,,,",",fhir_organization,USA,,
NS_101f5b16-1,,,,",",fhir_organization,USA,,
NS_d76ffb82-8,,,,",",fhir_organization,USA,,
NS_7dd5758d-2,,,,",",fhir_organization,USA,,
NS_e06dbb82-6,,,,",",fhir_organization,USA,,
NS_da0c36c4-0,,,,",",fhir_organization,USA,,
NS_3ffb74ba-c,,,,",",fhir_organization,USA,,
NS_3fadeda9-5,,,,",",fhir_organization,USA,,
NS_020586bf-5,,,,",",fhir_organization,USA,,
NS_5ce7ba15-a,,,,",",fhir_organization,USA,,
NS_224bed5a-3,,,,",",fhir_organization,USA,,
NS_08c60022-e,,,,",",fhir_organization,USA,,
NS_32331f1e-9,,,,",",fhir_organization,USA,,
NS_ad14b17f-4,,,,",",fhir_organization,USA,,
NS_9a64a1f6-a,,,,",",fhir_organization,USA,,
NS_0130bde4-1,,,,",",fhir_organization,USA,,
NS_acb26667-4,,,,",",fhir_organization,USA,,
NS_592e88d2-7,,,,",",fhir_organization,USA,,
NS_4433ead0-4,,,,",",fhir_organization,USA,,
NS_456328bc-f,,,,",",fhir_organization,USA,,
NS_19c578bb-5,,,,",",fhir_organization,USA,,
NS_2aa2b4ec-5,,,,",",fhir_organization,USA,,
NS_6e892210-8,,,,",",fhir_organization,USA,,
NS_478df0ae-4,,,,",",fhir_organization,USA,,
NS_4682b55c-3,,,,",",fhir_organization,USA,,
NS_d9459b97-b,,,,",",fhir_organization,USA,,
NS_aec88ef0-5,,,,",",fhir_organization,USA,,
NS_70489f4d-9,,,,",",fhir_organization,USA,,
NS_181c314e-a,,,,",",fhir_organization,USA,,
NS_ba903405-c,,,,",",fhir_organization,USA,,
NS_58fbe3d4-b,,,,",",fhir_organization,USA,,
NS_3685b355-5,,,,",",fhir_organization,USA,,
NS_e26ea4ab-3,,,,",",fhir_organization,USA,,
NS_6d3a18ee-a,,,,",",fhir_organization,USA,,
NS_110048c2-f,,,,",",fhir_organization,USA,,
NS_970f90f6-a,,,,",",fhir_organization,USA,,
NS_ca9ed66b-0,,,,",",fhir_organization,USA,,
NS_b1d17bdf-d,,,,",",fhir_organization,USA,,
NS_60ac4231-f,,,,",",fhir_organization,USA,,
NS_1eb01f04-1,,,,",",fhir_organization,USA,,
NS_62839f2c-1,,,,",",fhir_organization,USA,,
NS_fa5c0acc-e,,,,",",fhir_organization,USA,,
NS_603f0e1a-b,,,,",",fhir_organization,USA,,
NS_164ae6bd-9,,,,",",fhir_organization,USA,,
NS_0189f8ce-f,,,,",",fhir_organization,USA,,
NS_0a42707d-5,,,,",",fhir_organization,USA,,
NS_4f114640-a,,,,",",fhir_organization,USA,,
NS_41bd85fb-2,,,,",",fhir_organization,USA,,
NS_cfe6cf98-a,,,,",",fhir_organization,USA,,
NS_b5b55f4e-8,,,,",",fhir_organization,USA,,
NS_5da51995-2,,,,",",fhir_organization,USA,,
NS_6c0b5958-c,,,,",",fhir_organization,USA,,
NS_42f91e31-3,,,,",",fhir_organization,USA,,
NS_fa0ffecf-d,,,,",",fhir_organization,USA,,
NS_0ff08ac0-f,,,,",",fhir_organization,USA,,
NS_c5e9a94f-1,,,,",",fhir_organization,USA,,
NS_d2345dc4-7,,,,",",fhir_organization,USA,,
NS_623996b8-5,,,,",",fhir_organization,USA,,
NS_bed243cf-4,,,,",",fhir_organization,USA,,
NS_7bb83eba-0,,,,",",fhir_organization,USA,,
NS_39df2649-4,,,,",",fhir_organization,USA,,
NS_ca3d8572-0,,,,",",fhir_organization,USA,,
NS_e50ddf9f-d,,,,",",fhir_organization,USA,,
NS_b816c6c1-8,,,,",",fhir_organization,USA,,
NS_5d844497-6,,,,",",fhir_organization,USA,,
NS_c2694f1a-5,,,,",",fhir_organization,USA,,
NS_17729b3e-7,,,,",",fhir_organization,USA,,
NS_fe3498e8-8,,,,",",fhir_organization,USA,,
NS_36b286a3-e,,,,",",fhir_organization,USA,,
NS_1d5ab8bb-8,,,,",",fhir_organization,USA,,
NS_1f082ec3-8,,,,",",fhir_organization,USA,,
NS_83f1a988-2,,,,",",fhir_organization,USA,,
NS_c6048f77-5,,,,",",fhir_organization,USA,,
NS_8916bea9-8,,,,",",fhir_organization,USA,,
NS_18908c44-a,,,,",",fhir_organization,USA,,
NS_7a76e273-0,,,,",",fhir_organization,USA,,
NS_e05c9947-f,,,,",",fhir_organization,USA,,
NS_2ad532fd-5,,,,",",fhir_organization,USA,,
NS_1a7831e4-3,,,,",",fhir_organization,USA,,
NS_efd33bf1-6,,,,",",fhir_organization,USA,,
NS_04cb62a8-f,,,,",",fhir_organization,USA,,
NS_31a3278d-3,,,,",",fhir_organization,USA,,
NS_8d705a3d-5,,,,",",fhir_organization,USA,,
NS_382b1726-e,,,,",",fhir_organization,USA,,
NS_c53c64d1-2,,,,",",fhir_organization,USA,,
NS_7629a770-0,,,,",",fhir_organization,USA,,
NS_41910fcd-3,,,,",",fhir_organization,USA,,
NS_48cb1a37-9,,,,",",fhir_organization,USA,,
NS_15ba2697-0,,,,",",fhir_organization,USA,,
NS_3a7b4a8e-7,,,,",",fhir_organization,USA,,
NS_e2b9faad-5,,,,",",fhir_organization,USA,,
NS_df8fcba3-f,,,,",",fhir_organization,USA,,
NS_ef58cb9e-e,,,,",",fhir_organization,USA,,
NS_8e194922-8,,,,",",fhir_organization,USA,,
NS_59efbf5c-2,,,,",",fhir_organization,USA,,
NS_55393289-8,,,,",",fhir_organization,USA,,
NS_1c97e195-0,,,,",",fhir_organization,USA,,
NS_1f22c338-2,,,,",",fhir_organization,USA,,
NS_2c669909-4,,,,",",fhir_organization,USA,,
NS_ccfb34ba-8,,,,",",fhir_organization,USA,,
NS_0218fa8b-e,,,,",",fhir_organization,USA,,
NS_6e893c05-b,,,,",",fhir_organization,USA,,
NS_ac0753f3-0,,,,",",fhir_organization,USA,,
NS_9bec5b95-b,,,,",",fhir_organization,USA,,
NS_47f1bdd5-8,,,,",",fhir_organization,USA,,
NS_f5ea6a06-d,,,,",",fhir_organization,USA,,
NS_4019d515-0,,,,",",fhir_organization,USA,,
NS_9994d054-5,,,,",",fhir_organization,USA,,
NS_dedb1612-d,,,,",",fhir_organization,USA,,
NS_7bae67c6-b,,,,",",fhir_organization,USA,,
NS_b66110f7-5,,,,",",fhir_organization,USA,,
NS_468c7c71-f,,,,",",fhir_organization,USA,,
NS_06bde664-a,,,,",",fhir_organization,USA,,
NS_754945d2-8,,,,",",fhir_organization,USA,,
NS_8095dd1d-f,,,,",",fhir_organization,,,
NS_9c3d1245-0,,,,",",fhir_organization,,,
NS_a3367dfc-4,,,,",",fhir_organization,,,
NS_880aa6a4-8,,,,",",fhir_organization,,,
NS_d5a0d398-c,,,,",",fhir_organization,,,
NS_2aee3613-5,,,,",",fhir_organization,,,
NS_f16320cf-8,,,,",",fhir_organization,,,
NS_62f32e4a-b,,,,",",fhir_organization,USA,,
NS_a677a696-e,,,,",",fhir_organization,USA,,
NS_f8659413-d,,,,",",fhir_organization,USA,,
NS_2ea4be50-9,,,,",",fhir_organization,USA,,
NS_fc60681c-4,,,,",",fhir_organization,USA,,
NS_4b04cd32-d,,,,",",fhir_organization,USA,,
NS_e76d9369-d,,,,",",fhir_organization,USA,,
NS_d4f4487c-b,,,,",",fhir_organization,USA,,
NS_dd08c6a0-6,,,,",",fhir_organization,USA,,
NS_5c036e1b-1,,,,",",fhir_organization,USA,,
NS_5eaaa48f-a,,,,",",fhir_organization,USA,,
NS_aaffd07b-9,,,,",",fhir_organization,USA,,
NS_06d80fe5-0,,,,",",fhir_organization,USA,,
NS_15d3fadb-9,,,,",",fhir_organization,USA,,
NS_14769f1d-2,,,,",",fhir_organization,USA,,
NS_52de4239-a,,,,",",fhir_organization,USA,,
NS_bfe89567-6,,,,",",fhir_organization,USA,,
NS_5a65f24c-4,,,,",",fhir_organization,USA,,
NS_b88ebd7d-2,,,,",",fhir_organization,USA,,
NS_ac86ea8c-c,,,,",",fhir_organization,USA,,
NS_17694bde-4,,,,",",fhir_organization,USA,,
NS_eaf227d6-7,,,,",",fhir_organization,USA,,
NS_9286a35b-b,,,,",",fhir_organization,USA,,
NS_971481b8-6,,,,",",fhir_organization,USA,,
NS_ce576dc9-5,,,,",",fhir_organization,USA,,
NS_45444f62-1,,,,",",fhir_organization,USA,,
NS_67106e79-b,,,,",",fhir_organization,USA,,
NS_c2609276-6,,,,",",fhir_organization,USA,,
NS_0a3c81b6-e,,,,",",fhir_organization,USA,,
NS_79aafbdc-5,,,,",",fhir_organization,USA,,
NS_3409023d-2,,,,",",fhir_organization,USA,,
NS_6bad1659-e,,,,",",fhir_organization,USA,,
NS_f30b3339-3,,,,",",fhir_organization,USA,,
NS_c6d1ac12-2,,,,",",fhir_organization,USA,,
NS_9b7b5121-3,,,,",",fhir_organization,USA,,
NS_3bc1ac02-3,,,,",",fhir_organization,USA,,
NS_82dde662-7,,,,",",fhir_organization,USA,,
NS_779a9068-e,,,,",",fhir_organization,USA,,
NS_bd96ef79-8,,,,",",fhir_organization,USA,,
NS_20d81efc-c,,,,",",fhir_organization,USA,,
NS_42773fea-7,,,,",",fhir_organization,USA,,
NS_5fffd70f-3,,,,",",fhir_organization,USA,,
NS_cc848e50-7,,,,",",fhir_organization,USA,,
NS_93636282-4,,,,",",fhir_organization,USA,,
NS_c2d533c1-6,,,,",",fhir_organization,USA,,
NS_87524e1a-9,,,,",",fhir_organization,USA,,
NS_7e437af4-2,,,,",",fhir_organization,USA,,
NS_696ebc2c-6,,,,",",fhir_organization,USA,,
NS_c57d5f4e-e,,,,",",fhir_organization,USA,,
NS_261c896c-e,,,,",",fhir_organization,USA,,
NS_4dffe4df-9,,,,",",fhir_organization,USA,,
NS_bbd1f5eb-e,,,,",",fhir_organization,USA,,
NS_efd6acb5-c,,,,",",fhir_organization,USA,,
NS_e98c3315-1,,,,",",fhir_organization,USA,,
NS_b3cc0a8a-c,,,,",",fhir_organization,USA,,
NS_61a643db-4,,,,",",fhir_organization,USA,,
NS_48a8a7ec-8,,,,",",fhir_organization,USA,,
NS_25dd0dd1-b,,,,",",fhir_organization,USA,,
NS_88621f81-a,,,,",",fhir_organization,USA,,
NS_b9e248ae-d,,,,",",fhir_organization,USA,,
NS_731ba42d-5,,,,",",fhir_organization,USA,,
NS_3d446f8a-e,,,,",",fhir_organization,USA,,
NS_4bee7eae-c,,,,",",fhir_organization,USA,,
NS_a4aaf1e6-a,,,,",",fhir_organization,USA,,
NS_1a6c51c2-7,,,,",",fhir_organization,USA,,
NS_e6eff05d-c,,,,",",fhir_organization,USA,,
NS_1b8e84f5-3,,,,",",fhir_organization,USA,,
NS_5b436bc8-0,,,,",",fhir_organization,USA,,
NS_94338c4d-f,,,,",",fhir_organization,USA,,
NS_5d184c5b-8,,,,",",fhir_organization,USA,,
NS_5c11a465-a,,,,",",fhir_organization,USA,,
NS_c3e2112e-d,,,,",",fhir_organization,USA,,
NS_ee7da110-0,,,,",",fhir_organization,USA,,
NS_1ba56cb4-5,,,,",",fhir_organization,USA,,
NS_f4e58c0b-9,,,,",",fhir_organization,USA,,
NS_22cc1eb9-1,,,,",",fhir_organization,USA,,
NS_c9780fe7-b,,,,",",fhir_organization,USA,,
NS_7037c4d0-1,,,,",",fhir_organization,USA,,
NS_203340dc-5,,,,",",fhir_organization,USA,,
NS_aec7d891-9,,,,",",fhir_organization,USA,,
NS_afeb8d35-5,,,,",",fhir_organization,USA,,
NS_49054cbd-4,,,,",",fhir_organization,USA,,
NS_2c4dff1e-2,,,,",",fhir_organization,USA,,
NS_46d2d482-5,,,,",",fhir_organization,USA,,
NS_bbaa522d-3,,,,",",fhir_organization,USA,,
NS_ec799905-7,,,,",",fhir_organization,USA,,
NS_18a3f5b3-4,,,,",",fhir_organization,USA,,
NS_1ae44252-9,,,,",",fhir_organization,USA,,
NS_dabe7eee-5,,,,",",fhir_organization,USA,,
NS_20d6d772-d,,,,",",fhir_organization,USA,,
NS_eed5a52c-9,,,,",",fhir_organization,USA,,
NS_ba1586c0-0,,,,",",fhir_organization,USA,,
NS_04aead83-a,,,,",",fhir_organization,USA,,
NS_ef19d400-d,,,,",",fhir_organization,USA,,
NS_31b4e75e-0,,,,",",fhir_organization,USA,,
NS_2db09ea7-b,,,,",",fhir_organization,USA,,
NS_738fc751-1,,,,",",fhir_organization,USA,,
NS_2b723cf8-3,,,,",",fhir_organization,USA,,
NS_c9c6dbf6-c,,,,",",fhir_organization,USA,,
NS_bd684c18-5,,,,",",fhir_organization,USA,,
NS_60f08823-b,,,,",",fhir_organization,USA,,
NS_0c5eb2c5-b,,,,",",fhir_organization,USA,,
NS_730a7e47-2,,,,",",fhir_organization,USA,,
NS_157c49f4-8,,,,",",fhir_organization,USA,,
NS_7a07efe7-c,,,,",",fhir_organization,USA,,
NS_d1ef10f3-d,,,,",",fhir_organization,USA,,
NS_50a49500-d,,,,",",fhir_organization,USA,,
NS_72a9e29a-0,,,,",",fhir_organization,USA,,
NS_68827c48-0,,,,",",fhir_organization,USA,,
NS_48f07611-a,,,,",",fhir_organization,USA,,
NS_94701234-a,,,,",",fhir_organization,USA,,
NS_3a43b5ab-5,,,,",",fhir_organization,USA,,
NS_31f0e2aa-2,,,,",",fhir_organization,USA,,
NS_a8942267-0,,,,",",fhir_organization,USA,,
NS_20b0e5c0-2,,,,",",fhir_organization,USA,,
NS_ce26283c-d,,,,",",fhir_organization,USA,,
NS_6fdd4287-0,,,,",",fhir_organization,USA,,
NS_56007dea-2,,,,",",fhir_organization,USA,,
NS_827b8094-5,,,,",",fhir_organization,USA,,
NS_6b9a581d-1,,,,",",fhir_organization,USA,,
NS_6138a701-6,,,,",",fhir_organization,USA,,
NS_e758c690-4,,,,",",fhir_organization,USA,,
NS_cff6357f-6,,,,",",fhir_organization,USA,,
NS_7881b43f-9,,,,",",fhir_organization,USA,,
NS_6f08ee53-9,,,,",",fhir_organization,USA,,
NS_678f3a84-b,,,,",",fhir_organization,USA,,
NS_378d9763-f,,,,",",fhir_organization,USA,,
NS_a2773f87-9,,,,",",fhir_organization,USA,,
NS_03381637-6,,,,",",fhir_organization,USA,,
NS_20ddb79c-3,,,,",",fhir_organization,USA,,
NS_bb4c58ff-1,,,,",",fhir_organization,USA,,
NS_e30415f4-6,,,,",",fhir_organization,USA,,
NS_8a4de9c6-9,,,,",",fhir_organization,USA,,
NS_3a2ec728-4,,,,",",fhir_organization,USA,,
NS_a2b2d51c-7,,,,",",fhir_organization,USA,,
NS_37f45e25-c,,,,",",fhir_organization,USA,,
NS_57fcbe14-5,,,,",",fhir_organization,USA,,
NS_d6c61b66-8,,,,",",fhir_organization,USA,,
NS_51385684-e,,,,",",fhir_organization,USA,,
NS_e6937631-e,,,,",",fhir_organization,USA,,
NS_4c7febd0-f,,,,",",fhir_organization,USA,,
NS_8221b619-4,,,,",",fhir_organization,USA,,
NS_d1845249-a,,,,",",fhir_organization,USA,,
NS_3598728b-5,,,,",",fhir_organization,USA,,
NS_fef3efaa-c,,,,",",fhir_organization,USA,,
NS_1e698c83-9,,,,",",fhir_organization,USA,,
NS_352b4335-0,,,,",",fhir_organization,USA,,
NS_7c1fa8b7-b,,,,",",fhir_organization,USA,,
NS_a8471684-3,,,,",",fhir_organization,USA,,
NS_9e70e54c-9,,,,",",fhir_organization,USA,,
NS_65c2668f-3,,,,",",fhir_organization,USA,,
NS_09ee1faa-8,,,,",",fhir_organization,USA,,
NS_c86afce8-4,,,,",",fhir_organization,USA,,
NS_69d4ab22-f,,,,",",fhir_organization,USA,,
NS_54b8f23a-7,,,,",",fhir_organization,USA,,
NS_4f7f645f-f,,,,",",fhir_organization,USA,,
NS_2d9b4f81-7,,,,",",fhir_organization,USA,,
NS_c40fe3f3-c,,,,",",fhir_organization,USA,,
NS_0a988b00-7,,,,",",fhir_organization,USA,,
NS_a03bea96-e,,,,",",fhir_organization,USA,,
NS_00cdda10-f,,,,",",fhir_organization,USA,,
NS_1165d263-0,,,,",",fhir_organization,USA,,
NS_10ccb880-1,,,,",",fhir_organization,USA,,
NS_ce2c32a4-2,,,,",",fhir_organization,USA,,
NS_3079ed7c-4,,,,",",fhir_organization,USA,,
NS_9dc0b245-1,,,,",",fhir_organization,USA,,
NS_930a56a7-8,,,,",",fhir_organization,USA,,
NS_9ac3d573-4,,,,",",fhir_organization,USA,,
NS_ec59bc41-1,,,,",",fhir_organization,USA,,
NS_87eaacdb-0,,,,",",fhir_organization,USA,,
NS_7807733a-1,,,,",",fhir_organization,USA,,
NS_252c55f6-7,,,,",",fhir_organization,USA,,
NS_e768dc47-2,,,,",",fhir_organization,USA,,
NS_ca7a16d8-e,,,,",",fhir_organization,USA,,
NS_6d722d26-3,,,,",",fhir_organization,USA,,
NS_7670385b-8,,,,",",fhir_organization,USA,,
NS_40dbd321-4,,,,",",fhir_organization,USA,,
NS_2233c763-c,,,,",",fhir_organization,USA,,
NS_60ae8994-a,,,,",",fhir_organization,USA,,
NS_7c995cb0-a,,,,",",fhir_organization,USA,,
NS_69d30b59-f,,,,",",fhir_organization,USA,,
NS_6c95542d-4,,,,",",fhir_organization,USA,,
NS_4eef35fc-2,,,,",",fhir_organization,USA,,
NS_5a0f7e07-9,,,,",",fhir_organization,USA,,
NS_196e87ec-5,,,,",",fhir_organization,USA,,
NS_072194b5-4,,,,",",fhir_organization,USA,,
NS_91fbe1e8-9,,,,",",fhir_organization,USA,,
NS_370114c4-b,,,,",",fhir_organization,USA,,
NS_606d6016-5,,,,",",fhir_organization,USA,,
NS_d99ec09a-6,,,,",",fhir_organization,USA,,
NS_710a27cb-3,,,,",",fhir_organization,USA,,
NS_8e4e2ace-c,,,,",",fhir_organization,USA,,
NS_f1751b74-7,,,,",",fhir_organization,USA,,
NS_5983daab-a,,,,",",fhir_organization,USA,,
NS_425250a4-c,,,,",",fhir_organization,USA,,
NS_44b5e208-7,,,,",",fhir_organization,USA,,
NS_f028f1e4-5,,,,",",fhir_organization,USA,,
NS_504a84c1-e,,,,",",fhir_organization,USA,,
NS_3bcb2fed-c,,,,",",fhir_organization,USA,,
NS_66a12bcd-a,,,,",",fhir_organization,USA,,
NS_09edda2b-4,,,,",",fhir_organization,USA,,
NS_e8448c83-3,,,,",",fhir_organization,USA,,
NS_6f76533d-2,,,,",",fhir_organization,USA,,
NS_7aa98503-d,,,,",",fhir_organization,USA,,
NS_a4b52e8f-e,,,,",",fhir_organization,USA,,
NS_5a942480-c,,,,",",fhir_organization,USA,,
NS_71a4b65f-2,,,,",",fhir_organization,USA,,
NS_b541b8a8-0,,,,",",fhir_organization,USA,,
NS_04adc802-d,,,,",",fhir_organization,USA,,
NS_126822c0-6,,,,",",fhir_organization,USA,,
NS_8a4c8a3b-5,,,,",",fhir_organization,USA,,
NS_d50b98af-2,,,,",",fhir_organization,USA,,
NS_f924963a-1,,,,",",fhir_organization,USA,,
NS_c01bb7eb-c,,,,",",fhir_organization,USA,,
NS_c84ae81a-1,,,,",",fhir_organization,USA,,
NS_a1eb4710-9,,,,",",fhir_organization,USA,,
NS_04230397-d,,,,",",fhir_organization,USA,,
NS_dc9ccacf-2,,,,",",fhir_organization,USA,,
NS_4fa9449f-5,,,,",",fhir_organization,USA,,
NS_e4a369fc-e,,,,",",fhir_organization,USA,,
NS_5dea5d4e-3,,,,",",fhir_organization,USA,,
NS_a4fe1a12-b,,,,",",fhir_organization,USA,,
NS_428ef7b8-7,,,,",",fhir_organization,USA,,
NS_8540944a-0,,,,",",fhir_organization,USA,,
NS_0495f0ae-e,,,,",",fhir_organization,USA,,
NS_624e2cf4-6,,,,",",fhir_organization,USA,,
NS_bd975bc2-e,,,,",",fhir_organization,USA,,
NS_84656d75-1,,,,",",fhir_organization,USA,,
NS_769a11f5-7,,,,",",fhir_organization,USA,,
NS_764704ee-5,,,,",",fhir_organization,USA,,
NS_d6a57bcb-b,,,,",",fhir_organization,USA,,
NS_4f022ce8-5,,,,",",fhir_organization,USA,,
NS_0d1ae1d6-4,,,,",",fhir_organization,USA,,
NS_43cc9c15-9,,,,",",fhir_organization,USA,,
NS_00c895eb-5,,,,",",fhir_organization,USA,,
NS_36dba36d-e,,,,",",fhir_organization,USA,,
NS_e421e4bc-5,,,,",",fhir_organization,USA,,
NS_b5333193-1,,,,",",fhir_organization,USA,,
NS_a5f50265-c,,,,",",fhir_organization,USA,,
NS_e5a7dd81-a,,,,",",fhir_organization,USA,,
NS_b9a1b2a7-3,,,,",",fhir_organization,USA,,
NS_7cc8f803-c,,,,",",fhir_organization,USA,,
NS_d38b63bf-0,,,,",",fhir_organization,USA,,
NS_2969865f-e,,,,",",fhir_organization,USA,,
NS_4ea6d41b-b,,,,",",fhir_organization,USA,,
NS_a7f92a18-6,,,,",",fhir_organization,USA,,
NS_3b43e0e0-9,,,,",",fhir_organization,USA,,
NS_89daa3b6-1,,,,",",fhir_organization,USA,,
NS_a77493ec-b,,,,",",fhir_organization,USA,,
NS_7260affc-9,,,,",",fhir_organization,USA,,
NS_f046915a-8,,,,",",fhir_organization,USA,,
NS_28eb9629-3,,,,",",fhir_organization,USA,,
NS_e1f8bf48-f,,,,",",fhir_organization,USA,,
NS_74b37c48-c,,,,",",fhir_organization,USA,,
NS_4acdc3d8-2,,,,",",fhir_organization,USA,,
NS_99b189a2-1,,,,",",fhir_organization,USA,,
NS_94108783-4,,,,",",fhir_organization,USA,,
NS_76a03e79-e,,,,",",fhir_organization,USA,,
NS_4537001e-3,,,,",",fhir_organization,USA,,
NS_8e48ec75-2,,,,",",fhir_organization,USA,,
NS_2a59a056-d,,,,",",fhir_organization,USA,,
NS_7886ac0d-f,,,,",",fhir_organization,USA,,
NS_afa632f5-5,,,,",",fhir_organization,USA,,
NS_6331d3ed-6,,,,",",fhir_organization,USA,,
NS_8c27cc57-6,,,,",",fhir_organization,USA,,
NS_75c22ae8-a,,,,",",fhir_organization,USA,,
NS_2c57e7dd-1,,,,",",fhir_organization,USA,,
NS_fcaf1626-8,,,,",",fhir_organization,USA,,
NS_a193d009-9,,,,",",fhir_organization,USA,,
NS_9f059ffa-e,,,,",",fhir_organization,USA,,
NS_18b88941-f,,,,",",fhir_organization,USA,,
NS_2633043d-3,,,,",",fhir_organization,USA,,
NS_c6ff13ec-2,,,,",",fhir_organization,USA,,
NS_2faae6f9-1,,,,",",fhir_organization,USA,,
NS_57a68a0f-1,,,,",",fhir_organization,USA,,
NS_edf6c726-e,,,,",",fhir_organization,USA,,
NS_62fff3bf-f,,,,",",fhir_organization,USA,,
NS_d9576373-0,,,,",",fhir_organization,USA,,
NS_1f0105e8-2,,,,",",fhir_organization,USA,,
NS_5334c027-c,,,,",",fhir_organization,USA,,
NS_852b34d9-7,,,,",",fhir_organization,USA,,
NS_8d9d8acc-9,,,,",",fhir_organization,USA,,
NS_becbeb51-2,,,,",",fhir_organization,USA,,
NS_6b7cffb4-5,,,,",",fhir_organization,USA,,
NS_17108754-c,,,,",",fhir_organization,USA,,
NS_b4499719-c,,,,",",fhir_organization,USA,,
NS_7befb2ba-a,,,,",",fhir_organization,USA,,
NS_c619d30b-1,,,,",",fhir_organization,USA,,
NS_f5801b08-4,,,,",",fhir_organization,USA,,
NS_996aa4ff-c,,,,",",fhir_organization,USA,,
NS_5f24b31a-e,,,,",",fhir_organization,USA,,
NS_c26ce58b-2,,,,",",fhir_organization,USA,,
NS_2b89f701-d,,,,",",fhir_organization,USA,,
NS_c46757c6-c,,,,",",fhir_organization,USA,,
NS_5312aeb5-4,,,,",",fhir_organization,USA,,
NS_ec53b4cc-c,,,,",",fhir_organization,USA,,
NS_1b1bb40f-b,,,,",",fhir_organization,USA,,
NS_ed5e3b91-3,,,,",",fhir_organization,USA,,
NS_012f10ec-9,,,,",",fhir_organization,USA,,
NS_988547f9-1,,,,",",fhir_organization,USA,,
NS_464c9ce8-1,,,,",",fhir_organization,USA,,
NS_51fd365d-a,,,,",",fhir_organization,USA,,
NS_5b6e69fa-9,,,,",",fhir_organization,USA,,
NS_dcb7b913-b,,,,",",fhir_organization,USA,,
NS_975d3013-a,,,,",",fhir_organization,USA,,
NS_be1b0593-7,,,,",",fhir_organization,USA,,
NS_5737e315-c,,,,",",fhir_organization,USA,,
NS_e3849f0d-0,,,,",",fhir_organization,USA,,
NS_1ea938b3-8,,,,",",fhir_organization,USA,,
NS_325f1639-7,,,,",",fhir_organization,USA,,
NS_1cba06e0-a,,,,",",fhir_organization,USA,,
NS_9ee97f8f-f,,,,",",fhir_organization,USA,,
NS_5b89fc85-a,,,,",",fhir_organization,USA,,
NS_3ccdb976-b,,,,",",fhir_organization,USA,,
NS_fac15efa-8,,,,",",fhir_organization,USA,,
NS_08615053-d,,,,",",fhir_organization,USA,,
NS_4cdc0437-e,,,,",",fhir_organization,USA,,
NS_8c72d6e3-e,,,,",",fhir_organization,USA,,
NS_68eb51fa-b,,,,",",fhir_organization,USA,,
NS_adc2d439-9,,,,",",fhir_organization,USA,,
NS_163f451e-d,,,,",",fhir_organization,USA,,
NS_aadf3a4b-6,,,,",",fhir_organization,USA,,
NS_2f3ea8cd-d,,,,",",fhir_organization,USA,,
NS_4aa204f0-5,,,,",",fhir_organization,USA,,
NS_e0cc0ed1-b,,,,",",fhir_organization,USA,,
NS_a067a808-d,,,,",",fhir_organization,USA,,
NS_e5289404-2,,,,",",fhir_organization,USA,,
NS_022897db-4,,,,",",fhir_organization,USA,,
NS_696f6a15-3,,,,",",fhir_organization,USA,,
NS_d0ec2282-0,,,,",",fhir_organization,USA,,
NS_057d0a14-8,,,,",",fhir_organization,USA,,
NS_cfdc4519-c,,,,",",fhir_organization,USA,,
NS_58378416-6,,,,",",fhir_organization,USA,,
NS_a257acda-3,,,,",",fhir_organization,USA,,
NS_1a23d087-7,,,,",",fhir_organization,USA,,
NS_8f4b0f93-b,,,,",",fhir_organization,USA,,
NS_ddda5ce0-1,,,,",",fhir_organization,USA,,
NS_3686c335-8,,,,",",fhir_organization,USA,,
NS_f7b56742-e,,,,",",fhir_organization,USA,,
NS_b0e89507-7,,,,",",fhir_organization,USA,,
NS_4fda5689-c,,,,",",fhir_organization,USA,,
NS_be53ae77-8,,,,",",fhir_organization,USA,,
NS_ca2d0772-b,,,,",",fhir_organization,USA,,
NS_1b0f5b68-2,,,,",",fhir_organization,USA,,
NS_ec9dc81c-a,,,,",",fhir_organization,USA,,
NS_d3ef592f-4,,,,",",fhir_organization,USA,,
NS_1775ae87-3,,,,",",fhir_organization,USA,,
NS_16055484-4,,,,",",fhir_organization,USA,,
NS_efb0a015-d,,,,",",fhir_organization,USA,,
NS_cb769ab1-3,,,,",",fhir_organization,USA,,
NS_e42c3e65-9,,,,",",fhir_organization,USA,,
NS_1b116ed5-3,,,,",",fhir_organization,USA,,
NS_651835a4-b,,,,",",fhir_organization,USA,,
NS_f68d8117-0,,,,",",fhir_organization,USA,,
NS_8662e119-0,,,,",",fhir_organization,USA,,
NS_16c6fa7c-8,,,,",",fhir_organization,USA,,
NS_9a94d20f-6,,,,",",fhir_organization,USA,,
NS_9eefece2-8,,,,",",fhir_organization,USA,,
NS_523ec258-5,,,,",",fhir_organization,USA,,
NS_3cab1ec0-4,,,,",",fhir_organization,USA,,
NS_b5e25f91-b,,,,",",fhir_organization,USA,,
NS_907390cc-5,,,,",",fhir_organization,USA,,
NS_21b9792e-5,,,,",",fhir_organization,USA,,
NS_282fe33a-e,,,,",",fhir_organization,USA,,
NS_e7e50e0e-5,,,,",",fhir_organization,USA,,
NS_bc9db352-d,,,,",",fhir_organization,USA,,
NS_7bdf1c90-d,,,,",",fhir_organization,USA,,
NS_5de45527-5,,,,",",fhir_organization,USA,,
NS_9d66d502-1,,,,",",fhir_organization,USA,,
NS_e4ae9237-e,,,,",",fhir_organization,USA,,
NS_60fe01e2-1,,,,",",fhir_organization,USA,,
NS_b7d11493-0,,,,",",fhir_organization,USA,,
NS_b6dce436-2,,,,",",fhir_organization,USA,,
NS_abc65655-a,,,,",",fhir_organization,USA,,
NS_41900805-8,,,,",",fhir_organization,USA,,
NS_37ebb460-5,,,,",",fhir_organization,USA,,
NS_0ca7700d-0,,,,",",fhir_organization,USA,,
NS_c8897b32-6,,,,",",fhir_organization,USA,,
NS_10b7de39-c,,,,",",fhir_organization,USA,,
NS_2fcbf05b-d,,,,",",fhir_organization,USA,,
NS_adde6888-a,,,,",",fhir_organization,USA,,
NS_10d72c1f-c,,,,",",fhir_organization,USA,,
NS_7afb9235-b,,,,",",fhir_organization,USA,,
NS_47fa0cf3-4,,,,",",fhir_organization,USA,,
NS_76a14e8f-c,,,,",",fhir_organization,USA,,
NS_31ed7e82-d,,,,",",fhir_organization,USA,,
NS_5273b21d-3,,,,",",fhir_organization,USA,,
NS_f6f2c0d9-a,,,,",",fhir_organization,USA,,
NS_ceb9d57b-1,,,,",",fhir_organization,USA,,
NS_8105692a-1,,,,",",fhir_organization,USA,,
NS_514818d1-b,,,,",",fhir_organization,USA,,
NS_62e4b5e5-3,,,,",",fhir_organization,USA,,
NS_463ea995-6,,,,",",fhir_organization,USA,,
NS_4ba05412-4,,,,",",fhir_organization,USA,,
NS_81f37d85-0,,,,",",fhir_organization,USA,,
NS_8eabe704-1,,,,",",fhir_organization,USA,,
NS_e584cd37-a,,,,",",fhir_organization,USA,,
NS_89df7d41-8,,,,",",fhir_organization,USA,,
NS_beb466e3-c,,,,",",fhir_organization,USA,,
NS_42cf68bf-2,,,,",",fhir_organization,USA,,
NS_c59e3421-2,,,,",",fhir_organization,USA,,
NS_08e66074-2,,,,",",fhir_organization,USA,,
NS_6680a161-c,,,,",",fhir_organization,USA,,
NS_c47b339c-e,,,,",",fhir_organization,USA,,
NS_ca5541df-a,,,,",",fhir_organization,USA,,
NS_f864af06-b,,,,",",fhir_organization,USA,,
NS_7928cac8-d,,,,",",fhir_organization,USA,,
NS_c97eaece-9,,,,",",fhir_organization,USA,,
NS_63591c53-0,,,,",",fhir_organization,USA,,
NS_59df7772-4,,,,",",fhir_organization,USA,,
NS_16c76af1-5,,,,",",fhir_organization,USA,,
NS_f1a9ae09-6,,,,",",fhir_organization,USA,,
NS_44c86763-2,,,,",",fhir_organization,USA,,
NS_0258fdb1-1,,,,",",fhir_organization,USA,,
NS_4518a45a-4,,,,",",fhir_organization,USA,,
NS_89962c27-9,,,,",",fhir_organization,USA,,
NS_d1e956e2-0,,,,",",fhir_organization,USA,,
NS_8d105b8d-c,,,,",",fhir_organization,USA,,
NS_03cbbaeb-a,,,,",",fhir_organization,USA,,
NS_92105a76-f,,,,",",fhir_organization,USA,,
NS_9e885f49-7,,,,",",fhir_organization,USA,,
NS_6c1c0cd6-b,,,,",",fhir_organization,USA,,
NS_5a35b2c3-6,,,,",",fhir_organization,USA,,
NS_e3cf572d-2,,,,",",fhir_organization,USA,,
NS_2438b87d-b,,,,",",fhir_organization,USA,,
NS_244da96c-0,,,,",",fhir_organization,USA,,
NS_93f54ba4-f,,,,",",fhir_organization,USA,,
NS_21315943-f,,,,",",fhir_organization,USA,,
NS_cce8eb8d-2,,,,",",fhir_organization,USA,,
NS_4ef9dc1c-b,,,,",",fhir_organization,USA,,
NS_8c625adb-7,,,,",",fhir_organization,USA,,
NS_ecb74328-9,,,,",",fhir_organization,USA,,
NS_dbceb1a7-0,,,,",",fhir_organization,USA,,
NS_4f54c4ea-d,,,,",",fhir_organization,USA,,
NS_22563678-0,,,,",",fhir_organization,USA,,
NS_818c83c0-9,,,,",",fhir_organization,USA,,
NS_cefa929e-7,,,,",",fhir_organization,USA,,
NS_24924832-0,,,,",",fhir_organization,USA,,
NS_168ee690-1,,,,",",fhir_organization,USA,,
NS_fecdfb07-b,,,,",",fhir_organization,USA,,
NS_d8d35fc8-6,,,,",",fhir_organization,USA,,
NS_12a3ad34-7,,,,",",fhir_organization,USA,,
NS_4f820008-f,,,,",",fhir_organization,USA,,
NS_303b96b6-e,,,,",",fhir_organization,USA,,
NS_11038e27-c,,,,",",fhir_organization,USA,,
NS_99d3f35f-a,,,,",",fhir_organization,USA,,
NS_77398a49-5,,,,",",fhir_organization,USA,,
NS_5680d505-9,,,,",",fhir_organization,USA,,
NS_4dc31749-b,,,,",",fhir_organization,USA,,
NS_b8aa484a-f,,,,",",fhir_organization,USA,,
NS_ae5fb261-9,,,,",",fhir_organization,USA,,
NS_656b2793-8,,,,",",fhir_organization,USA,,
NS_6fc2c15f-d,,,,",",fhir_organization,USA,,
NS_4e35763c-0,,,,",",fhir_organization,USA,,
NS_8bc131aa-3,,,,",",fhir_organization,USA,,
NS_403ca7dc-1,,,,",",fhir_organization,USA,,
NS_ef410a82-6,,,,",",fhir_organization,USA,,
NS_6f1fe9d7-c,,,,",",fhir_organization,USA,,
NS_d2b648e9-9,,,,",",fhir_organization,USA,,
NS_37635a38-2,,,,",",fhir_organization,USA,,
NS_41274a6d-2,,,,",",fhir_organization,USA,,
NS_8723833e-5,,,,",",fhir_organization,USA,,
NS_30894745-6,,,,",",fhir_organization,USA,,
NS_397b51c5-f,,,,",",fhir_organization,USA,,
NS_b987c83f-f,,,,",",fhir_organization,USA,,
NS_30f1e4bd-3,,,,",",fhir_organization,USA,,
NS_7674092d-d,,,,",",fhir_organization,USA,,
NS_918841e6-d,,,,",",fhir_organization,USA,,
NS_17fe9d56-f,,,,",",fhir_organization,USA,,
NS_f2a7b4e2-2,,,,",",fhir_organization,USA,,
NS_7f8a9a35-a,,,,",",fhir_organization,USA,,
NS_43f8438c-0,,,,",",fhir_organization,USA,,
NS_b2ae2cc5-7,,,,",",fhir_organization,USA,,
NS_33e2ffbf-3,,,,",",fhir_organization,USA,,
NS_4c7ac917-3,,,,",",fhir_organization,USA,,
NS_b0161c24-c,,,,",",fhir_organization,USA,,
NS_206b7d91-6,,,,",",fhir_organization,USA,,
NS_3fde6d9c-1,,,,",",fhir_organization,USA,,
NS_9b328aaf-c,,,,",",fhir_organization,USA,,
NS_0e71a9df-7,,,,",",fhir_organization,USA,,
NS_c73a5a06-3,,,,",",fhir_organization,USA,,
NS_dfa58216-2,,,,",",fhir_organization,USA,,
NS_9427dae2-7,,,,",",fhir_organization,USA,,
NS_74202762-5,,,,",",fhir_organization,USA,,
NS_852cc939-5,,,,",",fhir_organization,USA,,
NS_3b0a7426-5,,,,",",fhir_organization,USA,,
NS_7efbb8bb-9,,,,",",fhir_organization,USA,,
NS_43441c90-a,,,,",",fhir_organization,USA,,
NS_7b89e956-1,,,,",",fhir_organization,USA,,
NS_04773335-3,,,,",",fhir_organization,USA,,
NS_b8efbec0-6,,,,",",fhir_organization,USA,,
NS_d4a8bc62-e,,,,",",fhir_organization,USA,,
NS_f40ae8b6-c,,,,",",fhir_organization,USA,,
NS_56444589-7,,,,",",fhir_organization,USA,,
NS_d7b12ede-6,,,,",",fhir_organization,USA,,
NS_1f7bd8b9-6,,,,",",fhir_organization,USA,,
NS_2f855eb9-2,,,,",",fhir_organization,USA,,
NS_52e9cda4-7,,,,",",fhir_organization,USA,,
NS_3edf2cef-b,,,,",",fhir_organization,USA,,
NS_11954030-e,,,,",",fhir_organization,USA,,
NS_a727cfc8-5,,,,",",fhir_organization,USA,,
NS_e6514986-1,,,,",",fhir_organization,USA,,
NS_6e2d9285-3,,,,",",fhir_organization,USA,,
NS_49ef8d1c-2,,,,",",fhir_organization,USA,,
NS_caec60f1-6,,,,",",fhir_organization,USA,,
NS_31a80121-8,,,,",",fhir_organization,USA,,
NS_ef82cb60-c,,,,",",fhir_organization,USA,,
NS_504aa328-6,,,,",",fhir_organization,USA,,
NS_2639319f-f,,,,",",fhir_organization,USA,,
NS_44be6b9e-1,,,,",",fhir_organization,USA,,
NS_d4770c4a-9,,,,",",fhir_organization,USA,,
NS_b6738e38-8,,,,",",fhir_organization,USA,,
NS_e7adb3d1-9,,,,",",fhir_organization,USA,,
NS_69340b87-0,,,,",",fhir_organization,USA,,
NS_b2ef121c-e,,,,",",fhir_organization,USA,,
NS_7c59126b-5,,,,",",fhir_organization,USA,,
NS_c3953c7c-c,,,,",",fhir_organization,USA,,
NS_38f1afd2-4,,,,",",fhir_organization,USA,,
NS_efe92717-a,,,,",",fhir_organization,USA,,
NS_f45e19a2-3,,,,",",fhir_organization,USA,,
NS_6608c947-b,,,,",",fhir_organization,USA,,
NS_4664d5de-b,,,,",",fhir_organization,USA,,
NS_5e04e133-e,,,,",",fhir_organization,USA,,
NS_0a648c78-1,,,,",",fhir_organization,USA,,
NS_7ac660cb-d,,,,",",fhir_organization,USA,,
NS_258d5302-c,,,,",",fhir_organization,USA,,
NS_f18d017a-f,,,,",",fhir_organization,USA,,
NS_9e2bafc0-7,,,,",",fhir_organization,USA,,
NS_45f8f27c-c,,,,",",fhir_organization,USA,,
NS_d22f857f-c,,,,",",fhir_organization,USA,,
NS_4a6d55a0-c,,,,",",fhir_organization,USA,,
NS_f6aa9a3c-3,,,,",",fhir_organization,USA,,
NS_6d6b096e-c,,,,",",fhir_organization,USA,,
NS_e4768b6a-e,,,,",",fhir_organization,USA,,
NS_ccd174c6-6,,,,",",fhir_organization,USA,,
NS_025b5a5e-1,,,,",",fhir_organization,USA,,
NS_f01388db-b,,,,",",fhir_organization,USA,,
NS_401a2c77-f,,,,",",fhir_organization,USA,,
NS_afd43fd8-a,,,,",",fhir_organization,USA,,
NS_e0535f58-f,,,,",",fhir_organization,USA,,
NS_491aa114-d,,,,",",fhir_organization,USA,,
NS_e9f095a2-c,,,,",",fhir_organization,USA,,
NS_7cd34b42-b,,,,",",fhir_organization,USA,,
NS_ec560154-b,,,,",",fhir_organization,USA,,
NS_57dd8f27-d,,,,",",fhir_organization,USA,,
NS_8cbc2db5-8,,,,",",fhir_organization,USA,,
NS_6a36fb65-3,,,,",",fhir_organization,USA,,
NS_365e2f9c-f,,,,",",fhir_organization,USA,,
NS_7b57852f-6,,,,",",fhir_organization,USA,,
NS_4ccedb2c-8,,,,",",fhir_organization,USA,,
NS_06e8ffd4-5,,,,",",fhir_organization,USA,,
NS_0c72b285-e,,,,",",fhir_organization,USA,,
NS_6283cb6a-9,,,,",",fhir_organization,USA,,
NS_c37970ea-7,,,,",",fhir_organization,USA,,
NS_a56b7894-c,,,,",",fhir_organization,USA,,
NS_2534a2b8-5,,,,",",fhir_organization,USA,,
NS_8ed81030-2,,,,",",fhir_organization,USA,,
NS_12580f50-7,,,,",",fhir_organization,USA,,
NS_82e94c39-5,,,,",",fhir_organization,USA,,
NS_8d23fc71-0,,,,",",fhir_organization,USA,,
NS_88cd80f7-8,,,,",",fhir_organization,USA,,
NS_e5254429-7,,,,",",fhir_organization,USA,,
NS_901a1480-f,,,,",",fhir_organization,USA,,
NS_68ea679c-4,,,,",",fhir_organization,USA,,
NS_1272f08c-8,,,,",",fhir_organization,USA,,
NS_8a5b1618-b,,,,",",fhir_organization,USA,,
NS_928376f8-3,,,,",",fhir_organization,USA,,
NS_81c33272-1,,,,",",fhir_organization,USA,,
NS_65ba58fc-1,,,,",",fhir_organization,USA,,
NS_4aaaf7b3-5,,,,",",fhir_organization,USA,,
NS_683bcdc9-c,,,,",",fhir_organization,USA,,
NS_24383775-3,,,,",",fhir_organization,USA,,
NS_21f818e2-5,,,,",",fhir_organization,USA,,
NS_0be09aa6-a,,,,",",fhir_organization,USA,,
NS_4ae26adf-e,,,,",",fhir_organization,USA,,
NS_b658c151-d,,,,",",fhir_organization,USA,,
NS_59cfdbd4-c,,,,",",fhir_organization,USA,,
NS_bb87e941-9,,,,",",fhir_organization,USA,,
NS_0ae20a9a-5,,,,",",fhir_organization,USA,,
NS_04093e21-2,,,,",",fhir_organization,USA,,
NS_e99f2704-0,,,,",",fhir_organization,USA,,
NS_d2f83da6-9,,,,",",fhir_organization,USA,,
NS_f4866709-8,,,,",",fhir_organization,USA,,
NS_c4be205c-a,,,,",",fhir_organization,USA,,
NS_5dc02ae1-0,,,,",",fhir_organization,USA,,
NS_3a6124a7-d,,,,",",fhir_organization,USA,,
NS_45696a91-3,,,,",",fhir_organization,USA,,
NS_9f6a9764-9,,,,",",fhir_organization,USA,,
NS_ba819f3b-4,,,,",",fhir_organization,USA,,
NS_12be0b77-a,,,,",",fhir_organization,USA,,
NS_8d954fa8-2,,,,",",fhir_organization,USA,,
NS_b9d6f1ec-6,,,,",",fhir_organization,USA,,
NS_2fa5bf26-8,,,,",",fhir_organization,USA,,
NS_4d9fe123-0,,,,",",fhir_organization,USA,,
NS_153fa3a1-f,,,,",",fhir_organization,USA,,
NS_0b1f90e4-1,,,,",",fhir_organization,USA,,
NS_f4d5d0b7-f,,,,",",fhir_organization,USA,,
NS_9248fb48-3,,,,",",fhir_organization,USA,,
NS_38ad9659-a,,,,",",fhir_organization,USA,,
NS_2b2a6a43-d,,,,",",fhir_organization,USA,,
NS_5f080688-0,,,,",",fhir_organization,USA,,
NS_55450c99-9,,,,",",fhir_organization,USA,,
NS_4b366f65-7,,,,",",fhir_organization,USA,,
NS_d5c6f6fc-9,,,,",",fhir_organization,USA,,
NS_0a4a5166-4,,,,",",fhir_organization,USA,,
NS_9c53377f-4,,,,",",fhir_organization,USA,,
NS_2f16f017-a,,,,",",fhir_organization,USA,,
NS_6fec81e0-3,,,,",",fhir_organization,USA,,
NS_f815a3cc-a,,,,",",fhir_organization,USA,,
NS_0a779dbd-9,,,,",",fhir_organization,USA,,
NS_cbdc4f93-3,,,,",",fhir_organization,USA,,
NS_63e35184-9,,,,",",fhir_organization,USA,,
NS_bf40e54a-2,,,,",",fhir_organization,USA,,
NS_0c7f99ee-a,,,,",",fhir_organization,USA,,
NS_111a4aba-5,,,,",",fhir_organization,USA,,
NS_4d440695-c,,,,",",fhir_organization,USA,,
NS_6163a212-3,,,,",",fhir_organization,USA,,
NS_0fda3335-3,,,,",",fhir_organization,USA,,
NS_3af0a39d-8,,,,",",fhir_organization,USA,,
NS_8316dbae-4,,,,",",fhir_organization,USA,,
NS_319d313a-8,,,,",",fhir_organization,USA,,
NS_5fce90cb-3,,,,",",fhir_organization,USA,,
NS_b1e7217d-b,,,,",",fhir_organization,USA,,
NS_cc2cb3de-e,,,,",",fhir_organization,USA,,
NS_8e8be4d7-5,,,,",",fhir_organization,USA,,
NS_600a0bfb-5,,,,",",fhir_organization,USA,,
NS_a84d59ad-0,,,,",",fhir_organization,USA,,
NS_1c6138c5-3,,,,",",fhir_organization,USA,,
NS_4ed97e96-0,,,,",",fhir_organization,USA,,
NS_88562599-3,,,,",",fhir_organization,USA,,
NS_a51795e5-a,,,,",",fhir_organization,USA,,
NS_70c7d6b9-0,,,,",",fhir_organization,USA,,
NS_b8dced94-9,,,,",",fhir_organization,USA,,
NS_29d6b53c-c,,,,",",fhir_organization,USA,,
NS_eeb2803e-9,,,,",",fhir_organization,USA,,
NS_ec94be17-c,,,,",",fhir_organization,USA,,
NS_a516fb7e-7,,,,",",fhir_organization,USA,,
NS_ec66e32e-6,,,,",",fhir_organization,USA,,
NS_57211b2b-5,,,,",",fhir_organization,USA,,
NS_86f970e6-d,,,,",",fhir_organization,USA,,
NS_0c48817d-0,,,,",",fhir_organization,USA,,
NS_c31a860c-5,,,,",",fhir_organization,USA,,
NS_e7382618-5,,,,",",fhir_organization,USA,,
NS_5c015464-b,,,,",",fhir_organization,USA,,
NS_ef0d0f06-5,,,,",",fhir_organization,USA,,
NS_51cdfd3a-e,,,,",",fhir_organization,USA,,
NS_66b244b4-f,,,,",",fhir_organization,USA,,
NS_08b23d02-6,,,,",",fhir_organization,USA,,
NS_cb83e2b2-7,,,,",",fhir_organization,USA,,
NS_e04c6ee7-b,,,,",",fhir_organization,USA,,
NS_f02c6ec8-9,,,,",",fhir_organization,USA,,
NS_5050992f-4,,,,",",fhir_organization,USA,,
NS_f76f8813-7,,,,",",fhir_organization,USA,,
NS_90f17a77-8,,,,",",fhir_organization,USA,,
NS_52225ad0-3,,,,",",fhir_organization,USA,,
NS_558d29c5-8,,,,",",fhir_organization,USA,,
NS_d9882f45-e,,,,",",fhir_organization,USA,,
NS_8e1e8fb8-8,,,,",",fhir_organization,USA,,
NS_dfc05610-9,,,,",",fhir_organization,USA,,
NS_9a4f55de-8,,,,",",fhir_organization,USA,,
NS_f11fa7f3-2,,,,",",fhir_organization,USA,,
NS_1727c52d-0,,,,",",fhir_organization,USA,,
NS_7d9dbf9e-3,,,,",",fhir_organization,USA,,
NS_778767c7-f,,,,",",fhir_organization,USA,,
NS_d70b66ca-5,,,,",",fhir_organization,USA,,
NS_8e0d1d66-3,,,,",",fhir_organization,USA,,
NS_cce82524-7,,,,",",fhir_organization,USA,,
NS_2eec5900-4,,,,",",fhir_organization,USA,,
NS_91ec57f3-c,,,,",",fhir_organization,USA,,
NS_5185986e-8,,,,",",fhir_organization,USA,,
NS_44b6f172-0,,,,",",fhir_organization,USA,,
NS_d82aab75-7,,,,",",fhir_organization,USA,,
NS_e5069071-1,,,,",",fhir_organization,USA,,
NS_c87d1f8b-2,,,,",",fhir_organization,USA,,
NS_b7384a51-6,,,,",",fhir_organization,USA,,
NS_8d9b66aa-9,,,,",",fhir_organization,USA,,
NS_5ff391af-6,,,,",",fhir_organization,USA,,
NS_cae506b0-a,,,,",",fhir_organization,USA,,
NS_8e4ebffe-d,,,,",",fhir_organization,USA,,
NS_2b77d246-0,,,,",",fhir_organization,USA,,
NS_4d194e39-0,,,,",",fhir_organization,USA,,
NS_68bcd4fb-d,,,,",",fhir_organization,USA,,
NS_732e6799-3,,,,",",fhir_organization,USA,,
NS_a88d1962-2,,,,",",fhir_organization,USA,,
NS_fbd41504-2,,,,",",fhir_organization,USA,,
NS_cb489e62-6,,,,",",fhir_organization,USA,,
NS_50c39d3f-3,,,,",",fhir_organization,USA,,
NS_ca08d866-6,,,,",",fhir_organization,USA,,
NS_598a9a79-0,,,,",",fhir_organization,USA,,
NS_1b7b69fa-d,,,,",",fhir_organization,USA,,
NS_271130a4-a,,,,",",fhir_organization,USA,,
NS_95ce9789-8,,,,",",fhir_organization,USA,,
NS_5bcc9d69-8,,,,",",fhir_organization,USA,,
NS_5bb91a42-8,,,,",",fhir_organization,USA,,
NS_4d642ec5-0,,,,",",fhir_organization,USA,,
NS_0709850d-a,,,,",",fhir_organization,USA,,
NS_fe128687-0,,,,",",fhir_organization,USA,,
NS_f3e39bfb-b,,,,",",fhir_organization,USA,,
NS_19850d1f-7,,,,",",fhir_organization,USA,,
NS_742acbe3-d,,,,",",fhir_organization,USA,,
NS_363a1982-6,,,,",",fhir_organization,USA,,
NS_5bf3d193-e,,,,",",fhir_organization,USA,,
NS_5f4c22a5-0,,,,",",fhir_organization,USA,,
NS_ccf6fdab-b,,,,",",fhir_organization,USA,,
NS_a1bfa989-8,,,,",",fhir_organization,USA,,
NS_2d082824-e,,,,",",fhir_organization,USA,,
NS_db403b59-e,,,,",",fhir_organization,USA,,
NS_1e116e92-6,,,,",",fhir_organization,USA,,
NS_8d4e24cf-9,,,,",",fhir_organization,USA,,
NS_4614316d-4,,,,",",fhir_organization,USA,,
NS_2d99f7e6-3,,,,",",fhir_organization,USA,,
NS_9421daef-6,,,,",",fhir_organization,USA,,
NS_4d067b54-4,,,,",",fhir_organization,USA,,
NS_63c24997-d,,,,",",fhir_organization,USA,,
NS_85ec9615-b,,,,",",fhir_organization,USA,,
NS_667e9f88-3,,,,",",fhir_organization,USA,,
NS_277ef089-5,,,,",",fhir_organization,USA,,
NS_03c37e36-d,,,,",",fhir_organization,USA,,
NS_7db99ec6-2,,,,",",fhir_organization,USA,,
NS_c486b2bb-e,,,,",",fhir_organization,USA,,
NS_f8f7fcab-4,,,,",",fhir_organization,USA,,
NS_f7a0fe2c-7,,,,",",fhir_organization,USA,,
NS_ee9ae9ee-a,,,,",",fhir_organization,USA,,
NS_f4100c6e-6,,,,",",fhir_organization,USA,,
NS_33fe8d93-1,,,,",",fhir_organization,USA,,
NS_a2e98009-a,,,,",",fhir_organization,USA,,
NS_fcac4535-2,,,,",",fhir_organization,USA,,
NS_929b59ea-c,,,,",",fhir_organization,USA,,
NS_877f38de-3,,,,",",fhir_organization,USA,,
NS_e31d6902-a,,,,",",fhir_organization,USA,,
NS_d15e824c-d,,,,",",fhir_organization,USA,,
NS_278ccf79-3,,,,",",fhir_organization,USA,,
NS_d642a15c-4,,,,",",fhir_organization,USA,,
NS_c1ddfc47-c,,,,",",fhir_organization,USA,,
NS_dc0a0a23-e,,,,",",fhir_organization,USA,,
NS_54ccf895-1,,,,",",fhir_organization,USA,,
NS_33674a47-7,,,,",",fhir_organization,USA,,
NS_3aa4a43c-6,,,,",",fhir_organization,USA,,
NS_84ef2c40-e,,,,",",fhir_organization,USA,,
NS_7c1c1b04-7,,,,",",fhir_organization,USA,,
NS_0e059057-8,,,,",",fhir_organization,USA,,
NS_b4464fa6-4,,,,",",fhir_organization,USA,,
NS_78b29cc7-c,,,,",",fhir_organization,USA,,
NS_a0ef8cd0-3,,,,",",fhir_organization,USA,,
NS_0cc2dda9-9,,,,",",fhir_organization,USA,,
NS_1de3fb06-e,,,,",",fhir_organization,USA,,
NS_e661c933-8,,,,",",fhir_organization,USA,,
NS_d689bcd5-8,,,,",",fhir_organization,USA,,
NS_5035a402-a,,,,",",fhir_organization,USA,,
NS_45b344fa-c,,,,",",fhir_organization,USA,,
NS_465b07ba-8,,,,",",fhir_organization,USA,,
NS_1e7d13ee-3,,,,",",fhir_organization,USA,,
NS_0a4693fe-8,,,,",",fhir_organization,USA,,
NS_fbc71b9b-4,,,,",",fhir_organization,USA,,
NS_5bfa8009-0,,,,",",fhir_organization,USA,,
NS_a04e0822-0,,,,",",fhir_organization,USA,,
NS_4822b909-7,,,,",",fhir_organization,USA,,
NS_fd000ca0-6,,,,",",fhir_organization,USA,,
NS_b9feae99-2,,,,",",fhir_organization,USA,,
NS_02785333-7,,,,",",fhir_organization,USA,,
NS_9cc7c09c-9,,,,",",fhir_organization,USA,,
NS_d84158ab-f,,,,",",fhir_organization,USA,,
NS_083bafbf-1,,,,",",fhir_organization,USA,,
NS_a875b330-a,,,,",",fhir_organization,USA,,
NS_329ca77d-1,,,,",",fhir_organization,USA,,
NS_b4c3d8c2-c,,,,",",fhir_organization,USA,,
NS_2f4d3520-c,,,,",",fhir_organization,USA,,
NS_bf760eeb-9,,,,",",fhir_organization,USA,,
NS_c26607cc-2,,,,",",fhir_organization,USA,,
NS_a610e31a-2,,,,",",fhir_organization,USA,,
NS_a1bb3d15-e,,,,",",fhir_organization,USA,,
NS_3166c546-2,,,,",",fhir_organization,USA,,
NS_2f216dbb-8,,,,",",fhir_organization,USA,,
NS_b5786b65-9,,,,",",fhir_organization,USA,,
NS_a164ffb6-8,,,,",",fhir_organization,USA,,
NS_53535173-2,,,,",",fhir_organization,USA,,
NS_980dab11-a,,,,",",fhir_organization,USA,,
NS_02651090-6,,,,",",fhir_organization,USA,,
NS_bd621e8a-7,,,,",",fhir_organization,USA,,
NS_6a4764ff-d,,,,",",fhir_organization,USA,,
NS_070370b9-4,,,,",",fhir_organization,USA,,
NS_ecfcec02-d,,,,",",fhir_organization,USA,,
NS_1805e4ee-0,,,,",",fhir_organization,USA,,
NS_a00a23b2-4,,,,",",fhir_organization,USA,,
NS_5ffdcd6d-1,,,,",",fhir_organization,USA,,
NS_856ef89e-1,,,,",",fhir_organization,USA,,
NS_2bafddc3-1,,,,",",fhir_organization,USA,,
NS_f2018a2d-8,,,,",",fhir_organization,USA,,
NS_0284be8e-a,,,,",",fhir_organization,USA,,
NS_fba0aec2-6,,,,",",fhir_organization,USA,,
NS_ad906f32-5,,,,",",fhir_organization,USA,,
NS_dfd96e27-0,,,,",",fhir_organization,USA,,
NS_d1b8240d-9,,,,",",fhir_organization,USA,,
NS_ae7fa08a-4,,,,",",fhir_organization,USA,,
NS_66d4d9dd-4,,,,",",fhir_organization,USA,,
NS_bb09370c-d,,,,",",fhir_organization,USA,,
NS_d0bf9f93-d,,,,",",fhir_organization,USA,,
NS_46428fa7-2,,,,",",fhir_organization,USA,,
NS_f3414280-b,,,,",",fhir_organization,USA,,
NS_06f34ae0-5,,,,",",fhir_organization,USA,,
NS_ba9e9006-7,,,,",",fhir_organization,USA,,
NS_8bd773e5-b,,,,",",fhir_organization,USA,,
NS_3fe543a4-b,,,,",",fhir_organization,USA,,
NS_1ca82bde-7,,,,",",fhir_organization,USA,,
NS_88cb6f06-a,,,,",",fhir_organization,USA,,
NS_73ebfa78-d,,,,",",fhir_organization,USA,,
NS_8707f651-8,,,,",",fhir_organization,USA,,
NS_95e1bc7d-0,,,,",",fhir_organization,USA,,
NS_4f9e4740-b,,,,",",fhir_organization,USA,,
NS_3baa3fa0-d,,,,",",fhir_organization,USA,,
NS_ac1ce4ef-e,,,,",",fhir_organization,USA,,
NS_624c4935-4,,,,",",fhir_organization,USA,,
NS_e4d29d62-e,,,,",",fhir_organization,USA,,
NS_b54f412f-3,,,,",",fhir_organization,USA,,
NS_0717abc1-8,,,,",",fhir_organization,USA,,
NS_2c62535f-6,,,,",",fhir_organization,USA,,
NS_a9ec5779-5,,,,",",fhir_organization,USA,,
NS_a987403e-2,,,,",",fhir_organization,USA,,
NS_78f25ea5-8,,,,",",fhir_organization,USA,,
NS_a32f283b-4,,,,",",fhir_organization,USA,,
NS_0e9c19d9-a,,,,",",fhir_organization,USA,,
NS_41739eda-d,,,,",",fhir_organization,USA,,
NS_ce35bdd8-f,,,,",",fhir_organization,USA,,
NS_85ff6756-7,,,,",",fhir_organization,USA,,
NS_437483e4-4,,,,",",fhir_organization,USA,,
NS_ee9089b1-4,,,,",",fhir_organization,USA,,
NS_060863db-d,,,,",",fhir_organization,USA,,
NS_ba7a6ac8-6,,,,",",fhir_organization,USA,,
NS_d7313c61-6,,,,",",fhir_organization,USA,,
NS_a8d8c078-d,,,,",",fhir_organization,USA,,
NS_78f4e0e8-1,,,,",",fhir_organization,USA,,
NS_68e4b359-d,,,,",",fhir_organization,USA,,
NS_1a92d22f-d,,,,",",fhir_organization,USA,,
NS_bd41ea95-9,,,,",",fhir_organization,USA,,
NS_b4cd02b0-f,,,,",",fhir_organization,USA,,
NS_89da6c2d-f,,,,",",fhir_organization,USA,,
NS_a6b77424-e,,,,",",fhir_organization,,,
NS_bef32663-b,,,,",",fhir_organization,,,
NS_c0a163ff-9,,,,",",fhir_organization,,,
NS_e3974b55-3,,,,",",fhir_organization,,,
NS_9ac12644-b,,,,",",fhir_organization,,,
NS_bf9a17da-6,,15744 Medical Arts Plaza,,"Hammond,  70403",fhir_organization,"15744 Medical Arts Plaza, Hammond, 70403",,
NS_da6c56f0-b,,901 Gause Blvd,2nd floor,"Slidell,  70458",fhir_organization,"901 Gause Blvd, 2nd floor, Slidell, 70458",,
NS_c2a096ee-1,,,,",",fhir_organization,USA,,
NS_797ecfa1-9,,,,",",fhir_organization,USA,,
NS_57230e9e-3,,,,",",fhir_organization,USA,,
NS_91c823f6-4,,,,",",fhir_organization,USA,,
NS_60f33627-9,,,,",",fhir_organization,USA,,
NS_2a83f77d-3,,,,",",fhir_organization,USA,,
NS_96e60e45-a,,,,",",fhir_organization,USA,,
NS_db76692d-4,,,,",",fhir_organization,USA,,
NS_0bed1649-6,,,,",",fhir_organization,USA,,
NS_98c6e039-d,,,,",",fhir_organization,USA,,
NS_9554b792-a,,RVBH_M_live,,",",fhir_organization,"RVBH_M_live, USA",,
NS_26fddc7f-9,,,,",",fhir_organization,USA,,
NS_10c96659-4,,,,",",fhir_organization,USA,,
NS_dc8f4f0a-1,,,,",",fhir_organization,USA,,
NS_61b93426-5,,,,",",fhir_organization,USA,,
NS_7e9b567c-e,,,,",",fhir_organization,USA,,
NS_1d9f0149-5,,,,",",fhir_organization,USA,,
NS_46a335a8-b,,,,",",fhir_organization,USA,,
NS_8095885d-1,,,,",",fhir_organization,USA,,
NS_ca357194-4,,,,",",fhir_organization,USA,,
NS_180c8f35-2,,,,",",fhir_organization,USA,,
NS_7ea32dbb-7,,,,",",fhir_organization,USA,,
NS_92d86d76-e,,,,",",fhir_organization,USA,,
NS_892abd83-3,,,,",",fhir_organization,USA,,
NS_5bd78e8a-d,,,,",",fhir_organization,USA,,
NS_28c1d49f-3,,,,",",fhir_organization,USA,,
NS_823eea01-f,,,,",",fhir_organization,USA,,
NS_42786aaf-f,,,,",",fhir_organization,USA,,
NS_14d2eace-0,,,,",",fhir_organization,USA,,
NS_0835c344-0,,,,",",fhir_organization,USA,,
NS_50b9aa4f-2,,,,",",fhir_organization,USA,,
NS_88f4da2f-8,,,,",",fhir_organization,USA,,
NS_c2a2d11f-9,,,,",",fhir_organization,USA,,
NS_596bc551-2,,,,",",fhir_organization,USA,,
NS_7a43f635-f,,,,",",fhir_organization,USA,,
NS_27930ffc-8,,,,",",fhir_organization,USA,,
NS_7602f884-e,,,,", CA",fhir_organization,"CA, USA",,
NS_9a43ce76-5,,,,",",fhir_organization,USA,,
NS_155bbcc6-f,,,,",",fhir_organization,USA,,
NS_7bda0709-7,,,,",",fhir_organization,USA,,
NS_e5c4c73d-3,,,,",",fhir_organization,USA,,
NS_7113f970-b,,,,",",fhir_organization,USA,,
NS_07c0650f-a,,,,",",fhir_organization,USA,,
NS_b827f6ac-6,,,,",",fhir_organization,USA,,
NS_df000001-9,,,,",",fhir_organization,USA,,
NS_854c58db-0,,,,",",fhir_organization,USA,,
NS_b7ae95a5-9,,,,",",fhir_organization,USA,,
NS_fc67f5e0-c,,,,",",fhir_organization,USA,,
NS_d5ea13d1-d,,,,",",fhir_organization,USA,,
NS_80ec5645-8,,,,",",fhir_organization,USA,,
NS_f6995cf3-5,,,,",",fhir_organization,USA,,
NS_e1e3e826-a,,,,",",fhir_organization,USA,,
NS_8ee0aeb5-b,,,,",",fhir_organization,USA,,
NS_a9c8b308-7,,,,",",fhir_organization,USA,,
NS_5a5a6e10-c,,,,",",fhir_organization,USA,,
NS_923d65cc-6,,,,",",fhir_organization,USA,,
NS_bf468177-6,,,,",",fhir_organization,USA,,
NS_ea0a0a9a-2,,,,",",fhir_organization,USA,,
NS_5ed8bed3-6,,,,",",fhir_organization,USA,,
NS_0eac5663-c,,,,",",fhir_organization,USA,,
NS_95098f5a-5,,,,",",fhir_organization,USA,,
NS_6e23c1b8-7,,,,",",fhir_organization,USA,,
NS_91165358-e,,,,",",fhir_organization,USA,,
NS_46043449-1,,,,",",fhir_organization,USA,,
NS_3bbf2994-2,,,,",",fhir_organization,USA,,
NS_04644bda-6,,,,",",fhir_organization,USA,,
NS_bf15d223-b,,,,",",fhir_organization,USA,,
NS_709e4db6-b,,,,",",fhir_organization,USA,,
NS_19f773b4-a,,,,",",fhir_organization,USA,,
NS_182ed2c9-8,,,,",",fhir_organization,USA,,
NS_955c4225-a,,,,",",fhir_organization,USA,,
NS_62a21374-3,,,,",",fhir_organization,USA,,
NS_1f057c52-7,,,,",",fhir_organization,USA,,
NS_c01d9a1e-0,,,,",",fhir_organization,USA,,
NS_ef433f31-b,,,,",",fhir_organization,USA,,
NS_24880834-5,,,,",",fhir_organization,USA,,
NS_f11ce5ea-7,,,,",",fhir_organization,USA,,
NS_5a92acbd-7,,,,",",fhir_organization,USA,,
NS_69f7816f-a,,,,",",fhir_organization,USA,,
NS_59b97e12-1,,,,",",fhir_organization,USA,,
NS_66030793-7,,,,",",fhir_organization,USA,,
NS_13f1138f-2,,,,",",fhir_organization,USA,,
NS_0aa6b56e-f,,,,",",fhir_organization,USA,,
NS_42682e9b-c,,,,",",fhir_organization,USA,,
NS_07802780-b,,,,",",fhir_organization,USA,,
NS_8528977f-6,,,,",",fhir_organization,USA,,
NS_41653fdb-4,,,,",",fhir_organization,USA,,
NS_72b3a7a3-7,,,,",",fhir_organization,USA,,
NS_46c3ff3c-5,,,,",",fhir_organization,USA,,
NS_b7977cd9-5,,,,",",fhir_organization,USA,,
NS_0c8cfdff-b,,,,",",fhir_organization,USA,,
NS_9fa8ef93-3,,,,",",fhir_organization,USA,,
NS_884ae9fc-9,,,,",",fhir_organization,USA,,
NS_704288af-b,,,,",",fhir_organization,USA,,
NS_5f9c5e14-a,,,,",",fhir_organization,USA,,
NS_d01d230f-6,,,,",",fhir_organization,USA,,
NS_8793fd9d-8,,,,",",fhir_organization,USA,,
NS_911793da-2,,,,",",fhir_organization,USA,,
NS_c0bff8c1-7,,,,",",fhir_organization,USA,,
NS_7706b6d2-a,,,,",",fhir_organization,USA,,
NS_2b59ce4e-9,,,,",",fhir_organization,USA,,
NS_65b0e027-3,,,,",",fhir_organization,USA,,
NS_c89101d3-2,,,,",",fhir_organization,USA,,
NS_1fc75d52-d,,,,",",fhir_organization,USA,,
NS_8b9acc3e-9,,,,",",fhir_organization,USA,,
NS_5f6bdaf4-c,,,,",",fhir_organization,USA,,
NS_1930e8fc-2,,,,",",fhir_organization,USA,,
NS_45c3c236-4,,,,",",fhir_organization,USA,,
NS_5a62bb18-f,,,,",",fhir_organization,USA,,
NS_aecad6b2-e,,,,",",fhir_organization,USA,,
NS_19588296-f,,,,",",fhir_organization,USA,,
NS_e9a348a6-e,,,,",",fhir_organization,USA,,
NS_e51477a2-c,,,,",",fhir_organization,USA,,
NS_0261bf5e-8,,,,",",fhir_organization,USA,,
NS_59042712-e,,,,",",fhir_organization,USA,,
NS_ee05343c-b,,,,",",fhir_organization,USA,,
NS_c60c2e34-e,,,,",",fhir_organization,USA,,
NS_235bbc41-8,,,,",",fhir_organization,USA,,
NS_a816ef0f-8,,,,",",fhir_organization,USA,,
NS_e9ef03bd-2,,,,",",fhir_organization,USA,,
NS_84371cc0-7,,,,",",fhir_organization,USA,,
NS_8e9babac-9,,,,",",fhir_organization,USA,,
NS_f06db531-4,,,,",",fhir_organization,USA,,
NS_78012c4c-7,,,,",",fhir_organization,USA,,
NS_46e782ef-3,,,,",",fhir_organization,USA,,
NS_4db2b7de-b,,,,",",fhir_organization,USA,,
NS_47435335-1,,,,",",fhir_organization,USA,,
NS_2762ea07-9,,,,",",fhir_organization,USA,,
NS_27d013d8-f,,,,",",fhir_organization,USA,,
NS_9ed448e2-f,,,,",",fhir_organization,USA,,
NS_bb55d1a1-1,,,,",",fhir_organization,USA,,
NS_1dac3520-8,,,,",",fhir_organization,USA,,
NS_68158d66-7,,,,",",fhir_organization,USA,,
NS_dc0796dc-0,,,,",",fhir_organization,USA,,
NS_b7864d6c-8,,,,",",fhir_organization,USA,,
NS_cf18e714-9,,,,",",fhir_organization,USA,,
NS_8318e3c8-4,,,,",",fhir_organization,USA,,
NS_40c905b4-d,,,,",",fhir_organization,USA,,
NS_105138f8-5,,,,",",fhir_organization,USA,,
NS_e1633ad7-f,,,,",",fhir_organization,USA,,
NS_9b907e12-2,,,,",",fhir_organization,USA,,
NS_59761cf6-e,,,,",",fhir_organization,USA,,
NS_95d11629-7,,,,",",fhir_organization,USA,,
NS_b1dc8fd7-7,,,,",",fhir_organization,USA,,
NS_1ed38adc-f,,,,",",fhir_organization,USA,,
NS_701e9c6b-2,,,,",",fhir_organization,USA,,
NS_d8e10ddc-2,,,,",",fhir_organization,USA,,
NS_50af4aa6-b,,,,",",fhir_organization,USA,,
NS_598ffc56-7,,,,",",fhir_organization,USA,,
NS_826cada0-b,,,,",",fhir_organization,USA,,
NS_303ada74-f,,,,",",fhir_organization,USA,,
NS_50ef1159-2,,,,",",fhir_organization,USA,,
NS_8fce186f-2,,,,",",fhir_organization,USA,,
NS_3cfeda4d-e,,,,",",fhir_organization,USA,,
NS_00c18aa4-b,,,,",",fhir_organization,USA,,
NS_d4f32fc3-9,,,,",",fhir_organization,USA,,
NS_e76f617f-e,,,,",",fhir_organization,USA,,
NS_2ae6c5bd-9,,,,",",fhir_organization,USA,,
NS_f0dde9a5-f,,,,",",fhir_organization,USA,,
NS_0a385a2b-e,,,,",",fhir_organization,USA,,
NS_211dd4ab-2,,,,",",fhir_organization,USA,,
NS_862c21e0-9,,,,",",fhir_organization,USA,,
NS_4306db24-3,,,,",",fhir_organization,USA,,
NS_b0203768-4,,,,",",fhir_organization,USA,,
NS_3b6e517a-2,,,,",",fhir_organization,USA,,
NS_cc040101-2,,,,",",fhir_organization,USA,,
NS_b369ca0b-e,,,,",",fhir_organization,USA,,
NS_66268763-1,,,,",",fhir_organization,USA,,
NS_f87b4f82-2,,,,",",fhir_organization,USA,,
NS_43a2e171-8,,,,",",fhir_organization,USA,,
NS_695d80a7-1,,,,",",fhir_organization,USA,,
NS_a87d1790-f,,,,",",fhir_organization,USA,,
NS_c8cb4933-3,,,,",",fhir_organization,USA,,
NS_eed79ffc-5,,,,",",fhir_organization,USA,,
NS_4bdd5bb1-f,,,,",",fhir_organization,USA,,
NS_534ad8dc-2,,,,",",fhir_organization,USA,,
NS_b7b530fd-f,,,,",",fhir_organization,USA,,
NS_d37697be-2,,,,",",fhir_organization,USA,,
NS_81da333e-9,,,,",",fhir_organization,USA,,
NS_d0485e82-0,,,,",",fhir_organization,USA,,
NS_37947e82-5,,,,",",fhir_organization,USA,,
NS_657be53b-6,,,,",",fhir_organization,USA,,
NS_a2619e63-0,,,,",",fhir_organization,USA,,
NS_3a617713-f,,,,",",fhir_organization,USA,,
NS_12c35dab-1,,,,",",fhir_organization,USA,,
NS_c309e80f-a,,,,",",fhir_organization,USA,,
NS_6c6bc3e7-4,,,,",",fhir_organization,USA,,
NS_5a0ac4c3-e,,,,",",fhir_organization,USA,,
NS_63a8cca9-a,,,,",",fhir_organization,USA,,
NS_7d9c658a-8,,,,",",fhir_organization,USA,,
NS_d34f4a93-c,,,,",",fhir_organization,USA,,
NS_b160570a-7,,,,",",fhir_organization,USA,,
NS_16cbe2f7-f,,,,",",fhir_organization,USA,,
NS_a92252fb-3,,,,",",fhir_organization,USA,,
NS_8977371a-2,,,,",",fhir_organization,USA,,
NS_339a0866-6,,,,",",fhir_organization,USA,,
NS_d613e04d-d,,,,",",fhir_organization,USA,,
NS_0c03141f-a,,,,",",fhir_organization,USA,,
NS_93283c5b-9,,,,",",fhir_organization,USA,,
NS_d2ab2b68-c,,,,",",fhir_organization,USA,,
NS_f93253d1-9,,,,",",fhir_organization,USA,,
NS_e60b44f3-1,,,,",",fhir_organization,USA,,
NS_a97c4ef0-d,,,,",",fhir_organization,USA,,
NS_0528f828-b,,,,",",fhir_organization,USA,,
NS_bc94bf82-9,,,,",",fhir_organization,USA,,
NS_a9096da3-0,,,,",",fhir_organization,USA,,
NS_66a6d9bc-9,,,,",",fhir_organization,USA,,
NS_cc01152e-0,,,,",",fhir_organization,USA,,
NS_df20d80d-8,,,,",",fhir_organization,USA,,
NS_00a85119-8,,,,",",fhir_organization,USA,,
NS_ac8a1741-9,,,,",",fhir_organization,USA,,
NS_45736ed9-5,,,,",",fhir_organization,USA,,
NS_2e951d2c-f,,,,",",fhir_organization,USA,,
NS_7284ca85-9,,,,",",fhir_organization,USA,,
NS_15c8aefe-b,,,,",",fhir_organization,USA,,
NS_420d9754-e,,,,",  29715",fhir_organization,"29715, USA",,
NS_54f9cb5c-b,,,,",",fhir_organization,USA,,
NS_a0767945-f,,,,",",fhir_organization,USA,,
NS_3dcbe1de-c,,,,",",fhir_organization,USA,,
NS_cb28c02d-d,,,,",",fhir_organization,USA,,
NS_0cd41791-2,,,,",",fhir_organization,USA,,
NS_a3766d11-b,,,,",",fhir_organization,USA,,
NS_b268db26-c,,,,",",fhir_organization,USA,,
NS_dacf3c3c-8,,,,",",fhir_organization,USA,,
NS_48010126-8,,,,",",fhir_organization,USA,,
NS_73bbc762-b,,,,",",fhir_organization,USA,,
NS_268bc581-4,,,,",",fhir_organization,USA,,
NS_f777ac46-e,,,,",",fhir_organization,USA,,
NS_8bc670b3-d,,,,",",fhir_organization,USA,,
NS_dcc5bf47-7,,,,",",fhir_organization,USA,,
NS_4fb77f54-b,,,,",",fhir_organization,USA,,
NS_0abb820c-7,,,,",",fhir_organization,USA,,
NS_f1f816d7-8,,,,",",fhir_organization,USA,,
NS_cb3e5ca9-8,,,,",",fhir_organization,USA,,
NS_ff0ec176-4,,,,",",fhir_organization,USA,,
NS_56f05957-f,,,,",",fhir_organization,USA,,
NS_1b2348e8-e,,,,",",fhir_organization,USA,,
NS_60b2103c-3,,,,",",fhir_organization,USA,,
NS_8f24daf9-a,,,,",",fhir_organization,USA,,
NS_7a2846d8-6,,,,",",fhir_organization,USA,,
NS_9ccb0fe7-9,,,,",",fhir_organization,USA,,
NS_c53c5a2f-3,,,,",",fhir_organization,USA,,
NS_91811e0c-f,,,,",",fhir_organization,USA,,
NS_52823228-a,,,,",",fhir_organization,USA,,
NS_4921a299-4,,,,",",fhir_organization,USA,,
NS_ba0fb900-7,,,,",",fhir_organization,USA,,
NS_9da49e5e-0,,,,",",fhir_organization,USA,,
NS_d28a6378-f,,,,",",fhir_organization,USA,,
NS_069d5e6d-6,,,,",",fhir_organization,USA,,
NS_e5964bb0-4,,,,",",fhir_organization,USA,,
NS_8d3741c3-3,,,,",",fhir_organization,USA,,
NS_a4160626-d,,,,",",fhir_organization,USA,,
NS_aa5b61be-4,,,,",",fhir_organization,USA,,
NS_f6938b74-c,,,,",",fhir_organization,USA,,
NS_f9d5acbb-e,,,,",",fhir_organization,USA,,
NS_4db2b754-c,,,,",",fhir_organization,USA,,
NS_4d8f92d9-6,,,,",",fhir_organization,USA,,
NS_1529bb8d-c,,,,",",fhir_organization,USA,,
NS_e43598ec-0,,,,",",fhir_organization,USA,,
NS_d652e527-0,,,,",",fhir_organization,USA,,
NS_50e3d705-9,,,,",",fhir_organization,USA,,
NS_6219aefb-1,,,,",",fhir_organization,USA,,
NS_1ca7eae0-9,,,,",",fhir_organization,USA,,
NS_7f37a489-6,,,,",",fhir_organization,USA,,
NS_d2cf8a6e-3,,,,",",fhir_organization,USA,,
NS_a4dd5eff-5,,,,",",fhir_organization,USA,,
NS_678a9c10-3,,,,",",fhir_organization,USA,,
NS_7206a3a2-5,,,,",",fhir_organization,USA,,
NS_cdbf5950-3,,,,",",fhir_organization,USA,,
NS_f6c9b8f2-8,,,,",",fhir_organization,USA,,
NS_9775d1f5-4,,,,",",fhir_organization,USA,,
NS_0f087d1d-f,,,,",",fhir_organization,USA,,
NS_b5226b1f-9,,,,",",fhir_organization,USA,,
NS_9345eafb-0,,,,",",fhir_organization,USA,,
NS_0134d563-7,,,,",",fhir_organization,USA,,
NS_220a1e3a-3,,,,",",fhir_organization,USA,,
NS_b3d4d38e-7,,,,",",fhir_organization,USA,,
NS_aec58275-5,,,,",",fhir_organization,USA,,
NS_8f0c0c33-2,,,,",",fhir_organization,USA,,
NS_71ec795a-d,,,,",",fhir_organization,USA,,
NS_97f8c684-9,,,,",",fhir_organization,USA,,
NS_d112efeb-c,,,,",",fhir_organization,USA,,
NS_90c5ffee-6,,,,",",fhir_organization,USA,,
NS_1c5be2fb-5,,,,",",fhir_organization,USA,,
NS_a4c9fc84-7,,,,",",fhir_organization,USA,,
NS_82fffdab-1,,,,",",fhir_organization,USA,,
NS_2f429623-c,,,,",",fhir_organization,USA,,
NS_560cdc92-e,,,,",",fhir_organization,USA,,
NS_d4c66589-4,,,,",",fhir_organization,USA,,
NS_4fc591f9-7,,,,",",fhir_organization,USA,,
NS_879e55ce-6,,,,",",fhir_organization,USA,,
NS_947d8be0-c,,,,",",fhir_organization,USA,,
NS_271ef0bf-d,,,,",",fhir_organization,USA,,
NS_cfcd4224-4,,,,",",fhir_organization,USA,,
NS_7b129011-2,,,,",",fhir_organization,USA,,
NS_0b1c2fec-3,,,,",",fhir_organization,USA,,
NS_07919e8b-2,,,,",",fhir_organization,USA,,
NS_b8f139a9-1,,,,",",fhir_organization,USA,,
NS_650036e8-d,,,,",",fhir_organization,USA,,
NS_053526a4-7,,,,",",fhir_organization,USA,,
NS_a8e33f6c-5,,,,",",fhir_organization,USA,,
NS_db752aa4-0,,,,",",fhir_organization,USA,,
NS_e29b5044-0,,,,",",fhir_organization,USA,,
NS_636f6827-6,,,,",",fhir_organization,USA,,
NS_4e8f0934-0,,,,",",fhir_organization,USA,,
NS_bb00815c-4,,,,",",fhir_organization,USA,,
NS_0886ced4-6,,,,",",fhir_organization,USA,,
NS_f9b3ea18-b,,,,",",fhir_organization,USA,,
NS_d5cde78e-5,,,,",",fhir_organization,USA,,
NS_59ab8390-b,,,,",",fhir_organization,USA,,
NS_4ee0ed11-a,,,,",",fhir_organization,USA,,
NS_6d9a8f88-9,,,,",",fhir_organization,USA,,
NS_254867de-a,,,,",",fhir_organization,USA,,
NS_402823a8-9,,,,",",fhir_organization,USA,,
NS_d5a25adb-c,,,,",",fhir_organization,USA,,
NS_f417c852-2,,,,",",fhir_organization,USA,,
NS_789be2b0-4,,,,",",fhir_organization,USA,,
NS_8c5b5b40-d,,,,",",fhir_organization,USA,,
NS_3b8304d7-3,,,,",",fhir_organization,USA,,
NS_df93b877-9,,,,",",fhir_organization,USA,,
NS_a94e5280-a,,,,",",fhir_organization,USA,,
NS_2452a5a1-d,,,,",",fhir_organization,USA,,
NS_7036a95b-8,,,,",",fhir_organization,USA,,
NS_f94257cb-a,,,,",",fhir_organization,USA,,
NS_64760f52-f,,,,",",fhir_organization,USA,,
NS_e4beabf1-9,,,,",",fhir_organization,USA,,
NS_175cdc1d-c,,,,",",fhir_organization,USA,,
NS_5e48dec8-a,,,,",",fhir_organization,USA,,
NS_adea834f-2,,,,",",fhir_organization,USA,,
NS_a8ed3695-8,,,,",",fhir_organization,USA,,
NS_474fb47b-9,,,,",",fhir_organization,USA,,
NS_d0b630b2-6,,,,",",fhir_organization,USA,,
NS_e9a2f706-f,,,,",",fhir_organization,USA,,
NS_43a5f03e-1,,,,",",fhir_organization,USA,,
NS_c81c11d1-f,,,,",",fhir_organization,USA,,
NS_23446f69-8,,,,",",fhir_organization,USA,,
NS_391750cf-6,,,,",",fhir_organization,USA,,
NS_39a0b207-f,,,,",",fhir_organization,USA,,
NS_c2701fa9-7,,,,",",fhir_organization,USA,,
NS_20d4fe69-3,,,,",",fhir_organization,USA,,
NS_7f64cb14-1,,,,",",fhir_organization,USA,,
NS_2ecfc2df-8,,,,",",fhir_organization,USA,,
NS_14fda4b3-e,,,,",",fhir_organization,USA,,
NS_a916cbf2-7,,,,",",fhir_organization,USA,,
NS_c11fa8f8-4,,,,",",fhir_organization,USA,,
NS_298ff1d8-e,,,,",",fhir_organization,USA,,
NS_54c802a9-5,,,,",",fhir_organization,USA,,
NS_6fd7591e-b,,,,",",fhir_organization,USA,,
NS_9927992b-a,,,,",",fhir_organization,USA,,
NS_1f92db9e-d,,,,",",fhir_organization,USA,,
NS_64681265-f,,,,",",fhir_organization,USA,,
NS_3ec7ba3d-0,,,,",",fhir_organization,USA,,
NS_6e15ea11-2,,,,",",fhir_organization,USA,,
NS_d1da4c02-f,,,,",",fhir_organization,USA,,
NS_3f1477d1-8,,,,",",fhir_organization,USA,,
NS_14974b3c-9,,,,",",fhir_organization,USA,,
NS_46ecbb35-5,,,,",",fhir_organization,USA,,
NS_7e50367a-9,,,,",",fhir_organization,USA,,
NS_8d7e1983-5,,,,",",fhir_organization,USA,,
NS_a86c7e42-7,,,,",",fhir_organization,USA,,
NS_3e337b66-9,,,,",",fhir_organization,USA,,
NS_38b8b2eb-f,,,,",",fhir_organization,USA,,
NS_58a2f012-5,,,,",",fhir_organization,USA,,
NS_b703c517-7,,,,",",fhir_organization,USA,,
NS_ab669aab-e,,,,",",fhir_organization,USA,,
NS_cc28cc8d-2,,,,",",fhir_organization,USA,,
NS_7e922477-8,,,,",",fhir_organization,USA,,
NS_360e4366-1,,,,",",fhir_organization,USA,,
NS_22c68d11-7,,,,",",fhir_organization,USA,,
NS_3677076b-b,,,,",",fhir_organization,USA,,
NS_2fb8f1be-f,,,,",",fhir_organization,USA,,
NS_c5ecca03-e,,,,",",fhir_organization,USA,,
NS_a0a6cf18-6,,,,",",fhir_organization,USA,,
NS_b9f2648c-1,,,,",",fhir_organization,USA,,
NS_5ed8250a-2,,,,",",fhir_organization,USA,,
NS_1f490322-7,,,,",",fhir_organization,USA,,
NS_f7bd315b-e,,,,",",fhir_organization,USA,,
NS_bbaebeb5-c,,,,",",fhir_organization,USA,,
NS_dd246987-3,,,,",",fhir_organization,USA,,
NS_5b661b22-b,,,,",",fhir_organization,USA,,
NS_7bcdec4f-9,,,,",",fhir_organization,USA,,
NS_c7f3499a-1,,,,",",fhir_organization,USA,,
NS_b683149f-3,,,,",",fhir_organization,USA,,
NS_9bc62c9c-4,,,,",",fhir_organization,USA,,
NS_9665d516-5,,,,",",fhir_organization,USA,,
NS_e00b81a9-d,,,,",",fhir_organization,USA,,
NS_39b0fdc9-a,,,,",",fhir_organization,USA,,
NS_06e03ac7-6,,,,",",fhir_organization,USA,,
NS_172c28b0-2,,,,",  20817",fhir_organization,"20817, USA",,
NS_d6877343-4,,,,",",fhir_organization,USA,,
NS_c532a9ff-d,,,,",",fhir_organization,USA,,
NS_90a6daf9-0,,,,",",fhir_organization,USA,,
NS_dfcd6fca-6,,,,",",fhir_organization,USA,,
NS_ee2a2b7b-4,,,,",",fhir_organization,USA,,
NS_8defdbd3-e,,,,",",fhir_organization,USA,,
NS_8863a825-8,,,,",",fhir_organization,USA,,
NS_9c7246fc-f,,,,",",fhir_organization,USA,,
NS_2934b10f-1,,,,",",fhir_organization,USA,,
NS_c21501b5-5,,,,",",fhir_organization,USA,,
NS_c790c823-4,,,,",",fhir_organization,USA,,
NS_1b746aef-1,,,,",",fhir_organization,USA,,
NS_e0688e34-8,,,,",",fhir_organization,USA,,
NS_b85f6de0-9,,,,",",fhir_organization,USA,,
NS_6f9ddf7c-3,,,,",",fhir_organization,USA,,
NS_df5e306a-c,,,,",",fhir_organization,USA,,
NS_54fcafdf-3,,,,",",fhir_organization,USA,,
NS_c5e36004-f,,,,",",fhir_organization,USA,,
NS_9c3e6480-7,,,,",",fhir_organization,USA,,
NS_29e4a2d3-a,,,,",",fhir_organization,USA,,
NS_153a64d4-a,,,,",",fhir_organization,USA,,
NS_41fa5566-6,,,,",",fhir_organization,USA,,
NS_d351f84b-0,,,,",",fhir_organization,USA,,
NS_260e3ffa-b,,,,",",fhir_organization,USA,,
NS_b8119487-6,,,,",",fhir_organization,USA,,
NS_026f4ff2-7,,,,",",fhir_organization,USA,,
NS_bec0d0a3-8,,,,",",fhir_organization,USA,,
NS_3e92b00f-e,,,,",",fhir_organization,USA,,
NS_ea4c9c75-5,,,,",",fhir_organization,USA,,
NS_4d0bd6f9-3,,,,",",fhir_organization,USA,,
NS_fa46b02c-c,,,,",",fhir_organization,USA,,
NS_f7391032-5,,,,",",fhir_organization,USA,,
NS_6e5d6e1c-7,,,,",",fhir_organization,USA,,
NS_7d34e9ff-b,,,,",",fhir_organization,USA,,
NS_6e9f799e-5,,,,",",fhir_organization,USA,,
NS_b9e31491-6,,,,",",fhir_organization,USA,,
NS_aef7bb27-0,,,,",",fhir_organization,USA,,
NS_dd262f15-b,,,,",",fhir_organization,USA,,
NS_fee5c2f3-2,,,,",",fhir_organization,USA,,
NS_a81fdac4-e,,,,",",fhir_organization,USA,,
NS_2fbc2f80-9,,,,",",fhir_organization,USA,,
NS_622b5622-e,,,,",",fhir_organization,USA,,
NS_886a37ff-8,,,,",",fhir_organization,USA,,
NS_f2afec05-3,,,,",",fhir_organization,USA,,
NS_3cab32fc-2,,,,",",fhir_organization,USA,,
NS_e48db99d-2,,,,",",fhir_organization,USA,,
NS_23c899fe-b,,,,",",fhir_organization,USA,,
NS_c7c92802-a,,,,",",fhir_organization,USA,,
NS_02c02cde-3,,,,",",fhir_organization,USA,,
NS_d23ace8f-2,,,,",",fhir_organization,USA,,
NS_1a17b48d-e,,,,",",fhir_organization,USA,,
NS_084d88a9-1,,,,",",fhir_organization,USA,,
NS_15983ebe-0,,,,",",fhir_organization,USA,,
NS_aea53162-0,,,,",",fhir_organization,USA,,
NS_702ea0bd-5,,,,",",fhir_organization,USA,,
NS_d02905dc-b,,,,",",fhir_organization,USA,,
NS_7af19b46-d,,,,",",fhir_organization,USA,,
NS_6664dca2-d,,,,",",fhir_organization,USA,,
NS_ed1a021c-c,,,,",",fhir_organization,USA,,
NS_501845e3-9,,,,",",fhir_organization,USA,,
NS_b4588a72-3,,,,",",fhir_organization,USA,,
NS_06899978-b,,,,",",fhir_organization,USA,,
NS_b35da43d-4,,,,",",fhir_organization,USA,,
NS_b8e030e2-6,,,,",",fhir_organization,USA,,
NS_d810e974-8,,,,",",fhir_organization,USA,,
NS_68fd88d3-0,,,,",",fhir_organization,USA,,
NS_6c763c74-1,,,,",",fhir_organization,USA,,
NS_0fafe457-a,,,,",",fhir_organization,USA,,
NS_d8cfb052-3,,,,",",fhir_organization,USA,,
NS_7756a629-f,,,,",",fhir_organization,USA,,
NS_9f1f0718-e,,,,",",fhir_organization,USA,,
NS_b8bc5d6f-d,,,,",",fhir_organization,USA,,
NS_65d8fa2c-b,,,,",",fhir_organization,USA,,
NS_b15ca14e-8,,,,",",fhir_organization,USA,,
NS_4682641a-3,,,,",",fhir_organization,USA,,
NS_e70849fe-8,,,,",",fhir_organization,USA,,
NS_cd19e166-0,,,,",",fhir_organization,USA,,
NS_91972c9f-b,,,,",",fhir_organization,USA,,
NS_9cfb5471-7,,,,",",fhir_organization,USA,,
NS_582373be-7,,,,",",fhir_organization,USA,,
NS_b4a72419-3,,,,",",fhir_organization,USA,,
NS_932568c6-a,,,,",",fhir_organization,USA,,
NS_c6dcdbf2-d,,,,",",fhir_organization,USA,,
NS_3ca12bc2-0,,,,",",fhir_organization,USA,,
NS_77a4e927-b,,,,",",fhir_organization,USA,,
NS_99dbc457-d,,,,",",fhir_organization,USA,,
NS_e609cb0c-2,,,,",",fhir_organization,USA,,
NS_5a3514b1-1,,,,",",fhir_organization,USA,,
NS_7d0f62ad-4,,,,",",fhir_organization,USA,,
NS_1fbaeff7-9,,,,",",fhir_organization,USA,,
NS_9933ebc3-7,,,,",",fhir_organization,USA,,
NS_cafe93f1-f,,,,",",fhir_organization,USA,,
NS_97800462-e,,,,",",fhir_organization,USA,,
NS_ec227802-1,,,,",",fhir_organization,USA,,
NS_8abb7e35-1,,,,",",fhir_organization,USA,,
NS_47eafd26-3,,,,",",fhir_organization,USA,,
NS_820909d3-a,,,,",",fhir_organization,USA,,
NS_a6db7041-b,,,,",",fhir_organization,USA,,
NS_25f5721a-c,,,,",",fhir_organization,USA,,
NS_43351f06-9,,,,",",fhir_organization,USA,,
NS_a5d339fb-e,,,,",",fhir_organization,USA,,
NS_13f0e85d-0,,,,",",fhir_organization,USA,,
NS_28991dbe-5,,,,",",fhir_organization,USA,,
NS_473d5668-7,,,,",",fhir_organization,USA,,
NS_3d98af1f-7,,,,",",fhir_organization,USA,,
NS_37007b7d-0,,,,",",fhir_organization,USA,,
NS_65e90905-3,,,,",",fhir_organization,USA,,
NS_c741febe-7,,,,",",fhir_organization,USA,,
NS_c825394c-5,,,,",",fhir_organization,USA,,
NS_0339e104-6,,,,",",fhir_organization,USA,,
NS_ea62f18e-c,,,,",",fhir_organization,USA,,
NS_6186fced-6,,,,",",fhir_organization,USA,,
NS_6081614f-2,,,,",",fhir_organization,USA,,
NS_e1df8dce-1,,,,",",fhir_organization,USA,,
NS_8d325ce5-e,,,,",",fhir_organization,USA,,
NS_712f0d0c-7,,,,",",fhir_organization,USA,,
NS_0cc584da-3,,,,",",fhir_organization,USA,,
NS_eb7db2e1-2,,,,",",fhir_organization,USA,,
NS_10ee65f5-c,,,,",",fhir_organization,USA,,
NS_52dffb4a-b,,,,",",fhir_organization,USA,,
NS_87a27a60-a,,,,",",fhir_organization,USA,,
NS_9ca0d969-6,,,,",",fhir_organization,USA,,
NS_ecfd3ade-c,,,,",",fhir_organization,USA,,
NS_557e2309-1,,,,",",fhir_organization,USA,,
NS_1e20c240-d,,,,",",fhir_organization,USA,,
NS_bad236fc-5,,,,",",fhir_organization,USA,,
NS_67a11da2-9,,,,",",fhir_organization,USA,,
NS_1ea4a9aa-2,,,,",",fhir_organization,USA,,
NS_d891296a-c,,,,",",fhir_organization,USA,,
NS_c90e74a9-f,,,,",",fhir_organization,USA,,
NS_ed7da177-6,,,,",",fhir_organization,USA,,
NS_403b9917-c,,,,",",fhir_organization,USA,,
NS_e400cfb3-3,,,,",",fhir_organization,USA,,
NS_2474b72c-0,,,,",",fhir_organization,USA,,
NS_c88807f6-7,,,,",",fhir_organization,USA,,
NS_3e064768-9,,,,",",fhir_organization,USA,,
NS_6f1f8b90-2,,,,",",fhir_organization,USA,,
NS_967647f1-4,,,,",",fhir_organization,USA,,
NS_14b7b55a-1,,,,",",fhir_organization,USA,,
NS_1f90a65d-d,,,,",",fhir_organization,USA,,
NS_487b091e-9,,,,",",fhir_organization,USA,,
NS_a6def4e7-2,,,,",",fhir_organization,USA,,
NS_688cd6e2-9,,,,",",fhir_organization,USA,,
NS_51108bfc-b,,,,",",fhir_organization,USA,,
NS_d4ddab0b-5,,,,",",fhir_organization,USA,,
NS_c9c47f29-1,,,,",",fhir_organization,USA,,
NS_bc5f54c3-6,,,,",",fhir_organization,USA,,
NS_bc3aa5c7-e,,,,",",fhir_organization,USA,,
NS_336afe84-b,,,,",",fhir_organization,USA,,
NS_51d11542-7,,,,",",fhir_organization,USA,,
NS_533f7413-1,,,,",",fhir_organization,USA,,
NS_7756ae10-9,,,,",",fhir_organization,USA,,
NS_c880d286-3,,,,",",fhir_organization,USA,,
NS_0331e4b8-d,,,,",",fhir_organization,USA,,
NS_59d1d1e2-9,,,,",",fhir_organization,USA,,
NS_527e1016-3,,,,",",fhir_organization,USA,,
NS_f3114dab-2,,,,",",fhir_organization,USA,,
NS_06551a45-e,,,,",",fhir_organization,USA,,
NS_4a2c55a2-8,,,,",",fhir_organization,USA,,
NS_352e053f-9,,,,",",fhir_organization,USA,,
NS_e85df237-7,,,,",",fhir_organization,USA,,
NS_c3f5a193-7,,,,",",fhir_organization,USA,,
NS_ddaa622c-f,,,,",",fhir_organization,USA,,
NS_bf787ce9-0,,,,",",fhir_organization,USA,,
NS_bbb94547-3,,,,",",fhir_organization,USA,,
NS_029e9004-b,,,,",",fhir_organization,USA,,
NS_3396c18d-b,,,,",",fhir_organization,USA,,
NS_7d2ec3f4-d,,,,",",fhir_organization,USA,,
NS_498690c3-9,,,,",",fhir_organization,USA,,
NS_635dd6c1-7,,,,",",fhir_organization,USA,,
NS_bb4e3b9b-c,,,,",",fhir_organization,USA,,
NS_bc2069f1-3,,,,",",fhir_organization,USA,,
NS_74de5b4c-c,,,,",",fhir_organization,USA,,
NS_2a0860c9-2,,,,",",fhir_organization,USA,,
NS_64869f5d-0,,,,",",fhir_organization,USA,,
NS_d01069ed-e,,,,",",fhir_organization,USA,,
NS_a1f0c986-2,,,,",",fhir_organization,USA,,
NS_636fe0ee-c,,,,",",fhir_organization,USA,,
NS_458b81ad-f,,,,",",fhir_organization,USA,,
NS_a59ae792-7,,,,",",fhir_organization,USA,,
NS_c8d1bc57-4,,,,",",fhir_organization,USA,,
NS_94aa8336-a,,,,",",fhir_organization,USA,,
NS_5cdd5789-e,,,,",",fhir_organization,USA,,
NS_4ec19193-e,,,,",",fhir_organization,USA,,
NS_496ea76c-7,,,,",",fhir_organization,USA,,
NS_2d8bbd4f-f,,,,",",fhir_organization,USA,,
NS_cb5272c0-b,,PO Box SS-5669,,"Nassau,  12121",fhir_organization,"PO Box SS-5669, Nassau, 12121, USA",,
NS_85f3f0a7-3,,,,",",fhir_organization,USA,,
NS_61e45d3c-c,,,,",",fhir_organization,USA,,
NS_1287513d-4,,,,",",fhir_organization,USA,,
NS_2fd15f1e-c,,,,",",fhir_organization,USA,,
NS_887732ab-f,,,,",",fhir_organization,USA,,
NS_9ed53160-6,,,,",",fhir_organization,USA,,
NS_70a7edef-8,,,,",",fhir_organization,USA,,
NS_78b6757f-0,,,,",",fhir_organization,USA,,
NS_29fae5b2-0,,,,",",fhir_organization,USA,,
NS_10eb36e8-e,,,,",",fhir_organization,USA,,
NS_e5d122f2-0,,,,",",fhir_organization,USA,,
NS_c10e1f53-3,,,,",",fhir_organization,USA,,
NS_45984c92-1,,,,",",fhir_organization,USA,,
NS_3e5adc8f-4,,,,",",fhir_organization,USA,,
NS_c11cc4c6-0,,,,",",fhir_organization,USA,,
NS_4adb7ff3-4,,,,",",fhir_organization,USA,,
NS_6afd06e8-c,,,,",",fhir_organization,USA,,
NS_93a1b0d5-1,,,,",",fhir_organization,USA,,
NS_90bef63d-e,,,,",",fhir_organization,USA,,
NS_1c5ca0b9-4,,,,",",fhir_organization,USA,,
NS_93b1809f-4,,,,",",fhir_organization,USA,,
NS_203b4ff2-5,,,,",",fhir_organization,USA,,
NS_5f15a231-d,,,,",",fhir_organization,USA,,
NS_cb43eaf2-9,,,,",",fhir_organization,USA,,
NS_a467309b-c,,,,",",fhir_organization,USA,,
NS_93c75b76-a,,,,",",fhir_organization,USA,,
NS_e4570704-7,,,,",",fhir_organization,USA,,
NS_c99fe29a-a,,,,",",fhir_organization,USA,,
NS_319b4ec7-5,,,,",",fhir_organization,USA,,
NS_7ff2fed4-7,,,,",",fhir_organization,USA,,
NS_a048f68c-2,,,,",",fhir_organization,USA,,
NS_f231a286-c,,,,",",fhir_organization,USA,,
NS_25877963-8,,,,",",fhir_organization,USA,,
NS_31ad0698-1,,,,",",fhir_organization,USA,,
NS_e708dbb4-6,,,,",",fhir_organization,USA,,
NS_2620ac16-a,,,,",",fhir_organization,USA,,
NS_7c26209e-d,,,,",",fhir_organization,USA,,
NS_95891878-5,,,,",",fhir_organization,USA,,
NS_20f37da2-4,,,,",",fhir_organization,USA,,
NS_b8a4cd66-e,,,,",",fhir_organization,USA,,
NS_53202246-7,,,,",",fhir_organization,USA,,
NS_431db0ee-a,,,,",",fhir_organization,USA,,
NS_44cbfeed-7,,,,",",fhir_organization,USA,,
NS_ed0a9679-e,,,,",",fhir_organization,USA,,
NS_85ea5404-9,,,,",",fhir_organization,USA,,
NS_65037a50-b,,,,",",fhir_organization,USA,,
NS_b314e81a-6,,,,",",fhir_organization,USA,,
NS_8edf3953-3,,,,",",fhir_organization,USA,,
NS_10aafedf-9,,,,",",fhir_organization,USA,,
NS_22f56122-b,,,,",",fhir_organization,USA,,
NS_e017f00f-b,,,,",",fhir_organization,USA,,
NS_635f441e-4,,,,",",fhir_organization,USA,,
NS_bb057117-f,,,,",",fhir_organization,USA,,
NS_126ea504-c,,,,",",fhir_organization,USA,,
NS_643b3d13-a,,,,",",fhir_organization,USA,,
NS_85dd9575-4,,,,",",fhir_organization,USA,,
NS_9ca79c32-3,,,,",",fhir_organization,USA,,
NS_57cd2786-8,,,,",",fhir_organization,USA,,
NS_3c4a2c35-c,,,,",",fhir_organization,USA,,
NS_1bc723d9-4,,,,",",fhir_organization,USA,,
NS_1bac9d35-0,,,,",",fhir_organization,USA,,
NS_224631fc-4,,,,",",fhir_organization,USA,,
NS_b9b7352f-c,,,,",",fhir_organization,USA,,
NS_286ffb3a-7,,,,",",fhir_organization,USA,,
NS_d033cf23-1,,,,",",fhir_organization,USA,,
NS_bf9595eb-5,,,,",",fhir_organization,USA,,
NS_6d41ec44-6,,,,",",fhir_organization,USA,,
NS_1db4a80f-2,,,,",",fhir_organization,USA,,
NS_5709808b-b,,,,",",fhir_organization,USA,,
NS_b98351ee-a,,,,",",fhir_organization,USA,,
NS_adb2fade-b,,,,",",fhir_organization,USA,,
NS_91407ec0-3,,,,",",fhir_organization,USA,,
NS_7838dc31-1,,,,",",fhir_organization,USA,,
NS_c3e98b5f-c,,,,",",fhir_organization,USA,,
NS_917f6268-2,,,,",",fhir_organization,USA,,
NS_a8827c89-2,,,,",",fhir_organization,USA,,
NS_cdb57c0b-4,,,,",",fhir_organization,USA,,
NS_7a65cc53-0,,,,",",fhir_organization,USA,,
NS_d76bf092-b,,,,",",fhir_organization,USA,,
NS_d6c552c8-9,,,,",",fhir_organization,USA,,
NS_acd4b33a-7,,,,",",fhir_organization,USA,,
NS_b455c646-d,,,,",",fhir_organization,USA,,
NS_8a1f2598-6,,,,",",fhir_organization,USA,,
NS_991ca7fe-5,,,,",",fhir_organization,USA,,
NS_7119c9c9-f,,,,",",fhir_organization,USA,,
NS_8f8a9563-a,,,,",",fhir_organization,USA,,
NS_aafc65d6-9,,,,",",fhir_organization,USA,,
NS_0d0b739a-f,,,,",",fhir_organization,USA,,
NS_228feb99-3,,,,",",fhir_organization,USA,,
NS_092282e1-7,,,,",",fhir_organization,USA,,
NS_3a028e10-e,,,,",",fhir_organization,USA,,
NS_c2624c11-d,,,,",",fhir_organization,USA,,
NS_57d1f0b6-c,,,,",",fhir_organization,USA,,
NS_82f41b6a-d,,,,",",fhir_organization,USA,,
NS_d5d97dae-e,,,,",",fhir_organization,USA,,
NS_f0b49b0c-0,,,,",",fhir_organization,USA,,
NS_0529ce3e-7,,,,",",fhir_organization,USA,,
NS_1e34dff9-2,,,,",",fhir_organization,USA,,
NS_d19abfcc-9,,,,",",fhir_organization,USA,,
NS_90ba3266-4,,,,",",fhir_organization,USA,,
NS_fac6a7ab-0,,,,",",fhir_organization,USA,,
NS_eb106ad6-4,,,,",",fhir_organization,USA,,
NS_79ff772d-4,,,,",",fhir_organization,USA,,
NS_aca0cf6c-8,,,,",",fhir_organization,USA,,
NS_6d52b6b6-1,,,,",",fhir_organization,USA,,
NS_e6d64e15-3,,,,",",fhir_organization,USA,,
NS_5a014724-1,,,,",",fhir_organization,USA,,
NS_73589e3c-5,,,,",",fhir_organization,USA,,
NS_ae225776-d,,,,",",fhir_organization,USA,,
NS_2bde6669-6,,,,",",fhir_organization,USA,,
NS_fb8add05-1,,,,",",fhir_organization,USA,,
NS_afd2cee9-5,,,,",",fhir_organization,USA,,
NS_41cf0fda-3,,,,",",fhir_organization,USA,,
NS_447a92fd-c,,,,",",fhir_organization,USA,,
NS_525c9cf8-8,,,,",",fhir_organization,USA,,
NS_200a3122-e,,,,",",fhir_organization,USA,,
NS_eeef0486-5,,,,",",fhir_organization,USA,,
NS_dde3cce3-3,,,,",",fhir_organization,USA,,
NS_233b5fc7-0,,,,",",fhir_organization,USA,,
NS_b7d53c5d-5,,,,",",fhir_organization,USA,,
NS_e8ffda06-1,,,,",",fhir_organization,USA,,
NS_bfd67f71-5,,,,",",fhir_organization,USA,,
NS_dc934f5d-9,,,,",",fhir_organization,USA,,
NS_955c45b3-e,,,,",",fhir_organization,USA,,
NS_46d98625-6,,,,",",fhir_organization,USA,,
NS_de856f0d-d,,,,",",fhir_organization,USA,,
NS_66e628f9-e,,,,",",fhir_organization,USA,,
NS_1c6f3ab8-f,,,,",",fhir_organization,USA,,
NS_a3f215d0-b,,,,",",fhir_organization,USA,,
NS_2cea7fd5-0,,,,",",fhir_organization,USA,,
NS_6d2eac28-3,,,,",",fhir_organization,USA,,
NS_05f88771-c,,,,",",fhir_organization,USA,,
NS_954abed9-d,,,,",",fhir_organization,USA,,
NS_0f71d997-c,,,,",",fhir_organization,USA,,
NS_18ff465a-a,,,,",",fhir_organization,USA,,
NS_7d13a5fa-7,,,,",",fhir_organization,USA,,
NS_3429a14a-3,,,,",",fhir_organization,USA,,
NS_2de907c2-c,,,,",",fhir_organization,USA,,
NS_2458386b-0,,,,",",fhir_organization,USA,,
NS_619c496b-3,,,,",",fhir_organization,USA,,
NS_541f9f4a-4,,,,",",fhir_organization,USA,,
NS_2d2371f0-a,,,,",",fhir_organization,USA,,
NS_d9ee6ed4-3,,,,",",fhir_organization,USA,,
NS_6135e63d-e,,,,",",fhir_organization,USA,,
NS_db7a5d08-a,,,,",",fhir_organization,USA,,
NS_d81aec21-d,,,,",",fhir_organization,USA,,
NS_15666f5a-9,,,,",",fhir_organization,USA,,
NS_be3a00ba-d,,,,",  92705",fhir_organization,"92705, USA",,
NS_f6db75a9-1,,,,",",fhir_organization,USA,,
NS_19406e4b-3,,,,",",fhir_organization,USA,,
NS_0fb39a16-8,,,,",",fhir_organization,USA,,
NS_be111619-5,,,,",",fhir_organization,USA,,
NS_d369d2f3-2,,,,",",fhir_organization,USA,,
NS_acefb0ea-0,,,,",",fhir_organization,USA,,
NS_4a5819ee-4,,,,",",fhir_organization,USA,,
NS_598b8f8e-3,,,,",",fhir_organization,USA,,
NS_96493a73-f,,,,",",fhir_organization,USA,,
NS_be0f44d4-3,,,,",",fhir_organization,USA,,
NS_21f16c64-8,,,,",",fhir_organization,USA,,
NS_5648e367-9,,,,",",fhir_organization,USA,,
NS_33ee4087-b,,,,",",fhir_organization,USA,,
NS_3aa5e2bb-e,,,,",",fhir_organization,USA,,
NS_e642bb4f-2,,,,",",fhir_organization,USA,,
NS_4b56dc69-2,,,,",",fhir_organization,USA,,
NS_937a3233-5,,,,",",fhir_organization,USA,,
NS_e4bbdcfc-e,,,,",",fhir_organization,USA,,
NS_02f3f11d-8,,,,",",fhir_organization,USA,,
NS_f8c14c07-7,,,,",",fhir_organization,USA,,
NS_c16daedf-d,,,,",",fhir_organization,USA,,
NS_54dc923d-1,,,,",",fhir_organization,USA,,
NS_1bc27b54-e,,,,",",fhir_organization,USA,,
NS_14ae9327-3,,,,",",fhir_organization,USA,,
NS_f7d9548c-e,,,,",",fhir_organization,USA,,
NS_5c4685af-9,,,,",",fhir_organization,USA,,
NS_706cc234-9,,,,",",fhir_organization,USA,,
NS_6b93c509-d,,,,",",fhir_organization,USA,,
NS_75645248-f,,,,",",fhir_organization,USA,,
NS_c6a66e18-7,,,,",",fhir_organization,USA,,
NS_a1cfd616-a,,,,",",fhir_organization,USA,,
NS_af306ea0-8,,,,",",fhir_organization,USA,,
NS_8c1428b1-3,,,,",",fhir_organization,USA,,
NS_10a5f402-5,,,,",",fhir_organization,USA,,
NS_73b1daaf-1,,,,",",fhir_organization,USA,,
NS_2b610459-f,,,,",",fhir_organization,USA,,
NS_8b37c5a0-9,,,,",",fhir_organization,USA,,
NS_56505130-6,,,,",",fhir_organization,USA,,
NS_6783c088-5,,,,",",fhir_organization,USA,,
NS_e058a171-0,,,,",",fhir_organization,USA,,
NS_4b0be43c-8,,,,",",fhir_organization,USA,,
NS_a9a4afb4-0,,,,",",fhir_organization,USA,,
NS_e2731f58-1,,,,",",fhir_organization,USA,,
NS_c64b5be9-2,,,,",",fhir_organization,USA,,
NS_62aa64c4-7,,,,",",fhir_organization,USA,,
NS_68c57158-3,,,,",",fhir_organization,USA,,
NS_c5b6f1e3-3,,,,",",fhir_organization,USA,,
NS_f2e37363-8,,,,",",fhir_organization,USA,,
NS_f73a2cb9-4,,,,",",fhir_organization,USA,,
NS_db45dcb2-e,,,,",",fhir_organization,USA,,
NS_45935f4b-d,,,,",",fhir_organization,USA,,
NS_2b146e96-1,,,,",",fhir_organization,USA,,
NS_da56a3fc-1,,,,",",fhir_organization,USA,,
NS_cfbb54c3-4,,,,",",fhir_organization,USA,,
NS_5d554e5a-8,,,,",",fhir_organization,USA,,
NS_1aafc9a6-f,,,,",",fhir_organization,USA,,
NS_2383ae94-a,,,,",",fhir_organization,USA,,
NS_825dc04d-e,,,,",",fhir_organization,USA,,
NS_d6d8cf8f-4,,,,",",fhir_organization,USA,,
NS_858ccfc4-d,,,,",",fhir_organization,USA,,
NS_d24595e7-1,,,,",",fhir_organization,USA,,
NS_a6ddac30-7,,,,",",fhir_organization,USA,,
NS_5dba0f91-4,,,,",",fhir_organization,USA,,
NS_0336ecbd-7,,,,",",fhir_organization,USA,,
NS_170e06d6-d,,,,",",fhir_organization,USA,,
NS_7e28eead-b,,,,",",fhir_organization,USA,,
NS_9afd5dd5-c,,,,",",fhir_organization,USA,,
NS_9fafa81f-7,,,,",",fhir_organization,USA,,
NS_cc5e91b4-7,,,,",",fhir_organization,USA,,
NS_137713a8-a,,,,",",fhir_organization,USA,,
NS_760c731f-e,,mhcgmanchester_live,,",",fhir_organization,"mhcgmanchester_live, USA",,
NS_971ead00-e,,,,",",fhir_organization,USA,,
NS_3a099dcf-0,,,,",",fhir_organization,USA,,
NS_f6fd2ba2-3,,,,",",fhir_organization,USA,,
NS_615f38e7-f,,,,",",fhir_organization,USA,,
NS_97b20f43-f,,,,",",fhir_organization,USA,,
NS_e0385e47-0,,,,",",fhir_organization,USA,,
NS_21ae0d79-d,,,,",",fhir_organization,USA,,
NS_92627efe-1,,,,",",fhir_organization,USA,,
NS_caf8fe32-0,,,,",",fhir_organization,USA,,
NS_d84da6b9-3,,,,",  10006",fhir_organization,"10006, USA",,
NS_5df3a0a4-1,,,,",",fhir_organization,USA,,
NS_65d9f71b-b,,,,",",fhir_organization,USA,,
NS_bd7d8d99-b,,,,",",fhir_organization,USA,,
NS_2646ff77-5,,,,",",fhir_organization,USA,,
NS_d900a680-8,,,,",",fhir_organization,USA,,
NS_c95f4bea-1,,,,",",fhir_organization,USA,,
NS_bfd7ec0f-8,,,,",",fhir_organization,USA,,
NS_9f572da4-b,,,,",",fhir_organization,USA,,
NS_0774ccc7-5,,,,",",fhir_organization,USA,,
NS_ccf90cb2-1,,,,",",fhir_organization,USA,,
NS_b29c1e87-4,,,,",",fhir_organization,USA,,
NS_ededaaf4-d,,,,",",fhir_organization,USA,,
NS_1a40e130-d,,,,",",fhir_organization,USA,,
NS_ec2a6e43-e,,,,",",fhir_organization,USA,,
NS_83cbc87b-e,,,,",",fhir_organization,USA,,
NS_e2928e20-0,,,,",",fhir_organization,USA,,
NS_6aa72aef-0,,,,",",fhir_organization,USA,,
NS_ed94c770-3,,,,",",fhir_organization,USA,,
NS_1301fb69-c,,,,",",fhir_organization,USA,,
NS_083f3b07-1,,,,",",fhir_organization,USA,,
NS_798b0999-3,,,,",",fhir_organization,USA,,
NS_1e830324-6,,,,",",fhir_organization,USA,,
NS_28e734e2-3,,,,",",fhir_organization,USA,,
NS_b8661930-3,,,,",",fhir_organization,USA,,
NS_129b11a0-9,,,,",",fhir_organization,USA,,
NS_b225b20f-0,,,,",",fhir_organization,USA,,
NS_29266100-c,,,,",",fhir_organization,USA,,
NS_ff33c400-4,,,,",",fhir_organization,USA,,
NS_701a801e-2,,,,",",fhir_organization,USA,,
NS_d53d3490-c,,,,",",fhir_organization,USA,,
NS_447c59f4-f,,,,",",fhir_organization,USA,,
NS_001e7439-9,,,,",",fhir_organization,USA,,
NS_e56c8136-9,,,,",",fhir_organization,USA,,
NS_5966eb1e-6,,,,",",fhir_organization,USA,,
NS_f8cefb4f-b,,,,",",fhir_organization,USA,,
NS_2b2bb055-7,,,,",",fhir_organization,USA,,
NS_0663cfa8-7,,,,",",fhir_organization,USA,,
NS_f083c0d7-5,,,,",",fhir_organization,USA,,
NS_5d8dadd3-6,,,,",",fhir_organization,USA,,
NS_478a71d9-b,,,,",",fhir_organization,USA,,
NS_fc629879-4,,,,",",fhir_organization,USA,,
NS_8d5ab663-e,,,,",",fhir_organization,USA,,
NS_805177d0-0,,,,",",fhir_organization,USA,,
NS_0e1a3270-4,,,,",",fhir_organization,USA,,
NS_1e41a691-1,,,,",",fhir_organization,USA,,
NS_8dc511d0-7,,,,",",fhir_organization,USA,,
NS_5b223377-c,,,,",",fhir_organization,USA,,
NS_17c8a86b-8,,,,",",fhir_organization,USA,,
NS_23f250a2-e,,,,",",fhir_organization,USA,,
NS_0d3b6c43-2,,,,",",fhir_organization,USA,,
NS_a6924b20-4,,,,",",fhir_organization,USA,,
NS_fb27f8b4-9,,,,",",fhir_organization,USA,,
NS_eee1c1b6-3,,,,",",fhir_organization,USA,,
NS_38d040d4-3,,,,",",fhir_organization,USA,,
NS_3a3ee68c-d,,,,",",fhir_organization,USA,,
NS_9822cf48-1,,,,",",fhir_organization,USA,,
NS_b8f08227-4,,,,",",fhir_organization,USA,,
NS_e6f9fb48-b,,,,",",fhir_organization,USA,,
NS_2a2cac54-1,,,,",",fhir_organization,USA,,
NS_fd2d868f-6,,,,",",fhir_organization,USA,,
NS_c0ec597a-a,,,,",",fhir_organization,USA,,
NS_d79abb88-8,,,,",",fhir_organization,USA,,
NS_8d73e4bc-d,,,,",",fhir_organization,USA,,
NS_6e161c6e-b,,,,",",fhir_organization,USA,,
NS_2ca30348-8,,,,",",fhir_organization,USA,,
NS_c30545bb-6,,,,",",fhir_organization,USA,,
NS_2ca35265-2,,,,",",fhir_organization,USA,,
NS_d6afe9b0-3,,,,",",fhir_organization,USA,,
NS_83715200-f,,,,",",fhir_organization,USA,,
NS_beff565c-8,,,,",",fhir_organization,USA,,
NS_667f28db-8,,,,",",fhir_organization,USA,,
NS_dd05767d-7,,,,",",fhir_organization,USA,,
NS_ac84ea48-f,,,,",",fhir_organization,USA,,
NS_6185b785-d,,,,",",fhir_organization,USA,,
NS_204634ac-f,,,,",",fhir_organization,USA,,
NS_5a4c3d10-1,,,,",",fhir_organization,USA,,
NS_7ea035e4-e,,,,",",fhir_organization,USA,,
NS_bdb1c290-f,,,,",",fhir_organization,USA,,
NS_2aae5a53-e,,,,",",fhir_organization,USA,,
NS_343df590-a,,,,",",fhir_organization,USA,,
NS_5b49da07-f,,,,",",fhir_organization,USA,,
NS_5ba0309a-7,,,,",",fhir_organization,USA,,
NS_cb2824c4-b,,,,",",fhir_organization,USA,,
NS_2882f34e-9,,,,",",fhir_organization,USA,,
NS_f69724fe-6,,,,",",fhir_organization,USA,,
NS_ae7da837-8,,,,",",fhir_organization,USA,,
NS_4518cfad-d,,,,",",fhir_organization,USA,,
NS_35a89933-0,,,,",",fhir_organization,USA,,
NS_0ce160db-1,,,,",",fhir_organization,USA,,
NS_0cc88888-5,,,,",",fhir_organization,USA,,
NS_18cf9962-8,,,,",",fhir_organization,USA,,
NS_7d194e78-b,,,,",",fhir_organization,USA,,
NS_600d5b17-c,,,,",",fhir_organization,USA,,
NS_ace63a53-1,,,,",",fhir_organization,USA,,
NS_1422abd2-a,,,,",",fhir_organization,USA,,
NS_890d5087-d,,,,",",fhir_organization,USA,,
NS_13274750-c,,,,",",fhir_organization,USA,,
NS_1ae6f3f7-d,,,,",",fhir_organization,USA,,
NS_124d6c94-7,,,,",",fhir_organization,USA,,
NS_c3662a00-d,,,,",",fhir_organization,USA,,
NS_2d1e01de-5,,,,",",fhir_organization,USA,,
NS_677ef1ae-2,,,,",",fhir_organization,USA,,
NS_bd44bcaf-d,,,,",",fhir_organization,USA,,
NS_983ba9ed-7,,,,",",fhir_organization,USA,,
NS_94ca60df-7,,,,",",fhir_organization,USA,,
NS_96c1687f-6,,,,",",fhir_organization,USA,,
NS_66d74ee9-6,,,,",",fhir_organization,USA,,
NS_49d869f0-1,,,,",",fhir_organization,USA,,
NS_fde9c0cb-7,,,,",",fhir_organization,USA,,
NS_ab3a0426-7,,,,",",fhir_organization,USA,,
NS_f29e60ff-5,,,,",",fhir_organization,USA,,
NS_032889a1-8,,,,",",fhir_organization,USA,,
NS_191b1af7-a,,,,",",fhir_organization,USA,,
NS_d029e520-2,,,,",",fhir_organization,USA,,
NS_fa7d82ba-7,,,,",",fhir_organization,USA,,
NS_380dd58d-0,,,,",",fhir_organization,USA,,
NS_6a522e5f-1,,,,",",fhir_organization,USA,,
NS_c303f59e-c,,,,",",fhir_organization,USA,,
NS_d7466bea-c,,,,",",fhir_organization,USA,,
NS_69f5d7a6-7,,,,",",fhir_organization,USA,,
NS_66848ab5-a,,,,",",fhir_organization,USA,,
NS_3f512ce0-9,,,,",",fhir_organization,USA,,
NS_0b828d14-c,,,,",",fhir_organization,USA,,
NS_bca6da7d-c,,,,",",fhir_organization,USA,,
NS_3c62c12a-9,,,,",",fhir_organization,USA,,
NS_8507b3a3-d,,,,",",fhir_organization,USA,,
NS_0fcad7a5-1,,,,",",fhir_organization,USA,,
NS_cc7079c4-3,,,,",",fhir_organization,USA,,
NS_97b79348-f,,,,",",fhir_organization,USA,,
NS_22c6baea-8,,,,",",fhir_organization,USA,,
NS_3a760834-8,,,,",",fhir_organization,USA,,
NS_0168e808-1,,,,",",fhir_organization,USA,,
NS_cad190c4-d,,,,",",fhir_organization,USA,,
NS_1b507538-8,,,,",",fhir_organization,USA,,
NS_84b0ce38-1,,,,",",fhir_organization,USA,,
NS_ed0acce8-6,,,,",",fhir_organization,USA,,
NS_f9f4e2d6-f,,,,",",fhir_organization,USA,,
NS_c4ebfdb5-4,,,,",",fhir_organization,USA,,
NS_24eae72b-4,,,,",",fhir_organization,USA,,
NS_dd1ca008-1,,,,",",fhir_organization,USA,,
NS_5302557f-6,,,,",",fhir_organization,USA,,
NS_d9f5c37d-5,,,,",",fhir_organization,USA,,
NS_98bed088-3,,,,",",fhir_organization,USA,,
NS_d84e5170-a,,,,",",fhir_organization,USA,,
NS_d76b9632-d,,,,",",fhir_organization,USA,,
NS_87fdf956-f,,,,",",fhir_organization,USA,,
NS_77c2ae94-3,,,,",",fhir_organization,USA,,
NS_4af4c5c8-f,,,,",",fhir_organization,USA,,
NS_644209ea-e,,,,",",fhir_organization,USA,,
NS_29bf617f-5,,,,",",fhir_organization,USA,,
NS_70e07913-b,,,,",",fhir_organization,USA,,
NS_121dc610-8,,,,",",fhir_organization,USA,,
NS_4c925a35-9,,,,",",fhir_organization,USA,,
NS_305c6ef7-5,,,,",",fhir_organization,USA,,
NS_9835eef1-8,,,,",",fhir_organization,USA,,
NS_f15fb60d-8,,,,",",fhir_organization,USA,,
NS_279e8b56-9,,,,",",fhir_organization,USA,,
NS_34548b0a-1,,,,",",fhir_organization,USA,,
NS_1fa3db54-8,,,,",",fhir_organization,USA,,
NS_74ae4761-6,,,,",",fhir_organization,USA,,
NS_647c0bc1-f,,,,",",fhir_organization,USA,,
NS_3b21c9b8-4,,,,",",fhir_organization,USA,,
NS_89327c11-2,,,,",",fhir_organization,USA,,
NS_7a68e341-9,,,,",",fhir_organization,USA,,
NS_511a8cf3-c,,,,",",fhir_organization,USA,,
NS_ae4532a7-6,,,,",",fhir_organization,USA,,
NS_6795b089-7,,,,",",fhir_organization,USA,,
NS_f8e6df72-c,,,,",",fhir_organization,USA,,
NS_31d5252b-7,,,,",",fhir_organization,USA,,
NS_6de24cb5-0,,,,",",fhir_organization,USA,,
NS_1834613e-1,,,,",",fhir_organization,USA,,
NS_3d1bc155-c,,,,",",fhir_organization,USA,,
NS_783f0672-3,,,,",",fhir_organization,USA,,
NS_a056e2ef-2,,,,",",fhir_organization,USA,,
NS_9e372f8a-b,,,,",",fhir_organization,USA,,
NS_fb486152-d,,,,",",fhir_organization,USA,,
NS_3e148b18-b,,,,",",fhir_organization,USA,,
NS_9d9c7b39-d,,,,",",fhir_organization,USA,,
NS_bd0ee227-9,,,,",",fhir_organization,USA,,
NS_3180316d-e,,,,",",fhir_organization,USA,,
NS_8831c53f-e,,,,",",fhir_organization,USA,,
NS_dedee995-8,,,,",",fhir_organization,USA,,
NS_d71a5d0e-b,,,,",",fhir_organization,USA,,
NS_f3d55e49-b,,,,",",fhir_organization,USA,,
NS_7f1d6528-7,,,,",",fhir_organization,USA,,
NS_cd79379e-e,,,,",",fhir_organization,USA,,
NS_29f9bcd6-b,,,,",",fhir_organization,USA,,
NS_4bac7c78-e,,,,",",fhir_organization,USA,,
NS_19fedf2a-8,,,,",",fhir_organization,USA,,
NS_801501ef-a,,,,",",fhir_organization,USA,,
NS_ce44508b-6,,,,",",fhir_organization,USA,,
NS_a1e17973-8,,,,",",fhir_organization,USA,,
NS_a0c17110-e,,,,",",fhir_organization,USA,,
NS_97b7a8eb-e,,,,",",fhir_organization,USA,,
NS_5533ca25-2,,,,",",fhir_organization,USA,,
NS_df1f2e9a-2,,,,",",fhir_organization,USA,,
NS_fecd4d5c-9,,,,",",fhir_organization,USA,,
NS_063fa483-8,,,,",",fhir_organization,USA,,
NS_821a2fea-5,,,,",",fhir_organization,USA,,
NS_f5a72a72-5,,,,",",fhir_organization,USA,,
NS_c97967c0-f,,,,",",fhir_organization,USA,,
NS_ea7a9e2b-c,,,,",",fhir_organization,USA,,
NS_aaea8b35-1,,,,",",fhir_organization,USA,,
NS_21087b63-f,,,,",",fhir_organization,USA,,
NS_17a8aa8f-7,,,,",",fhir_organization,USA,,
NS_6a8a4ad7-2,,,,",",fhir_organization,USA,,
NS_6b3f930c-7,,,,",",fhir_organization,USA,,
NS_8a8ef3f6-a,,,,",",fhir_organization,USA,,
NS_e8e0505d-b,,,,",",fhir_organization,USA,,
NS_094106c6-9,,,,",",fhir_organization,USA,,
NS_72cc8148-f,,,,",",fhir_organization,USA,,
NS_be67613e-7,,,,",",fhir_organization,USA,,
NS_295bd6f1-2,,,,",",fhir_organization,USA,,
NS_af52cba9-6,,,,",",fhir_organization,USA,,
NS_38431900-b,,,,",",fhir_organization,USA,,
NS_bcb9f27e-f,,,,",",fhir_organization,USA,,
NS_cd69c767-f,,,,",",fhir_organization,USA,,
NS_7315e293-8,,,,",",fhir_organization,USA,,
NS_f0710266-7,,,,",",fhir_organization,USA,,
NS_45a4beeb-6,,,,",",fhir_organization,USA,,
NS_23550f6d-c,,,,",",fhir_organization,USA,,
NS_8457df5b-a,,,,",",fhir_organization,USA,,
NS_5c356fc5-5,,,,",",fhir_organization,USA,,
NS_cb393db4-e,,,,",",fhir_organization,USA,,
NS_2fac0af7-9,,,,",",fhir_organization,USA,,
NS_d35ba972-8,,,,",",fhir_organization,USA,,
NS_4dbce47c-a,,,,",",fhir_organization,USA,,
NS_2f6bd812-7,,,,",",fhir_organization,USA,,
NS_9389301d-1,,,,",",fhir_organization,USA,,
NS_f0191051-5,,,,",",fhir_organization,USA,,
NS_3708699e-1,,,,",",fhir_organization,USA,,
NS_91bae8ad-6,,,,",",fhir_organization,USA,,
NS_f7193a9d-f,,,,",",fhir_organization,USA,,
NS_026cfb6e-9,,,,",",fhir_organization,USA,,
NS_cb2963a9-f,,,,",",fhir_organization,USA,,
NS_409bdff7-c,,,,",",fhir_organization,USA,,
NS_fbec437d-5,,,,",",fhir_organization,USA,,
NS_9b9b49d9-a,,,,",",fhir_organization,USA,,
NS_96e3bf62-3,,,,",",fhir_organization,USA,,
NS_9db07f74-2,,,,",",fhir_organization,USA,,
NS_f39c9519-e,,,,",",fhir_organization,USA,,
NS_b19738a0-8,,,,",",fhir_organization,USA,,
NS_8c60e6d8-1,,,,",",fhir_organization,USA,,
NS_fa95ed4e-a,,,,",",fhir_organization,USA,,
NS_03e3d4b8-4,,,,",",fhir_organization,USA,,
NS_7a89305f-6,,,,",",fhir_organization,USA,,
NS_c9b36ba3-d,,,,",",fhir_organization,USA,,
NS_d25a18a7-e,,,,",",fhir_organization,USA,,
NS_df34f02e-2,,,,",",fhir_organization,USA,,
NS_1ef6d727-6,,,,",",fhir_organization,USA,,
NS_72b1d979-6,,,,",",fhir_organization,USA,,
NS_c3eb6d75-3,,1000 Ballantyne Blvd,Charlotte,",",fhir_organization,"1000 Ballantyne Blvd, Charlotte, USA",,
NS_511388a8-1,,,,",",fhir_organization,USA,,
NS_3b0094c6-1,,,,",",fhir_organization,USA,,
NS_b28d068a-f,,,,",",fhir_organization,USA,,
NS_9123773f-b,,,,",",fhir_organization,USA,,
NS_769341eb-2,,,,",",fhir_organization,USA,,
NS_b73a2565-e,,,,",",fhir_organization,USA,,
NS_9e37e526-d,,,,",",fhir_organization,USA,,
NS_7d52450c-0,,,,",",fhir_organization,USA,,
NS_ce3d60f2-1,,,,",",fhir_organization,USA,,
NS_2ca5b71b-5,,,,",",fhir_organization,USA,,
NS_7d149e35-d,,,,",",fhir_organization,USA,,
NS_af245765-6,,,,",",fhir_organization,USA,,
NS_59e6172a-7,,,,",",fhir_organization,USA,,
NS_c69a6272-d,,,,",",fhir_organization,USA,,
NS_fed540e9-7,,,,",",fhir_organization,USA,,
NS_b2a0fed9-0,,,,",",fhir_organization,USA,,
NS_0b763001-2,,,,",",fhir_organization,USA,,
NS_233d280b-9,,,,",",fhir_organization,USA,,
NS_b96eba72-c,,,,",",fhir_organization,USA,,
NS_6a8f6938-9,,,,",",fhir_organization,USA,,
NS_6aa908a2-7,,,,",",fhir_organization,USA,,
NS_862d152a-8,,,,",",fhir_organization,USA,,
NS_df91b8fa-7,,,,",",fhir_organization,USA,,
NS_83998221-e,,,,",",fhir_organization,USA,,
NS_22b82f90-6,,,,",",fhir_organization,USA,,
NS_6d88a7e3-f,,,,",",fhir_organization,USA,,
NS_2981479f-e,,,,",",fhir_organization,USA,,
NS_862aea8d-7,,,,",",fhir_organization,USA,,
NS_18d6a1c7-5,,,,",",fhir_organization,USA,,
NS_f7643c61-e,,,,",",fhir_organization,USA,,
NS_73e11acb-8,,,,",",fhir_organization,USA,,
NS_d8b87368-c,,,,",",fhir_organization,USA,,
NS_994320ef-3,,,,",",fhir_organization,USA,,
NS_9b2eb79d-7,,,,",",fhir_organization,USA,,
NS_76aadd55-8,,,,",",fhir_organization,USA,,
NS_4cdede1b-9,,,,",",fhir_organization,USA,,
NS_362ed2fc-b,,,,",",fhir_organization,USA,,
NS_914783bf-f,,,,",",fhir_organization,USA,,
NS_78a0a1f3-6,,,,",",fhir_organization,USA,,
NS_d1aee6e3-5,,,,",",fhir_organization,USA,,
NS_6a019765-1,,,,",",fhir_organization,USA,,
NS_ce06de14-2,,,,",",fhir_organization,USA,,
NS_28e5fa02-c,,,,",",fhir_organization,USA,,
NS_c03c35a2-3,,,,",",fhir_organization,USA,,
NS_333fb829-0,,,,",",fhir_organization,USA,,
NS_05310bc2-3,,,,",",fhir_organization,USA,,
NS_42b3be10-b,,,,",",fhir_organization,USA,,
NS_e159c768-1,,,,",",fhir_organization,USA,,
NS_8a8bbbac-9,,,,",",fhir_organization,USA,,
NS_f9cae3a9-6,,,,",",fhir_organization,USA,,
NS_bd027066-3,,,,",",fhir_organization,USA,,
NS_e26dc86f-b,,,,",",fhir_organization,USA,,
NS_8f529984-f,,,,",",fhir_organization,USA,,
NS_625ecfb8-e,,,,",",fhir_organization,USA,,
NS_19619810-b,,,,",",fhir_organization,USA,,
NS_26c00102-0,,,,",",fhir_organization,USA,,
NS_acff31fb-8,,,,",",fhir_organization,USA,,
NS_7530fc44-f,,,,",",fhir_organization,USA,,
NS_9ae7074d-c,,,,",",fhir_organization,USA,,
NS_e0499e18-5,,,,",",fhir_organization,USA,,
NS_5f44d6ca-b,,,,",",fhir_organization,USA,,
NS_c7e5034f-4,,,,",",fhir_organization,USA,,
NS_3269da81-b,,,,",",fhir_organization,USA,,
NS_ce7cebd0-d,,,,",",fhir_organization,USA,,
NS_9686a13e-c,,,,",",fhir_organization,USA,,
NS_c934e9ba-7,,,,",",fhir_organization,USA,,
NS_97ce1488-1,,,,",",fhir_organization,USA,,
NS_9a67f6cb-f,,,,",",fhir_organization,USA,,
NS_7126e21d-1,,,,",",fhir_organization,USA,,
NS_cc4b4e10-7,,,,",",fhir_organization,USA,,
NS_6ea61c09-4,,,,",",fhir_organization,USA,,
NS_243c42f2-b,,,,",",fhir_organization,USA,,
NS_26c02963-3,,,,",",fhir_organization,USA,,
NS_676d4967-2,,,,",",fhir_organization,USA,,
NS_397c95f5-7,,,,",",fhir_organization,USA,,
NS_49b66848-2,,,,",",fhir_organization,USA,,
NS_86aa3bf3-6,,,,",",fhir_organization,USA,,
NS_ca801830-d,,,,",",fhir_organization,USA,,
NS_9f07192c-f,,,,",",fhir_organization,USA,,
NS_f44c7768-0,,,,",",fhir_organization,USA,,
NS_bf8a6bda-a,,,,",",fhir_organization,USA,,
NS_e0df7cc6-9,,,,",",fhir_organization,USA,,
NS_358fc3e8-6,,,,",",fhir_organization,USA,,
NS_2293c427-b,,,,",",fhir_organization,USA,,
NS_3039f6cb-3,,,,",",fhir_organization,USA,,
NS_b104ad73-3,,,,",",fhir_organization,USA,,
NS_8bf5bc26-9,,,,",",fhir_organization,USA,,
NS_0a4d93ff-5,,,,",",fhir_organization,USA,,
NS_ce2a0d61-f,,,,",",fhir_organization,USA,,
NS_e567a26d-d,,,,",",fhir_organization,USA,,
NS_69f86889-6,,,,",",fhir_organization,USA,,
NS_cdeed6de-4,,,,",",fhir_organization,USA,,
NS_5ff2e398-4,,,,",",fhir_organization,USA,,
NS_d02140d1-0,,,,",",fhir_organization,USA,,
NS_3e82f75c-5,,,,",",fhir_organization,USA,,
NS_5cc2e14b-4,,,,",",fhir_organization,USA,,
NS_3582f65d-e,,,,",",fhir_organization,USA,,
NS_dc670869-4,,,,",",fhir_organization,USA,,
NS_560211ed-0,,,,",",fhir_organization,USA,,
NS_171039c5-c,,,,",",fhir_organization,USA,,
NS_3711ad8e-1,,,,",",fhir_organization,USA,,
NS_74f0d067-6,,,,",",fhir_organization,USA,,
NS_fef89d2f-2,,,,",",fhir_organization,USA,,
NS_868c842c-e,,,,",",fhir_organization,USA,,
NS_b1e44da9-9,,,,",",fhir_organization,USA,,
NS_3f951559-0,,,,",",fhir_organization,USA,,
NS_9f5a453f-2,,,,",",fhir_organization,USA,,
NS_ce3ebebf-3,,,,",",fhir_organization,USA,,
NS_72832baa-4,,,,",",fhir_organization,USA,,
NS_1773c279-5,,,,",",fhir_organization,USA,,
NS_a6044799-7,,,,",",fhir_organization,USA,,
NS_67e4d13d-4,,,,",",fhir_organization,USA,,
NS_74d0fbe1-1,,,,",",fhir_organization,USA,,
NS_bf1c278d-e,,,,",",fhir_organization,USA,,
NS_db796def-7,,,,",",fhir_organization,USA,,
NS_fe61909f-a,,,,",",fhir_organization,USA,,
NS_d39dc8ba-e,,,,",",fhir_organization,USA,,
NS_c4a1913a-7,,,,",",fhir_organization,USA,,
NS_b492e590-e,,,,",",fhir_organization,USA,,
NS_7af60363-9,,,,",",fhir_organization,USA,,
NS_5ba29a14-c,,,,",",fhir_organization,USA,,
NS_bd9b0805-c,,,,",",fhir_organization,USA,,
NS_a0e643dd-a,,,,",",fhir_organization,USA,,
NS_3be47258-3,,,,",",fhir_organization,USA,,
NS_08e65fb5-7,,,,",",fhir_organization,USA,,
NS_f8c49f3a-0,,,,",",fhir_organization,USA,,
NS_6fefe3e4-7,,,,",",fhir_organization,USA,,
NS_71f84eda-2,,,,",",fhir_organization,USA,,
NS_7f606bed-1,,,,",",fhir_organization,USA,,
NS_20fd056c-c,,,,",",fhir_organization,USA,,
NS_c2229259-8,,,,",",fhir_organization,USA,,
NS_1b0b8163-c,,,,",",fhir_organization,USA,,
NS_ad0cc1e8-8,,,,",",fhir_organization,USA,,
NS_5be0fb92-a,,,,",",fhir_organization,USA,,
NS_4fe96791-f,,,,",",fhir_organization,USA,,
NS_c996d881-4,,,,",",fhir_organization,USA,,
NS_bdf70e4d-c,,,,",",fhir_organization,USA,,
NS_f4923951-b,,,,",",fhir_organization,USA,,
NS_71f36db8-0,,,,",",fhir_organization,USA,,
NS_76559bd6-0,,,,",",fhir_organization,USA,,
NS_bb7ee698-2,,,,",",fhir_organization,USA,,
NS_24c079db-0,,,,",",fhir_organization,USA,,
NS_a49a6b3e-6,,,,",",fhir_organization,USA,,
NS_fc2e0bf4-2,,,,",",fhir_organization,USA,,
NS_1ac025f1-2,,,,",",fhir_organization,USA,,
NS_920d57e2-1,,,,",",fhir_organization,USA,,
NS_b0e8e80c-c,,,,",",fhir_organization,USA,,
NS_c2932c68-d,,,,",",fhir_organization,USA,,
NS_c95775ac-2,,,,",",fhir_organization,USA,,
NS_797c1e05-3,,,,",",fhir_organization,USA,,
NS_f0e92b13-a,,,,",",fhir_organization,USA,,
NS_036b3aa1-4,,,,",",fhir_organization,USA,,
NS_271a961e-2,,,,",",fhir_organization,USA,,
NS_4bc1d919-b,,,,",",fhir_organization,USA,,
NS_df1bc7f4-9,,,,",",fhir_organization,USA,,
NS_7d2fa3cb-a,,,,",",fhir_organization,USA,,
NS_c4ac9d47-1,,,,",",fhir_organization,USA,,
NS_a5685c42-3,,,,",",fhir_organization,USA,,
NS_bb93629d-3,,,,",",fhir_organization,USA,,
NS_25bd7dcb-f,,,,",",fhir_organization,USA,,
NS_2be9412d-5,,,,",",fhir_organization,USA,,
NS_6c8b9ac3-2,,,,",",fhir_organization,USA,,
NS_54c60011-a,,,,",",fhir_organization,USA,,
NS_58617e91-1,,,,",",fhir_organization,USA,,
NS_f0fb25f0-4,,,,",",fhir_organization,USA,,
NS_533545ba-4,,,,",",fhir_organization,USA,,
NS_99baad30-8,,,,",",fhir_organization,USA,,
NS_4fc9c1c1-5,,,,",",fhir_organization,USA,,
NS_cb6e336b-6,,,,",",fhir_organization,USA,,
NS_5ee247ba-3,,,,",",fhir_organization,USA,,
NS_4958ad2b-c,,,,",",fhir_organization,USA,,
NS_bc5b1c03-1,,,,",",fhir_organization,USA,,
NS_ac36b54c-f,,,,",",fhir_organization,USA,,
NS_eefcbe59-f,,,,",",fhir_organization,USA,,
NS_56feb144-a,,,,",",fhir_organization,USA,,
NS_a67c9dba-e,,,,",",fhir_organization,USA,,
NS_a2d4aa5b-f,,,,",",fhir_organization,USA,,
NS_c95aeb3f-c,,,,",",fhir_organization,USA,,
NS_c92d1874-5,,,,",",fhir_organization,USA,,
NS_adde4992-7,,,,",",fhir_organization,USA,,
NS_ed316bb0-2,,,,",",fhir_organization,USA,,
NS_28450154-f,,,,",",fhir_organization,USA,,
NS_6f9afc14-2,,,,",",fhir_organization,USA,,
NS_03bd7341-9,,,,",",fhir_organization,USA,,
NS_d2f0c7aa-b,,,,",",fhir_organization,USA,,
NS_4c1c7d81-c,,,,",",fhir_organization,USA,,
NS_15340a30-e,,,,",",fhir_organization,USA,,
NS_d4edf93a-2,,,,",",fhir_organization,USA,,
NS_090d6eb0-2,,,,",",fhir_organization,USA,,
NS_e252d86f-9,,,,",",fhir_organization,USA,,
NS_8f1f225b-8,,,,",",fhir_organization,USA,,
NS_189570f1-f,,,,",",fhir_organization,USA,,
NS_1f4b8dc2-f,,,,",",fhir_organization,USA,,
NS_eaeeb4da-e,,,,",",fhir_organization,USA,,
NS_113b2d9e-1,,,,",",fhir_organization,USA,,
NS_d7f2aa46-4,,,,",",fhir_organization,USA,,
NS_5c872bc1-9,,,,",",fhir_organization,USA,,
NS_b40fec9f-7,,,,",",fhir_organization,USA,,
NS_03b903a7-a,,,,",",fhir_organization,USA,,
NS_edcf16d2-6,,,,",",fhir_organization,USA,,
NS_8d83742e-f,,,,",",fhir_organization,USA,,
NS_efab9510-a,,,,",",fhir_organization,USA,,
NS_40f3dc51-9,,,,",",fhir_organization,USA,,
NS_3072df6b-e,,,,",",fhir_organization,USA,,
NS_95bdda1a-d,,,,",",fhir_organization,USA,,
NS_b8c1a457-9,,,,",",fhir_organization,USA,,
NS_4b127071-b,,,,",",fhir_organization,USA,,
NS_092de44f-5,,,,",",fhir_organization,USA,,
NS_8c2a1e5d-1,,,,",",fhir_organization,USA,,
NS_9bc54e08-a,,,,",",fhir_organization,USA,,
NS_3eef251b-b,,,,",",fhir_organization,USA,,
NS_fdddfda1-c,,,,",",fhir_organization,USA,,
NS_57270abc-8,,,,",",fhir_organization,USA,,
NS_01306f2c-d,,,,",",fhir_organization,USA,,
NS_122921e3-8,,,,",",fhir_organization,USA,,
NS_ca85c6a8-9,,,,",",fhir_organization,USA,,
NS_fa9c3097-0,,,,",",fhir_organization,USA,,
NS_6bac8149-e,,,,",",fhir_organization,USA,,
NS_b007adcb-3,,,,",",fhir_organization,USA,,
NS_f5375c5d-0,,,,",",fhir_organization,USA,,
NS_56dc5c52-b,,,,",",fhir_organization,USA,,
NS_2a1dc5b2-9,,,,",",fhir_organization,USA,,
NS_5da76f37-4,,,,",",fhir_organization,USA,,
NS_72c442f4-a,,,,",",fhir_organization,USA,,
NS_eb4ffa21-c,,,,",",fhir_organization,USA,,
NS_89ff5a79-5,,,,",",fhir_organization,USA,,
NS_5a31cc0f-6,,,,",",fhir_organization,USA,,
NS_711fe9a8-8,,,,",",fhir_organization,USA,,
NS_3ad391a2-2,,,,",",fhir_organization,USA,,
NS_9fd9ca35-0,,,,",",fhir_organization,USA,,
NS_6ce2664a-0,,,,",",fhir_organization,USA,,
NS_7d572248-4,,,,",",fhir_organization,USA,,
NS_fb28bba3-6,,,,",",fhir_organization,USA,,
NS_e7a4e7de-2,,,,",",fhir_organization,USA,,
NS_c256da7d-f,,,,",",fhir_organization,USA,,
NS_94c68208-a,,,,",",fhir_organization,USA,,
NS_1c4a6c82-e,,,,",",fhir_organization,USA,,
NS_9b218597-8,,,,",",fhir_organization,USA,,
NS_cecfb5b9-f,,,,",",fhir_organization,USA,,
NS_61b38e1e-b,,,,",",fhir_organization,USA,,
NS_e6f07dc4-2,,,,",",fhir_organization,USA,,
NS_bf631956-c,,,,",",fhir_organization,USA,,
NS_6c6b1d1c-2,,,,",",fhir_organization,USA,,
NS_dc5e8021-1,,,,",",fhir_organization,USA,,
NS_7e9ae767-a,,,,",",fhir_organization,USA,,
NS_68b6ec06-5,,,,",",fhir_organization,USA,,
NS_7c681c09-5,,,,",",fhir_organization,USA,,
NS_d6708e7c-5,,,,",",fhir_organization,USA,,
NS_ba05f340-5,,,,",",fhir_organization,USA,,
NS_bee7030f-c,,,,",",fhir_organization,USA,,
NS_c0d6e06b-9,,,,",",fhir_organization,USA,,
NS_c834fe57-0,,,,",",fhir_organization,USA,,
NS_4f079b29-5,,,,",",fhir_organization,USA,,
NS_5f0dbbbc-a,,,,",",fhir_organization,USA,,
NS_4f3e1503-c,,,,",",fhir_organization,USA,,
NS_73ef2100-7,,,,",",fhir_organization,USA,,
NS_1a5dad5c-9,,,,",",fhir_organization,USA,,
NS_3292e9c4-3,,,,",",fhir_organization,USA,,
NS_e2e95fb3-b,,,,",",fhir_organization,USA,,
NS_314817b5-d,,,,",",fhir_organization,USA,,
NS_390d105c-c,,,,",",fhir_organization,USA,,
NS_de27f5eb-a,,,,",",fhir_organization,USA,,
NS_564e1119-b,,,,",",fhir_organization,USA,,
NS_6edfddee-2,,,,",",fhir_organization,USA,,
NS_40291d7f-8,,,,",",fhir_organization,USA,,
NS_f06b957a-2,,,,",",fhir_organization,USA,,
NS_1c8e2f79-2,,,,",",fhir_organization,USA,,
NS_38da00d4-c,,,,",",fhir_organization,USA,,
NS_4170427b-2,,,,",",fhir_organization,USA,,
NS_4cfd451e-6,,,,",",fhir_organization,USA,,
NS_456bbca1-3,,,,",",fhir_organization,USA,,
NS_7c37f1df-3,,,,",",fhir_organization,USA,,
NS_14049ce1-b,,,,",",fhir_organization,USA,,
NS_db8cde44-2,,,,",",fhir_organization,USA,,
NS_e6ea9540-b,,,,",",fhir_organization,USA,,
NS_a5fc3a0e-9,,,,",",fhir_organization,USA,,
NS_0d73f319-e,,,,",",fhir_organization,USA,,
NS_a45264f2-5,,,,",",fhir_organization,USA,,
NS_4a63e69b-e,,,,",",fhir_organization,USA,,
NS_4fee581a-3,,,,",",fhir_organization,USA,,
NS_ba877699-9,,,,",",fhir_organization,USA,,
NS_c8b7ec8b-f,,,,",",fhir_organization,USA,,
NS_40739019-3,,,,",",fhir_organization,USA,,
NS_d6e024a4-7,,,,",",fhir_organization,USA,,
NS_efd3806a-9,,,,",",fhir_organization,USA,,
NS_d206370e-b,,,,",",fhir_organization,USA,,
NS_28bf1a90-1,,,,",",fhir_organization,USA,,
NS_0e3fea2c-4,,,,",",fhir_organization,USA,,
NS_c9adfe09-f,,,,",",fhir_organization,USA,,
NS_d9a725ea-2,,,,",",fhir_organization,USA,,
NS_36214cf2-a,,,,",",fhir_organization,USA,,
NS_4b4cce70-5,,,,",",fhir_organization,USA,,
NS_5f1cf5e0-5,,,,",",fhir_organization,USA,,
NS_c98872ef-5,,,,",",fhir_organization,USA,,
NS_d26840bc-1,,,,",",fhir_organization,us,,
NS_70d59aa9-1,,,,",",fhir_organization,us,,
NS_cd4744a7-9,,,,",",fhir_organization,US,,
NS_f00aa3de-7,,,,",",fhir_organization,US,,
NS_78f4f183-8,,,,",",fhir_organization,US,,
NS_84d73a40-0,,,,",",fhir_organization,US,,
NS_bcaf540c-8,,,,",",fhir_organization,US,,
NS_9fe8b610-0,,18519 W Rimrock St,,"Surprise,  85388-3214",fhir_organization,"18519 W Rimrock St, Surprise, 85388-3214, US",,
NS_a59a9de1-f,,,,",",fhir_organization,US,,
NS_83eab08b-f,,,,",",fhir_organization,US,,
NS_f99a5c12-2,,,,",",fhir_organization,US,,
NS_e740e571-7,,,,",",fhir_organization,US,,
NS_16d59ede-6,,,,",",fhir_organization,US,,
NS_5889d8b9-5,,,,",",fhir_organization,US,,
NS_48b3c0c7-c,,,,",",fhir_organization,US,,
NS_811094a6-8,,,,",",fhir_organization,US,,
NS_22d3b553-1,,,,",",fhir_organization,US,,
NS_11f7911e-a,,,,",",fhir_organization,US,,
NS_2d279764-d,,,,",",fhir_organization,US,,
NS_3ca5d394-b,,,,",",fhir_organization,US,,
NS_bfe474a6-b,,,,",",fhir_organization,US,,
NS_5d6a49fe-a,,,,",",fhir_organization,US,,
NS_66e9b919-b,,,,",",fhir_organization,US,,
NS_a8f56d18-8,,,,",",fhir_organization,US,,
NS_2042a401-0,,,,",",fhir_organization,US,,
NS_c12514bd-2,,,,",",fhir_organization,US,,
NS_474de047-e,,,,",",fhir_organization,US,,
NS_ae10ff30-2,,,,",",fhir_organization,US,,
NS_72d9e02e-e,,,,",",fhir_organization,US,,
NS_5b9aa674-4,,,,",",fhir_organization,US,,
NS_8a845077-0,,,,",",fhir_organization,US,,
NS_b77f7a32-4,,,,",",fhir_organization,US,,
NS_e4d7fbc6-e,,,,",",fhir_organization,US,,
NS_e27cce20-e,,,,",",fhir_organization,US,,
NS_1f84f130-d,,,,",",fhir_organization,US,,
NS_20b7a783-3,,,,",",fhir_organization,US,,
NS_02775ec5-c,,,,",",fhir_organization,US,,
NS_a0af72c3-9,,,,",",fhir_organization,US,,
NS_f74ba770-3,,,,",",fhir_organization,US,,
NS_c2180bc1-e,,,,",",fhir_organization,US,,
NS_676c1614-9,,,,",",fhir_organization,US,,
NS_48a6b9e0-d,,,,",",fhir_organization,US,,
NS_847e0eed-c,,,,",",fhir_organization,US,,
NS_6ada8a33-2,,,,",",fhir_organization,US,,
NS_93451e85-4,,,,",",fhir_organization,US,,
NS_8d8dac53-d,,,,",",fhir_organization,US,,
NS_a891b4eb-c,,,,",",fhir_organization,US,,
NS_da798a47-c,,,,",",fhir_organization,US,,
NS_ee5ea0a8-9,,,,",",fhir_organization,US,,
NS_12ce5c06-f,,,,",",fhir_organization,US,,
NS_b623b150-1,,,,",",fhir_organization,US,,
NS_343f4ed3-8,,,,",",fhir_organization,US,,
NS_ec55e3ae-e,,,,",",fhir_organization,US,,
NS_17fcdb91-d,,,,",",fhir_organization,US,,
NS_4914079b-2,,,,",",fhir_organization,US,,
NS_23acb485-1,,,,",",fhir_organization,US,,
NS_4de769bb-3,,,,",",fhir_organization,US,,
NS_b01040c7-4,,,,",",fhir_organization,US,,
NS_4c328636-7,,,,",",fhir_organization,US,,
NS_ae4007df-9,,,,",",fhir_organization,,,
NS_a4e38878-4,,,,",",fhir_organization,US,,
NS_9be9e6e3-1,,,,",",fhir_organization,US,,
NS_c0c66ea3-c,,,,",",fhir_organization,US,,
NS_65768d52-9,,,,",",fhir_organization,US,,
NS_3e8627ad-3,,,,",",fhir_organization,US,,
NS_e4749ea9-c,,,,",",fhir_organization,US,,
NS_494c3cd9-a,,,,",",fhir_organization,US,,
NS_819b2451-2,,,,",",fhir_organization,US,,
NS_859aec70-a,,,,",",fhir_organization,US,,
NS_98e6a78f-9,,,,",",fhir_organization,US,,
NS_5572b1dc-7,,,,",",fhir_organization,US,,
NS_833599c2-3,,,,",",fhir_organization,US,,
NS_0784a9f6-e,,,,",",fhir_organization,US,,
NS_e11bb85f-1,,,,",",fhir_organization,US,,
NS_8d4e3311-3,,,,",",fhir_organization,US,,
NS_62c506a1-0,,,,",",fhir_organization,US,,
NS_b8d4fde4-6,,,,",",fhir_organization,US,,
NS_39dddf47-8,,,,",",fhir_organization,US,,
NS_10650908-a,,,,",",fhir_organization,US,,
NS_bfff54c0-7,,,,",",fhir_organization,US,,
NS_fc051cd4-3,,,,",",fhir_organization,US,,
NS_af7188a2-7,,,,",",fhir_organization,US,,
NS_078871a1-9,,,,",",fhir_organization,US,,
NS_61ed849a-e,,,,",",fhir_organization,US,,
NS_a72578ad-5,,,,",",fhir_organization,US,,
NS_c2229976-7,,,,",",fhir_organization,US,,
NS_4a3f5832-f,,,,",",fhir_organization,US,,
NS_8b85579b-8,,,,",",fhir_organization,US,,
NS_5362d77b-b,,,,",",fhir_organization,US,,
NS_0a977c37-0,,,,",",fhir_organization,US,,
NS_788294a8-3,,,,",",fhir_organization,US,,
NS_0f3bb52d-f,,,,",",fhir_organization,US,,
NS_d05503b9-4,,,,",",fhir_organization,US,,
NS_3f60d60c-b,,,,",",fhir_organization,US,,
NS_0cc0c1ff-f,,,,",",fhir_organization,US,,
NS_1f6bbd12-e,,,,",",fhir_organization,US,,
NS_2b97f8b9-f,,,,",",fhir_organization,US,,
NS_8e54c0fb-5,,,,",",fhir_organization,US,,
NS_92811e45-4,,,,",",fhir_organization,US,,
NS_417be450-d,,,,",",fhir_organization,US,,
NS_acce0e80-f,,,,",",fhir_organization,US,,
NS_e9aa2788-e,,,,",",fhir_organization,US,,
NS_7b1ad80f-3,,,,",",fhir_organization,US,,
NS_7b8e0fb9-2,,,,",",fhir_organization,US,,
NS_98b1db68-8,,,,",",fhir_organization,US,,
NS_530bee38-d,,,,",",fhir_organization,US,,
NS_93f3df91-d,,,,",",fhir_organization,US,,
NS_13cc0f8d-6,,,,",",fhir_organization,US,,
NS_de32c850-4,,,,",",fhir_organization,US,,
NS_3b79e498-d,,,,",",fhir_organization,US,,
NS_14bf259c-1,,,,",",fhir_organization,US,,
NS_dc9d202d-4,,,,",",fhir_organization,US,,
NS_c8b7c71e-2,,,,",",fhir_organization,US,,
NS_1a4926da-4,,,,",",fhir_organization,US,,
NS_299ef0da-a,,,,",",fhir_organization,US,,
NS_a7b75d59-5,,,,",",fhir_organization,US,,
NS_dc3a8c07-f,,,,",",fhir_organization,US,,
NS_79f0f8f0-2,,,,",",fhir_organization,US,,
NS_5ef5164e-c,,,,",",fhir_organization,US,,
NS_43f25200-e,,,,",",fhir_organization,US,,
NS_d8b639d4-6,,,,",",fhir_organization,US,,
NS_3b1169ef-4,,,,",",fhir_organization,US,,
NS_8e52a5ef-1,,,,",",fhir_organization,US,,
NS_1e78b355-0,,,,",",fhir_organization,US,,
NS_c8c81d97-6,,,,",",fhir_organization,US,,
NS_53b76784-9,,,,",",fhir_organization,US,,
NS_0a39e37f-3,,,,",",fhir_organization,US,,
NS_6cd28e4b-e,,,,",",fhir_organization,US,,
NS_8258eb52-8,,,,",",fhir_organization,US,,
NS_21e5e201-1,,,,",",fhir_organization,US,,
NS_9b07537d-9,,,,",",fhir_organization,US,,
NS_c9209c21-4,,,,",",fhir_organization,US,,
NS_8371988c-f,,,,",",fhir_organization,US,,
NS_71e7717e-0,,,,",",fhir_organization,US,,
NS_093ac411-d,,,,",",fhir_organization,US,,
NS_33623f1a-0,,,,",",fhir_organization,US,,
NS_134b0b4a-5,,,,",",fhir_organization,US,,
NS_b1f6bbad-2,,,,",",fhir_organization,US,,
NS_6606bf76-e,,,,",",fhir_organization,US,,
NS_cfeaefa8-d,,,,",",fhir_organization,US,,
NS_86b81f1f-7,,,,",",fhir_organization,US,,
NS_b64a9ac0-3,,,,",",fhir_organization,US,,
NS_91dbc8f5-c,,,,",",fhir_organization,US,,
NS_da1b7023-f,,,,",",fhir_organization,US,,
NS_09ee3bd8-d,,,,",",fhir_organization,US,,
NS_fbd14ec4-3,,,,",",fhir_organization,US,,
NS_062dad60-d,,,,",",fhir_organization,US,,
NS_6276ea3d-c,,,,",",fhir_organization,US,,
NS_f0a382a9-1,,,,",",fhir_organization,US,,
NS_faa09065-7,,,,",",fhir_organization,US,,
NS_0ef4dad6-9,,,,",",fhir_organization,US,,
NS_482745b0-a,,,,",",fhir_organization,US,,
NS_01ac8b27-6,,,,",",fhir_organization,US,,
NS_399ab0eb-a,,,,",",fhir_organization,US,,
NS_a7dee977-e,,,,",",fhir_organization,US,,
NS_b8008b59-3,,,,",",fhir_organization,US,,
NS_bce758e8-5,,,,",",fhir_organization,US,,
NS_b01177fa-4,,,,",",fhir_organization,US,,
NS_98552f3a-f,,,,",",fhir_organization,US,,
NS_92ed2d34-1,,,,",",fhir_organization,US,,
NS_2f0e96f2-8,,,,",",fhir_organization,US,,
NS_69b150eb-9,,,,",",fhir_organization,US,,
NS_1604ecc8-c,,,,",",fhir_organization,US,,
NS_82b5b0e5-5,,,,",",fhir_organization,US,,
NS_6b134bd1-3,,,,",",fhir_organization,US,,
NS_5d47ea41-3,,,,",",fhir_organization,US,,
NS_ea59be8a-5,,,,",",fhir_organization,US,,
NS_5e162d22-2,,,,",",fhir_organization,US,,
NS_b2d40816-7,,,,",",fhir_organization,US,,
NS_f8871328-d,,,,",",fhir_organization,US,,
NS_eef9353a-3,,,,",",fhir_organization,US,,
NS_223c6d32-4,,,,",",fhir_organization,US,,
NS_1dd190ec-c,,,,",",fhir_organization,US,,
NS_29b5bf8a-1,,,,",",fhir_organization,US,,
NS_385390ce-3,,,,",",fhir_organization,US,,
NS_156a1f5c-a,,,,",",fhir_organization,US,,
NS_284fc106-4,,,,",",fhir_organization,US,,
NS_f55c0764-d,,,,",",fhir_organization,US,,
NS_7e56cc9f-3,,,,",",fhir_organization,US,,
NS_9f94240f-d,,,,",",fhir_organization,US,,
NS_9c608289-c,,,,",",fhir_organization,US,,
NS_6555dc9c-5,,,,",",fhir_organization,US,,
NS_97787f66-1,,,,",",fhir_organization,US,,
NS_48870019-f,,,,",",fhir_organization,US,,
NS_bdd9a5f9-6,,,,",",fhir_organization,US,,
NS_943ddd09-9,,,,",",fhir_organization,US,,
NS_9de112a4-8,,,,",",fhir_organization,US,,
NS_8174d0d4-3,,,,",",fhir_organization,US,,
NS_69b36b4d-f,,,,",",fhir_organization,US,,
NS_f66b4b69-e,,,,",",fhir_organization,US,,
NS_d94f7461-b,,,,",",fhir_organization,US,,
NS_b789cde2-e,,,,",",fhir_organization,US,,
NS_7f23963e-3,,,,",",fhir_organization,US,,
NS_753200dd-1,,,,",",fhir_organization,US,,
NS_f24e130d-5,,,,",",fhir_organization,US,,
NS_b710c0a0-7,,,,",",fhir_organization,US,,
NS_03ad3f65-c,,,,",",fhir_organization,US,,
NS_5462df61-7,,,,",",fhir_organization,US,,
NS_f6f8e6dc-c,,,,",",fhir_organization,US,,
NS_8655f11f-a,,,,",",fhir_organization,US,,
NS_8467c24c-3,,,,",",fhir_organization,US,,
NS_c4e95dcd-d,,,,",",fhir_organization,US,,
NS_456ad4aa-1,,,,",",fhir_organization,US,,
NS_51798c27-e,,,,",",fhir_organization,US,,
NS_e5ff54f1-b,,,,",",fhir_organization,US,,
NS_b026a658-a,,,,",",fhir_organization,US,,
NS_63361058-d,,,,",",fhir_organization,US,,
NS_8da9ab27-2,,,,",",fhir_organization,US,,
NS_dc633a63-3,,,,",",fhir_organization,US,,
NS_c194360c-b,,,,",",fhir_organization,US,,
NS_520ff438-d,,,,",",fhir_organization,US,,
NS_6b022461-2,,,,",",fhir_organization,US,,
NS_cbeb6a3e-8,,,,",",fhir_organization,US,,
NS_5fecc74f-4,,,,",",fhir_organization,US,,
NS_a1eaa3a2-9,,,,",",fhir_organization,US,,
NS_6cd2c33b-1,,,,",",fhir_organization,US,,
NS_2315bf93-c,,,,",",fhir_organization,US,,
NS_b641c9c4-4,,,,",",fhir_organization,US,,
NS_3a6075d3-f,,,,",",fhir_organization,US,,
NS_b1fdf1f8-1,,,,",",fhir_organization,US,,
NS_ab19c8cb-4,,,,",",fhir_organization,US,,
NS_5ae149e0-0,,,,",",fhir_organization,US,,
NS_c33e934d-f,,,,",",fhir_organization,US,,
NS_cfcb3e50-1,,,,",",fhir_organization,US,,
NS_e52f018d-8,,,,",",fhir_organization,US,,
NS_0804b271-a,,,,",",fhir_organization,US,,
NS_faa75374-1,,,,",",fhir_organization,US,,
NS_5571ed0a-d,,,,",",fhir_organization,US,,
NS_c6541cd7-2,,,,",",fhir_organization,US,,
NS_b3a6355e-f,,,,",",fhir_organization,US,,
NS_04f43568-5,,,,",",fhir_organization,US,,
NS_b1ca1fc4-b,,,,",",fhir_organization,US,,
NS_e107b217-0,,,,",",fhir_organization,US,,
NS_3de7c2b5-8,,,,",",fhir_organization,US,,
NS_9f33c979-1,,,,",",fhir_organization,US,,
NS_bbf9cdd3-3,,,,",",fhir_organization,US,,
NS_5f6a20dd-0,,,,",",fhir_organization,US,,
NS_1e8b4b5c-1,,,,",",fhir_organization,US,,
NS_82f95566-0,,,,",",fhir_organization,US,,
NS_58201699-a,,,,",",fhir_organization,US,,
NS_acc0c293-a,,,,",",fhir_organization,US,,
NS_8d6ffb33-8,,,,",",fhir_organization,US,,
NS_4ae8809f-8,,,,",",fhir_organization,US,,
NS_933a2e90-b,,,,",",fhir_organization,US,,
NS_62e31831-2,,,,",",fhir_organization,US,,
NS_06cf2df6-a,,,,",",fhir_organization,US,,
NS_d3c1f5d6-7,,,,",",fhir_organization,US,,
NS_96b1b5c9-c,,,,",",fhir_organization,US,,
NS_a72b0ab0-5,,,,",",fhir_organization,US,,
NS_2bfd09c2-1,,,,",",fhir_organization,US,,
NS_fe4adc2e-2,,,,",",fhir_organization,US,,
NS_ccd7bd3c-c,,,,",",fhir_organization,US,,
NS_2b81ff0a-5,,,,",",fhir_organization,US,,
NS_9fb6fb75-2,,,,",",fhir_organization,US,,
NS_bff6ae2b-e,,,,",",fhir_organization,US,,
NS_1007b5e9-8,,,,",",fhir_organization,US,,
NS_9a660030-8,,,,",",fhir_organization,US,,
NS_1d4ccc55-4,,,,",",fhir_organization,US,,
NS_2e1d95a3-7,,,,",",fhir_organization,US,,
NS_a393cdba-f,,,,",",fhir_organization,US,,
NS_2ae6b72a-2,,,,",",fhir_organization,US,,
NS_023a9fc6-6,,,,",",fhir_organization,US,,
NS_3b7c74bb-7,,,,",",fhir_organization,US,,
NS_5592878f-5,,,,",",fhir_organization,US,,
NS_224cb06a-e,,,,",",fhir_organization,US,,
NS_faee2809-e,,,,",",fhir_organization,US,,
NS_c2a8e2a9-f,,,,",",fhir_organization,US,,
NS_f3e6ea45-d,,,,",",fhir_organization,US,,
NS_48901a87-a,,,,",",fhir_organization,US,,
NS_3cbd7cb5-d,,,,",",fhir_organization,US,,
NS_060aa111-7,,,,",",fhir_organization,US,,
NS_d47e2f0d-5,,,,",",fhir_organization,US,,
NS_264cf2d6-9,,,,",",fhir_organization,US,,
NS_39b0bda7-1,,,,",",fhir_organization,US,,
NS_81bbf11f-f,,,,",",fhir_organization,US,,
NS_95f18f14-f,,,,",",fhir_organization,US,,
NS_d01b80f5-8,,,,",",fhir_organization,US,,
NS_c7043793-1,,,,",",fhir_organization,US,,
NS_b9256315-2,,,,",",fhir_organization,US,,
NS_0f9735ab-7,,,,",",fhir_organization,US,,
NS_73eea6ae-d,,,,",",fhir_organization,US,,
NS_ff8eaaa8-d,,,,",",fhir_organization,US,,
NS_8c17d0c1-8,,,,",",fhir_organization,US,,
NS_04d4c9db-f,,,,",",fhir_organization,US,,
NS_f518aad9-a,,,,",",fhir_organization,US,,
NS_75057cd8-c,,,,",",fhir_organization,US,,
NS_0e06e85f-a,,,,",",fhir_organization,US,,
NS_f77d4db5-5,,,,",",fhir_organization,US,,
NS_003770ef-b,,,,",",fhir_organization,US,,
NS_bd34208d-9,,,,",",fhir_organization,US,,
NS_3192656a-d,,,,",",fhir_organization,US,,
NS_9e3b33ad-e,,,,",",fhir_organization,US,,
NS_479f7fa1-a,,,,",",fhir_organization,US,,
NS_ba466aa6-5,,,,",",fhir_organization,US,,
NS_8b380dc2-c,,,,",",fhir_organization,US,,
NS_2566a007-1,,,,",",fhir_organization,US,,
NS_4beeddf9-d,,,,",",fhir_organization,US,,
NS_a41ee6cc-7,,,,",",fhir_organization,US,,
NS_59853e05-b,,,,",",fhir_organization,US,,
NS_b599796c-8,,,,",",fhir_organization,US,,
NS_38a177bb-6,,,,",",fhir_organization,US,,
NS_d6e8f976-b,,,,",",fhir_organization,US,,
NS_9a76c958-5,,,,",",fhir_organization,US,,
NS_ff7a45a3-4,,,,",",fhir_organization,US,,
NS_0d86c0d7-b,,,,",",fhir_organization,US,,
NS_8f4aa1b4-e,,,,",",fhir_organization,US,,
NS_1b9cce08-4,,,,",",fhir_organization,US,,
NS_3c062caf-e,,,,",",fhir_organization,US,,
NS_55e88231-c,,,,",",fhir_organization,US,,
NS_702e8ae5-5,,,,",",fhir_organization,US,,
NS_387751b0-3,,,,",",fhir_organization,US,,
NS_06874a6d-8,,,,",",fhir_organization,US,,
NS_b5b1658c-e,,,,",",fhir_organization,US,,
NS_b6f0dd2a-1,,,,",",fhir_organization,US,,
NS_8476668e-8,,,,",",fhir_organization,US,,
NS_4fc48930-7,,,,",",fhir_organization,US,,
NS_b37d38c3-3,,,,",",fhir_organization,US,,
NS_6635743e-d,,,,",",fhir_organization,US,,
NS_153465b0-a,,,,",",fhir_organization,US,,
NS_48b7e794-6,,,,",",fhir_organization,US,,
NS_74e0009e-8,,,,",",fhir_organization,US,,
NS_bc187b7d-6,,,,",",fhir_organization,US,,
NS_ef02aacf-2,,,,",",fhir_organization,US,,
NS_ab99b702-d,,,,",",fhir_organization,US,,
NS_fbaa2944-a,,,,",",fhir_organization,US,,
NS_e8fab4f1-9,,,,",",fhir_organization,US,,
NS_ac7a68da-9,,,,",",fhir_organization,US,,
NS_0263c3b4-2,,,,",",fhir_organization,US,,
NS_0d7ed362-e,,,,",",fhir_organization,US,,
NS_4cd5ef34-2,,,,",",fhir_organization,US,,
NS_369ebd2f-3,,,,",",fhir_organization,US,,
NS_2e126f7d-4,,,,",",fhir_organization,US,,
NS_afdc808f-d,,,,",",fhir_organization,US,,
NS_aa5f1cb8-4,,,,",",fhir_organization,US,,
NS_5a00c593-5,,,,",",fhir_organization,US,,
NS_c11eec89-a,,,,",",fhir_organization,US,,
NS_34b53ada-f,,,,",",fhir_organization,US,,
NS_a1245fba-e,,,,",",fhir_organization,US,,
NS_4570cef4-8,,,,",",fhir_organization,US,,
NS_2dad606f-e,,,,",",fhir_organization,US,,
NS_f8cf4432-7,,,,",",fhir_organization,US,,
NS_c4a9fed1-e,,,,",",fhir_organization,US,,
NS_85f5f946-5,,,,",",fhir_organization,US,,
NS_e923ae5c-8,,,,",",fhir_organization,US,,
NS_dc59fd3e-9,,,,",",fhir_organization,US,,
NS_080ecdb1-3,,,,",",fhir_organization,US,,
NS_ef9eb5af-5,,,,",",fhir_organization,US,,
NS_af8f4898-4,,,,",",fhir_organization,US,,
NS_029f69b1-8,,,,",",fhir_organization,US,,
NS_19fafcce-7,,,,",",fhir_organization,US,,
NS_3f95cf0d-b,,,,",",fhir_organization,US,,
NS_9edd41a5-4,,,,",",fhir_organization,US,,
NS_aba4a3be-a,,,,",",fhir_organization,US,,
NS_1874c52c-4,,,,",",fhir_organization,US,,
NS_1a096930-7,,,,",",fhir_organization,US,,
NS_7c0d9a2c-6,,,,",",fhir_organization,US,,
NS_9b6df7b0-2,,,,",",fhir_organization,US,,
NS_79d83236-9,,,,",",fhir_organization,US,,
NS_14d32d2b-6,,,,",",fhir_organization,US,,
NS_5c72f533-c,,,,",",fhir_organization,US,,
NS_921bce82-c,,,,",",fhir_organization,US,,
NS_14f72af3-4,,,,",",fhir_organization,US,,
NS_ab5e44d8-e,,,,",",fhir_organization,US,,
NS_97151f6d-6,,,,",",fhir_organization,US,,
NS_8b0c9cc4-a,,,,",",fhir_organization,US,,
NS_088e088e-d,,,,",",fhir_organization,US,,
NS_4c758afa-9,,,,",",fhir_organization,US,,
NS_8298f0cb-d,,,,",",fhir_organization,US,,
NS_71d2d8f4-6,,,,",",fhir_organization,US,,
NS_f984156f-6,,,,",",fhir_organization,US,,
NS_abce10d6-0,,,,",",fhir_organization,US,,
NS_0355d2f5-7,,,,",",fhir_organization,US,,
NS_9666e75a-2,,,,",",fhir_organization,US,,
NS_6fe57153-a,,,,",",fhir_organization,US,,
NS_8586decc-5,,,,",",fhir_organization,US,,
NS_dc3c2692-6,,,,",",fhir_organization,US,,
NS_e0489178-b,,,,",",fhir_organization,US,,
NS_75ec68c0-c,,,,",",fhir_organization,US,,
NS_109749f1-f,,,,",",fhir_organization,US,,
NS_47ba2950-6,,,,",",fhir_organization,US,,
NS_bf3cd04b-9,,,,",",fhir_organization,US,,
NS_4a02aad2-7,,,,",",fhir_organization,US,,
NS_45d7da0e-f,,,,",",fhir_organization,US,,
NS_ce84b46d-2,,,,",",fhir_organization,US,,
NS_3b1c1540-7,,,,",",fhir_organization,US,,
NS_a2ef9be5-c,,,,",",fhir_organization,US,,
NS_f9ad4b59-e,,,,",",fhir_organization,US,,
NS_5b38781d-8,,,,",",fhir_organization,US,,
NS_d82a9e0d-4,,,,",",fhir_organization,US,,
NS_d40b1bba-3,,,,",",fhir_organization,US,,
NS_628efbb7-c,,,,",",fhir_organization,US,,
NS_baadd8ee-2,,,,",",fhir_organization,US,,
NS_35953b81-0,,,,",",fhir_organization,US,,
NS_911febfb-6,,,,",",fhir_organization,US,,
NS_3b5cad68-8,,,,",",fhir_organization,US,,
NS_3b274701-5,,,,",",fhir_organization,US,,
NS_2845007c-b,,,,",",fhir_organization,US,,
NS_23d48048-e,,,,",",fhir_organization,US,,
NS_208e894f-f,,,,",",fhir_organization,US,,
NS_9e81be12-f,,,,",",fhir_organization,US,,
NS_dd90f2dc-b,,,,",",fhir_organization,US,,
NS_249558a6-8,,,,",",fhir_organization,US,,
NS_2847f4b6-f,,,,",",fhir_organization,US,,
NS_1887ff20-8,,,,",",fhir_organization,US,,
NS_64675648-0,,,,",",fhir_organization,US,,
NS_24e4b766-1,,,,",",fhir_organization,US,,
NS_34e205ae-3,,,,",",fhir_organization,US,,
NS_1ecec05d-b,,,,",",fhir_organization,US,,
NS_1b7ebad6-e,,,,",",fhir_organization,US,,
NS_4bd7a794-a,,,,",",fhir_organization,US,,
NS_df3b0782-e,,,,",",fhir_organization,US,,
NS_fe1f368b-f,,,,",",fhir_organization,US,,
NS_08060952-1,,,,",",fhir_organization,US,,
NS_61d185f0-9,,,,",",fhir_organization,US,,
NS_499eb59c-c,,,,",",fhir_organization,US,,
NS_ced317a4-f,,,,",",fhir_organization,US,,
NS_8ac0a054-8,,,,",",fhir_organization,US,,
NS_72a33999-7,,,,",",fhir_organization,US,,
NS_45b50d10-1,,,,",",fhir_organization,US,,
NS_849cfb61-1,,,,",",fhir_organization,US,,
NS_6ff4f0a2-f,,,,",",fhir_organization,US,,
NS_cc7104ca-3,,,,",",fhir_organization,US,,
NS_8287dffd-7,,,,",",fhir_organization,US,,
NS_202cf40c-4,,,,",",fhir_organization,US,,
NS_8e697c10-2,,,,",",fhir_organization,US,,
NS_6ac45159-9,,,,",",fhir_organization,US,,
NS_00bfa71b-2,,,,",",fhir_organization,US,,
NS_bd9a9e43-c,,,,",",fhir_organization,US,,
NS_edce07a4-0,,,,",",fhir_organization,US,,
NS_3547fedc-9,,,,",",fhir_organization,US,,
NS_6d7212ca-c,,,,",",fhir_organization,US,,
NS_5a1aea27-5,,,,",",fhir_organization,US,,
NS_5a4e8069-0,,,,",",fhir_organization,US,,
NS_cbc3cca2-4,,,,",",fhir_organization,US,,
NS_f66cc4ed-d,,,,",",fhir_organization,US,,
NS_8fd7efda-a,,,,",",fhir_organization,US,,
NS_3a4fa395-1,,,,",",fhir_organization,US,,
NS_427ce51c-c,,,,",",fhir_organization,US,,
NS_8103b25b-f,,,,",",fhir_organization,US,,
NS_283de615-5,,,,",",fhir_organization,US,,
NS_a1c3ce20-1,,,,",",fhir_organization,US,,
NS_3e1a2564-3,,,,",",fhir_organization,US,,
NS_13919a23-9,,,,",",fhir_organization,US,,
NS_3ae3847a-8,,,,",",fhir_organization,US,,
NS_53e8349d-9,,,,",",fhir_organization,US,,
NS_e7f2c1e7-9,,,,",",fhir_organization,US,,
NS_398b9a6d-0,,,,",",fhir_organization,US,,
NS_4a6430df-5,,,,",",fhir_organization,US,,
NS_4296ce45-1,,,,",",fhir_organization,US,,
NS_f0906486-f,,,,",",fhir_organization,US,,
NS_bed36b63-4,,,,",",fhir_organization,US,,
NS_0ffd47cb-c,,,,",",fhir_organization,US,,
NS_d6ec5379-1,,,,",",fhir_organization,US,,
NS_841708b3-2,,,,",",fhir_organization,US,,
NS_3614d04c-4,,,,",",fhir_organization,US,,
NS_dee06674-4,,,,",",fhir_organization,US,,
NS_df56f01d-1,,,,",",fhir_organization,US,,
NS_f78da97c-b,,,,",",fhir_organization,US,,
NS_ea109ac5-d,,,,",",fhir_organization,US,,
NS_ebc04b12-4,,,,",",fhir_organization,US,,
NS_5157a120-1,,,,",",fhir_organization,US,,
NS_0c9f88c6-f,,,,",",fhir_organization,US,,
NS_604474af-e,,,,",",fhir_organization,US,,
NS_a9855861-3,,,,",",fhir_organization,US,,
NS_3c8f472d-3,,,,",",fhir_organization,US,,
NS_453fe0bc-a,,,,",",fhir_organization,US,,
NS_a46f4e81-1,,,,",",fhir_organization,US,,
NS_545ef208-0,,,,",",fhir_organization,US,,
NS_96517a9f-3,,,,",",fhir_organization,US,,
NS_9736f22f-9,,,,",",fhir_organization,US,,
NS_dae53771-8,,,,",",fhir_organization,US,,
NS_f1d46cff-2,,,,",",fhir_organization,US,,
NS_bc9b3fc9-f,,,,",",fhir_organization,US,,
NS_c47f5ab9-1,,,,",",fhir_organization,US,,
NS_2a7be79e-c,,,,",",fhir_organization,US,,
NS_4a8fe1ae-e,,,,",",fhir_organization,US,,
NS_0be729a6-2,,,,",",fhir_organization,US,,
NS_4e3c9b2d-1,,,,",",fhir_organization,US,,
NS_dd7fd57e-d,,,,",",fhir_organization,US,,
NS_b0d597eb-6,,,,",",fhir_organization,US,,
NS_8a3ff764-a,,,,",",fhir_organization,US,,
NS_f361dbae-1,,,,",",fhir_organization,US,,
NS_14e3bf97-a,,,,",",fhir_organization,US,,
NS_08cb4b86-4,,,,",",fhir_organization,US,,
NS_829f463c-6,,,,",",fhir_organization,US,,
NS_7dbed92c-7,,,,",",fhir_organization,US,,
NS_3e55158a-0,,,,",",fhir_organization,US,,
NS_a6469909-6,,,,",",fhir_organization,US,,
NS_ddb7d412-6,,,,",",fhir_organization,US,,
NS_c4292bd3-9,,,,",",fhir_organization,US,,
NS_e10d2900-8,,,,",",fhir_organization,US,,
NS_c0a4fc3a-e,,,,",",fhir_organization,US,,
NS_95e76898-c,,,,",",fhir_organization,US,,
NS_2a759191-4,,,,",",fhir_organization,US,,
NS_483dd890-6,,,,",",fhir_organization,US,,
NS_6cfd1c54-3,,,,",",fhir_organization,US,,
NS_2e3444af-d,,,,",",fhir_organization,US,,
NS_45e94bcf-6,,,,",",fhir_organization,US,,
NS_ab636898-3,,,,",",fhir_organization,US,,
NS_3cea3af5-2,,,,",",fhir_organization,US,,
NS_41395681-b,,,,",",fhir_organization,US,,
NS_3dcb2002-2,,,,",",fhir_organization,US,,
NS_f351903c-7,,,,",",fhir_organization,US,,
NS_e17e0459-9,,,,",",fhir_organization,US,,
NS_b883211e-b,,,,",",fhir_organization,US,,
NS_8990abc6-4,,,,",",fhir_organization,US,,
NS_4ea7472e-0,,,,",",fhir_organization,US,,
NS_cd828d92-7,,,,",",fhir_organization,US,,
NS_13f06dc1-d,,,,",",fhir_organization,US,,
NS_a3283511-4,,,,",",fhir_organization,US,,
NS_9d5423e1-8,,,,",",fhir_organization,US,,
NS_589c42af-1,,,,",",fhir_organization,US,,
NS_0ba047a4-a,,,,",",fhir_organization,US,,
NS_dfc7353a-f,,,,",",fhir_organization,US,,
NS_07863901-a,,,,",",fhir_organization,US,,
NS_aa04253d-6,,,,",",fhir_organization,US,,
NS_486a09db-3,,,,",",fhir_organization,US,,
NS_51355e6c-7,,,,",",fhir_organization,US,,
NS_1ee06f71-0,,,,",",fhir_organization,US,,
NS_f045c003-d,,,,",",fhir_organization,US,,
NS_50ab9a1d-b,,,,",",fhir_organization,US,,
NS_0bf49d47-1,,,,",",fhir_organization,US,,
NS_11525a55-3,,,,",",fhir_organization,US,,
NS_3dc92ce7-1,,,,",",fhir_organization,US,,
NS_4508b48a-3,,,,",",fhir_organization,US,,
NS_e9ff4a5f-8,,,,",",fhir_organization,US,,
NS_05662caa-b,,,,",",fhir_organization,US,,
NS_9b9f8bc6-5,,,,",",fhir_organization,US,,
NS_6aa0f167-a,,,,",",fhir_organization,US,,
NS_cba12780-b,,,,",",fhir_organization,US,,
NS_96528c35-7,,,,",",fhir_organization,US,,
NS_4f2e80c0-4,,,,",",fhir_organization,US,,
NS_0e4e6373-9,,,,",",fhir_organization,US,,
NS_ea8b7131-3,,,,",",fhir_organization,US,,
NS_6ced4452-9,,,,",",fhir_organization,US,,
NS_51b54efa-a,,,,",",fhir_organization,US,,
NS_1ac4dc8e-1,,,,",",fhir_organization,US,,
NS_e7b40ed6-1,,,,",",fhir_organization,US,,
NS_3bf9240c-c,,,,",",fhir_organization,US,,
NS_784e8fa8-b,,,,",",fhir_organization,US,,
NS_c4f39050-6,,,,",",fhir_organization,US,,
NS_4e46a833-a,,,,",",fhir_organization,US,,
NS_74c978b4-4,,,,",",fhir_organization,US,,
NS_2699b112-7,,,,",",fhir_organization,US,,
NS_407b1255-6,,,,",",fhir_organization,US,,
NS_2a888319-0,,,,",",fhir_organization,US,,
NS_fae88abd-9,,,,",",fhir_organization,US,,
NS_db6b28d7-8,,,,",",fhir_organization,US,,
NS_18fbc76e-d,,,,",",fhir_organization,US,,
NS_55c02b1c-f,,,,",",fhir_organization,US,,
NS_39f0c6f9-e,,,,",",fhir_organization,US,,
NS_de73853e-4,,,,",",fhir_organization,US,,
NS_8a80db06-d,,,,",",fhir_organization,US,,
NS_31af7beb-9,,,,",",fhir_organization,US,,
NS_072291be-6,,,,",",fhir_organization,US,,
NS_967846fd-3,,,,",",fhir_organization,US,,
NS_d22cecf0-f,,,,",",fhir_organization,US,,
NS_2cb7681f-2,,,,",",fhir_organization,US,,
NS_6d8d1733-e,,,,",",fhir_organization,US,,
NS_19d66a14-6,,,,",",fhir_organization,US,,
NS_85b223ac-b,,,,",",fhir_organization,US,,
NS_42e2445b-4,,,,",",fhir_organization,US,,
NS_6f286b31-0,,,,",",fhir_organization,US,,
NS_29944041-4,,,,",",fhir_organization,US,,
NS_203c49aa-4,,,,",",fhir_organization,US,,
NS_b4a1522d-7,,,,",",fhir_organization,US,,
NS_bbb574c5-6,,,,",",fhir_organization,US,,
NS_82f70fa9-b,,,,",",fhir_organization,US,,
NS_e8d82ecf-1,,,,",",fhir_organization,US,,
NS_dd0f9079-7,,,,",",fhir_organization,US,,
NS_6d5a1e99-e,,,,",",fhir_organization,US,,
NS_40626a3d-c,,,,",",fhir_organization,US,,
NS_3029ea85-1,,,,",",fhir_organization,US,,
NS_76a9e757-5,,,,",",fhir_organization,US,,
NS_45388715-2,,,,",",fhir_organization,US,,
NS_7fa0ae96-4,,,,",",fhir_organization,US,,
NS_c94409dd-b,,,,",",fhir_organization,US,,
NS_bf2c0794-8,,,,",",fhir_organization,US,,
NS_b1a187f9-3,,,,",",fhir_organization,US,,
NS_1f0fdd64-7,,,,",",fhir_organization,US,,
NS_3c0c3fae-a,,,,",",fhir_organization,US,,
NS_e0ec9f5b-0,,,,",",fhir_organization,US,,
NS_7fe6e39d-8,,,,",",fhir_organization,US,,
NS_bc78a665-1,,,,",",fhir_organization,US,,
NS_2a5374c5-2,,,,",",fhir_organization,US,,
NS_69200cd3-7,,,,",",fhir_organization,US,,
NS_1c542a75-5,,,,",",fhir_organization,US,,
NS_fd7ff66e-a,,,,",",fhir_organization,US,,
NS_e3d9f55a-d,,,,",",fhir_organization,US,,
NS_1160957b-4,,,,",",fhir_organization,US,,
NS_2fc2ba0f-c,,,,",",fhir_organization,US,,
NS_c7462e40-9,,,,",",fhir_organization,US,,
NS_f16c1a4d-6,,,,",",fhir_organization,US,,
NS_0df80c46-1,,,,",",fhir_organization,US,,
NS_834a4549-e,,,,",",fhir_organization,US,,
NS_23662c9a-8,,,,",",fhir_organization,US,,
NS_b7ce8d03-a,,,,",",fhir_organization,US,,
NS_e8b067e0-9,,,,",",fhir_organization,US,,
NS_b6b771aa-d,,,,",",fhir_organization,US,,
NS_a6278238-f,,,,",",fhir_organization,US,,
NS_59bc2ad8-8,,,,",",fhir_organization,US,,
NS_04dd1479-2,,,,",",fhir_organization,US,,
NS_43a1c944-e,,,,",",fhir_organization,US,,
NS_0448699a-a,,,,",",fhir_organization,US,,
NS_623c4a04-b,,,,",",fhir_organization,US,,
NS_e3ac04f5-b,,,,",",fhir_organization,US,,
NS_5cd53a9c-e,,,,",",fhir_organization,US,,
NS_73e7a5cf-e,,,,",",fhir_organization,US,,
NS_936c72cd-b,,,,",",fhir_organization,US,,
NS_02a23b5e-7,,,,",",fhir_organization,US,,
NS_c8f77fa5-4,,,,",",fhir_organization,US,,
NS_a22dfb07-d,,,,",",fhir_organization,US,,
NS_cc758daa-9,,,,",",fhir_organization,US,,
NS_5dd3b779-3,,,,",",fhir_organization,US,,
NS_ae469458-8,,,,",",fhir_organization,US,,
NS_06daea2c-2,,,,",",fhir_organization,US,,
NS_ed052faa-a,,,,",",fhir_organization,US,,
NS_84c48edf-7,,,,",",fhir_organization,US,,
NS_7e3b3034-c,,,,",",fhir_organization,US,,
NS_da417053-9,,,,",",fhir_organization,US,,
NS_9cfca580-0,,,,",",fhir_organization,US,,
NS_b526e697-7,,,,",",fhir_organization,US,,
NS_08b4f592-9,,,,",",fhir_organization,US,,
NS_3b2a12c9-7,,,,",",fhir_organization,US,,
NS_40c6dcdc-6,,,,",",fhir_organization,US,,
NS_bef3e324-2,,,,",",fhir_organization,US,,
NS_417c7a19-6,,,,",",fhir_organization,US,,
NS_fcfcb468-c,,,,",",fhir_organization,US,,
NS_fbddb8e1-f,,,,",",fhir_organization,US,,
NS_d12aaff1-8,,,,",",fhir_organization,US,,
NS_8cf34bdc-f,,,,",",fhir_organization,US,,
NS_c594ad63-0,,,,",",fhir_organization,US,,
NS_4b3d6bb0-9,,,,",",fhir_organization,US,,
NS_3e844ad5-5,,,,",",fhir_organization,US,,
NS_c963359a-9,,,,",",fhir_organization,US,,
NS_b1b3ffc1-8,,,,",",fhir_organization,US,,
NS_4e7781c1-0,,,,",",fhir_organization,US,,
NS_5e0d0363-e,,,,",",fhir_organization,US,,
NS_b4d22c14-4,,,,",",fhir_organization,US,,
NS_8c8b9b40-9,,,,",",fhir_organization,US,,
NS_f9aade61-8,,,,",",fhir_organization,US,,
NS_eefdf736-1,,,,",",fhir_organization,US,,
NS_0c2f0b9a-c,,,,",",fhir_organization,US,,
NS_c98478b6-6,,,,",",fhir_organization,US,,
NS_acd885ff-9,,,,",",fhir_organization,US,,
NS_b80f72c7-d,,,,",",fhir_organization,US,,
NS_a024bfdc-2,,,,",",fhir_organization,US,,
NS_045d7bbf-b,,,,",",fhir_organization,US,,
NS_accaf1c0-7,,,,",",fhir_organization,US,,
NS_27d71cac-c,,,,",",fhir_organization,US,,
NS_5c9c20f1-1,,,,",",fhir_organization,US,,
NS_3f36eecf-e,,,,",",fhir_organization,US,,
NS_c293c994-a,,,,",",fhir_organization,US,,
NS_bba0acf5-5,,,,",",fhir_organization,US,,
NS_9ee0f97a-f,,,,",",fhir_organization,US,,
NS_6d21636d-6,,,,",",fhir_organization,US,,
NS_5a77008f-d,,,,",",fhir_organization,US,,
NS_a146b394-4,,,,",",fhir_organization,US,,
NS_3b432d8c-f,,,,",",fhir_organization,US,,
NS_5e88b72c-8,,,,",",fhir_organization,US,,
NS_3230e0d0-f,,,,",",fhir_organization,US,,
NS_f5c96cb3-0,,,,",",fhir_organization,US,,
NS_dc6bb032-1,,,,",",fhir_organization,US,,
NS_92ffe00f-5,,,,",",fhir_organization,US,,
NS_8a987814-3,,,,",",fhir_organization,US,,
NS_85c99c54-1,,,,",",fhir_organization,US,,
NS_98251da0-a,,,,",",fhir_organization,US,,
NS_ccc2b235-0,,,,",",fhir_organization,US,,
NS_39247991-6,,,,",",fhir_organization,US,,
NS_25a2b096-6,,,,",",fhir_organization,US,,
NS_824ecc68-e,,,,",",fhir_organization,US,,
NS_452291d2-5,,,,",",fhir_organization,US,,
NS_a5812f2c-5,,,,",",fhir_organization,US,,
NS_35af180f-0,,,,",",fhir_organization,US,,
NS_d53273b2-4,,,,",",fhir_organization,US,,
NS_91e3b540-a,,,,",",fhir_organization,US,,
NS_cf2ccbf9-9,,,,",",fhir_organization,US,,
NS_aaa673a8-6,,,,",",fhir_organization,US,,
NS_6adeb95e-5,,,,",",fhir_organization,US,,
NS_6aa98b2a-9,,,,",",fhir_organization,US,,
NS_f3acce49-4,,,,",",fhir_organization,US,,
NS_ddc05502-a,,,,",",fhir_organization,US,,
NS_2f13f119-a,,,,",",fhir_organization,US,,
NS_72bfe5f4-6,,,,",",fhir_organization,US,,
NS_8379f835-3,,,,",",fhir_organization,US,,
NS_99715eca-1,,,,",",fhir_organization,US,,
NS_d29342e8-a,,,,",",fhir_organization,US,,
NS_216bde6e-3,,,,",",fhir_organization,US,,
NS_d63de99f-e,,,,",",fhir_organization,US,,
NS_9138e134-5,,,,",",fhir_organization,US,,
NS_e854e1b5-d,,,,",",fhir_organization,US,,
NS_15193ce5-f,,,,",",fhir_organization,US,,
NS_ba9bc88d-2,,,,",",fhir_organization,US,,
NS_62cc2c63-3,,,,",",fhir_organization,US,,
NS_1d2b5474-8,,,,",",fhir_organization,US,,
NS_616daa05-1,,,,",",fhir_organization,US,,
NS_142b1a1c-d,,,,",",fhir_organization,US,,
NS_937d2f2f-b,,,,",",fhir_organization,US,,
NS_6802c28b-8,,,,",",fhir_organization,US,,
NS_aa9b89b2-f,,,,",",fhir_organization,US,,
NS_78c3a9e1-f,,,,",",fhir_organization,US,,
NS_64e5aaa6-7,,,,",",fhir_organization,US,,
NS_6aaea1a9-d,,,,",",fhir_organization,US,,
NS_9350fc55-1,,,,",",fhir_organization,US,,
NS_6abbcadd-8,,,,",",fhir_organization,US,,
NS_f7483a8c-1,,,,",",fhir_organization,US,,
NS_8be022bb-4,,,,",",fhir_organization,US,,
NS_2314a1c2-2,,,,",",fhir_organization,US,,
NS_3b88c47c-9,,,,",",fhir_organization,US,,
NS_b4bf0b77-6,,,,",",fhir_organization,US,,
NS_54c448ba-c,,,,",",fhir_organization,US,,
NS_16b8bb6f-0,,,,",",fhir_organization,US,,
NS_d57698e8-a,,,,",",fhir_organization,US,,
NS_323dce93-f,,,,",",fhir_organization,US,,
NS_6775e0ba-2,,,,",",fhir_organization,US,,
NS_5818e2e3-9,,,,",",fhir_organization,US,,
NS_bd633aa3-a,,,,",",fhir_organization,US,,
NS_a19758d3-c,,,,",",fhir_organization,US,,
NS_54a61151-d,,,,",",fhir_organization,US,,
NS_1f15a65e-5,,,,",",fhir_organization,US,,
NS_697cc2e7-f,,,,",",fhir_organization,US,,
NS_dc893881-2,,,,",",fhir_organization,US,,
NS_325ef898-9,,,,",",fhir_organization,US,,
NS_639d4aa3-e,,,,",",fhir_organization,US,,
NS_84fe2d8e-1,,,,",",fhir_organization,US,,
NS_090f48d0-7,,,,",",fhir_organization,US,,
NS_cab4b8ff-c,,,,",",fhir_organization,US,,
NS_fb45571b-7,,,,",",fhir_organization,US,,
NS_b3d0355c-d,,,,",",fhir_organization,US,,
NS_7152aedb-0,,,,",",fhir_organization,US,,
NS_5108936d-c,,,,",",fhir_organization,US,,
NS_441a4113-b,,,,",",fhir_organization,US,,
NS_e655d430-3,,,,",",fhir_organization,US,,
NS_13e57bd7-7,,,,",",fhir_organization,US,,
NS_33b782c4-5,,,,",",fhir_organization,US,,
NS_5703e95a-1,,,,",",fhir_organization,US,,
NS_91af67bf-3,,,,",",fhir_organization,US,,
NS_fc3b0dcb-3,,,,",",fhir_organization,US,,
NS_901d8902-6,,,,",",fhir_organization,US,,
NS_78f2bf88-4,,,,",",fhir_organization,US,,
NS_8258516f-6,,,,",",fhir_organization,US,,
NS_29ec9be8-9,,,,",",fhir_organization,US,,
NS_349fe604-e,,,,",",fhir_organization,US,,
NS_e47e88db-5,,,,",",fhir_organization,US,,
NS_884ae13c-d,,,,",",fhir_organization,US,,
NS_0a615fea-9,,,,",",fhir_organization,US,,
NS_002a90a5-f,,,,",",fhir_organization,US,,
NS_9124413b-c,,,,",",fhir_organization,US,,
NS_55ef1615-4,,,,",",fhir_organization,US,,
NS_bf508b5a-d,,,,",",fhir_organization,US,,
NS_a7b3c349-f,,,,",",fhir_organization,US,,
NS_4fdd0c9b-2,,,,",",fhir_organization,US,,
NS_75d5635a-7,,,,",",fhir_organization,US,,
NS_fa9845f4-c,,,,",",fhir_organization,US,,
NS_550390cf-3,,,,",",fhir_organization,US,,
NS_0d91d8cc-3,,,,",",fhir_organization,US,,
NS_e22d132f-f,,,,",",fhir_organization,US,,
NS_3d1d4e5c-2,,,,",",fhir_organization,US,,
NS_d60bfee9-6,,,,",",fhir_organization,US,,
NS_1b7893fa-4,,,,",",fhir_organization,US,,
NS_b2db57b4-c,,,,",",fhir_organization,US,,
NS_87670d5c-d,,,,",",fhir_organization,US,,
NS_be23fe56-b,,,,",",fhir_organization,US,,
NS_8bb05ac1-4,,,,",",fhir_organization,US,,
NS_5efb000e-7,,,,",",fhir_organization,US,,
NS_8895e59c-e,,,,",",fhir_organization,US,,
NS_d29ba933-2,,,,",",fhir_organization,US,,
NS_ebd0d7f8-f,,,,",",fhir_organization,US,,
NS_be59655d-c,,,,",",fhir_organization,US,,
NS_64caaedd-9,,,,",",fhir_organization,US,,
NS_ba558030-a,,,,",",fhir_organization,US,,
NS_1cd419b0-e,,,,",",fhir_organization,US,,
NS_b0de7e1f-3,,,,",",fhir_organization,US,,
NS_0212e8d2-c,,,,",",fhir_organization,US,,
NS_b5022e02-a,,,,",",fhir_organization,US,,
NS_d86d39fa-6,,,,",",fhir_organization,US,,
NS_5c216fe6-0,,,,",",fhir_organization,US,,
NS_d3f947da-5,,,,",",fhir_organization,US,,
NS_850c6fdd-2,,,,",",fhir_organization,US,,
NS_d55978d4-4,,,,",",fhir_organization,US,,
NS_bbb85944-c,,,,",",fhir_organization,US,,
NS_01164716-b,,,,",",fhir_organization,US,,
NS_4598f277-6,,,,",",fhir_organization,US,,
NS_7199305e-0,,,,",",fhir_organization,US,,
NS_b6229565-1,,,,",",fhir_organization,US,,
NS_4325bf81-6,,,,",",fhir_organization,US,,
NS_cd7c61e7-e,,,,",",fhir_organization,US,,
NS_d5314707-e,,,,",",fhir_organization,US,,
NS_8abe8988-8,,,,",",fhir_organization,US,,
NS_015d6362-b,,,,",",fhir_organization,US,,
NS_f2f94e26-0,,,,",",fhir_organization,US,,
NS_bc3d13e2-e,,,,",",fhir_organization,US,,
NS_0cae0c4a-1,,,,",",fhir_organization,US,,
NS_63ce7a0c-6,,,,",",fhir_organization,US,,
NS_205cc15a-d,,,,",",fhir_organization,US,,
NS_24e4df7d-a,,,,",",fhir_organization,US,,
NS_1503f64f-a,,,,",",fhir_organization,US,,
NS_7129cb0b-f,,,,",",fhir_organization,US,,
NS_83f12fbb-3,,,,",",fhir_organization,US,,
NS_61c174fd-9,,,,",",fhir_organization,US,,
NS_f9a49054-7,,,,",",fhir_organization,US,,
NS_052c7be9-a,,,,",",fhir_organization,US,,
NS_74622dae-6,,,,",",fhir_organization,US,,
NS_faea4bfe-2,,,,",",fhir_organization,US,,
NS_c9c4cf11-8,,,,",",fhir_organization,US,,
NS_d19fc478-5,,,,",",fhir_organization,US,,
NS_cbea88fa-4,,,,",",fhir_organization,US,,
NS_7319c936-6,,,,",",fhir_organization,US,,
NS_d812b1c2-a,,,,",",fhir_organization,US,,
NS_f398dcb7-8,,,,",",fhir_organization,US,,
NS_7c8cc71e-6,,,,",",fhir_organization,US,,
NS_1b3d7781-5,,,,",",fhir_organization,US,,
NS_d696bc4e-d,,,,",",fhir_organization,US,,
NS_c58b7949-c,,,,",",fhir_organization,US,,
NS_3b6fde3a-f,,,,",",fhir_organization,US,,
NS_4410e808-6,,,,",",fhir_organization,US,,
NS_a4735d01-8,,,,",",fhir_organization,US,,
NS_9c353501-9,,,,",",fhir_organization,US,,
NS_c6f5b14c-b,,,,",",fhir_organization,US,,
NS_d4556e25-7,,,,",",fhir_organization,US,,
NS_8ef262f8-3,,,,",",fhir_organization,US,,
NS_aa055b9f-e,,,,",",fhir_organization,US,,
NS_52bef743-8,,,,",",fhir_organization,US,,
NS_23a49fe4-2,,,,",",fhir_organization,US,,
NS_c9078e77-4,,,,",",fhir_organization,US,,
NS_82c87e2c-f,,,,",",fhir_organization,US,,
NS_a24eaa4c-5,,,,",",fhir_organization,US,,
NS_50137c28-8,,,,",",fhir_organization,US,,
NS_0c2570af-b,,,,",",fhir_organization,US,,
NS_18396120-4,,,,",",fhir_organization,US,,
NS_95b1763c-0,,,,",",fhir_organization,US,,
NS_fac1f2d1-3,,,,",",fhir_organization,US,,
NS_9774f9b4-b,,,,",",fhir_organization,US,,
NS_f90832e1-7,,,,",",fhir_organization,US,,
NS_bd3d5ba9-6,,,,",",fhir_organization,US,,
NS_127789c0-a,,,,",",fhir_organization,US,,
NS_935fede5-1,,,,",",fhir_organization,US,,
NS_81c0a1c0-3,,,,",",fhir_organization,US,,
NS_2ff1b196-b,,,,",",fhir_organization,US,,
NS_925d187c-b,,,,",",fhir_organization,US,,
NS_a5fe497d-1,,,,",",fhir_organization,US,,
NS_bacfb478-e,,,,",",fhir_organization,US,,
NS_9b7cfca7-5,,,,",",fhir_organization,US,,
NS_74fe827e-a,,,,",",fhir_organization,US,,
NS_c164c375-4,,,,",",fhir_organization,US,,
NS_eb4ba0c2-b,,,,",",fhir_organization,US,,
NS_980b6412-7,,,,",",fhir_organization,US,,
NS_b4b0e448-e,,,,",",fhir_organization,US,,
NS_b525d9b4-c,,,,",",fhir_organization,US,,
NS_56fe2784-6,,,,",",fhir_organization,US,,
NS_df17cd6b-0,,,,",",fhir_organization,US,,
NS_8b0ea055-d,,,,",",fhir_organization,US,,
NS_1e9aa1cf-7,,,,",",fhir_organization,US,,
NS_25e1742b-5,,,,",",fhir_organization,US,,
NS_68528535-d,,,,",",fhir_organization,US,,
NS_5e928dff-3,,,,",",fhir_organization,US,,
NS_d00118eb-0,,,,",",fhir_organization,US,,
NS_94e1fce3-2,,,,",",fhir_organization,US,,
NS_dcf4cc15-b,,,,",",fhir_organization,US,,
NS_0271c042-a,,,,",",fhir_organization,US,,
NS_fd285b35-e,,,,",",fhir_organization,US,,
NS_9831d0f2-b,,,,",",fhir_organization,US,,
NS_d3704587-9,,,,",",fhir_organization,US,,
NS_c038babe-2,,,,",",fhir_organization,US,,
NS_222053c2-9,,,,",",fhir_organization,US,,
NS_6bba2d5e-1,,,,",",fhir_organization,US,,
NS_f39fad6b-7,,,,",",fhir_organization,US,,
NS_e3443986-c,,,,",",fhir_organization,US,,
NS_effe31bb-0,,,,",",fhir_organization,US,,
NS_7005f297-c,,,,",",fhir_organization,US,,
NS_6b764511-6,,,,",",fhir_organization,US,,
NS_1a699a8d-f,,,,",",fhir_organization,US,,
NS_ce3e0560-b,,,,",",fhir_organization,US,,
NS_916524ac-b,,,,",",fhir_organization,US,,
NS_5633a328-f,,,,",",fhir_organization,US,,
NS_5e704e85-9,,,,",",fhir_organization,US,,
NS_bc86a37c-6,,,,",",fhir_organization,US,,
NS_40d108fd-e,,,,",",fhir_organization,US,,
NS_91e64148-e,,,,",",fhir_organization,US,,
NS_330668a3-d,,,,",",fhir_organization,US,,
NS_9f71f9e7-d,,,,",",fhir_organization,US,,
NS_9a598259-6,,,,",",fhir_organization,US,,
NS_aaefca52-3,,,,",",fhir_organization,US,,
NS_99a7e033-f,,,,",",fhir_organization,US,,
NS_5f1a49ac-5,,,,",",fhir_organization,US,,
NS_cfa482eb-2,,,,",",fhir_organization,US,,
NS_7b647069-e,,,,",",fhir_organization,US,,
NS_8e8b1d08-a,,,,",",fhir_organization,US,,
NS_cba33634-2,,,,",",fhir_organization,US,,
NS_fa30b465-6,,,,",",fhir_organization,US,,
NS_2d3b1180-3,,,,",",fhir_organization,US,,
NS_71c0c229-7,,,,",",fhir_organization,US,,
NS_c0d120a6-3,,,,",",fhir_organization,US,,
NS_7a17e6d7-9,,,,",",fhir_organization,US,,
NS_3330d3b9-0,,,,",",fhir_organization,US,,
NS_4a5c8408-e,,,,",",fhir_organization,US,,
NS_05975ba3-6,,,,",",fhir_organization,US,,
NS_e64dc35f-b,,,,",",fhir_organization,US,,
NS_e4ca4f4e-b,,,,",",fhir_organization,US,,
NS_126c1692-4,,,,",",fhir_organization,US,,
NS_8e1068ee-2,,,,",",fhir_organization,US,,
NS_9b0219c4-f,,,,",",fhir_organization,US,,
NS_5b28a7ec-6,,,,",",fhir_organization,US,,
NS_2d12917a-3,,,,",",fhir_organization,US,,
NS_278c670c-f,,,,",",fhir_organization,US,,
NS_1eb1aa13-d,,,,",",fhir_organization,US,,
NS_2cf81807-a,,,,",",fhir_organization,US,,
NS_4bd513fb-5,,,,",",fhir_organization,US,,
NS_7bf6e3a6-e,,,,",",fhir_organization,US,,
NS_d595b184-6,,,,",",fhir_organization,US,,
NS_f097b5ff-9,,,,",",fhir_organization,US,,
NS_d4d92a94-c,,,,",",fhir_organization,US,,
NS_4639b07d-b,,,,",",fhir_organization,US,,
NS_24d17710-d,,,,",",fhir_organization,US,,
NS_fb42ffb9-4,,,,",",fhir_organization,US,,
NS_e2ebbba1-b,,,,",",fhir_organization,US,,
NS_99a29de2-8,,,,",",fhir_organization,US,,
NS_9136e0d2-6,,,,",",fhir_organization,US,,
NS_3e1425d0-6,,,,",",fhir_organization,US,,
NS_c7a69c46-6,,,,",",fhir_organization,US,,
NS_74f7b310-9,,,,",",fhir_organization,US,,
NS_5738f790-d,,,,",",fhir_organization,US,,
NS_1aadd016-5,,,,",",fhir_organization,US,,
NS_12dde129-a,,,,",",fhir_organization,US,,
NS_00185efc-4,,,,",",fhir_organization,US,,
NS_3c24ada1-7,,,,",",fhir_organization,US,,
NS_e6d65fd4-e,,,,",",fhir_organization,US,,
NS_245c0cd4-4,,,,",",fhir_organization,US,,
NS_377497d2-3,,,,",",fhir_organization,US,,
NS_41a2f5b4-5,,,,",",fhir_organization,US,,
NS_e2caf56d-e,,,,",",fhir_organization,US,,
NS_e9d5c895-1,,,,",",fhir_organization,US,,
NS_afd97210-f,,,,",",fhir_organization,US,,
NS_d9e50574-2,,,,",",fhir_organization,US,,
NS_dff29144-8,,,,",",fhir_organization,US,,
NS_cde24754-4,,,,",",fhir_organization,US,,
NS_a36cb3ea-8,,,,",",fhir_organization,US,,
NS_0767ed87-8,,,,",",fhir_organization,US,,
NS_301da607-d,,,,",",fhir_organization,US,,
NS_511fadcb-d,,,,",",fhir_organization,US,,
NS_163fb27c-4,,,,",",fhir_organization,US,,
NS_e42cb6ce-2,,,,",",fhir_organization,US,,
NS_27b209cb-d,,,,",",fhir_organization,US,,
NS_15d69474-2,,,,",",fhir_organization,US,,
NS_ec1b98c7-4,,,,",",fhir_organization,US,,
NS_22c68a64-0,,,,",",fhir_organization,US,,
NS_43cf36b5-e,,,,",",fhir_organization,US,,
NS_3fbc2a73-4,,,,",",fhir_organization,US,,
NS_f3ee9aa2-0,,,,",",fhir_organization,US,,
NS_4f3ff0bd-2,,,,",",fhir_organization,US,,
NS_52a3a280-d,,,,",",fhir_organization,US,,
NS_6a2f6224-1,,,,",",fhir_organization,US,,
NS_19b0c6eb-d,,,,",",fhir_organization,US,,
NS_b484362c-1,,,,",",fhir_organization,US,,
NS_5c668f16-4,,,,",",fhir_organization,US,,
NS_bc897e6b-5,,,,",",fhir_organization,US,,
NS_e2b5a25a-5,,,,",",fhir_organization,US,,
NS_4f783251-f,,,,",",fhir_organization,US,,
NS_e41cc97b-9,,,,",",fhir_organization,US,,
NS_04a21f78-5,,,,",",fhir_organization,US,,
NS_be76a71f-5,,,,",",fhir_organization,US,,
NS_9a96769c-c,,,,",",fhir_organization,US,,
NS_4f5d2243-d,,,,",",fhir_organization,US,,
NS_3d0c0e9d-a,,,,",",fhir_organization,US,,
NS_a625003c-a,,,,",",fhir_organization,US,,
NS_72bf7ca2-0,,,,",",fhir_organization,US,,
NS_1960d8f7-d,,,,",",fhir_organization,US,,
NS_fba3a15e-7,,,,",",fhir_organization,US,,
NS_770e8841-0,,,,",",fhir_organization,US,,
NS_0d66be11-c,,,,",",fhir_organization,US,,
NS_04bb0606-3,,,,",",fhir_organization,US,,
NS_89f625ee-f,,,,",",fhir_organization,US,,
NS_e217ea56-f,,,,",",fhir_organization,US,,
NS_108059ff-9,,,,",",fhir_organization,US,,
NS_a2be110d-5,,,,",",fhir_organization,US,,
NS_ad928bf8-6,,,,",",fhir_organization,US,,
NS_e279591f-3,,,,",",fhir_organization,US,,
NS_8717aea1-2,,,,",",fhir_organization,US,,
NS_fc006a91-8,,,,",",fhir_organization,US,,
NS_62f6ee2f-1,,,,",",fhir_organization,US,,
NS_1bf2b0e6-d,,,,",",fhir_organization,US,,
NS_16e136f5-1,,,,",",fhir_organization,US,,
NS_695b7f5c-d,,,,",",fhir_organization,US,,
NS_c94ec405-6,,,,",",fhir_organization,US,,
NS_2716b06a-5,,,,",",fhir_organization,US,,
NS_147b8834-7,,,,",",fhir_organization,US,,
NS_8314855a-6,,,,",",fhir_organization,US,,
NS_932b6cec-5,,,,",",fhir_organization,US,,
NS_8a17d97a-b,,,,",",fhir_organization,US,,
NS_c3cc9b0b-2,,,,",",fhir_organization,US,,
NS_223fb516-7,,,,",",fhir_organization,US,,
NS_0f997af6-f,,,,",",fhir_organization,US,,
NS_c8d8da41-f,,,,",",fhir_organization,US,,
NS_704d3e6e-5,,,,",",fhir_organization,US,,
NS_7517b298-4,,,,",",fhir_organization,US,,
NS_179d84c5-a,,,,",",fhir_organization,US,,
NS_181f897d-c,,,,",",fhir_organization,US,,
NS_21f6f008-4,,,,",",fhir_organization,US,,
NS_f8eae312-1,,,,",",fhir_organization,US,,
NS_9c4350bb-7,,,,",",fhir_organization,US,,
NS_39e9e265-8,,,,",",fhir_organization,US,,
NS_78bb7795-f,,,,",",fhir_organization,US,,
NS_f4448333-0,,,,",",fhir_organization,US,,
NS_756b9e0b-7,,,,",",fhir_organization,US,,
NS_441568e1-5,,,,",",fhir_organization,US,,
NS_d96dcbc9-f,,,,",",fhir_organization,US,,
NS_e846cf36-5,,,,",",fhir_organization,US,,
NS_097eed2f-1,,,,",",fhir_organization,US,,
NS_14477397-f,,,,",",fhir_organization,US,,
NS_d0429f0e-9,,,,",",fhir_organization,US,,
NS_35864cb7-c,,,,",",fhir_organization,US,,
NS_6d4a12f5-f,,,,",",fhir_organization,US,,
NS_f0f4cee5-1,,,,",",fhir_organization,US,,
NS_aa339b2e-8,,,,",",fhir_organization,US,,
NS_aaab2148-3,,,,",",fhir_organization,US,,
NS_2b7a46f9-f,,,,",",fhir_organization,US,,
NS_235c0210-5,,,,",",fhir_organization,US,,
NS_5616841e-2,,,,",",fhir_organization,US,,
NS_a1d61dc6-5,,,,",",fhir_organization,US,,
NS_486b9c6c-8,,,,",",fhir_organization,US,,
NS_a9ddcb01-8,,,,",",fhir_organization,US,,
NS_d1cc2cbf-5,,,,",",fhir_organization,US,,
NS_7a1a1ac8-0,,,,",",fhir_organization,US,,
NS_c63eac6b-d,,,,",",fhir_organization,US,,
NS_1708ef0d-6,,,,",",fhir_organization,US,,
NS_d6f423c8-0,,,,",",fhir_organization,US,,
NS_77628f3d-6,,,,",",fhir_organization,US,,
NS_3cc36532-9,,,,",",fhir_organization,US,,
NS_53f20498-7,,,,",",fhir_organization,US,,
NS_0a19c5e3-1,,,,",",fhir_organization,US,,
NS_87f40871-6,,,,",",fhir_organization,US,,
NS_b3b3c60e-b,,,,",",fhir_organization,US,,
NS_fa639cb7-9,,,,",",fhir_organization,US,,
NS_f894fbcd-d,,,,",",fhir_organization,US,,
NS_1664ccaa-2,,,,",",fhir_organization,US,,
NS_0e6c7381-1,,,,",",fhir_organization,US,,
NS_8f79d253-6,,,,",",fhir_organization,US,,
NS_1806bf0b-3,,,,",",fhir_organization,US,,
NS_184de7de-7,,,,",",fhir_organization,US,,
NS_6f66915e-9,,,,",",fhir_organization,US,,
NS_b9411f11-b,,,,",",fhir_organization,US,,
NS_93ff86e3-5,,,,",",fhir_organization,US,,
NS_a592c9f5-7,,,,",",fhir_organization,US,,
NS_533c963f-2,,,,",",fhir_organization,US,,
NS_549b53be-7,,,,",",fhir_organization,US,,
NS_fa42936f-9,,,,",",fhir_organization,US,,
NS_77108061-f,,,,",",fhir_organization,US,,
NS_61c339bc-3,,,,",",fhir_organization,US,,
NS_e4fb7f9a-7,,,,",",fhir_organization,US,,
NS_9b455595-2,,,,",",fhir_organization,US,,
NS_74eec732-5,,,,",",fhir_organization,US,,
NS_39e897f6-e,,,,",",fhir_organization,US,,
NS_d0ca48b3-d,,,,",",fhir_organization,US,,
NS_b8ae2293-1,,,,",",fhir_organization,US,,
NS_a6fdfdd2-8,,,,",",fhir_organization,US,,
NS_1b11b1c6-3,,,,",",fhir_organization,US,,
NS_79341cec-c,,,,",",fhir_organization,US,,
NS_52ff10a4-d,,,,",",fhir_organization,US,,
NS_d2c417fc-b,,,,",",fhir_organization,US,,
NS_07e54d26-b,,,,",",fhir_organization,US,,
NS_b29d24c1-0,,,,",",fhir_organization,US,,
NS_357521ab-6,,,,",",fhir_organization,US,,
NS_7a36565f-b,,,,",",fhir_organization,US,,
NS_479f55f3-7,,,,",",fhir_organization,US,,
NS_21d2668e-8,,,,",",fhir_organization,US,,
NS_d03a84ca-2,,,,",",fhir_organization,US,,
NS_728a0bc5-6,,,,",",fhir_organization,US,,
NS_6464204f-a,,,,",",fhir_organization,US,,
NS_ef82cb5e-1,,,,",",fhir_organization,US,,
NS_a113cf67-0,,,,",",fhir_organization,US,,
NS_5af17425-d,,,,",",fhir_organization,US,,
NS_1cfe8989-f,,,,",",fhir_organization,US,,
NS_798a2c6e-9,,,,",",fhir_organization,US,,
NS_bcc1d064-c,,,,",",fhir_organization,US,,
NS_5c2f3fa7-f,,,,",",fhir_organization,US,,
NS_c4765a7c-f,,,,",",fhir_organization,US,,
NS_be6cfed0-7,,,,",",fhir_organization,US,,
NS_5cfe7c72-f,,,,",",fhir_organization,US,,
NS_2d9fa4f9-f,,,,",",fhir_organization,US,,
NS_440fb0cb-e,,,,",",fhir_organization,US,,
NS_0f0ef9f8-e,,,,",",fhir_organization,US,,
NS_c9b24f96-f,,,,",",fhir_organization,US,,
NS_dd8526e7-2,,,,",",fhir_organization,US,,
NS_2127335b-f,,,,",",fhir_organization,US,,
NS_475fe220-8,,,,",",fhir_organization,US,,
NS_a38c6b04-2,,,,",",fhir_organization,US,,
NS_bb8757a9-b,,,,",",fhir_organization,US,,
NS_8870afc5-7,,,,",",fhir_organization,US,,
NS_3d477007-0,,,,",",fhir_organization,US,,
NS_d8c14e6a-4,,,,",",fhir_organization,US,,
NS_aedb04cc-a,,,,",",fhir_organization,US,,
NS_364a6c04-0,,,,",",fhir_organization,US,,
NS_b3ccde80-5,,,,",",fhir_organization,US,,
NS_e2c013bf-6,,,,",",fhir_organization,US,,
NS_e704aa83-6,,,,",",fhir_organization,US,,
NS_13f3a32e-7,,,,",",fhir_organization,US,,
NS_ffd9a76e-e,,,,",",fhir_organization,US,,
NS_5a84cfbc-f,,,,",",fhir_organization,US,,
NS_0011e343-6,,,,",",fhir_organization,US,,
NS_2447ff85-d,,,,",",fhir_organization,US,,
NS_d8f25e74-e,,,,",",fhir_organization,US,,
NS_87aa1ff6-d,,,,",",fhir_organization,US,,
NS_5bb49d89-3,,,,",",fhir_organization,US,,
NS_90517a32-c,,,,",",fhir_organization,US,,
NS_c81aec95-e,,,,",",fhir_organization,US,,
NS_e8a4d2c8-e,,,,",",fhir_organization,US,,
NS_5e636760-e,,,,",",fhir_organization,US,,
NS_e2d7b4ee-3,,,,",",fhir_organization,US,,
NS_2a16f422-1,,,,",",fhir_organization,US,,
NS_e352903d-c,,,,",",fhir_organization,US,,
NS_3d255bcd-7,,,,",",fhir_organization,US,,
NS_800788df-9,,,,",",fhir_organization,US,,
NS_416455db-6,,,,",",fhir_organization,US,,
NS_047afb33-8,,,,",",fhir_organization,US,,
NS_48a6e955-e,,,,",",fhir_organization,US,,
NS_4f64c4e5-f,,,,",",fhir_organization,US,,
NS_e3ede109-1,,,,",",fhir_organization,US,,
NS_f84138c8-8,,,,",",fhir_organization,US,,
NS_28d05b50-8,,,,",",fhir_organization,US,,
NS_58be32f8-c,,,,",",fhir_organization,US,,
NS_04d6d3f5-e,,,,",",fhir_organization,US,,
NS_1759af57-b,,,,",",fhir_organization,US,,
NS_43a7656d-6,,,,",",fhir_organization,US,,
NS_a69f1781-e,,,,",",fhir_organization,US,,
NS_c2648856-2,,,,",",fhir_organization,US,,
NS_f3612819-9,,,,",",fhir_organization,US,,
NS_d6abb4ff-e,,,,",",fhir_organization,US,,
NS_b80ddfb5-6,,,,",",fhir_organization,US,,
NS_7bc0ee92-6,,,,",",fhir_organization,US,,
NS_473495a5-e,,,,",",fhir_organization,US,,
NS_6793f863-2,,,,",",fhir_organization,US,,
NS_f54767f1-4,,,,",",fhir_organization,US,,
NS_ac77841c-c,,,,",",fhir_organization,US,,
NS_866ec3a3-f,,,,",",fhir_organization,US,,
NS_d81176d2-1,,,,",",fhir_organization,US,,
NS_294cd432-5,,,,",",fhir_organization,US,,
NS_838680f2-f,,,,",",fhir_organization,US,,
NS_e2b207c1-e,,,,",",fhir_organization,US,,
NS_b142c521-d,,,,",",fhir_organization,US,,
NS_d4e65551-0,,,,",",fhir_organization,US,,
NS_f03afcd4-8,,,,",",fhir_organization,US,,
NS_a0ab9523-6,,,,",",fhir_organization,US,,
NS_cb9f8d55-7,,,,",",fhir_organization,US,,
NS_532d24a7-a,,,,",",fhir_organization,US,,
NS_44b18756-8,,,,",",fhir_organization,US,,
NS_bc1c0f77-6,,,,",",fhir_organization,US,,
NS_267c3726-c,,,,",",fhir_organization,US,,
NS_094af74c-c,,,,",",fhir_organization,US,,
NS_a00a7727-7,,,,",",fhir_organization,US,,
NS_e9b6f0b6-b,,,,",",fhir_organization,US,,
NS_714fbeec-c,,,,",",fhir_organization,US,,
NS_3d9f9a20-a,,,,",",fhir_organization,US,,
NS_15358338-0,,,,",",fhir_organization,US,,
NS_b7775a85-8,,,,",",fhir_organization,US,,
NS_39164e15-d,,,,",",fhir_organization,US,,
NS_88cbf3a0-2,,,,",",fhir_organization,US,,
NS_16baf356-f,,,,",",fhir_organization,US,,
NS_69a2a89c-d,,,,",",fhir_organization,US,,
NS_56b97d83-5,,,,",",fhir_organization,US,,
NS_4990e72e-8,,,,",",fhir_organization,US,,
NS_3c23b002-3,,,,",",fhir_organization,US,,
NS_7cf90dee-d,,,,",",fhir_organization,US,,
NS_fcac933c-4,,,,",",fhir_organization,US,,
NS_81423f11-a,,,,",",fhir_organization,US,,
NS_8c4464eb-9,,,,",",fhir_organization,US,,
NS_808291a4-f,,,,",",fhir_organization,US,,
NS_27d3ae34-c,,,,",",fhir_organization,US,,
NS_7f07994f-5,,,,",",fhir_organization,US,,
NS_b72c844c-4,,,,",",fhir_organization,US,,
NS_39ca121d-0,,,,",",fhir_organization,US,,
NS_d28f0d69-2,,,,",",fhir_organization,US,,
NS_de237c8e-c,,,,",",fhir_organization,US,,
NS_6d3089cb-6,,,,",",fhir_organization,US,,
NS_eb186e07-3,,,,",",fhir_organization,US,,
NS_4872f294-7,,,,",",fhir_organization,US,,
NS_cc3ce713-6,,,,",",fhir_organization,US,,
NS_cf5f8089-a,,,,",",fhir_organization,US,,
NS_39f53dfb-b,,,,",",fhir_organization,US,,
NS_486627a3-9,,,,",",fhir_organization,US,,
NS_b6b0d828-c,,,,",",fhir_organization,US,,
NS_0df802f5-8,,,,",",fhir_organization,US,,
NS_f2bba1da-d,,,,",",fhir_organization,US,,
NS_b56c255b-b,,,,",",fhir_organization,US,,
NS_d0cc09fd-5,,,,",",fhir_organization,US,,
NS_12934e2d-3,,,,",",fhir_organization,US,,
NS_ab8e144b-c,,,,",",fhir_organization,US,,
NS_880b8653-5,,,,",",fhir_organization,US,,
NS_0b70c804-1,,,,",",fhir_organization,US,,
NS_c4a37d00-0,,,,",",fhir_organization,US,,
NS_f85ebda9-9,,,,",",fhir_organization,US,,
NS_ec63aac6-e,,,,",",fhir_organization,US,,
NS_48df9766-8,,,,",",fhir_organization,US,,
NS_5b31a426-7,,,,",",fhir_organization,US,,
NS_bcdce077-0,,,,",",fhir_organization,US,,
NS_032c1dc9-b,,,,",",fhir_organization,US,,
NS_083092c8-c,,,,",",fhir_organization,US,,
NS_df1e729d-8,,,,",",fhir_organization,US,,
NS_0b8d3771-5,,,,",",fhir_organization,US,,
NS_a0dadc91-8,,,,",",fhir_organization,US,,
NS_2c5827f1-a,,,,",",fhir_organization,US,,
NS_3dd0f843-6,,,,",",fhir_organization,US,,
NS_4263397d-2,,,,",",fhir_organization,US,,
NS_751cf8f4-9,,,,",",fhir_organization,US,,
NS_d0bf8642-2,,,,",",fhir_organization,US,,
NS_f1180afe-f,,,,",",fhir_organization,US,,
NS_a0d89b1b-b,,,,",",fhir_organization,US,,
NS_fa88d170-1,,,,",",fhir_organization,US,,
NS_d1350fd2-4,,,,",",fhir_organization,US,,
NS_1abc5418-f,,,,",",fhir_organization,US,,
NS_beb81fd5-d,,,,",",fhir_organization,US,,
NS_86627efe-a,,,,",",fhir_organization,US,,
NS_9b1f64a2-9,,,,",",fhir_organization,US,,
NS_27e0fee8-6,,,,",",fhir_organization,US,,
NS_e75a4280-0,,,,",",fhir_organization,US,,
NS_470f465c-5,,,,",",fhir_organization,US,,
NS_f5722eee-4,,,,",",fhir_organization,US,,
NS_24f1cbaa-8,,,,",",fhir_organization,US,,
NS_4ecf2c51-2,,,,",",fhir_organization,US,,
NS_bf2487cc-d,,,,",",fhir_organization,US,,
NS_964953b4-1,,,,",",fhir_organization,US,,
NS_6c854900-2,,,,",",fhir_organization,US,,
NS_169d92bf-0,,,,",",fhir_organization,US,,
NS_4f96fd46-b,,,,",",fhir_organization,US,,
NS_28f77eeb-4,,,,",",fhir_organization,US,,
NS_255dbea1-8,,,,",",fhir_organization,US,,
NS_234d57f7-d,,,,",",fhir_organization,US,,
NS_e60dd6e8-d,,,,",",fhir_organization,US,,
NS_da6e12e5-9,,,,",",fhir_organization,US,,
NS_5a4e16a7-e,,,,",",fhir_organization,US,,
NS_2d4952da-0,,,,",",fhir_organization,US,,
NS_38312923-1,,,,",",fhir_organization,US,,
NS_9ec8c371-c,,,,",",fhir_organization,US,,
NS_e21c0855-4,,,,",",fhir_organization,US,,
NS_95f4e48f-d,,,,",",fhir_organization,US,,
NS_fd8eacc4-1,,,,",",fhir_organization,US,,
NS_a006f974-e,,,,",",fhir_organization,US,,
NS_d3258701-2,,,,",",fhir_organization,US,,
NS_f5469fd8-0,,,,",",fhir_organization,US,,
NS_96194dd8-c,,,,",",fhir_organization,US,,
NS_ac0812f3-c,,,,",",fhir_organization,US,,
NS_1e8aeac6-1,,,,",",fhir_organization,US,,
NS_be30a72e-0,,,,",",fhir_organization,US,,
NS_d3230876-c,,,,",",fhir_organization,US,,
NS_af5cb24e-7,,,,",",fhir_organization,US,,
NS_ca118465-1,,,,",",fhir_organization,US,,
NS_c21f5870-e,,,,",",fhir_organization,US,,
NS_31755355-b,,,,",",fhir_organization,US,,
NS_3d2a3210-8,,,,",",fhir_organization,US,,
NS_d10aa5aa-f,,,,",",fhir_organization,US,,
NS_5c008634-f,,,,",",fhir_organization,US,,
NS_5a0a3621-b,,,,",",fhir_organization,US,,
NS_58569a65-8,,,,",",fhir_organization,US,,
NS_afb565ea-6,,,,",",fhir_organization,US,,
NS_81d5b239-2,,,,",",fhir_organization,US,,
NS_41665697-b,,,,",",fhir_organization,US,,
NS_e8e5fbdc-9,,,,",",fhir_organization,US,,
NS_1debc997-7,,,,",",fhir_organization,US,,
NS_28f22a91-a,,,,",",fhir_organization,US,,
NS_13e1c5be-3,,,,",",fhir_organization,US,,
NS_68a304ee-2,,,,",",fhir_organization,US,,
NS_fede47bd-9,,,,",",fhir_organization,US,,
NS_35e8c40e-1,,,,",",fhir_organization,US,,
NS_95aa4161-f,,,,",",fhir_organization,US,,
NS_4faf0f54-6,,,,",",fhir_organization,US,,
NS_1b07a82e-e,,,,",",fhir_organization,US,,
NS_ac53eded-7,,,,",",fhir_organization,US,,
NS_2932ce5a-2,,,,",",fhir_organization,US,,
NS_92254079-e,,,,",",fhir_organization,US,,
NS_3c0e6d0c-f,,,,",",fhir_organization,US,,
NS_c15d148b-6,,,,",",fhir_organization,US,,
NS_20a37f26-c,,,,",",fhir_organization,US,,
NS_fec97b5f-2,,,,",",fhir_organization,US,,
NS_2b2c6bcc-9,,,,",",fhir_organization,US,,
NS_2954c429-3,,,,",",fhir_organization,US,,
NS_fbbf6ec9-c,,,,",",fhir_organization,US,,
NS_d25d42fd-2,,,,",",fhir_organization,US,,
NS_12758d4b-5,,,,",",fhir_organization,US,,
NS_265ff062-0,,,,",",fhir_organization,US,,
NS_7f19d76f-a,,,,",",fhir_organization,US,,
NS_020d76e0-d,,,,",",fhir_organization,US,,
NS_13d8b776-e,,,,",",fhir_organization,US,,
NS_12ff8dda-3,,,,",",fhir_organization,US,,
NS_6a517408-2,,,,",",fhir_organization,US,,
NS_7d9e48c5-b,,,,",",fhir_organization,US,,
NS_98f754ae-f,,,,",",fhir_organization,US,,
NS_a8728575-f,,,,",",fhir_organization,US,,
NS_5952ee50-5,,,,",",fhir_organization,US,,
NS_b6c5c268-2,,,,",",fhir_organization,US,,
NS_80cec19b-e,,,,",",fhir_organization,US,,
NS_7d810435-9,,,,",",fhir_organization,US,,
NS_87fb867c-b,,,,",",fhir_organization,US,,
NS_d7dd0cf6-8,,,,",",fhir_organization,US,,
NS_9b65aaa8-3,,,,",",fhir_organization,US,,
NS_4b3e1b44-c,,,,",",fhir_organization,US,,
NS_b4b94ffa-f,,,,",",fhir_organization,US,,
NS_89e26d9d-6,,,,",",fhir_organization,US,,
NS_4da9d75f-3,,,,",",fhir_organization,US,,
NS_64829fe3-1,,,,",",fhir_organization,US,,
NS_87a73065-c,,,,",",fhir_organization,US,,
NS_bdb02c9a-0,,,,",",fhir_organization,US,,
NS_7f150fb2-b,,,,",",fhir_organization,US,,
NS_e521a3fb-0,,,,",",fhir_organization,US,,
NS_eb1c18ad-9,,,,",",fhir_organization,US,,
NS_0218102f-b,,,,",",fhir_organization,US,,
NS_daa11adc-7,,,,",",fhir_organization,US,,
NS_b36d49a7-3,,,,",",fhir_organization,US,,
NS_66ff5ea1-8,,,,",",fhir_organization,US,,
NS_12cac538-e,,,,",",fhir_organization,US,,
NS_1ad946a5-e,,,,",",fhir_organization,US,,
NS_a0d6c10a-3,,,,",",fhir_organization,US,,
NS_17573149-7,,,,",",fhir_organization,US,,
NS_1ee5c91f-c,,,,",",fhir_organization,US,,
NS_e253c995-9,,,,",",fhir_organization,US,,
NS_4f29ee75-5,,,,",",fhir_organization,US,,
NS_8e566956-1,,,,",",fhir_organization,US,,
NS_742af77c-2,,,,",",fhir_organization,US,,
NS_777f9ce5-b,,,,",",fhir_organization,US,,
NS_58dfad57-9,,,,",",fhir_organization,US,,
NS_29a0877d-9,,,,",",fhir_organization,US,,
NS_e03c871c-e,,,,",",fhir_organization,US,,
NS_a2e3562a-a,,,,",",fhir_organization,US,,
NS_236167ba-5,,,,",",fhir_organization,US,,
NS_b43a23e1-a,,,,",",fhir_organization,US,,
NS_a9ce9a55-d,,,,",",fhir_organization,US,,
NS_fe781eeb-8,,,,",",fhir_organization,US,,
NS_1e0162d0-a,,,,",",fhir_organization,US,,
NS_7b700744-6,,,,",",fhir_organization,US,,
NS_eda73115-f,,,,",",fhir_organization,US,,
NS_b87b5499-9,,,,",",fhir_organization,US,,
NS_36b26fd5-c,,,,",",fhir_organization,US,,
NS_35343970-3,,,,",",fhir_organization,US,,
NS_c211684c-5,,,,",",fhir_organization,US,,
NS_409947f4-8,,,,",",fhir_organization,US,,
NS_4a1aeff9-f,,,,",",fhir_organization,US,,
NS_bc3fca5a-6,,,,",",fhir_organization,US,,
NS_b22f7881-e,,,,",",fhir_organization,US,,
NS_cf3c8468-b,,,,",",fhir_organization,US,,
NS_99d971e3-5,,,,",",fhir_organization,US,,
NS_a167f5c4-9,,,,",",fhir_organization,US,,
NS_05e3917c-6,,,,",",fhir_organization,US,,
NS_85731992-f,,,,",",fhir_organization,US,,
NS_4d9a9822-e,,,,",",fhir_organization,US,,
NS_d20f2511-8,,,,",",fhir_organization,US,,
NS_e1560e5d-9,,,,",",fhir_organization,US,,
NS_00780951-0,,,,",",fhir_organization,US,,
NS_5ed15092-d,,,,",",fhir_organization,US,,
NS_e650c045-c,,,,",",fhir_organization,US,,
NS_822ed654-c,,,,",",fhir_organization,US,,
NS_65d9c811-1,,,,",",fhir_organization,US,,
NS_8b8c41f8-b,,,,",",fhir_organization,US,,
NS_9b652e27-a,,,,",",fhir_organization,US,,
NS_7d526737-8,,,,",",fhir_organization,US,,
NS_f9e3d6a7-2,,,,",",fhir_organization,US,,
NS_6fdb3b1e-e,,,,",",fhir_organization,US,,
NS_378b40ef-7,,,,",",fhir_organization,US,,
NS_8b906aca-3,,,,",",fhir_organization,US,,
NS_55fc69cc-2,,,,",",fhir_organization,US,,
NS_a69c18c7-e,,,,",",fhir_organization,US,,
NS_138eafb4-9,,,,",",fhir_organization,US,,
NS_52d7a320-3,,,,",",fhir_organization,US,,
NS_938fdcca-0,,,,",",fhir_organization,US,,
NS_763b79a5-6,,,,",",fhir_organization,US,,
NS_bfab3c99-e,,,,",",fhir_organization,US,,
NS_5659dcaf-9,,,,",",fhir_organization,US,,
NS_bef84fcd-2,,,,",",fhir_organization,US,,
NS_f9d7fd53-8,,,,",",fhir_organization,US,,
NS_70e34ee0-6,,,,",",fhir_organization,US,,
NS_a0bdff9a-8,,,,",",fhir_organization,US,,
NS_2e0c91ff-6,,,,",",fhir_organization,US,,
NS_c59dfdb4-e,,,,",",fhir_organization,US,,
NS_7d75225b-9,,,,",",fhir_organization,US,,
NS_ae41d971-6,,,,",",fhir_organization,US,,
NS_609f373b-b,,,,",",fhir_organization,US,,
NS_f67c1d46-4,,,,",",fhir_organization,US,,
NS_47618662-d,,,,",",fhir_organization,US,,
NS_a0118de1-2,,,,",",fhir_organization,US,,
NS_e352c05b-2,,,,",",fhir_organization,US,,
NS_0dbb6e40-9,,,,",",fhir_organization,US,,
NS_0cf169c3-0,,,,",",fhir_organization,US,,
NS_b7121aa1-2,,,,",",fhir_organization,US,,
NS_b6d88e6d-4,,,,",",fhir_organization,US,,
NS_155f1b3b-5,,,,",",fhir_organization,US,,
NS_8c9936c8-7,,,,",",fhir_organization,US,,
NS_49652045-2,,,,",",fhir_organization,US,,
NS_0978b5ea-5,,,,",",fhir_organization,US,,
NS_a6e7470e-9,,,,",",fhir_organization,US,,
NS_6569c47d-c,,,,",",fhir_organization,US,,
NS_4931c9c4-1,,,,",",fhir_organization,US,,
NS_fd83c6c7-c,,,,",",fhir_organization,US,,
NS_d366433a-b,,,,",",fhir_organization,US,,
NS_14b090f6-8,,,,",",fhir_organization,US,,
NS_592d395a-3,,,,",",fhir_organization,US,,
NS_de46c03c-3,,,,",",fhir_organization,US,,
NS_a8c2b873-2,,,,",",fhir_organization,US,,
NS_3829ed54-2,,,,",",fhir_organization,US,,
NS_31e725cc-9,,,,",",fhir_organization,US,,
NS_91712001-0,,,,",",fhir_organization,US,,
NS_873fd81c-5,,,,",",fhir_organization,US,,
NS_20281310-b,,,,",",fhir_organization,US,,
NS_2c340440-4,,,,",",fhir_organization,US,,
NS_3bfa93e1-3,,,,",",fhir_organization,US,,
NS_b3d3062a-6,,,,",",fhir_organization,US,,
NS_da356899-e,,,,",",fhir_organization,US,,
NS_5e7d6db4-a,,,,",",fhir_organization,US,,
NS_537003a2-b,,,,",",fhir_organization,US,,
NS_2d4d7421-2,,,,",",fhir_organization,US,,
NS_b11ca875-2,,,,",",fhir_organization,US,,
NS_3c8856fe-b,,,,",",fhir_organization,US,,
NS_9815f7c1-2,,,,",",fhir_organization,US,,
NS_4c7959ac-1,,,,",",fhir_organization,US,,
NS_9fd52ade-5,,,,",",fhir_organization,US,,
NS_aba775a9-2,,,,",",fhir_organization,US,,
NS_f8fb5cdc-2,,,,",",fhir_organization,US,,
NS_8ca53488-b,,,,",",fhir_organization,US,,
NS_06944f15-9,,,,",",fhir_organization,US,,
NS_06d97a92-8,,,,",",fhir_organization,US,,
NS_d3df3d8c-4,,,,",",fhir_organization,US,,
NS_45bef0b0-3,,,,",",fhir_organization,US,,
NS_88e7c148-c,,,,",",fhir_organization,US,,
NS_8cc80efb-5,,,,",",fhir_organization,US,,
NS_38edc54d-6,,,,",",fhir_organization,US,,
NS_bf6804d1-9,,,,",",fhir_organization,US,,
NS_af7de95a-7,,,,",",fhir_organization,US,,
NS_1ec6cf43-2,,,,",",fhir_organization,US,,
NS_4000ee72-c,,,,",",fhir_organization,US,,
NS_5898d3d8-1,,,,",",fhir_organization,US,,
NS_839087ae-9,,,,",",fhir_organization,US,,
NS_65cede9c-0,,,,",",fhir_organization,US,,
NS_91761b75-4,,,,",",fhir_organization,US,,
NS_02b0402f-b,,,,",",fhir_organization,US,,
NS_f9856ca3-b,,,,",",fhir_organization,US,,
NS_d6799d37-b,,,,",",fhir_organization,US,,
NS_ea39e1a8-3,,,,",",fhir_organization,US,,
NS_a361ad89-4,,,,",",fhir_organization,US,,
NS_325d8c9c-8,,,,",",fhir_organization,US,,
NS_d625e42b-7,,,,",",fhir_organization,US,,
NS_f84c7a27-c,,,,",",fhir_organization,US,,
NS_d9bde5b9-f,,,,",",fhir_organization,US,,
NS_88213870-3,,,,",",fhir_organization,US,,
NS_518895c6-c,,,,",",fhir_organization,US,,
NS_cc4646f3-d,,,,",",fhir_organization,US,,
NS_8d42d9dc-c,,,,",",fhir_organization,US,,
NS_38fa5070-1,,,,",",fhir_organization,US,,
NS_52b407e2-9,,,,",",fhir_organization,US,,
NS_aa7c89f2-2,,,,",",fhir_organization,US,,
NS_7e9112ac-d,,,,",",fhir_organization,US,,
NS_2243a827-1,,,,",",fhir_organization,US,,
NS_6e4c0977-f,,,,",",fhir_organization,US,,
NS_fabf8ecf-b,,,,",",fhir_organization,US,,
NS_012d5ac0-7,,,,",",fhir_organization,US,,
NS_e08ecec6-0,,,,",",fhir_organization,US,,
NS_d80879f7-2,,,,",",fhir_organization,US,,
NS_b282fa1f-9,,,,",",fhir_organization,US,,
NS_0263af01-9,,,,",",fhir_organization,US,,
NS_4815ca48-7,,,,",",fhir_organization,US,,
NS_63c47a09-8,,,,",",fhir_organization,US,,
NS_0c36056a-3,,,,",",fhir_organization,US,,
NS_3cfbee5b-8,,,,",",fhir_organization,US,,
NS_bce350f9-8,,,,",",fhir_organization,US,,
NS_356e6146-4,,,,",",fhir_organization,US,,
NS_2d2020b0-1,,,,",",fhir_organization,US,,
NS_49459a54-b,,,,",",fhir_organization,US,,
NS_21fcfa61-9,,,,",",fhir_organization,US,,
NS_cb9a8af7-a,,,,",",fhir_organization,US,,
NS_c2cc75b0-4,,,,",",fhir_organization,US,,
NS_8bfd708e-5,,,,",",fhir_organization,US,,
NS_84472cdc-9,,,,",",fhir_organization,US,,
NS_fac23ba5-2,,,,",",fhir_organization,US,,
NS_2a7c868c-8,,,,",",fhir_organization,US,,
NS_401bf3c3-e,,,,",",fhir_organization,US,,
NS_47ee4491-a,,,,",",fhir_organization,US,,
NS_ba7ae08f-b,,,,",",fhir_organization,US,,
NS_e20ea953-b,,,,",",fhir_organization,US,,
NS_1e7250fb-b,,,,",",fhir_organization,US,,
NS_a395c395-2,,,,",",fhir_organization,US,,
NS_b1acb479-3,,,,",",fhir_organization,US,,
NS_dd548987-d,,,,",",fhir_organization,US,,
NS_5f2cefc7-c,,,,",",fhir_organization,US,,
NS_66c56d12-4,,,,",",fhir_organization,US,,
NS_44c9e21d-c,,,,",",fhir_organization,US,,
NS_c213083e-3,,,,",",fhir_organization,US,,
NS_bc3dccdc-7,,,,",",fhir_organization,US,,
NS_32f94b7b-a,,,,",",fhir_organization,US,,
NS_b19075ed-3,,,,",",fhir_organization,US,,
NS_a008bfd7-f,,,,",",fhir_organization,US,,
NS_3952232e-e,,,,",",fhir_organization,US,,
NS_f71b3c3c-e,,,,",",fhir_organization,US,,
NS_64e1d077-e,,,,",",fhir_organization,US,,
NS_411868e6-b,,,,",",fhir_organization,US,,
NS_d2717865-0,,,,",",fhir_organization,US,,
NS_ce24f9fb-b,,,,",",fhir_organization,US,,
NS_451ce0db-b,,,,",",fhir_organization,US,,
NS_eecfae10-5,,,,",",fhir_organization,US,,
NS_de6714ba-2,,,,",",fhir_organization,US,,
NS_46ede90b-b,,,,",",fhir_organization,US,,
NS_1078142e-a,,,,",",fhir_organization,US,,
NS_5c148223-b,,,,",",fhir_organization,US,,
NS_7cec493b-a,,,,",",fhir_organization,US,,
NS_72363219-8,,,,",",fhir_organization,US,,
NS_dfaf57e3-4,,,,",",fhir_organization,US,,
NS_484b1653-e,,,,",",fhir_organization,US,,
NS_8d1826af-0,,,,",",fhir_organization,US,,
NS_fde8227e-f,,,,",",fhir_organization,US,,
NS_8aba3208-9,,,,",",fhir_organization,US,,
NS_d64f0fa3-e,,,,",",fhir_organization,US,,
NS_a3a9e204-1,,,,",",fhir_organization,US,,
NS_d46372eb-6,,,,",",fhir_organization,US,,
NS_8fbb76bb-3,,,,",",fhir_organization,US,,
NS_4f72a210-7,,,,",",fhir_organization,US,,
NS_9a5b3ac4-f,,,,",",fhir_organization,US,,
NS_cd1c244a-c,,,,",",fhir_organization,US,,
NS_86b24f7b-f,,,,",",fhir_organization,US,,
NS_5c67d87b-4,,,,",",fhir_organization,US,,
NS_799ade60-7,,,,",",fhir_organization,US,,
NS_3cb48009-d,,,,",",fhir_organization,US,,
NS_6f55a667-f,,,,",",fhir_organization,US,,
NS_cb9b9717-8,,,,",",fhir_organization,US,,
NS_33d5a494-1,,,,",",fhir_organization,US,,
NS_a419a4f7-6,,,,",",fhir_organization,US,,
NS_abfbb209-d,,,,",",fhir_organization,US,,
NS_afb45126-2,,,,",",fhir_organization,US,,
NS_21d95a78-1,,,,",",fhir_organization,US,,
NS_b73d55f2-b,,,,",",fhir_organization,US,,
NS_e0a0c814-8,,,,",",fhir_organization,US,,
NS_4b5b936f-2,,,,",",fhir_organization,US,,
NS_9d96bfa8-b,,,,",",fhir_organization,US,,
NS_2d8918a7-0,,,,",",fhir_organization,US,,
NS_0931a182-4,,,,",",fhir_organization,US,,
NS_44465762-5,,,,",",fhir_organization,US,,
NS_2083ef37-8,,,,",",fhir_organization,US,,
NS_78e15864-4,,,,",",fhir_organization,US,,
NS_8a3caa2e-1,,,,",",fhir_organization,US,,
NS_84f118a6-9,,,,",",fhir_organization,US,,
NS_cd0c2faf-7,,,,",",fhir_organization,US,,
NS_4f1553df-4,,,,",",fhir_organization,US,,
NS_ba424cc6-5,,,,",",fhir_organization,US,,
NS_87e1d3c1-b,,,,",",fhir_organization,US,,
NS_57411fff-6,,,,",",fhir_organization,US,,
NS_ca7cf6be-1,,,,",",fhir_organization,US,,
NS_9640ad0a-9,,,,",",fhir_organization,US,,
NS_4a7d1fac-4,,,,",",fhir_organization,US,,
NS_a444b022-f,,,,",",fhir_organization,US,,
NS_0c53ba1f-f,,,,",",fhir_organization,US,,
NS_7bfa0bf6-d,,,,",",fhir_organization,US,,
NS_f1a52385-f,,,,",",fhir_organization,US,,
NS_cca4408c-3,,,,",",fhir_organization,US,,
NS_070471a0-7,,,,",",fhir_organization,US,,
NS_1412b28d-7,,,,",",fhir_organization,US,,
NS_83fd22f1-0,,,,",",fhir_organization,US,,
NS_c06ea00b-9,,,,",",fhir_organization,US,,
NS_7963b52f-b,,,,",",fhir_organization,US,,
NS_6e7979a9-5,,,,",",fhir_organization,US,,
NS_cccaccd1-7,,,,",",fhir_organization,US,,
NS_8155c2ed-c,,,,",",fhir_organization,US,,
NS_a730a4dc-4,,,,",",fhir_organization,US,,
NS_aea72730-8,,,,",",fhir_organization,US,,
NS_4549f734-8,,,,",",fhir_organization,US,,
NS_25f51b9b-6,,,,",",fhir_organization,US,,
NS_4106ab1f-f,,,,",",fhir_organization,US,,
NS_82c1b579-d,,,,",",fhir_organization,US,,
NS_91a1abda-c,,,,",",fhir_organization,US,,
NS_918e522a-b,,,,",",fhir_organization,US,,
NS_bb9d71c8-2,,,,",",fhir_organization,US,,
NS_16e61c6f-f,,,,",",fhir_organization,US,,
NS_7e0558c0-d,,,,",",fhir_organization,US,,
NS_93248859-d,,,,",",fhir_organization,US,,
NS_ab72de15-4,,,,",",fhir_organization,US,,
NS_a58bf26d-7,,,,",",fhir_organization,US,,
NS_c554bb81-e,,,,",",fhir_organization,US,,
NS_1e9b9fdf-8,,,,",",fhir_organization,US,,
NS_42c50348-7,,,,",",fhir_organization,US,,
NS_40a35ccc-5,,,,",",fhir_organization,US,,
NS_203d0348-c,,,,",",fhir_organization,US,,
NS_e0fcaa68-7,,,,",",fhir_organization,US,,
NS_c69e3a8b-a,,,,",",fhir_organization,US,,
NS_0dbf9635-0,,,,",",fhir_organization,US,,
NS_c82bbda8-d,,,,",",fhir_organization,US,,
NS_6b3222b9-0,,,,",",fhir_organization,US,,
NS_64679a61-7,,,,",",fhir_organization,US,,
NS_844cb945-f,,,,",",fhir_organization,US,,
NS_301c0609-c,,,,",",fhir_organization,US,,
NS_b20d8fe3-0,,,,",",fhir_organization,US,,
NS_0557d7f7-0,,,,",",fhir_organization,US,,
NS_4fbe0277-3,,,,",",fhir_organization,US,,
NS_7a2b1387-d,,,,",",fhir_organization,US,,
NS_dc5b943a-b,,,,",",fhir_organization,US,,
NS_e8349ba8-f,,,,",",fhir_organization,US,,
NS_1baf9a55-a,,,,",",fhir_organization,US,,
NS_0495bc25-a,,,,",",fhir_organization,US,,
NS_4fe257d5-e,,,,",",fhir_organization,US,,
NS_bab1d9a4-8,,,,",",fhir_organization,US,,
NS_f813f2e7-8,,,,",",fhir_organization,US,,
NS_129bd400-d,,,,",",fhir_organization,US,,
NS_5c42e0ce-d,,,,",",fhir_organization,US,,
NS_7c14bc01-c,,,,",",fhir_organization,US,,
NS_3c66a0b1-e,,,,",",fhir_organization,US,,
NS_83380a14-f,,,,",",fhir_organization,US,,
NS_5019b812-0,,,,",",fhir_organization,US,,
NS_d1c1a13f-a,,,,",",fhir_organization,US,,
NS_90bc56c9-f,,,,",",fhir_organization,US,,
NS_99a6fd8b-f,,,,",",fhir_organization,US,,
NS_de54a8e5-b,,,,",",fhir_organization,US,,
NS_329a5696-8,,,,",",fhir_organization,US,,
NS_311358ac-c,,,,",",fhir_organization,US,,
NS_2892305c-4,,,,",",fhir_organization,US,,
NS_883d2867-4,,,,",",fhir_organization,US,,
NS_2380ce9e-9,,,,",",fhir_organization,US,,
NS_e60ca1c4-8,,,,",",fhir_organization,US,,
NS_b593d4dd-c,,,,",",fhir_organization,US,,
NS_bbe3c254-1,,,,",",fhir_organization,US,,
NS_6ce6d322-4,,,,",",fhir_organization,US,,
NS_fb596090-1,,,,",",fhir_organization,US,,
NS_7df5e506-8,,,,",",fhir_organization,US,,
NS_ffb841f4-0,,,,",",fhir_organization,US,,
NS_b906d35f-3,,,,",",fhir_organization,US,,
NS_0877579c-b,,,,",",fhir_organization,US,,
NS_b4623b2e-0,,,,",",fhir_organization,US,,
NS_223d7251-3,,,,",",fhir_organization,US,,
NS_31c91779-f,,,,",",fhir_organization,US,,
NS_3c5cbb35-0,,,,",",fhir_organization,US,,
NS_d5ccfd94-1,,,,",",fhir_organization,US,,
NS_751e4aae-2,,,,",",fhir_organization,US,,
NS_5372637c-1,,,,",",fhir_organization,US,,
NS_ec57f5e5-e,,,,",",fhir_organization,US,,
NS_06b4c57d-3,,,,",",fhir_organization,US,,
NS_d9f86594-5,,,,",",fhir_organization,US,,
NS_f7dc49fa-6,,,,",",fhir_organization,US,,
NS_a4eed927-1,,,,",",fhir_organization,US,,
NS_5fe7fe82-9,,,,",",fhir_organization,US,,
NS_655dfd80-e,,,,",",fhir_organization,US,,
NS_91f8a08d-4,,,,",",fhir_organization,US,,
NS_1f7359f5-0,,,,",",fhir_organization,US,,
NS_de322a10-c,,,,",",fhir_organization,US,,
NS_b6e21f41-9,,,,",",fhir_organization,US,,
NS_1fb88fb3-7,,,,",",fhir_organization,US,,
NS_a0d2f03e-f,,,,",",fhir_organization,US,,
NS_4d32198f-4,,,,",",fhir_organization,US,,
NS_479afaca-b,,,,",",fhir_organization,US,,
NS_750704e1-e,,,,",",fhir_organization,US,,
NS_5d06054c-e,,,,",",fhir_organization,US,,
NS_a0578bb9-b,,,,",",fhir_organization,US,,
NS_eb3a7902-9,,,,",",fhir_organization,US,,
NS_036db4eb-7,,,,",",fhir_organization,US,,
NS_3a78287a-5,,,,",",fhir_organization,US,,
NS_74609494-4,,,,",",fhir_organization,US,,
NS_350a243d-9,,,,",",fhir_organization,US,,
NS_48be9eed-1,,,,",",fhir_organization,US,,
NS_86041af0-a,,,,",",fhir_organization,US,,
NS_53f4f6df-2,,,,",",fhir_organization,US,,
NS_ccd9d604-4,,,,",",fhir_organization,US,,
NS_a16e3142-a,,,,",",fhir_organization,US,,
NS_08a55c01-6,,,,",",fhir_organization,US,,
NS_e1d33f74-5,,,,",",fhir_organization,US,,
NS_c0cd5248-c,,,,",",fhir_organization,US,,
NS_01fe4494-8,,,,",",fhir_organization,US,,
NS_5b5f6ba0-9,,,,",",fhir_organization,US,,
NS_20e3613e-2,,,,",",fhir_organization,US,,
NS_fe29d4ab-c,,,,",",fhir_organization,US,,
NS_916763a1-c,,,,",",fhir_organization,US,,
NS_14eb2a6e-e,,,,",",fhir_organization,US,,
NS_601839f3-f,,,,",",fhir_organization,US,,
NS_c661df5b-1,,,,",",fhir_organization,US,,
NS_c5431329-2,,,,",",fhir_organization,US,,
NS_3750d060-e,,,,",",fhir_organization,US,,
NS_1301dd15-5,,,,",",fhir_organization,US,,
NS_f2ab1d99-f,,,,",",fhir_organization,US,,
NS_dccd9131-a,,,,",",fhir_organization,US,,
NS_45215a49-3,,,,",",fhir_organization,US,,
NS_1f8317f5-9,,,,",",fhir_organization,US,,
NS_a4f41cc8-1,,,,",",fhir_organization,US,,
NS_796e8ad8-3,,,,",",fhir_organization,US,,
NS_81a1c795-d,,,,",",fhir_organization,US,,
NS_841b95e0-8,,,,",",fhir_organization,US,,
NS_06aa902b-8,,,,",",fhir_organization,US,,
NS_7ca413d2-6,,,,",",fhir_organization,US,,
NS_09f095e5-a,,,,",",fhir_organization,US,,
NS_9b2663e3-b,,,,",",fhir_organization,US,,
NS_a8cd5c42-d,,,,",",fhir_organization,US,,
NS_28cda8dc-8,,,,",",fhir_organization,US,,
NS_1d35a147-9,,,,",",fhir_organization,US,,
NS_c10a97d5-7,,,,",",fhir_organization,US,,
NS_3e790b70-6,,,,",",fhir_organization,US,,
NS_1a1ce905-5,,,,",",fhir_organization,US,,
NS_62e27e17-3,,,,",",fhir_organization,US,,
NS_31ba88a0-b,,,,",",fhir_organization,US,,
NS_21e87aee-8,,,,",",fhir_organization,US,,
NS_37b56711-2,,,,",",fhir_organization,US,,
NS_9f534047-5,,,,",",fhir_organization,US,,
NS_46ebd0e8-2,,,,",",fhir_organization,US,,
NS_64a114a2-f,,,,",",fhir_organization,US,,
NS_daa56e6e-d,,,,",",fhir_organization,US,,
NS_b7871869-2,,,,",",fhir_organization,US,,
NS_4386a315-b,,,,",",fhir_organization,US,,
NS_d18837b2-7,,,,",",fhir_organization,US,,
NS_3ad627c5-b,,,,",",fhir_organization,US,,
NS_a24951c1-c,,,,",",fhir_organization,US,,
NS_9468ef6a-0,,,,",",fhir_organization,US,,
NS_56a14124-2,,,,",",fhir_organization,US,,
NS_a020d300-0,,,,",",fhir_organization,US,,
NS_388b5fe2-e,,,,",",fhir_organization,US,,
NS_ac198a59-a,,,,",",fhir_organization,US,,
NS_d2e4461c-5,,,,",",fhir_organization,US,,
NS_8bf16462-3,,,,",",fhir_organization,US,,
NS_d5137c3d-4,,,,",",fhir_organization,US,,
NS_8d5ccc4a-1,,,,",",fhir_organization,US,,
NS_362e692a-2,,,,",",fhir_organization,US,,
NS_9c4e0959-0,,,,",",fhir_organization,US,,
NS_b3ed0833-f,,,,",",fhir_organization,US,,
NS_7e33de07-2,,,,",",fhir_organization,US,,
NS_63824d3e-2,,,,",",fhir_organization,US,,
NS_e52af843-7,,,,",",fhir_organization,US,,
NS_d0b0d32a-c,,,,",",fhir_organization,US,,
NS_845edde7-9,,,,",",fhir_organization,US,,
NS_d0f767ac-9,,,,",",fhir_organization,US,,
NS_f093dc78-b,,,,",",fhir_organization,US,,
NS_0eba7230-3,,,,",",fhir_organization,US,,
NS_1abff063-7,,,,",",fhir_organization,US,,
NS_a6f4999f-6,,,,",",fhir_organization,US,,
NS_12beed5b-a,,,,",",fhir_organization,US,,
NS_4525d67c-3,,,,",",fhir_organization,US,,
NS_25adfe0f-d,,,,",",fhir_organization,US,,
NS_7be0ee64-1,,,,",",fhir_organization,US,,
NS_6e4d0cf3-7,,,,",",fhir_organization,US,,
NS_00cc1996-2,,,,",",fhir_organization,US,,
NS_808e2be8-0,,,,",",fhir_organization,US,,
NS_685f6e4d-5,,,,",",fhir_organization,US,,
NS_58a47d0c-e,,,,",",fhir_organization,US,,
NS_99868786-5,,,,",",fhir_organization,US,,
NS_01ad2091-c,,,,",",fhir_organization,US,,
NS_a48e2b89-e,,,,",",fhir_organization,US,,
NS_73e57d5b-b,,,,",",fhir_organization,US,,
NS_e787680f-1,,,,",",fhir_organization,US,,
NS_8f20eb20-2,,,,",",fhir_organization,US,,
NS_c3c9939e-7,,,,",",fhir_organization,US,,
NS_2e2387b0-1,,,,",",fhir_organization,US,,
NS_f7376278-2,,,,",",fhir_organization,US,,
NS_eaf0551a-1,,,,",",fhir_organization,US,,
NS_187990fb-8,,,,",",fhir_organization,US,,
NS_8490157a-c,,,,",",fhir_organization,US,,
NS_dcd66922-2,,,,",",fhir_organization,US,,
NS_99b35c59-0,,,,",",fhir_organization,US,,
NS_8ab19cfe-6,,,,",",fhir_organization,US,,
NS_b96ef7b8-0,,,,",",fhir_organization,US,,
NS_370aa603-9,,,,",",fhir_organization,US,,
NS_2f4d42ca-1,,,,",",fhir_organization,US,,
NS_2b281512-4,,,,",",fhir_organization,US,,
NS_aa00e626-1,,,,",",fhir_organization,US,,
NS_a963581f-0,,,,",",fhir_organization,US,,
NS_c5acd63c-8,,,,",",fhir_organization,US,,
NS_a624c5e2-5,,,,",",fhir_organization,US,,
NS_2bd391fb-c,,,,",",fhir_organization,US,,
NS_6ec2705b-0,,,,",",fhir_organization,US,,
NS_5ed48032-b,,,,",",fhir_organization,US,,
NS_9d3b36d9-2,,,,",",fhir_organization,US,,
NS_10118a67-a,,,,",",fhir_organization,US,,
NS_a1be80b1-6,,,,",",fhir_organization,US,,
NS_f4aab9ec-d,,,,",",fhir_organization,US,,
NS_35462094-0,,,,",",fhir_organization,US,,
NS_24bffdf1-2,,,,",",fhir_organization,US,,
NS_84958174-1,,,,",",fhir_organization,US,,
NS_f04aa0e9-0,,,,",",fhir_organization,US,,
NS_2a3e6716-2,,,,",",fhir_organization,US,,
NS_40462ff9-7,,,,",",fhir_organization,US,,
NS_98b6d6ff-0,,,,",",fhir_organization,US,,
NS_bb97783e-6,,,,",",fhir_organization,US,,
NS_17181ce8-2,,,,",",fhir_organization,US,,
NS_7e1e7eaa-d,,,,",",fhir_organization,US,,
NS_49313702-2,,,,",",fhir_organization,US,,
NS_373d7806-3,,,,",",fhir_organization,US,,
NS_b848a22e-6,,,,",",fhir_organization,US,,
NS_294edb81-8,,,,",",fhir_organization,US,,
NS_157e8735-0,,,,",",fhir_organization,US,,
NS_e4cf749c-9,,,,",",fhir_organization,US,,
NS_5346e60b-a,,,,",",fhir_organization,US,,
NS_f0f309de-0,,,,",",fhir_organization,US,,
NS_6b8d104f-b,,,,",",fhir_organization,US,,
NS_cf1d2b16-a,,,,",",fhir_organization,US,,
NS_50b653db-a,,,,",",fhir_organization,US,,
NS_884346b8-a,,,,",",fhir_organization,US,,
NS_f4e884c0-9,,,,",",fhir_organization,US,,
NS_00674ff3-9,,,,",",fhir_organization,US,,
NS_f03c531b-3,,,,",",fhir_organization,US,,
NS_34d5a670-2,,,,",",fhir_organization,US,,
NS_9b530006-5,,,,",",fhir_organization,US,,
NS_97a5db07-8,,,,",",fhir_organization,US,,
NS_01159535-d,,,,",",fhir_organization,US,,
NS_98c5eaca-c,,,,",",fhir_organization,US,,
NS_436cb02b-f,,,,",",fhir_organization,US,,
NS_8f4c45ca-f,,,,",",fhir_organization,US,,
NS_47202e3b-9,,,,",",fhir_organization,US,,
NS_5118692c-f,,,,",",fhir_organization,US,,
NS_8e52274b-d,,,,",",fhir_organization,US,,
NS_2788cf54-8,,,,",",fhir_organization,US,,
NS_31b5f724-c,,,,",",fhir_organization,US,,
NS_413157d2-5,,,,",",fhir_organization,US,,
NS_73283fea-6,,,,",",fhir_organization,US,,
NS_3372cfef-2,,,,",",fhir_organization,US,,
NS_47633e8a-0,,,,",",fhir_organization,US,,
NS_ae9c0d0c-3,,,,",",fhir_organization,US,,
NS_cb82c5b1-5,,,,",",fhir_organization,US,,
NS_a8f933b3-6,,,,",",fhir_organization,US,,
NS_cc988cca-b,,,,",",fhir_organization,US,,
NS_387f9aa9-c,,,,",",fhir_organization,US,,
NS_f2b4e863-e,,,,",",fhir_organization,US,,
NS_cf5b6189-6,,,,",",fhir_organization,US,,
NS_daddcd2d-9,,,,",",fhir_organization,US,,
NS_9bd05f3e-1,,,,",",fhir_organization,US,,
NS_7d892a67-8,,,,",",fhir_organization,US,,
NS_29fdbe5a-c,,,,",",fhir_organization,US,,
NS_8c774783-c,,,,",",fhir_organization,US,,
NS_42b25b58-c,,,,",",fhir_organization,US,,
NS_3b4300f0-d,,,,",",fhir_organization,US,,
NS_7b168a42-1,,,,",",fhir_organization,US,,
NS_3e301b65-a,,,,",",fhir_organization,US,,
NS_9aea4965-b,,,,",",fhir_organization,US,,
NS_5dff748f-c,,,,",",fhir_organization,US,,
NS_2850a1f6-8,,,,",",fhir_organization,US,,
NS_c33e883b-9,,,,",",fhir_organization,US,,
NS_e52bda3e-1,,,,",",fhir_organization,US,,
NS_81532db9-1,,,,",",fhir_organization,US,,
NS_069b5c3a-3,,,,",",fhir_organization,US,,
NS_759e41a8-0,,,,",",fhir_organization,US,,
NS_9a8df531-9,,,,",",fhir_organization,US,,
NS_146c9f19-1,,,,",",fhir_organization,US,,
NS_38ebc3d6-3,,,,",",fhir_organization,US,,
NS_56b68a05-c,,,,",",fhir_organization,US,,
NS_0bac1e52-6,,,,",",fhir_organization,US,,
NS_101d23eb-7,,,,",",fhir_organization,US,,
NS_44399e87-2,,,,",",fhir_organization,US,,
NS_cb3e13fb-c,,,,",",fhir_organization,US,,
NS_e20ef3e4-d,,,,",",fhir_organization,US,,
NS_32d14fb7-4,,,,",",fhir_organization,US,,
NS_626db577-3,,,,",",fhir_organization,US,,
NS_126cb2be-3,,,,",",fhir_organization,US,,
NS_9e443e6b-9,,,,",",fhir_organization,US,,
NS_a92c9f42-1,,,,",",fhir_organization,US,,
NS_5a79e724-8,,,,",",fhir_organization,US,,
NS_31eb1320-a,,,,",",fhir_organization,US,,
NS_26d11ea9-f,,,,",",fhir_organization,US,,
NS_14eaa906-d,,,,",",fhir_organization,US,,
NS_969ee8d0-9,,,,",",fhir_organization,US,,
NS_d7ff078e-3,,,,",",fhir_organization,US,,
NS_1ada81ba-7,,,,",",fhir_organization,US,,
NS_5546ff85-3,,,,",",fhir_organization,US,,
NS_6daf7f45-7,,,,",",fhir_organization,US,,
NS_22a303c7-e,,,,",",fhir_organization,US,,
NS_b92c6f8f-3,,,,",",fhir_organization,US,,
NS_aebe8c40-f,,,,",",fhir_organization,US,,
NS_55541671-6,,,,",",fhir_organization,US,,
NS_f8bfc064-e,,,,",",fhir_organization,US,,
NS_973044e2-c,,,,",",fhir_organization,US,,
NS_c4423ee0-4,,,,",",fhir_organization,US,,
NS_0bc9aa48-7,,,,",",fhir_organization,US,,
NS_4ac5b17e-a,,,,",",fhir_organization,US,,
NS_93dfe77e-b,,,,",",fhir_organization,US,,
NS_e71a2eab-0,,,,",",fhir_organization,US,,
NS_b446aa5e-0,,,,",",fhir_organization,US,,
NS_ec3dc477-0,,,,",",fhir_organization,US,,
NS_102b322e-2,,,,",",fhir_organization,US,,
NS_a350dce2-b,,,,",",fhir_organization,US,,
NS_2ce4e442-f,,,,",",fhir_organization,US,,
NS_68845a88-8,,,,",",fhir_organization,US,,
NS_ed0c8bdc-6,,,,",",fhir_organization,US,,
NS_00de733b-6,,,,",",fhir_organization,US,,
NS_3a7e74d3-c,,,,",",fhir_organization,US,,
NS_5412ac3e-d,,,,",",fhir_organization,US,,
NS_4f9c6a7c-5,,,,",",fhir_organization,US,,
NS_203bec7b-5,,,,",",fhir_organization,US,,
NS_e99fabf2-e,,,,",",fhir_organization,US,,
NS_39099c4b-0,,,,",",fhir_organization,US,,
NS_195e2dad-a,,,,",",fhir_organization,US,,
NS_aa001a8d-9,,,,",",fhir_organization,US,,
NS_857f9953-6,,,,",",fhir_organization,US,,
NS_9723f0a6-5,,,,",",fhir_organization,US,,
NS_90d86322-a,,,,",",fhir_organization,US,,
NS_d744f4e0-d,,,,",",fhir_organization,US,,
NS_04a3b463-8,,,,",",fhir_organization,US,,
NS_bb70173f-d,,,,",",fhir_organization,US,,
NS_3868ec22-3,,,,",",fhir_organization,US,,
NS_9d1ec4c5-9,,,,",",fhir_organization,US,,
NS_b1e9114a-2,,,,",",fhir_organization,US,,
NS_a025c9b8-b,,,,",",fhir_organization,US,,
NS_9c56a995-1,,,,",",fhir_organization,US,,
NS_bdcb07b1-d,,,,",",fhir_organization,US,,
NS_89ce70f6-4,,,,",",fhir_organization,US,,
NS_addda330-9,,,,",",fhir_organization,US,,
NS_61a4a308-c,,,,",",fhir_organization,US,,
NS_56cf5eb3-0,,,,",",fhir_organization,US,,
NS_cc37ed54-2,,,,",",fhir_organization,US,,
NS_ecb38a58-1,,,,",",fhir_organization,US,,
NS_9aa9051d-c,,,,",",fhir_organization,US,,
NS_a1d18593-b,,,,",",fhir_organization,US,,
NS_0a97e437-a,,,,",",fhir_organization,US,,
NS_2eda1245-e,,,,",",fhir_organization,US,,
NS_6126c226-d,,,,",",fhir_organization,US,,
NS_d3bcec81-b,,,,",",fhir_organization,US,,
NS_f7a0ec65-7,,,,",",fhir_organization,US,,
NS_3f03c724-7,,,,",",fhir_organization,US,,
NS_9a817799-6,,,,",",fhir_organization,US,,
NS_415db21f-d,,,,",",fhir_organization,US,,
NS_65a30118-9,,,,",",fhir_organization,US,,
NS_f5c418f9-4,,,,",",fhir_organization,US,,
NS_8fbb3bda-2,,,,",",fhir_organization,US,,
NS_e4e24469-4,,,,",",fhir_organization,US,,
NS_f1685500-c,,,,",",fhir_organization,US,,
NS_36031c42-7,,,,",",fhir_organization,US,,
NS_99d18fd7-a,,,,",",fhir_organization,US,,
NS_795ac36a-b,,,,",",fhir_organization,US,,
NS_74e44758-a,,,,",",fhir_organization,US,,
NS_c57af97e-3,,,,",",fhir_organization,US,,
NS_9654a831-f,,,,",",fhir_organization,US,,
NS_3e651ba6-a,,,,",",fhir_organization,US,,
NS_f40d5e64-0,,,,",",fhir_organization,US,,
NS_46817db5-c,,,,",",fhir_organization,US,,
NS_a547236c-a,,,,",",fhir_organization,US,,
NS_1564f6d7-1,,,,",",fhir_organization,US,,
NS_0e19d283-e,,,,",",fhir_organization,US,,
NS_ad154354-5,,,,",",fhir_organization,US,,
NS_1a92a244-0,,,,",",fhir_organization,US,,
NS_035f8d80-f,,,,",",fhir_organization,US,,
NS_dce68fa4-4,,,,",",fhir_organization,US,,
NS_88f6be8c-e,,,,",",fhir_organization,US,,
NS_f22c5452-5,,,,",",fhir_organization,US,,
NS_19801b75-3,,,,",",fhir_organization,US,,
NS_c55013d1-1,,,,",",fhir_organization,US,,
NS_e7cffc5d-4,,,,",",fhir_organization,US,,
NS_881470f9-8,,,,",",fhir_organization,US,,
NS_0d5f8b0b-9,,,,",",fhir_organization,US,,
NS_af7e04ea-4,,,,",",fhir_organization,US,,
NS_594fa61e-b,,,,",",fhir_organization,US,,
NS_2989aade-b,,,,",",fhir_organization,US,,
NS_e0d645d6-2,,,,",",fhir_organization,US,,
NS_c0bbdc40-d,,,,",",fhir_organization,US,,
NS_0e44d5b7-b,,,,",",fhir_organization,US,,
NS_f7215af5-4,,,,",",fhir_organization,US,,
NS_a8dd3ebd-9,,,,",",fhir_organization,US,,
NS_df036141-7,,,,",",fhir_organization,US,,
NS_ad3d262d-8,,,,",",fhir_organization,US,,
NS_044efacb-b,,,,",",fhir_organization,US,,
NS_25823549-b,,,,",",fhir_organization,US,,
NS_d9cb2466-8,,,,",",fhir_organization,US,,
NS_a2ec4884-a,,,,",",fhir_organization,US,,
NS_5a909c82-6,,,,",",fhir_organization,US,,
NS_acd21260-8,,,,",",fhir_organization,US,,
NS_30163878-5,,,,",",fhir_organization,US,,
NS_78d81643-9,,,,",",fhir_organization,US,,
NS_8b68f246-d,,,,",",fhir_organization,US,,
NS_b2124416-e,,,,",",fhir_organization,US,,
NS_2aa02d67-9,,,,",",fhir_organization,US,,
NS_04d3f08a-6,,,,",",fhir_organization,US,,
NS_67634e95-3,,,,",",fhir_organization,US,,
NS_0d333deb-4,,,,",",fhir_organization,US,,
NS_4f999c00-2,,,,",",fhir_organization,US,,
NS_a8a8e48e-1,,,,",",fhir_organization,US,,
NS_fd9c7cc0-d,,,,",",fhir_organization,US,,
NS_b7140ddd-f,,,,",",fhir_organization,US,,
NS_7bae9ee9-0,,,,",",fhir_organization,US,,
NS_ab1a42dd-a,,,,",",fhir_organization,US,,
NS_bba8c200-d,,,,",",fhir_organization,US,,
NS_6973ec8b-3,,,,",",fhir_organization,US,,
NS_377df8eb-3,,,,",",fhir_organization,US,,
NS_8992adc7-5,,,,",",fhir_organization,US,,
NS_fa96ab31-e,,,,",",fhir_organization,US,,
NS_68ae00ac-5,,,,",",fhir_organization,US,,
NS_18874436-2,,,,",",fhir_organization,US,,
NS_8ea6b539-4,,,,",",fhir_organization,US,,
NS_83081609-2,,,,",",fhir_organization,US,,
NS_031e801f-8,,,,",",fhir_organization,US,,
NS_89c6a48f-c,,,,",",fhir_organization,US,,
NS_47e28d9a-3,,,,",",fhir_organization,US,,
NS_306358ed-0,,,,",",fhir_organization,US,,
NS_5ff54225-4,,,,",",fhir_organization,US,,
NS_abf7bc2b-9,,,,",",fhir_organization,US,,
NS_33c6d6b7-6,,,,",",fhir_organization,US,,
NS_d76f8b66-6,,,,",",fhir_organization,US,,
NS_eeb4a9ea-5,,,,",",fhir_organization,US,,
NS_e55e7e1f-d,,,,",",fhir_organization,US,,
NS_053482f0-b,,,,",",fhir_organization,US,,
NS_a6a429b5-0,,,,",",fhir_organization,US,,
NS_6d0140ce-0,,,,",",fhir_organization,US,,
NS_f3b1a0ec-1,,,,",",fhir_organization,US,,
NS_8fda4af0-e,,,,",",fhir_organization,US,,
NS_bf1f0d01-6,,,,",",fhir_organization,US,,
NS_6d9fc4be-4,,,,",",fhir_organization,US,,
NS_8584ded4-c,,,,",",fhir_organization,US,,
NS_45b305b8-6,,,,",",fhir_organization,US,,
NS_5f14420c-5,,,,",",fhir_organization,US,,
NS_2648a2d7-3,,,,",",fhir_organization,US,,
NS_926dbb21-a,,,,",",fhir_organization,US,,
NS_9e05ddc5-c,,,,",",fhir_organization,US,,
NS_5f357107-1,,,,",",fhir_organization,US,,
NS_7f7ffe98-7,,,,",",fhir_organization,US,,
NS_1b6e2338-6,,,,",",fhir_organization,US,,
NS_48c6f26d-d,,,,",",fhir_organization,US,,
NS_28fed5bf-5,,,,",",fhir_organization,US,,
NS_ad214eef-7,,,,",",fhir_organization,US,,
NS_5bdb436a-2,,,,",",fhir_organization,US,,
NS_585e7347-e,,,,",",fhir_organization,US,,
NS_50816b84-1,,,,",",fhir_organization,US,,
NS_735fb3cf-a,,,,",",fhir_organization,US,,
NS_60482404-1,,,,",",fhir_organization,US,,
NS_340807a1-a,,,,",",fhir_organization,US,,
NS_da199e2f-4,,,,",",fhir_organization,US,,
NS_b059290a-6,,,,",",fhir_organization,US,,
NS_fa7f2f98-9,,,,",",fhir_organization,US,,
NS_8ff40543-8,,,,",",fhir_organization,US,,
NS_802af899-9,,,,",",fhir_organization,US,,
NS_226b0cab-f,,,,",",fhir_organization,US,,
NS_bbf6c2bc-4,,,,",",fhir_organization,US,,
NS_c3e3a083-8,,,,",",fhir_organization,US,,
NS_22241875-c,,,,",",fhir_organization,US,,
NS_fee32406-3,,,,",",fhir_organization,US,,
NS_60e62307-b,,,,",",fhir_organization,US,,
NS_4aa213c6-8,,,,",",fhir_organization,US,,
NS_a9bba3f7-a,,,,",",fhir_organization,US,,
NS_e6998a25-a,,,,",",fhir_organization,US,,
NS_52aabbc4-c,,,,",",fhir_organization,US,,
NS_9a838273-1,,,,",",fhir_organization,US,,
NS_5838c0c9-1,,,,",",fhir_organization,US,,
NS_e4c06636-c,,,,",",fhir_organization,US,,
NS_0b318faa-5,,,,",",fhir_organization,US,,
NS_0877662e-c,,,,",",fhir_organization,US,,
NS_2587b4ea-6,,,,",",fhir_organization,US,,
NS_1adb69ac-8,,,,",",fhir_organization,US,,
NS_3de8bad1-1,,,,",",fhir_organization,US,,
NS_dfdb0341-c,,,,",",fhir_organization,US,,
NS_4c51aafc-1,,,,",",fhir_organization,US,,
NS_01f809e5-d,,,,",",fhir_organization,US,,
NS_6c7df002-e,,,,",",fhir_organization,US,,
NS_24d180c0-d,,,,",",fhir_organization,US,,
NS_97d4bea6-1,,,,",",fhir_organization,US,,
NS_91ed5172-4,,,,",",fhir_organization,US,,
NS_dfbed8b6-6,,,,",",fhir_organization,US,,
NS_b04b4817-8,,,,",",fhir_organization,US,,
NS_44a8e362-e,,,,",",fhir_organization,US,,
NS_0311463f-0,,,,",",fhir_organization,US,,
NS_cfa93fc8-0,,,,",",fhir_organization,US,,
NS_50bdf9c2-8,,,,",",fhir_organization,US,,
NS_1a5593bc-c,,,,",",fhir_organization,US,,
NS_93b3b9ba-1,,,,",",fhir_organization,US,,
NS_286480c3-f,,,,",",fhir_organization,US,,
NS_60f3c6c5-e,,,,",",fhir_organization,US,,
NS_71bbe17d-4,,,,",",fhir_organization,US,,
NS_b26f1de6-5,,,,",",fhir_organization,US,,
NS_93882cc5-4,,,,",",fhir_organization,US,,
NS_a0dcb0df-e,,,,",",fhir_organization,US,,
NS_3a3d23e9-e,,,,",",fhir_organization,US,,
NS_170c7aff-8,,,,",",fhir_organization,US,,
NS_7a39744a-a,,,,",",fhir_organization,US,,
NS_c6b129d8-2,,,,",",fhir_organization,US,,
NS_c59ad6fb-7,,,,",",fhir_organization,US,,
NS_dea40670-e,,,,",",fhir_organization,US,,
NS_a1cba0bb-0,,,,",",fhir_organization,US,,
NS_49d6a02d-7,,,,",",fhir_organization,US,,
NS_78802d44-6,,,,",",fhir_organization,US,,
NS_4e8b02bc-0,,,,",",fhir_organization,US,,
NS_f284f135-9,,,,",",fhir_organization,US,,
NS_a16b79a9-2,,,,",",fhir_organization,US,,
NS_430929b2-9,,,,",",fhir_organization,US,,
NS_f1956fd2-1,,,,",",fhir_organization,US,,
NS_33392334-5,,,,",",fhir_organization,US,,
NS_74400966-6,,,,",",fhir_organization,US,,
NS_4e79e8ce-a,,,,",",fhir_organization,US,,
NS_402ece32-0,,,,",",fhir_organization,US,,
NS_fcff1f51-f,,,,",",fhir_organization,US,,
NS_b30cb9e2-6,,,,",",fhir_organization,US,,
NS_60edbcbc-1,,,,",",fhir_organization,US,,
NS_f96cd842-7,,,,",",fhir_organization,US,,
NS_d9f692fa-7,,,,",",fhir_organization,US,,
NS_4b40cdae-5,,,,",",fhir_organization,US,,
NS_8dcc5261-8,,,,",",fhir_organization,US,,
NS_0431201c-4,,,,",",fhir_organization,US,,
NS_8117db9f-a,,,,",",fhir_organization,US,,
NS_85fa34db-d,,,,",",fhir_organization,US,,
NS_e4104b40-9,,,,",",fhir_organization,US,,
NS_4de8a0fa-8,,,,",",fhir_organization,US,,
NS_5c0616bc-9,,,,",",fhir_organization,US,,
NS_bdbcd698-a,,,,",",fhir_organization,US,,
NS_6e1de386-e,,,,",",fhir_organization,US,,
NS_d0ffb646-f,,,,",",fhir_organization,US,,
NS_5c39affd-2,,,,",",fhir_organization,US,,
NS_980ede74-8,,,,",",fhir_organization,US,,
NS_dd11a550-0,,,,",",fhir_organization,US,,
NS_d275fe01-1,,,,",",fhir_organization,US,,
NS_eb9abe42-1,,,,",",fhir_organization,US,,
NS_9778dc7e-6,,,,",",fhir_organization,US,,
NS_b1842dfb-9,,,,",",fhir_organization,US,,
NS_23f5f8b8-9,,,,",",fhir_organization,US,,
NS_33be3c4d-2,,,,",",fhir_organization,US,,
NS_b6fd5fa7-5,,,,",",fhir_organization,US,,
NS_cea1c4bf-7,,,,",",fhir_organization,US,,
NS_0cb7b9b6-3,,,,",",fhir_organization,US,,
NS_135b48c7-f,,,,",",fhir_organization,US,,
NS_0c79b2c1-6,,,,",",fhir_organization,US,,
NS_a881c02b-8,,,,",",fhir_organization,US,,
NS_92f2ed6c-9,,,,",",fhir_organization,US,,
NS_05e737de-f,,,,",",fhir_organization,US,,
NS_c9190db9-0,,,,",",fhir_organization,US,,
NS_033ddbd8-2,,,,",",fhir_organization,US,,
NS_19abe1f2-1,,,,",",fhir_organization,US,,
NS_bac5c5be-a,,,,",",fhir_organization,US,,
NS_77ad202b-e,,,,",",fhir_organization,US,,
NS_3e486d30-1,,,,",",fhir_organization,US,,
NS_c6658409-a,,,,",",fhir_organization,US,,
NS_bdda12ee-c,,,,",",fhir_organization,US,,
NS_2772e01d-b,,,,",",fhir_organization,US,,
NS_43d3310d-f,,,,",",fhir_organization,US,,
NS_67f7c4ed-e,,,,",",fhir_organization,US,,
NS_40b6822e-8,,,,",",fhir_organization,US,,
NS_5344f208-e,,,,",",fhir_organization,US,,
NS_8950e9ee-4,,,,",",fhir_organization,US,,
NS_1085099a-5,,,,",",fhir_organization,US,,
NS_23b8474e-8,,,,",",fhir_organization,US,,
NS_049b9783-d,,,,",",fhir_organization,US,,
NS_dc97f4d3-3,,,,",",fhir_organization,US,,
NS_d5464a59-c,,,,",",fhir_organization,US,,
NS_7673149c-a,,,,",",fhir_organization,US,,
NS_16d1bba2-4,,,,",",fhir_organization,US,,
NS_faaac2bc-7,,,,",",fhir_organization,US,,
NS_faa55609-0,,,,",",fhir_organization,US,,
NS_fe06c734-7,,,,",",fhir_organization,US,,
NS_0c6d0e7b-4,,,,",",fhir_organization,US,,
NS_e1ebe443-c,,,,",",fhir_organization,US,,
NS_fb46a2da-8,,,,",",fhir_organization,US,,
NS_b560d974-6,,,,",",fhir_organization,US,,
NS_7748915a-7,,,,",",fhir_organization,US,,
NS_e3644b0f-b,,,,",",fhir_organization,US,,
NS_bb17e3aa-b,,,,",",fhir_organization,US,,
NS_7cc5560c-8,,,,",",fhir_organization,US,,
NS_81667ad6-4,,,,",",fhir_organization,US,,
NS_9c65fed0-1,,,,",",fhir_organization,US,,
NS_09aa9cfb-e,,,,",",fhir_organization,US,,
NS_671bf503-9,,,,",",fhir_organization,US,,
NS_9edf6400-f,,,,",",fhir_organization,US,,
NS_b718b565-b,,,,",",fhir_organization,US,,
NS_fea607fe-0,,,,",",fhir_organization,US,,
NS_b937cb03-9,,,,",",fhir_organization,US,,
NS_07bd2efa-b,,,,",",fhir_organization,US,,
NS_a5703a23-8,,,,",",fhir_organization,US,,
NS_bd5217cb-6,,,,",",fhir_organization,US,,
NS_1b2c3372-d,,,,",",fhir_organization,US,,
NS_093bf66f-7,,,,",",fhir_organization,US,,
NS_4566e92a-5,,,,",",fhir_organization,US,,
NS_eafd1a60-3,,,,",",fhir_organization,US,,
NS_3353adb4-9,,,,",",fhir_organization,US,,
NS_59125702-b,,,,",",fhir_organization,US,,
NS_290162e2-2,,,,",",fhir_organization,US,,
NS_5b3bd7a1-5,,,,",",fhir_organization,US,,
NS_6aa9bb01-2,,,,",",fhir_organization,US,,
NS_b0b63b47-2,,,,",",fhir_organization,US,,
NS_69183f33-4,,,,",",fhir_organization,US,,
NS_f1d028f2-4,,,,",",fhir_organization,US,,
NS_b248da0e-5,,,,",",fhir_organization,US,,
NS_14d29cd9-3,,,,",",fhir_organization,US,,
NS_e08dda81-7,,,,",",fhir_organization,US,,
NS_d2f3a2e6-5,,,,",",fhir_organization,US,,
NS_fe4fbce3-a,,,,",",fhir_organization,US,,
NS_59e0af2d-b,,,,",",fhir_organization,US,,
NS_917cdb24-7,,,,",",fhir_organization,US,,
NS_cb45ae31-c,,,,",",fhir_organization,US,,
NS_490924fa-5,,,,",",fhir_organization,US,,
NS_7341d3fd-6,,,,",",fhir_organization,US,,
NS_f396d356-b,,,,",",fhir_organization,US,,
NS_f328307b-c,,,,",",fhir_organization,US,,
NS_9d61cf9a-9,,,,",",fhir_organization,US,,
NS_5c220f1d-d,,,,",",fhir_organization,US,,
NS_062c0fcd-4,,,,",",fhir_organization,US,,
NS_1b885104-0,,,,",",fhir_organization,US,,
NS_b4a3a2ae-9,,,,",",fhir_organization,US,,
NS_f9afbeb4-0,,,,",",fhir_organization,US,,
NS_6c499a5b-2,,,,",",fhir_organization,US,,
NS_fe7c97b1-e,,,,",",fhir_organization,US,,
NS_eefc5d99-e,,,,",",fhir_organization,US,,
NS_cd4e4191-1,,,,",",fhir_organization,US,,
NS_36aeea2f-7,,,,",",fhir_organization,US,,
NS_9ce1a681-7,,,,",",fhir_organization,US,,
NS_4928e1f9-d,,,,",",fhir_organization,US,,
NS_da75d2f8-d,,,,",",fhir_organization,US,,
NS_fb66b2e5-a,,,,",",fhir_organization,US,,
NS_0dc6011f-f,,,,",",fhir_organization,US,,
NS_a8a8227b-4,,,,",",fhir_organization,US,,
NS_d7fc5ccd-f,,,,",",fhir_organization,US,,
NS_4fab1ae1-3,,,,",",fhir_organization,US,,
NS_3015ada7-2,,,,",",fhir_organization,US,,
NS_51a472dd-8,,,,",",fhir_organization,US,,
NS_bea68e73-c,,,,",",fhir_organization,US,,
NS_8abfcfb2-9,,,,",",fhir_organization,US,,
NS_bf666ae9-1,,,,",",fhir_organization,US,,
NS_b687b2bf-7,,,,",",fhir_organization,US,,
NS_d32c0d06-1,,,,",",fhir_organization,US,,
NS_d164ac3b-3,,,,",",fhir_organization,US,,
NS_3ad5c7fb-f,,,,",",fhir_organization,US,,
NS_6fb70702-c,,,,",",fhir_organization,US,,
NS_78fcde40-1,,,,",",fhir_organization,US,,
NS_f092e6fa-3,,,,",",fhir_organization,US,,
NS_fc6c1e1f-7,,,,",",fhir_organization,US,,
NS_f7d67161-c,,,,",",fhir_organization,US,,
NS_26bf1acf-a,,,,",",fhir_organization,US,,
NS_fa1a9a8a-7,,,,",",fhir_organization,US,,
NS_ded84396-2,,,,",",fhir_organization,US,,
NS_0969640d-a,,,,",",fhir_organization,US,,
NS_6aaaa9ce-9,,,,",",fhir_organization,US,,
NS_57a2dd0e-8,,,,",",fhir_organization,US,,
NS_3e40e0f3-e,,,,",",fhir_organization,US,,
NS_088a652f-d,,,,",",fhir_organization,US,,
NS_b2bfaab7-d,,,,",",fhir_organization,US,,
NS_35d38fdd-0,,,,",",fhir_organization,US,,
NS_32a5b815-e,,,,",",fhir_organization,US,,
NS_954e031d-a,,,,",",fhir_organization,US,,
NS_e4351557-a,,,,",",fhir_organization,US,,
NS_e0dd3810-a,,,,",",fhir_organization,US,,
NS_e5d1aa39-5,,,,",",fhir_organization,US,,
NS_c14ddb59-f,,,,",",fhir_organization,US,,
NS_a0c979d5-9,,,,",",fhir_organization,US,,
NS_d012dbbc-e,,,,",",fhir_organization,US,,
NS_c31da985-f,,,,",",fhir_organization,US,,
NS_c2451c28-0,,,,",",fhir_organization,US,,
NS_855d03c2-c,,,,",",fhir_organization,US,,
NS_978de3e1-3,,,,",",fhir_organization,US,,
NS_c33d032f-c,,,,",",fhir_organization,US,,
NS_da788338-f,,,,",",fhir_organization,US,,
NS_69c1f25d-c,,,,",",fhir_organization,US,,
NS_2703accd-8,,,,",",fhir_organization,US,,
NS_dbee8102-7,,,,",",fhir_organization,US,,
NS_572d4e83-e,,,,",",fhir_organization,US,,
NS_3cf2cfad-7,,,,",",fhir_organization,US,,
NS_504016ce-4,,,,",",fhir_organization,US,,
NS_27ebe999-d,,,,",",fhir_organization,US,,
NS_a34bc88d-5,,,,",",fhir_organization,US,,
NS_8e89565f-c,,,,",",fhir_organization,US,,
NS_ccb0d474-c,,,,",",fhir_organization,US,,
NS_c6662f16-2,,,,",",fhir_organization,US,,
NS_3407c1d6-e,,,,",",fhir_organization,US,,
NS_682bde0b-4,,,,",",fhir_organization,US,,
NS_65b98150-e,,,,",",fhir_organization,US,,
NS_1babe0e3-9,,,,",",fhir_organization,US,,
NS_09c75af2-9,,,,",",fhir_organization,US,,
NS_7b4791aa-b,,,,",",fhir_organization,US,,
NS_b1442f98-1,,,,",",fhir_organization,US,,
NS_19c8d7fe-0,,,,",",fhir_organization,US,,
NS_0d3b4d74-5,,,,",",fhir_organization,US,,
NS_1ead5d7f-5,,,,",",fhir_organization,US,,
NS_4a78d99d-f,,,,",",fhir_organization,US,,
NS_e8605f49-e,,,,",",fhir_organization,US,,
NS_07136e48-f,,,,",",fhir_organization,US,,
NS_bf2bd93d-0,,,,",",fhir_organization,US,,
NS_9fae592c-d,,,,",",fhir_organization,US,,
NS_402abe30-f,,,,",",fhir_organization,US,,
NS_2f5cd4b4-d,,,,",",fhir_organization,US,,
NS_0b13c6d7-d,,,,",",fhir_organization,US,,
NS_fa2b7e65-b,,,,",",fhir_organization,US,,
NS_046bc3e7-e,,,,",",fhir_organization,US,,
NS_42e546b6-2,,,,",",fhir_organization,US,,
NS_e0627dc8-f,,,,",",fhir_organization,US,,
NS_1f94d959-5,,,,",",fhir_organization,US,,
NS_405cbeea-5,,,,",",fhir_organization,US,,
NS_b2a3eca8-8,,,,",",fhir_organization,US,,
NS_d2887834-c,,,,",",fhir_organization,US,,
NS_bf564275-4,,,,",",fhir_organization,US,,
NS_17b7a88a-4,,,,",",fhir_organization,US,,
NS_77664e7a-2,,,,",",fhir_organization,US,,
NS_1cdc3a89-2,,,,",",fhir_organization,US,,
NS_5d298ea4-a,,,,",",fhir_organization,US,,
NS_06bce869-2,,,,",",fhir_organization,US,,
NS_1e1ace7c-b,,,,",",fhir_organization,US,,
NS_a8bf95ff-a,,,,",",fhir_organization,US,,
NS_4b385618-2,,,,",",fhir_organization,US,,
NS_f096f1f9-b,,,,",",fhir_organization,US,,
NS_dcc80b93-f,,,,",",fhir_organization,US,,
NS_0700b948-e,,,,",",fhir_organization,US,,
NS_af379c97-e,,,,",",fhir_organization,US,,
NS_bdf0cc29-a,,,,",",fhir_organization,US,,
NS_3cf6095d-5,,,,",",fhir_organization,US,,
NS_0ef4ba91-1,,,,",",fhir_organization,US,,
NS_59e54f9f-8,,,,",",fhir_organization,US,,
NS_bd5279f1-5,,,,",",fhir_organization,US,,
NS_b08047a4-a,,,,",",fhir_organization,US,,
NS_6f5e3861-7,,,,",",fhir_organization,US,,
NS_386015b0-c,,,,",",fhir_organization,US,,
NS_3cc2ea63-3,,,,",",fhir_organization,US,,
NS_0454fe91-6,,,,",",fhir_organization,US,,
NS_7af7b4be-f,,,,",",fhir_organization,US,,
NS_3e3039ea-8,,,,",",fhir_organization,US,,
NS_f3e311a6-b,,,,",",fhir_organization,US,,
NS_e5cc4171-a,,,,",",fhir_organization,US,,
NS_f93269de-c,,,,",",fhir_organization,US,,
NS_0855b473-c,,,,",",fhir_organization,US,,
NS_f650a423-7,,,,",",fhir_organization,US,,
NS_7167de6a-3,,,,",",fhir_organization,US,,
NS_c56c476f-0,,,,",",fhir_organization,US,,
NS_97631015-8,,,,",",fhir_organization,US,,
NS_895f7903-c,,,,",",fhir_organization,US,,
NS_14a3998c-4,,,,",",fhir_organization,US,,
NS_908fbef4-e,,,,",",fhir_organization,US,,
NS_4a89a10d-d,,,,",",fhir_organization,US,,
NS_9dae729e-6,,,,",",fhir_organization,US,,
NS_9d4df732-6,,,,",",fhir_organization,US,,
NS_027b75f5-6,,,,",",fhir_organization,US,,
NS_5f9325a3-9,,,,",",fhir_organization,US,,
NS_1a836b1e-8,,,,",",fhir_organization,US,,
NS_a7bf1834-9,,,,",",fhir_organization,US,,
NS_8993b74a-1,,,,",",fhir_organization,US,,
NS_56b2db0f-d,,,,",",fhir_organization,US,,
NS_2776022c-a,,,,",",fhir_organization,US,,
NS_5f9eaaae-e,,,,",",fhir_organization,US,,
NS_f60471f5-e,,,,",",fhir_organization,US,,
NS_47ca06c7-f,,,,",",fhir_organization,US,,
NS_72a7ed94-0,,,,",",fhir_organization,US,,
NS_001db03a-6,,,,",",fhir_organization,US,,
NS_79f077d6-7,,,,",",fhir_organization,US,,
NS_3bbe8151-5,,,,",",fhir_organization,US,,
NS_0a1b3be7-2,,,,",",fhir_organization,US,,
NS_3470663a-7,,,,",",fhir_organization,US,,
NS_727204db-9,,,,",",fhir_organization,US,,
NS_63210b06-5,,,,",",fhir_organization,US,,
NS_7b9dd1f4-2,,,,",",fhir_organization,US,,
NS_98b89d0b-f,,,,",",fhir_organization,US,,
NS_c30cfe4b-f,,,,",",fhir_organization,US,,
NS_343e4937-c,,,,",",fhir_organization,US,,
NS_e61b57b8-2,,,,",",fhir_organization,US,,
NS_efbb9aa4-0,,,,",",fhir_organization,US,,
NS_5721bb83-6,,,,",",fhir_organization,US,,
NS_6c7d3193-f,,,,",",fhir_organization,US,,
NS_70f34b9d-1,,,,",",fhir_organization,US,,
NS_d6ee0d6d-5,,,,",",fhir_organization,US,,
NS_116571a9-4,,,,",",fhir_organization,US,,
NS_887f8cb9-8,,,,",",fhir_organization,US,,
NS_8e8c83df-8,,,,",",fhir_organization,US,,
NS_fa6631b9-2,,,,",",fhir_organization,US,,
NS_7292847e-9,,,,",",fhir_organization,US,,
NS_b9cfbf10-b,,,,",",fhir_organization,US,,
NS_f1667e1c-a,,,,",",fhir_organization,US,,
NS_18c5ad03-f,,,,",",fhir_organization,US,,
NS_e61b98d6-f,,,,",",fhir_organization,US,,
NS_b493ac48-6,,,,",",fhir_organization,US,,
NS_caa3f41f-c,,,,",",fhir_organization,US,,
NS_9110f6b6-b,,,,",",fhir_organization,US,,
NS_c4a20271-d,,,,",",fhir_organization,US,,
NS_ec8a48b1-9,,,,",",fhir_organization,US,,
NS_15bca728-f,,,,",",fhir_organization,US,,
NS_ae0f258d-1,,,,",",fhir_organization,US,,
NS_0636357d-2,,,,",",fhir_organization,US,,
NS_f6a644dd-f,,,,",",fhir_organization,US,,
NS_443709a9-d,,,,",",fhir_organization,US,,
NS_070ce9b2-6,,,,",",fhir_organization,US,,
NS_4c2e435d-b,,,,",",fhir_organization,US,,
NS_1f7347bc-c,,,,",",fhir_organization,US,,
NS_6e5ca47d-9,,,,",",fhir_organization,US,,
NS_f66f1693-5,,,,",",fhir_organization,US,,
NS_d083204e-b,,,,",",fhir_organization,US,,
NS_e838ad01-b,,,,",",fhir_organization,US,,
NS_79a05953-b,,,,",",fhir_organization,US,,
NS_13fadf36-b,,,,",",fhir_organization,US,,
NS_ab26d34e-b,,,,",",fhir_organization,US,,
NS_fe474b2f-8,,,,",",fhir_organization,US,,
NS_73762593-4,,,,",",fhir_organization,US,,
NS_b02bd5e9-4,,,,",",fhir_organization,US,,
NS_015db669-f,,,,",",fhir_organization,US,,
NS_39a34b71-0,,,,",",fhir_organization,US,,
NS_8d808568-1,,,,",",fhir_organization,US,,
NS_ddcf62c8-d,,,,",",fhir_organization,US,,
NS_0a075da6-a,,,,",",fhir_organization,US,,
NS_99be571c-a,,,,",",fhir_organization,US,,
NS_275d3d1f-a,,,,",",fhir_organization,US,,
NS_158a47c8-1,,,,",",fhir_organization,US,,
NS_8b4277b7-1,,,,",",fhir_organization,US,,
NS_427abdfc-9,,,,",",fhir_organization,US,,
NS_309827a5-5,,,,",",fhir_organization,US,,
NS_8c8c851d-d,,,,",",fhir_organization,US,,
NS_8132d71d-5,,,,",",fhir_organization,US,,
NS_84305654-8,,,,",",fhir_organization,US,,
NS_bd7610b7-9,,,,",",fhir_organization,US,,
NS_5f3fb8df-3,,,,",",fhir_organization,US,,
NS_b4b3b28e-3,,,,",",fhir_organization,US,,
NS_c00ae127-0,,,,",",fhir_organization,US,,
NS_2cddb52a-5,,,,",",fhir_organization,US,,
NS_ee0441cb-8,,,,",",fhir_organization,US,,
NS_f442add9-e,,,,",",fhir_organization,US,,
NS_d6cbe507-1,,,,",",fhir_organization,US,,
NS_1d9edc99-5,,,,",",fhir_organization,US,,
NS_f01db1f2-0,,,,",",fhir_organization,US,,
NS_2bcc9fcd-5,,,,",",fhir_organization,US,,
NS_603739c9-1,,,,",",fhir_organization,US,,
NS_6e1538b7-d,,,,",",fhir_organization,US,,
NS_cea8b87b-3,,,,",",fhir_organization,US,,
NS_56566e47-0,,,,",",fhir_organization,US,,
NS_b5737881-a,,,,",",fhir_organization,US,,
NS_c5e45416-f,,,,",",fhir_organization,US,,
NS_891f053d-1,,,,",",fhir_organization,US,,
NS_1a405890-8,,,,",",fhir_organization,US,,
NS_e0b07835-b,,,,",",fhir_organization,US,,
NS_9daed67c-f,,,,",",fhir_organization,US,,
NS_8d8bd0b4-f,,,,",",fhir_organization,US,,
NS_3527fa8e-a,,,,",",fhir_organization,US,,
NS_a10659c9-a,,,,",",fhir_organization,US,,
NS_4f505732-5,,,,",",fhir_organization,US,,
NS_7cb4ef27-b,,,,",",fhir_organization,US,,
NS_173503e4-9,,,,",",fhir_organization,US,,
NS_f4cbd01f-4,,,,",",fhir_organization,US,,
NS_3f5094c0-1,,,,",",fhir_organization,US,,
NS_07b333c2-8,,,,",",fhir_organization,US,,
NS_800b9e16-2,,,,",",fhir_organization,US,,
NS_3c91d86a-c,,,,",",fhir_organization,US,,
NS_49f656e4-0,,,,",",fhir_organization,US,,
NS_240a68ec-0,,,,",",fhir_organization,US,,
NS_cc9da823-3,,,,",",fhir_organization,US,,
NS_577a58d5-b,,,,",",fhir_organization,US,,
NS_ffa13c5f-a,,,,",",fhir_organization,US,,
NS_d38ad4f1-2,,,,",",fhir_organization,US,,
NS_15b85147-5,,,,",",fhir_organization,US,,
NS_b7eac905-5,,,,",",fhir_organization,US,,
NS_c10bdb30-7,,,,",",fhir_organization,US,,
NS_339972ce-d,,,,",",fhir_organization,US,,
NS_66037394-f,,,,",",fhir_organization,US,,
NS_0d6dd022-d,,,,",",fhir_organization,US,,
NS_83e3c632-6,,,,",",fhir_organization,US,,
NS_a4dd0562-f,,,,",",fhir_organization,US,,
NS_b6cb9151-5,,,,",",fhir_organization,US,,
NS_a94d38ba-0,,,,",",fhir_organization,US,,
NS_147c54ca-9,,,,",",fhir_organization,US,,
NS_ebaa9ed4-7,,,,",",fhir_organization,US,,
NS_a7adf86b-4,,,,",",fhir_organization,US,,
NS_73e13274-b,,,,",",fhir_organization,US,,
NS_c2417db2-c,,,,",",fhir_organization,US,,
NS_7a9ec184-a,,,,",",fhir_organization,US,,
NS_ef9c8ae8-a,,,,",",fhir_organization,US,,
NS_c0fbe373-5,,,,",",fhir_organization,US,,
NS_55dcea0f-c,,,,",",fhir_organization,US,,
NS_f12f83f6-a,,,,",",fhir_organization,US,,
NS_e916aa6e-9,,,,",",fhir_organization,US,,
NS_9cded174-2,,,,",",fhir_organization,US,,
NS_7c48c497-a,,,,",",fhir_organization,US,,
NS_b55984c8-6,,,,",",fhir_organization,US,,
NS_b1616d26-3,,,,",",fhir_organization,US,,
NS_f0670990-7,,,,",",fhir_organization,US,,
NS_18b54e25-8,,,,",",fhir_organization,US,,
NS_4a0d470e-7,,,,",",fhir_organization,US,,
NS_45fab4ab-2,,,,",",fhir_organization,US,,
NS_8a240964-8,,,,",",fhir_organization,US,,
NS_d84c157a-2,,,,",",fhir_organization,US,,
NS_f4181571-7,,,,",",fhir_organization,US,,
NS_c450867f-8,,,,",",fhir_organization,US,,
NS_94523e63-6,,,,",",fhir_organization,US,,
NS_ab9a06c6-3,,,,",",fhir_organization,US,,
NS_f4d25114-e,,,,",",fhir_organization,US,,
NS_7c204fc2-1,,,,",",fhir_organization,US,,
NS_5db1348b-9,,,,",",fhir_organization,US,,
NS_4a4b8dad-d,,,,",",fhir_organization,US,,
NS_7641eae8-1,,,,",",fhir_organization,US,,
NS_31046e4b-9,,,,",",fhir_organization,US,,
NS_d155efc7-3,,,,",",fhir_organization,US,,
NS_a8a5f44a-c,,,,",",fhir_organization,US,,
NS_5bb964ab-9,,,,",",fhir_organization,US,,
NS_f0ddf313-a,,,,",",fhir_organization,US,,
NS_617ee451-f,,,,",",fhir_organization,US,,
NS_b0795a5a-e,,,,",",fhir_organization,US,,
NS_787c4104-f,,,,",",fhir_organization,US,,
NS_f3d8c97c-c,,,,",",fhir_organization,US,,
NS_e10dbd32-1,,,,",",fhir_organization,US,,
NS_8d09a586-f,,,,",",fhir_organization,US,,
NS_d3c791da-0,,,,",",fhir_organization,US,,
NS_567f2ca9-a,,,,",",fhir_organization,US,,
NS_0803e6e3-f,,,,",",fhir_organization,US,,
NS_176ff582-8,,,,",",fhir_organization,US,,
NS_9847134b-4,,,,",",fhir_organization,US,,
NS_831d49ce-4,,,,",",fhir_organization,US,,
NS_f1bea93a-e,,,,",",fhir_organization,US,,
NS_a59b3f37-e,,,,",",fhir_organization,US,,
NS_0a1a86bf-6,,,,",",fhir_organization,US,,
NS_1cf6be9a-7,,,,",",fhir_organization,US,,
NS_63999309-0,,,,",",fhir_organization,US,,
NS_d9c65599-8,,,,",",fhir_organization,US,,
NS_da542a91-f,,,,",",fhir_organization,US,,
NS_272908fd-f,,,,",",fhir_organization,US,,
NS_6e753ccd-7,,,,",",fhir_organization,US,,
NS_f7c39fbc-8,,,,",",fhir_organization,US,,
NS_db97cc8c-2,,,,",",fhir_organization,US,,
NS_caeb5933-b,,,,",",fhir_organization,US,,
NS_9c7b4cb6-d,,,,",",fhir_organization,US,,
NS_818fe600-0,,,,",",fhir_organization,US,,
NS_901fe224-c,,,,",",fhir_organization,US,,
NS_c5ab59a9-3,,,,",",fhir_organization,US,,
NS_6c15d42d-4,,,,",",fhir_organization,US,,
NS_6b660116-d,,,,",",fhir_organization,US,,
NS_e49d9c5f-3,,,,",",fhir_organization,US,,
NS_c5c92d28-f,,,,",",fhir_organization,US,,
NS_ec7a27f7-6,,,,",",fhir_organization,US,,
NS_478a6f14-5,,,,",",fhir_organization,US,,
NS_7b20b227-d,,,,",",fhir_organization,US,,
NS_9ef1f29d-4,,,,",",fhir_organization,US,,
NS_07898f81-6,,,,",",fhir_organization,US,,
NS_6a4f02f1-b,,,,",",fhir_organization,US,,
NS_c390a230-6,,,,",",fhir_organization,US,,
NS_b9928463-7,,,,",",fhir_organization,US,,
NS_e003ccbd-6,,,,",",fhir_organization,US,,
NS_be0744c7-d,,,,",",fhir_organization,US,,
NS_25685d72-d,,,,",",fhir_organization,US,,
NS_d55c6c2b-f,,,,",",fhir_organization,US,,
NS_e83d0099-3,,,,",",fhir_organization,US,,
NS_a30ea6ff-4,,,,",",fhir_organization,US,,
NS_ebfeca4d-7,,,,",",fhir_organization,US,,
NS_e6bfa212-6,,,,",",fhir_organization,US,,
NS_08694230-3,,,,",",fhir_organization,US,,
NS_5788b7ba-3,,,,",",fhir_organization,US,,
NS_bda9aa79-1,,,,",",fhir_organization,US,,
NS_be6a47b1-a,,,,",",fhir_organization,US,,
NS_bc83892b-7,,,,",",fhir_organization,US,,
NS_b46f356d-0,,,,",",fhir_organization,US,,
NS_88aaa84c-1,,,,",",fhir_organization,US,,
NS_22c74622-d,,,,",",fhir_organization,US,,
NS_1411eb17-c,,,,",",fhir_organization,US,,
NS_00a8131a-6,,,,",",fhir_organization,US,,
NS_7dd94f10-3,,,,",",fhir_organization,US,,
NS_01c7e591-2,,,,",",fhir_organization,US,,
NS_50c1159a-a,,,,",",fhir_organization,US,,
NS_77dcd5ce-f,,,,",",fhir_organization,US,,
NS_fa73beaa-d,,,,",",fhir_organization,US,,
NS_ea5de014-e,,,,",",fhir_organization,US,,
NS_1d618267-9,,,,",",fhir_organization,US,,
NS_2052f008-4,,,,",",fhir_organization,US,,
NS_4d52d67b-0,,,,",",fhir_organization,US,,
NS_8da279e6-9,,,,",",fhir_organization,US,,
NS_519be0b4-b,,,,",",fhir_organization,US,,
NS_533e787a-6,,,,",",fhir_organization,US,,
NS_de88b5a6-b,,,,",",fhir_organization,US,,
NS_590d7f92-3,,,,",",fhir_organization,US,,
NS_d1244f58-4,,,,",",fhir_organization,US,,
NS_353e1332-e,,,,",",fhir_organization,US,,
NS_f68a9b8e-4,,,,",",fhir_organization,US,,
NS_32306a75-1,,,,",",fhir_organization,US,,
NS_9c992313-8,,,,",",fhir_organization,US,,
NS_924e48a0-3,,,,",",fhir_organization,US,,
NS_5fe66b33-d,,,,",",fhir_organization,US,,
NS_20cc960a-a,,,,",",fhir_organization,US,,
NS_db04f3e6-e,,,,",",fhir_organization,US,,
NS_923a3a02-e,,,,",",fhir_organization,US,,
NS_d74a1b84-d,,,,",",fhir_organization,US,,
NS_9d3fc8eb-e,,,,",",fhir_organization,US,,
NS_6dbc2b14-d,,,,",",fhir_organization,US,,
NS_d4945635-3,,,,",",fhir_organization,US,,
NS_b3f50fab-0,,,,",",fhir_organization,US,,
NS_3b043801-9,,,,",",fhir_organization,US,,
NS_300d6635-e,,,,",",fhir_organization,US,,
NS_1a46c3f6-a,,,,",",fhir_organization,US,,
NS_1075ca46-0,,,,",",fhir_organization,US,,
NS_458f3b44-5,,,,",",fhir_organization,US,,
NS_07977670-5,,,,",",fhir_organization,US,,
NS_b53205b1-5,,,,",",fhir_organization,US,,
NS_0e2c74a7-4,,,,",",fhir_organization,US,,
NS_2fa39ded-8,,,,",",fhir_organization,US,,
NS_4f85a97d-c,,,,",",fhir_organization,US,,
NS_50aeed29-f,,,,",",fhir_organization,US,,
NS_c8400431-a,,,,",",fhir_organization,US,,
NS_816d9d74-d,,,,",",fhir_organization,US,,
NS_9f59fbf0-a,,,,",",fhir_organization,US,,
NS_18dfc79b-0,,,,",",fhir_organization,US,,
NS_55fd96d4-6,,,,",",fhir_organization,US,,
NS_83378f88-f,,,,",",fhir_organization,US,,
NS_80cfa5c8-3,,,,",",fhir_organization,US,,
NS_5d2b542f-e,,,,",",fhir_organization,US,,
NS_71b918f4-e,,,,",",fhir_organization,US,,
NS_ef804b6d-8,,,,",",fhir_organization,US,,
NS_76621040-5,,,,",",fhir_organization,US,,
NS_f5218b33-0,,,,",",fhir_organization,US,,
NS_c7633e79-2,,,,",",fhir_organization,US,,
NS_8f94f53a-6,,,,",",fhir_organization,US,,
NS_6c836dd0-5,,,,",",fhir_organization,US,,
NS_99aa9952-3,,,,",",fhir_organization,US,,
NS_da9ed483-0,,,,",",fhir_organization,US,,
NS_f9384422-3,,,,",",fhir_organization,US,,
NS_69810097-3,,,,",",fhir_organization,US,,
NS_bbcab46e-d,,,,",",fhir_organization,US,,
NS_626cabc0-c,,,,",",fhir_organization,US,,
NS_211f81c6-b,,,,",",fhir_organization,US,,
NS_67fc4873-a,,,,",",fhir_organization,US,,
NS_b8a44d91-7,,,,",",fhir_organization,US,,
NS_4169038b-7,,,,",",fhir_organization,US,,
NS_683a66be-3,,,,",",fhir_organization,US,,
NS_82f68980-1,,,,",",fhir_organization,US,,
NS_eff47568-d,,,,",",fhir_organization,US,,
NS_7f8b5dde-f,,,,",",fhir_organization,US,,
NS_de882003-3,,,,",",fhir_organization,US,,
NS_0c6711a5-9,,,,",",fhir_organization,US,,
NS_9bc89eaa-3,,,,",",fhir_organization,US,,
NS_6386187c-f,,,,",",fhir_organization,US,,
NS_11fe8ec7-5,,,,",",fhir_organization,US,,
NS_b8e53f99-4,,,,",",fhir_organization,US,,
NS_48e08f60-d,,,,",",fhir_organization,US,,
NS_f672ea9c-2,,,,",",fhir_organization,US,,
NS_3f7fa7fa-7,,,,",",fhir_organization,US,,
NS_c186ca8f-b,,,,",",fhir_organization,US,,
NS_aed4b949-6,,,,",",fhir_organization,US,,
NS_2560e3c9-b,,,,",",fhir_organization,US,,
NS_5bbea6af-f,,,,",",fhir_organization,US,,
NS_78b267f5-2,,,,",",fhir_organization,US,,
NS_055d61bc-0,,,,",",fhir_organization,US,,
NS_765b928a-5,,,,",",fhir_organization,US,,
NS_24463071-7,,,,",",fhir_organization,US,,
NS_5f149f1e-5,,,,",",fhir_organization,US,,
NS_1decb1ff-2,,,,",",fhir_organization,US,,
NS_cddbac7b-1,,,,",",fhir_organization,US,,
NS_7e67f4d7-a,,,,",",fhir_organization,US,,
NS_80275870-d,,,,",",fhir_organization,US,,
NS_d1526421-c,,,,",",fhir_organization,US,,
NS_395b543d-9,,,,",",fhir_organization,US,,
NS_8bce8718-5,,,,",",fhir_organization,US,,
NS_8b27d14c-9,,,,",",fhir_organization,US,,
NS_e20e3fcc-2,,,,",",fhir_organization,US,,
NS_d07c255e-a,,,,",",fhir_organization,US,,
NS_80ceb7a9-0,,,,",",fhir_organization,US,,
NS_e05ff419-9,,,,",",fhir_organization,US,,
NS_14959382-0,,,,",",fhir_organization,US,,
NS_a108ee88-5,,,,",",fhir_organization,US,,
NS_bdd46449-8,,,,",",fhir_organization,US,,
NS_a808bd49-e,,,,",",fhir_organization,US,,
NS_629f9402-7,,,,",",fhir_organization,US,,
NS_b1d4b9b6-6,,,,",",fhir_organization,US,,
NS_69a16bb1-2,,,,",",fhir_organization,US,,
NS_30c4be70-4,,,,",",fhir_organization,US,,
NS_df4473ee-e,,,,",",fhir_organization,US,,
NS_eed27703-5,,,,",",fhir_organization,US,,
NS_6c5f8256-5,,,,",",fhir_organization,US,,
NS_eda55b1c-5,,,,",",fhir_organization,US,,
NS_ca9c9407-8,,,,",",fhir_organization,US,,
NS_0222d614-0,,,,",",fhir_organization,US,,
NS_89978b3a-d,,,,",",fhir_organization,US,,
NS_cb5cdd25-6,,,,",",fhir_organization,US,,
NS_f3003398-0,,,,",",fhir_organization,US,,
NS_8f18aefc-6,,,,",",fhir_organization,US,,
NS_732ae8a0-f,,,,",",fhir_organization,US,,
NS_44c223a7-5,,,,",",fhir_organization,US,,
NS_6d90ed8c-9,,,,",",fhir_organization,US,,
NS_d0d47dda-9,,,,",",fhir_organization,US,,
NS_e665fa87-7,,,,",",fhir_organization,US,,
NS_23d974a2-6,,,,",",fhir_organization,US,,
NS_f2dd71d1-c,,,,",",fhir_organization,US,,
NS_9bd3a346-0,,,,",",fhir_organization,US,,
NS_9e5892d5-a,,,,",",fhir_organization,US,,
NS_ece96f49-d,,,,",",fhir_organization,US,,
NS_703b0e0f-6,,,,",",fhir_organization,US,,
NS_430c91c9-3,,,,",",fhir_organization,US,,
NS_b90f3b33-a,,,,",",fhir_organization,US,,
NS_253d597d-0,,,,",",fhir_organization,US,,
NS_0f9b547d-c,,,,",",fhir_organization,US,,
NS_ccbc2424-2,,,,",",fhir_organization,US,,
NS_c0455d6a-f,,,,",",fhir_organization,US,,
NS_a1741d8c-9,,,,",",fhir_organization,US,,
NS_da901747-5,,,,",",fhir_organization,US,,
NS_9ffd552f-3,,,,",",fhir_organization,US,,
NS_51c37327-2,,,,",",fhir_organization,US,,
NS_e78a6310-d,,,,",",fhir_organization,US,,
NS_2db0dd43-6,,,,",",fhir_organization,US,,
NS_bbfbb5ba-1,,,,",",fhir_organization,US,,
NS_c0e99799-e,,,,",",fhir_organization,US,,
NS_0fc38c1b-e,,,,",",fhir_organization,US,,
NS_dadf054b-7,,,,",",fhir_organization,US,,
NS_bca1d9f9-1,,,,",",fhir_organization,US,,
NS_7dda0f19-4,,,,",",fhir_organization,US,,
NS_28c0bf4c-9,,,,",",fhir_organization,US,,
NS_d702c389-c,,,,",",fhir_organization,US,,
NS_3916b62b-8,,,,",",fhir_organization,US,,
NS_b1c93608-e,,,,",",fhir_organization,US,,
NS_10fc57d3-4,,,,",",fhir_organization,US,,
NS_41444762-b,,,,",",fhir_organization,US,,
NS_e8f6ec4c-7,,,,",",fhir_organization,US,,
NS_a6126dbb-e,,,,",",fhir_organization,US,,
NS_f44f661a-1,,,,",",fhir_organization,US,,
NS_818bf183-2,,,,",",fhir_organization,US,,
NS_f0f6c69d-3,,,,",",fhir_organization,US,,
NS_c8ccc0f1-0,,,,",",fhir_organization,US,,
NS_c990afd9-c,,,,",",fhir_organization,US,,
NS_261882a6-f,,,,",",fhir_organization,US,,
NS_b10aa382-a,,,,",",fhir_organization,US,,
NS_a4e7f0c7-a,,,,",",fhir_organization,US,,
NS_ee17223a-f,,,,",",fhir_organization,US,,
NS_f5f2d178-0,,,,",",fhir_organization,US,,
NS_b36de9f5-0,,,,",",fhir_organization,US,,
NS_e6d9043e-6,,,,",",fhir_organization,US,,
NS_09c98c87-e,,,,",",fhir_organization,US,,
NS_6e5e685c-2,,,,",",fhir_organization,US,,
NS_835db737-5,,,,",",fhir_organization,US,,
NS_8e6bda9a-6,,,,",",fhir_organization,US,,
NS_23f514c8-c,,,,",",fhir_organization,US,,
NS_a91aacb2-7,,,,",",fhir_organization,US,,
NS_e3f4a2f0-3,,,,",",fhir_organization,US,,
NS_cdeff3db-f,,,,",",fhir_organization,US,,
NS_cdac4c49-2,,,,",",fhir_organization,US,,
NS_b0b65e44-1,,,,",",fhir_organization,US,,
NS_6443d21e-4,,,,",",fhir_organization,US,,
NS_2740defa-0,,,,",",fhir_organization,US,,
NS_2e111512-3,,,,",",fhir_organization,US,,
NS_5dbed2c0-8,,,,",",fhir_organization,US,,
NS_f654c36b-d,,,,",",fhir_organization,US,,
NS_33d91562-2,,,,",",fhir_organization,US,,
NS_39919685-9,,,,",",fhir_organization,US,,
NS_15198de6-4,,,,",",fhir_organization,US,,
NS_fb6ec811-2,,,,",",fhir_organization,US,,
NS_b15e3e53-b,,,,",",fhir_organization,US,,
NS_0d3490f3-0,,,,",",fhir_organization,US,,
NS_6f6f5b37-5,,,,",",fhir_organization,US,,
NS_9e8c62d4-2,,,,",",fhir_organization,US,,
NS_7090c2c7-e,,,,",",fhir_organization,US,,
NS_42056c06-f,,,,",",fhir_organization,US,,
NS_ee7c839a-3,,,,",",fhir_organization,US,,
NS_a5a9ee51-3,,,,",",fhir_organization,US,,
NS_bc11aa7d-b,,,,",",fhir_organization,US,,
NS_398a8d90-9,,,,",",fhir_organization,US,,
NS_9320d5f5-9,,,,",",fhir_organization,US,,
NS_9dff533a-8,,,,",",fhir_organization,US,,
NS_c6b7de91-e,,,,",",fhir_organization,US,,
NS_14d92eca-9,,,,",",fhir_organization,US,,
NS_38946539-8,,,,",",fhir_organization,US,,
NS_c34fea20-3,,,,",",fhir_organization,US,,
NS_d7d7d300-a,,,,",",fhir_organization,US,,
NS_6b436897-3,,,,",",fhir_organization,US,,
NS_baf2dec6-3,,,,",",fhir_organization,US,,
NS_1d935ab5-b,,,,",",fhir_organization,US,,
NS_7327969b-d,,,,",",fhir_organization,US,,
NS_0192e6e0-0,,,,",",fhir_organization,US,,
NS_9cfc4a90-2,,,,",",fhir_organization,US,,
NS_c3f4b975-6,,,,",",fhir_organization,US,,
NS_87b5541d-7,,,,",",fhir_organization,US,,
NS_15012d64-0,,,,",",fhir_organization,US,,
NS_4ade7195-3,,,,",",fhir_organization,US,,
NS_7c29ea5c-a,,,,",",fhir_organization,US,,
NS_952f04f2-9,,,,",",fhir_organization,US,,
NS_0496bebf-3,,,,",",fhir_organization,US,,
NS_00c9c3ba-8,,,,",",fhir_organization,US,,
NS_6e3f6eb8-4,,,,",",fhir_organization,US,,
NS_739bb45b-2,,,,",",fhir_organization,US,,
NS_6db4c20c-3,,,,",",fhir_organization,US,,
NS_4e53fe3d-3,,,,",",fhir_organization,US,,
NS_98a8a4a2-0,,,,",",fhir_organization,US,,
NS_115c7437-3,,,,",",fhir_organization,US,,
NS_0d5cb25c-8,,,,",",fhir_organization,US,,
NS_6ae5b8f5-e,,,,",",fhir_organization,US,,
NS_5bcbc823-4,,,,",",fhir_organization,US,,
NS_4f9241e7-a,,,,",",fhir_organization,US,,
NS_5f463a6e-c,,,,",",fhir_organization,US,,
NS_325ca05b-e,,,,",",fhir_organization,US,,
NS_82cd0a80-a,,,,",",fhir_organization,US,,
NS_028045ef-3,,,,",",fhir_organization,US,,
NS_7fa17fa8-d,,,,",",fhir_organization,US,,
NS_f040f961-b,,,,",",fhir_organization,US,,
NS_96ce925f-3,,,,",",fhir_organization,US,,
NS_ea7599ed-c,,,,",",fhir_organization,US,,
NS_ac30db3e-b,,,,",",fhir_organization,US,,
NS_751c2e52-2,,,,",",fhir_organization,US,,
NS_647d860b-1,,,,",",fhir_organization,US,,
NS_d418857a-5,,,,",",fhir_organization,US,,
NS_498e8a3c-b,,,,",",fhir_organization,US,,
NS_f3842664-b,,,,",",fhir_organization,US,,
NS_a242597d-0,,,,",",fhir_organization,US,,
NS_f610e083-3,,,,",",fhir_organization,US,,
NS_a9a86fe4-6,,,,",",fhir_organization,US,,
NS_91a127cd-8,,,,",",fhir_organization,US,,
NS_1cd01df8-7,,,,",",fhir_organization,US,,
NS_63c7a439-7,,,,",",fhir_organization,US,,
NS_3296175f-6,,,,",",fhir_organization,US,,
NS_46c421ff-f,,,,",",fhir_organization,US,,
NS_884f4f77-c,,,,",",fhir_organization,US,,
NS_e1592d7f-b,,,,",",fhir_organization,US,,
NS_00322d94-b,,,,",",fhir_organization,US,,
NS_99a67c28-8,,,,",",fhir_organization,US,,
NS_ecd3c912-f,,,,",",fhir_organization,US,,
NS_ffa20523-f,,,,",",fhir_organization,US,,
NS_892f102d-f,,,,",",fhir_organization,US,,
NS_d6994759-0,,,,",",fhir_organization,US,,
NS_b7f93b26-5,,,,",",fhir_organization,US,,
NS_f874da37-b,,,,",",fhir_organization,US,,
NS_c65c3389-9,,,,",",fhir_organization,US,,
NS_d9bef267-7,,,,",",fhir_organization,US,,
NS_e7fd1fd2-6,,,,",",fhir_organization,US,,
NS_708b83cb-b,,,,",",fhir_organization,US,,
NS_ed20c108-7,,,,",",fhir_organization,US,,
NS_6e63e462-9,,,,",",fhir_organization,US,,
NS_503a9726-f,,,,",",fhir_organization,US,,
NS_ccb007ce-e,,,,",",fhir_organization,US,,
NS_c0617693-3,,,,",",fhir_organization,US,,
NS_d45463c9-b,,,,",",fhir_organization,US,,
NS_d35b9f88-1,,,,",",fhir_organization,US,,
NS_805031bb-f,,,,",",fhir_organization,US,,
NS_a1b39470-8,,,,",",fhir_organization,US,,
NS_2a4939c7-2,,,,",",fhir_organization,US,,
NS_983a5b32-4,,,,",",fhir_organization,US,,
NS_7428cbd2-3,,,,",",fhir_organization,US,,
NS_12e29b43-a,,,,",",fhir_organization,US,,
NS_1b3e6a4d-e,,,,",",fhir_organization,US,,
NS_263d226e-f,,,,",",fhir_organization,US,,
NS_8bf2d02d-e,,,,",",fhir_organization,US,,
NS_0db550a1-1,,,,",",fhir_organization,US,,
NS_cce79844-4,,,,",",fhir_organization,US,,
NS_dfa9db8b-7,,,,",",fhir_organization,US,,
NS_c82c95e8-d,,,,",",fhir_organization,US,,
NS_eac9f4eb-f,,,,",",fhir_organization,US,,
NS_deb58e14-1,,,,",",fhir_organization,US,,
NS_fbc46800-8,,,,",",fhir_organization,US,,
NS_63e8587e-1,,,,",",fhir_organization,US,,
NS_b194e41a-f,,,,",",fhir_organization,US,,
NS_791e658e-3,,,,",",fhir_organization,US,,
NS_00a1d9f7-9,,,,",",fhir_organization,US,,
NS_f37dcff5-3,,,,",",fhir_organization,US,,
NS_85f93b17-5,,,,",",fhir_organization,US,,
NS_937b8057-4,,,,",",fhir_organization,US,,
NS_4be56122-2,,,,",",fhir_organization,US,,
NS_5ae59c81-3,,,,",",fhir_organization,US,,
NS_ff9793e8-e,,,,",",fhir_organization,US,,
NS_24f878ea-c,,,,",",fhir_organization,US,,
NS_2f339ac5-f,,,,",",fhir_organization,US,,
NS_b5a77916-6,,,,",",fhir_organization,US,,
NS_981e050c-d,,,,",",fhir_organization,US,,
NS_73ed8546-2,,,,",",fhir_organization,US,,
NS_0b0aa8a5-b,,,,",",fhir_organization,US,,
NS_b02b1bb3-3,,,,",",fhir_organization,US,,
NS_ba1fe97a-7,,,,",",fhir_organization,US,,
NS_6e89c7f1-f,,,,",",fhir_organization,US,,
NS_cb4c3184-2,,,,",",fhir_organization,US,,
NS_4e5f0fdd-2,,,,",",fhir_organization,US,,
NS_b2dc3d28-9,,,,",",fhir_organization,US,,
NS_ecd30bcc-7,,,,",",fhir_organization,US,,
NS_73d5604e-0,,,,",",fhir_organization,US,,
NS_4a030588-1,,,,",",fhir_organization,US,,
NS_4a83763c-a,,,,",",fhir_organization,US,,
NS_0542ce8d-1,,,,",",fhir_organization,US,,
NS_5a35224e-1,,,,",",fhir_organization,US,,
NS_e0f853b7-8,,,,",",fhir_organization,US,,
NS_325ffeca-e,,,,",",fhir_organization,US,,
NS_69789fb7-1,,,,",",fhir_organization,US,,
NS_70073a1c-8,,,,",",fhir_organization,US,,
NS_5404b162-a,,,,",",fhir_organization,US,,
NS_e49383f9-0,,,,",",fhir_organization,US,,
NS_48c20fe1-c,,,,",",fhir_organization,US,,
NS_590a0103-a,,,,",",fhir_organization,US,,
NS_232ecc6e-e,,,,",",fhir_organization,US,,
NS_875ba21a-7,,,,",",fhir_organization,US,,
NS_64466fcf-6,,,,",",fhir_organization,US,,
NS_6933aa24-4,,,,",",fhir_organization,US,,
NS_142e72f9-7,,,,",",fhir_organization,US,,
NS_4d4e80b9-8,,,,",",fhir_organization,US,,
NS_a8a16e8e-7,,,,",",fhir_organization,US,,
NS_670f1e43-7,,,,",",fhir_organization,US,,
NS_24c7fe6a-8,,,,",",fhir_organization,US,,
NS_d9525175-2,,,,",",fhir_organization,US,,
NS_bed7be7f-4,,,,",",fhir_organization,US,,
NS_1d398cad-9,,,,",",fhir_organization,US,,
NS_62b5b5e1-a,,,,",",fhir_organization,US,,
NS_b18249b6-f,,,,",",fhir_organization,US,,
NS_3d0c5cff-6,,,,",",fhir_organization,US,,
NS_6aeda883-0,,,,",",fhir_organization,US,,
NS_8b418766-b,,,,",",fhir_organization,US,,
NS_9dbb3c76-7,,,,",",fhir_organization,US,,
NS_1f5bdf40-4,,,,",",fhir_organization,US,,
NS_d0da864c-9,,,,",",fhir_organization,US,,
NS_0922050c-7,,,,",",fhir_organization,US,,
NS_1a20d03f-5,,,,",",fhir_organization,US,,
NS_a4feaef9-8,,,,",",fhir_organization,US,,
NS_be98f045-9,,,,",",fhir_organization,US,,
NS_eb83f086-0,,,,",",fhir_organization,US,,
NS_2645564e-8,,,,",",fhir_organization,US,,
NS_062e24b2-b,,,,",",fhir_organization,US,,
NS_f4ea029e-f,,,,",",fhir_organization,US,,
NS_6526d0d8-e,,,,",",fhir_organization,US,,
NS_a54516a6-6,,,,",",fhir_organization,US,,
NS_f0868928-1,,,,",",fhir_organization,US,,
NS_22fd76f9-0,,,,",",fhir_organization,US,,
NS_df9bde08-8,,,,",",fhir_organization,US,,
NS_cb235cc5-b,,,,",",fhir_organization,US,,
NS_18095904-7,,,,",",fhir_organization,US,,
NS_f5ce8263-5,,,,",",fhir_organization,US,,
NS_c9bc366a-9,,,,",",fhir_organization,US,,
NS_a137fc45-3,,,,",",fhir_organization,US,,
NS_4a3e7e9d-5,,,,",",fhir_organization,US,,
NS_fe6fe702-e,,,,",",fhir_organization,US,,
NS_217be7ac-d,,,,",",fhir_organization,US,,
NS_50981a35-5,,,,",",fhir_organization,US,,
NS_1e8316cf-4,,,,",",fhir_organization,US,,
NS_118a2189-7,,,,",",fhir_organization,US,,
NS_c1b03b9b-e,,,,",",fhir_organization,US,,
NS_c1f9568c-0,,,,",",fhir_organization,US,,
NS_ae8fcc87-6,,,,",",fhir_organization,US,,
NS_88ac4303-0,,,,",",fhir_organization,US,,
NS_c8dbe1dc-a,,,,",",fhir_organization,US,,
NS_f20ccd69-5,,,,",",fhir_organization,US,,
NS_65a7b28a-3,,,,",",fhir_organization,US,,
NS_22bf77d3-7,,,,",",fhir_organization,US,,
NS_c9e60cbc-1,,,,",",fhir_organization,US,,
NS_90151fde-8,,,,",",fhir_organization,US,,
NS_78c55a63-0,,,,",",fhir_organization,US,,
NS_525270c5-0,,,,",",fhir_organization,US,,
NS_b5ed5a96-9,,,,",",fhir_organization,US,,
NS_a69d5e5f-a,,,,",",fhir_organization,US,,
NS_a330580b-0,,,,",",fhir_organization,US,,
NS_3b84cebd-e,,,,",",fhir_organization,US,,
NS_ef5b387d-6,,,,",",fhir_organization,US,,
NS_2fe488ee-e,,,,",",fhir_organization,US,,
NS_542a2b0d-0,,,,",",fhir_organization,US,,
NS_1665a81a-7,,,,",",fhir_organization,US,,
NS_ea6b26fa-3,,,,",",fhir_organization,US,,
NS_9adf4656-3,,,,",",fhir_organization,US,,
NS_df798bf3-0,,,,",",fhir_organization,US,,
NS_e022afac-4,,,,",",fhir_organization,US,,
NS_14a825a3-a,,,,",",fhir_organization,US,,
NS_e3627b66-b,,,,",",fhir_organization,US,,
NS_a658e2ed-9,,,,",",fhir_organization,US,,
NS_918200be-5,,,,",",fhir_organization,US,,
NS_e225a2ca-1,,,,",",fhir_organization,US,,
NS_6382d928-a,,,,",",fhir_organization,US,,
NS_a5def04c-7,,,,",",fhir_organization,US,,
NS_19657186-f,,,,",",fhir_organization,US,,
NS_a7b61791-d,,,,",",fhir_organization,US,,
NS_e0f96364-c,,,,",",fhir_organization,US,,
NS_1c529f33-8,,,,",",fhir_organization,US,,
NS_34a58c15-2,,,,",",fhir_organization,US,,
NS_db3b315f-0,,,,",",fhir_organization,US,,
NS_d595705b-f,,,,",",fhir_organization,US,,
NS_bbf880f9-d,,,,",",fhir_organization,US,,
NS_fabbd438-1,,,,",",fhir_organization,US,,
NS_b99ddac3-f,,,,",",fhir_organization,US,,
NS_c148b3fc-a,,,,",",fhir_organization,US,,
NS_1763c3c8-6,,,,",",fhir_organization,US,,
NS_1b921746-2,,,,",",fhir_organization,US,,
NS_19f7bd1f-8,,,,",",fhir_organization,US,,
NS_a5c3018b-7,,,,",",fhir_organization,US,,
NS_5424f905-2,,,,",",fhir_organization,US,,
NS_1c409488-6,,,,",",fhir_organization,US,,
NS_ec76dff8-b,,,,",",fhir_organization,US,,
NS_d8e8af1a-2,,,,",",fhir_organization,US,,
NS_45891822-d,,,,",",fhir_organization,US,,
NS_bdd7ed54-a,,,,",",fhir_organization,US,,
NS_fd483472-b,,,,",",fhir_organization,US,,
NS_b8b77d1c-a,,,,",",fhir_organization,US,,
NS_2b1ac06f-f,,,,",",fhir_organization,US,,
NS_97076bdb-f,,,,",",fhir_organization,US,,
NS_bc21eb4c-d,,,,",",fhir_organization,US,,
NS_013eadb7-7,,,,",",fhir_organization,US,,
NS_87a2f94a-7,,,,",",fhir_organization,US,,
NS_6d6459b7-b,,,,",",fhir_organization,US,,
NS_2d0de25c-d,,,,",",fhir_organization,US,,
NS_6d94a4a6-e,,,,",",fhir_organization,US,,
NS_beffbd0b-f,,,,",",fhir_organization,US,,
NS_7f3e08ab-f,,,,",",fhir_organization,US,,
NS_0e34a307-5,,,,",",fhir_organization,US,,
NS_06beec2a-0,,,,",",fhir_organization,US,,
NS_1af17922-f,,,,",",fhir_organization,US,,
NS_9dacd95c-b,,,,",",fhir_organization,US,,
NS_57a6c55a-8,,,,",",fhir_organization,US,,
NS_ac089d1c-7,,,,",",fhir_organization,US,,
NS_7e20389c-a,,,,",",fhir_organization,US,,
NS_7b4256b4-e,,,,",",fhir_organization,US,,
NS_11de9c22-5,,,,",",fhir_organization,US,,
NS_28bb9f7c-1,,,,",",fhir_organization,US,,
NS_2662087f-b,,,,",",fhir_organization,US,,
NS_e96bcb3f-8,,,,",",fhir_organization,US,,
NS_ba15e60b-c,,,,",",fhir_organization,US,,
NS_d8d210de-a,,,,",",fhir_organization,US,,
NS_c14f3962-f,,,,",",fhir_organization,US,,
NS_7b555ec3-6,,,,",",fhir_organization,US,,
NS_2729fb19-5,,,,",",fhir_organization,US,,
NS_56038351-1,,,,",",fhir_organization,US,,
NS_4954c935-2,,,,",",fhir_organization,US,,
NS_8d44d49c-a,,,,",",fhir_organization,US,,
NS_0f30667e-e,,,,",",fhir_organization,US,,
NS_e13c80ab-0,,,,",",fhir_organization,US,,
NS_c6330da1-7,,,,",",fhir_organization,US,,
NS_67ce7720-d,,,,",",fhir_organization,US,,
NS_a2daced2-d,,,,",",fhir_organization,US,,
NS_c338f09e-8,,,,",",fhir_organization,US,,
NS_f506b92c-f,,,,",",fhir_organization,US,,
NS_35400206-0,,,,",",fhir_organization,US,,
NS_62f03e01-4,,,,",",fhir_organization,US,,
NS_91163722-d,,,,",",fhir_organization,US,,
NS_2d4650a3-6,,,,",",fhir_organization,US,,
NS_58b4000f-f,,,,",",fhir_organization,US,,
NS_d5266ad5-5,,,,",",fhir_organization,US,,
NS_ca8ca53f-e,,,,",",fhir_organization,US,,
NS_a8e53af1-2,,,,",",fhir_organization,US,,
NS_d35a47fe-a,,,,",",fhir_organization,US,,
NS_e56e58bf-8,,,,",",fhir_organization,US,,
NS_6268900d-2,,,,",",fhir_organization,US,,
NS_c6fe709f-4,,,,",",fhir_organization,US,,
NS_bdfabfd8-5,,,,",",fhir_organization,US,,
NS_dec7148f-6,,,,",",fhir_organization,US,,
NS_49dd1d63-1,,,,",",fhir_organization,US,,
NS_e85cfc07-3,,,,",",fhir_organization,US,,
NS_3289dd19-3,,,,",",fhir_organization,US,,
NS_1267a0fa-4,,,,",",fhir_organization,US,,
NS_0312455b-2,,,,",",fhir_organization,US,,
NS_80dc8828-7,,,,",",fhir_organization,US,,
NS_1d40ea47-8,,,,",",fhir_organization,US,,
NS_0ae8cfa5-c,,,,",",fhir_organization,US,,
NS_d2ba7bd4-6,,,,",",fhir_organization,US,,
NS_7675fbf9-d,,,,",",fhir_organization,US,,
NS_e00be982-9,,,,",",fhir_organization,US,,
NS_99815ffc-7,,,,",",fhir_organization,US,,
NS_4d5ab2f6-7,,,,",",fhir_organization,US,,
NS_fdab7c73-f,,,,",",fhir_organization,US,,
NS_da22dafc-0,,,,",",fhir_organization,US,,
NS_c1f13375-7,,,,",",fhir_organization,US,,
NS_bdf9650a-c,,,,",",fhir_organization,US,,
NS_f9e82168-6,,,,",",fhir_organization,US,,
NS_0f208741-f,,,,",",fhir_organization,US,,
NS_c206e018-9,,,,",",fhir_organization,US,,
NS_b5037a8e-8,,,,",",fhir_organization,US,,
NS_7c5f8f8d-e,,,,",",fhir_organization,US,,
NS_ce4de618-a,,,,",",fhir_organization,US,,
NS_a8c3f737-e,,,,",",fhir_organization,US,,
NS_a9833cc4-b,,,,",",fhir_organization,US,,
NS_8a1221bb-3,,,,",",fhir_organization,US,,
NS_36a53b1b-7,,,,",",fhir_organization,US,,
NS_53ede5cb-b,,,,",",fhir_organization,US,,
NS_299aebcd-8,,,,",",fhir_organization,US,,
NS_d723e161-c,,,,",",fhir_organization,US,,
NS_482371ca-1,,,,",",fhir_organization,US,,
NS_8f8293a0-7,,,,",",fhir_organization,US,,
NS_e307f9f7-5,,,,",",fhir_organization,US,,
NS_10dc437e-1,,,,",",fhir_organization,US,,
NS_dda4a92e-b,,,,",",fhir_organization,US,,
NS_b5350e97-b,,,,",",fhir_organization,US,,
NS_86199da8-a,,,,",",fhir_organization,US,,
NS_7b2682d6-6,,,,",",fhir_organization,US,,
NS_0a4d20ea-e,,,,",",fhir_organization,US,,
NS_166551e4-1,,,,",",fhir_organization,US,,
NS_c7a0a4d7-a,,,,",",fhir_organization,US,,
NS_36001648-2,,,,",",fhir_organization,US,,
NS_b0628a23-c,,,,",",fhir_organization,US,,
NS_e5c5ab9e-0,,,,",",fhir_organization,US,,
NS_47e74aa5-b,,,,",",fhir_organization,US,,
NS_3e531827-4,,,,",",fhir_organization,US,,
NS_45e8ed84-c,,,,",",fhir_organization,US,,
NS_28efb89c-6,,,,",",fhir_organization,US,,
NS_6d81a933-0,,,,",",fhir_organization,US,,
NS_56716172-a,,,,",",fhir_organization,US,,
NS_2c20ed6a-a,,,,",",fhir_organization,US,,
NS_1cc45ec4-c,,,,",",fhir_organization,US,,
NS_440eaa8a-4,,,,",",fhir_organization,US,,
NS_fc68c4a9-0,,,,",",fhir_organization,US,,
NS_6697361f-2,,,,",",fhir_organization,US,,
NS_9376da9f-1,,,,",",fhir_organization,US,,
NS_d2c22cf7-9,,,,",",fhir_organization,US,,
NS_26fdd691-d,,,,",",fhir_organization,US,,
NS_d75f380e-4,,,,",",fhir_organization,US,,
NS_361658fd-1,,,,",",fhir_organization,US,,
NS_10b1d134-6,,,,",",fhir_organization,US,,
NS_3cc4e7b3-f,,,,",",fhir_organization,US,,
NS_e3db0e2e-d,,,,",",fhir_organization,US,,
NS_585fbb41-b,,,,",",fhir_organization,US,,
NS_edb22520-c,,,,",",fhir_organization,US,,
NS_b2d0be1f-e,,,,",",fhir_organization,US,,
NS_03950469-c,,,,",",fhir_organization,US,,
NS_490c2a5e-5,,,,",",fhir_organization,US,,
NS_89316005-a,,,,",",fhir_organization,US,,
NS_3d13f6ea-1,,,,",",fhir_organization,US,,
NS_d44b41e9-2,,,,",",fhir_organization,US,,
NS_ea35a600-f,,,,",",fhir_organization,US,,
NS_5b4570d9-4,,,,",",fhir_organization,US,,
NS_06e1c64d-0,,,,",",fhir_organization,US,,
NS_66cc7a92-8,,,,",",fhir_organization,US,,
NS_eaea4cc1-7,,,,",",fhir_organization,US,,
NS_7394a2c9-b,,,,",",fhir_organization,US,,
NS_67b0727b-c,,,,",",fhir_organization,US,,
NS_0afd3a41-6,,,,",",fhir_organization,US,,
NS_e64e5b48-b,,,,",",fhir_organization,US,,
NS_7ea7de05-5,,,,",",fhir_organization,US,,
NS_b418f3e4-4,,,,",",fhir_organization,US,,
NS_82e802b1-5,,,,",",fhir_organization,US,,
NS_4b7594bb-8,,,,",",fhir_organization,US,,
NS_c8584e2a-9,,,,",",fhir_organization,US,,
NS_7ac78cb0-9,,,,",",fhir_organization,US,,
NS_faeeb821-f,,,,",",fhir_organization,US,,
NS_dbc1d247-2,,,,",",fhir_organization,US,,
NS_4cd45e22-d,,,,",",fhir_organization,US,,
NS_e1f8aade-6,,,,",",fhir_organization,US,,
NS_fa640a7b-c,,,,",",fhir_organization,US,,
NS_d37b615c-b,,,,",",fhir_organization,US,,
NS_2590e044-5,,,,",",fhir_organization,US,,
NS_77f41be4-7,,,,",",fhir_organization,US,,
NS_968c14ef-5,,,,",",fhir_organization,US,,
NS_990c166f-d,,,,",",fhir_organization,US,,
NS_a7d6bb25-4,,,,",",fhir_organization,US,,
NS_54385545-2,,,,",",fhir_organization,US,,
NS_67a1c95f-d,,,,",",fhir_organization,US,,
NS_8c31d42e-0,,,,",",fhir_organization,US,,
NS_01a28e1f-9,,,,",",fhir_organization,US,,
NS_b21276b8-2,,,,",",fhir_organization,US,,
NS_ba61dcfa-5,,,,",",fhir_organization,US,,
NS_0f9474d7-e,,,,",",fhir_organization,US,,
NS_6eb68e91-3,,,,",",fhir_organization,US,,
NS_ce99e6cc-b,,,,",",fhir_organization,US,,
NS_26b49e7b-d,,,,",",fhir_organization,US,,
NS_83ce952f-4,,,,",",fhir_organization,US,,
NS_e22930b9-d,,,,",",fhir_organization,US,,
NS_0f71ab8b-2,,,,",",fhir_organization,US,,
NS_f27148bf-a,,,,",",fhir_organization,US,,
NS_21a9d633-8,,,,",",fhir_organization,US,,
NS_1ae22806-9,,,,",",fhir_organization,US,,
NS_3bee828b-1,,,,",",fhir_organization,US,,
NS_f1340965-b,,,,",",fhir_organization,US,,
NS_cd558a6c-7,,,,",",fhir_organization,US,,
NS_1c38e7d4-a,,,,",",fhir_organization,US,,
NS_c6202c10-f,,,,",",fhir_organization,US,,
NS_1d925761-c,,,,",",fhir_organization,US,,
NS_d35c4403-7,,,,",",fhir_organization,US,,
NS_02062c2c-5,,,,",",fhir_organization,US,,
NS_963a7045-7,,,,",",fhir_organization,US,,
NS_08c372ab-a,,,,",",fhir_organization,US,,
NS_c6057f05-a,,,,",",fhir_organization,US,,
NS_9930c428-3,,,,",",fhir_organization,US,,
NS_2f127738-1,,,,",",fhir_organization,US,,
NS_6d68ac1a-a,,,,",",fhir_organization,US,,
NS_6258290a-7,,,,",",fhir_organization,US,,
NS_8868bf20-5,,,,",",fhir_organization,US,,
NS_665b81f3-6,,,,",",fhir_organization,US,,
NS_eec72fc0-9,,,,",",fhir_organization,US,,
NS_817bb0ed-b,,,,",",fhir_organization,US,,
NS_0975a6e7-4,,,,",",fhir_organization,US,,
NS_9cdaf4a8-4,,,,",",fhir_organization,US,,
NS_7df2eafa-c,,,,",",fhir_organization,US,,
NS_c3d549b8-c,,,,",",fhir_organization,US,,
NS_b02d376e-3,,,,",",fhir_organization,US,,
NS_6306799a-9,,,,",",fhir_organization,US,,
NS_0ffbf5ee-f,,,,",",fhir_organization,US,,
NS_c5247b97-c,,,,",",fhir_organization,US,,
NS_9b67b729-b,,,,",",fhir_organization,US,,
NS_a13d68e4-1,,,,",",fhir_organization,US,,
NS_3b820507-d,,,,",",fhir_organization,US,,
NS_3647e28a-e,,,,",",fhir_organization,US,,
NS_18176535-0,,,,",",fhir_organization,US,,
NS_20243ed1-9,,,,",",fhir_organization,US,,
NS_2ee13a20-a,,,,",",fhir_organization,US,,
NS_10c6d7dd-2,,,,",",fhir_organization,US,,
NS_a1c5b9bb-d,,,,",",fhir_organization,US,,
NS_03e4e4bf-7,,,,",",fhir_organization,US,,
NS_9aeeab83-0,,,,",",fhir_organization,US,,
NS_5f3f87ad-3,,,,",",fhir_organization,US,,
NS_3a7e80eb-e,,,,",",fhir_organization,US,,
NS_868dfdf7-8,,,,",",fhir_organization,US,,
NS_de266516-0,,,,",",fhir_organization,US,,
NS_f03336b2-b,,,,",",fhir_organization,US,,
NS_a283f0ff-8,,,,",",fhir_organization,US,,
NS_6e367d27-a,,,,",",fhir_organization,US,,
NS_142cb899-5,,,,",",fhir_organization,US,,
NS_cd3539af-f,,,,",",fhir_organization,US,,
NS_68add4df-3,,,,",",fhir_organization,US,,
NS_cab0ab85-8,,,,",",fhir_organization,US,,
NS_67cec4cd-7,,,,",",fhir_organization,US,,
NS_41749894-4,,,,",",fhir_organization,US,,
NS_6cfc0d77-1,,,,",",fhir_organization,US,,
NS_9802d30c-0,,,,",",fhir_organization,US,,
NS_e2085706-1,,,,",",fhir_organization,US,,
NS_19187462-a,,,,",",fhir_organization,US,,
NS_5a1e3104-f,,,,",",fhir_organization,US,,
NS_bb316f89-c,,,,",",fhir_organization,US,,
NS_c2018091-1,,,,",",fhir_organization,US,,
NS_07978b8c-d,,,,",",fhir_organization,US,,
NS_9b952fc9-d,,,,",",fhir_organization,US,,
NS_645195ad-c,,,,",",fhir_organization,US,,
NS_236bff85-1,,,,",",fhir_organization,US,,
NS_4a2b5295-f,,,,",",fhir_organization,US,,
NS_85748e9c-9,,,,",",fhir_organization,US,,
NS_85e75dad-2,,,,",",fhir_organization,US,,
NS_01d8b8b4-a,,,,",",fhir_organization,US,,
NS_821c6fdc-b,,,,",",fhir_organization,US,,
NS_a245e625-4,,,,",",fhir_organization,US,,
NS_60b9ddad-e,,,,",",fhir_organization,US,,
NS_8cadb51b-b,,,,",",fhir_organization,US,,
NS_9a44c4d5-e,,,,",",fhir_organization,US,,
NS_40d4b688-a,,,,",",fhir_organization,US,,
NS_5e9b9d39-f,,,,",",fhir_organization,US,,
NS_4a2aa4bd-e,,,,",",fhir_organization,US,,
NS_a8a040e5-c,,,,",",fhir_organization,US,,
NS_d8d887be-f,,,,",",fhir_organization,US,,
NS_d0d7eaf9-a,,,,",",fhir_organization,US,,
NS_499b8f06-e,,,,",",fhir_organization,US,,
NS_23fef9e6-8,,,,",",fhir_organization,US,,
NS_6c67b687-0,,,,",",fhir_organization,US,,
NS_d6eb8011-d,,,,",",fhir_organization,US,,
NS_efa0c6dd-f,,,,",",fhir_organization,US,,
NS_44444905-9,,,,",",fhir_organization,US,,
NS_bf04037d-2,,,,",",fhir_organization,US,,
NS_9cb899b2-8,,,,",",fhir_organization,US,,
NS_d62e57fd-3,,,,",",fhir_organization,US,,
NS_672f16a7-b,,,,",",fhir_organization,US,,
NS_7c7a0ada-2,,,,",",fhir_organization,US,,
NS_cf48eb22-d,,,,",",fhir_organization,US,,
NS_703c567b-d,,,,",",fhir_organization,US,,
NS_a26d4db3-f,,,,",",fhir_organization,US,,
NS_d8803b9d-1,,,,",",fhir_organization,US,,
NS_74e83a1d-f,,,,",",fhir_organization,US,,
NS_cf56693d-b,,,,",",fhir_organization,US,,
NS_9b4ab6d9-c,,,,",",fhir_organization,US,,
NS_442c2c44-0,,,,",",fhir_organization,US,,
NS_67c802ae-3,,,,",",fhir_organization,US,,
NS_a1a058f3-7,,,,",",fhir_organization,US,,
NS_c0a9db2d-0,,,,",",fhir_organization,US,,
NS_b7e3ee18-c,,,,",",fhir_organization,US,,
NS_8c87cdab-8,,,,",",fhir_organization,US,,
NS_cf5662ef-d,,,,",",fhir_organization,US,,
NS_a32694ff-2,,,,",",fhir_organization,US,,
NS_3a895875-f,,,,",",fhir_organization,US,,
NS_c1739d39-8,,,,",",fhir_organization,US,,
NS_415afeda-9,,,,",",fhir_organization,US,,
NS_0862798b-4,,,,",",fhir_organization,US,,
NS_df205eb5-7,,,,",",fhir_organization,US,,
NS_09c00b86-c,,,,",",fhir_organization,US,,
NS_da6e5e2a-d,,,,",",fhir_organization,US,,
NS_ff8d2201-6,,,,",",fhir_organization,US,,
NS_df0831e7-2,,,,",",fhir_organization,US,,
NS_43d429e1-5,,,,",",fhir_organization,US,,
NS_8740f552-a,,,,",",fhir_organization,US,,
NS_8c98461d-a,,,,",",fhir_organization,US,,
NS_4209c1b2-7,,,,",",fhir_organization,US,,
NS_b6e7d622-1,,,,",",fhir_organization,US,,
NS_ea0918ee-6,,,,",",fhir_organization,US,,
NS_497948e4-7,,,,",",fhir_organization,US,,
NS_89f3fb2e-a,,,,",",fhir_organization,US,,
NS_ec77eb41-3,,,,",",fhir_organization,US,,
NS_39c07c9e-8,,,,",",fhir_organization,US,,
NS_3701151c-b,,,,",",fhir_organization,US,,
NS_2faeb50b-c,,,,",",fhir_organization,US,,
NS_5f501d3b-6,,,,",",fhir_organization,US,,
NS_4b8028b9-3,,,,",",fhir_organization,US,,
NS_b71506ff-6,,,,",",fhir_organization,US,,
NS_c9ee6c01-d,,,,",",fhir_organization,US,,
NS_1485b6de-0,,,,",",fhir_organization,US,,
NS_d00a1297-7,,,,",",fhir_organization,US,,
NS_71bfeaa6-7,,,,",",fhir_organization,US,,
NS_0ea78b0a-f,,,,",",fhir_organization,US,,
NS_81a80981-9,,,,",",fhir_organization,US,,
NS_d9298859-2,,,,",",fhir_organization,US,,
NS_d748d027-e,,,,",",fhir_organization,US,,
NS_36486f81-7,,,,",",fhir_organization,US,,
NS_415e4903-a,,,,",",fhir_organization,US,,
NS_567d2679-8,,,,",",fhir_organization,US,,
NS_eecc9531-a,,,,",",fhir_organization,US,,
NS_e99f7adc-f,,,,",",fhir_organization,US,,
NS_95bd60d9-9,,,,",",fhir_organization,US,,
NS_7760a2f2-8,,,,",",fhir_organization,US,,
NS_3b6f6361-6,,,,",",fhir_organization,US,,
NS_47821c0a-2,,,,",",fhir_organization,US,,
NS_28c971f2-7,,,,",",fhir_organization,US,,
NS_9832debd-a,,,,",",fhir_organization,US,,
NS_f56067c4-b,,,,",",fhir_organization,US,,
NS_5c54595d-a,,,,",",fhir_organization,US,,
NS_8e842682-5,,,,",",fhir_organization,US,,
NS_89ccd191-5,,,,",",fhir_organization,US,,
NS_82761319-3,,,,",",fhir_organization,US,,
NS_131d3d63-f,,,,",",fhir_organization,US,,
NS_81f578b7-8,,,,",",fhir_organization,US,,
NS_5a5e5695-b,,,,",",fhir_organization,US,,
NS_2db080d5-b,,,,",",fhir_organization,US,,
NS_f4bfaee8-8,,,,",",fhir_organization,US,,
NS_3a396f55-8,,,,",",fhir_organization,US,,
NS_edeac9c6-f,,,,",",fhir_organization,US,,
NS_41858ab5-4,,,,",",fhir_organization,US,,
NS_7e7df964-0,,,,",",fhir_organization,US,,
NS_75c3d27e-8,,,,",",fhir_organization,US,,
NS_9331146b-8,,,,",",fhir_organization,US,,
NS_8b6595a3-3,,,,",",fhir_organization,US,,
NS_15770bc9-2,,,,",",fhir_organization,US,,
NS_b62075a5-4,,,,",",fhir_organization,US,,
NS_2c2e8710-7,,,,",",fhir_organization,US,,
NS_5ad75f97-d,,,,",",fhir_organization,US,,
NS_7b61d315-1,,,,",",fhir_organization,US,,
NS_a449155d-d,,,,",",fhir_organization,US,,
NS_28dd81fe-1,,,,",",fhir_organization,US,,
NS_01a800f0-0,,,,",",fhir_organization,US,,
NS_f1b99e87-8,,,,",",fhir_organization,US,,
NS_64735527-9,,,,",",fhir_organization,US,,
NS_db68b1a0-c,,,,",",fhir_organization,US,,
NS_23a65ef8-2,,,,",",fhir_organization,US,,
NS_4f9f1c5a-e,,,,",",fhir_organization,US,,
NS_86bad899-8,,,,",",fhir_organization,US,,
NS_1351e5fa-8,,,,",",fhir_organization,US,,
NS_7d6bf955-e,,,,",",fhir_organization,US,,
NS_5cc9d081-2,,,,",",fhir_organization,US,,
NS_1c7c7ee4-8,,,,",",fhir_organization,US,,
NS_9feb14fa-d,,,,",",fhir_organization,US,,
NS_aa13b51a-6,,,,",",fhir_organization,US,,
NS_c06aa00a-b,,,,",",fhir_organization,US,,
NS_34cc579f-d,,,,",",fhir_organization,US,,
NS_15666534-6,,,,",",fhir_organization,US,,
NS_e7f84825-b,,,,",",fhir_organization,US,,
NS_68abff1c-8,,,,",",fhir_organization,US,,
NS_fb33eef0-3,,,,",",fhir_organization,US,,
NS_42f9ef22-a,,,,",",fhir_organization,US,,
NS_0626d051-9,,,,",",fhir_organization,US,,
NS_48aba6a1-b,,,,",",fhir_organization,US,,
NS_b32dbba4-2,,,,",",fhir_organization,US,,
NS_05f40199-8,,,,",",fhir_organization,US,,
NS_a29c089f-9,,,,",",fhir_organization,US,,
NS_37515980-6,,,,",",fhir_organization,US,,
NS_71a9a2de-a,,,,",",fhir_organization,US,,
NS_f37020d5-3,,,,",",fhir_organization,US,,
NS_b8ffb49b-0,,,,",",fhir_organization,US,,
NS_15d17ded-7,,,,",",fhir_organization,US,,
NS_567e3654-1,,,,",",fhir_organization,US,,
NS_5d2651ea-9,,,,",",fhir_organization,US,,
NS_0ebd07ae-3,,,,",",fhir_organization,US,,
NS_644aa01b-c,,,,",",fhir_organization,US,,
NS_034b097b-5,,,,",",fhir_organization,US,,
NS_dda3fd46-1,,,,",",fhir_organization,US,,
NS_54ea37f3-6,,,,",",fhir_organization,US,,
NS_faab6fdb-b,,,,",",fhir_organization,US,,
NS_4b849f02-b,,,,",",fhir_organization,US,,
NS_8f1dcdf0-5,,,,",",fhir_organization,US,,
NS_ad4d5fc8-e,,,,",",fhir_organization,US,,
NS_6c92ce29-7,,,,",",fhir_organization,US,,
NS_e3b06f36-1,,,,",",fhir_organization,US,,
NS_ba3aefbd-d,,,,",",fhir_organization,US,,
NS_7840f9cd-3,,,,",",fhir_organization,US,,
NS_b68d5778-2,,,,",",fhir_organization,US,,
NS_d38c1d9d-0,,,,",",fhir_organization,US,,
NS_6b8e657d-d,,,,",",fhir_organization,US,,
NS_4d3a0bb0-b,,,,",",fhir_organization,US,,
NS_c7ffac8f-a,,,,",",fhir_organization,US,,
NS_e929f8fe-6,,,,",",fhir_organization,US,,
NS_55b153df-e,,,,",",fhir_organization,US,,
NS_af746669-7,,,,",",fhir_organization,US,,
NS_bb5dfd65-5,,,,",",fhir_organization,US,,
NS_8aa34594-2,,,,",",fhir_organization,US,,
NS_147a46cb-2,,,,",",fhir_organization,US,,
NS_f49ffe0b-1,,,,",",fhir_organization,US,,
NS_a59968e4-e,,,,",",fhir_organization,US,,
NS_3a99e09f-6,,,,",",fhir_organization,US,,
NS_f083fd4e-d,,,,",",fhir_organization,US,,
NS_8893c11f-d,,,,",",fhir_organization,US,,
NS_c0628dd0-6,,,,",",fhir_organization,US,,
NS_e9853c91-5,,,,",",fhir_organization,US,,
NS_b275607e-8,,,,",",fhir_organization,US,,
NS_9fb6c46c-3,,,,", UT",fhir_organization,"UT, USA",,
NS_ab087101-1,,"375 E Main St Suite 26, Bay Shore, NY 11706",,"BAY SHORE,",fhir_organization,"375 E Main St Suite 26, Bay Shore, NY 11706, BAY SHORE",,
NS_b139b3f7-2,,,,"New York,",fhir_organization,New York,,
NS_155e779a-a,,,,",",fhir_organization,USA,,
NS_a6d84343-f,,,,",",fhir_organization,USA,,
NS_819ba00d-e,,,,",",fhir_organization,USA,,
NS_4a99b0b0-5,,,,",",fhir_organization,USA,,
NS_d28c2c3f-7,,,,",",fhir_organization,USA,,
NS_826271e2-6,,,,",",fhir_organization,USA,,
NS_5f13f28f-7,,,,",",fhir_organization,USA,,
NS_7198ca03-0,,,,",",fhir_organization,USA,,
NS_5dcca8ce-b,,,,",",fhir_organization,USA,,
NS_f0a3e17d-6,,,,",",fhir_organization,USA,,
NS_be146ace-9,,,,",",fhir_organization,USA,,
NS_3eaced92-d,,,,",",fhir_organization,USA,,
NS_b5a7c23c-e,,,,",",fhir_organization,USA,,
NS_972378e8-6,,,,",",fhir_organization,USA,,
NS_6c4a4753-b,,,,",",fhir_organization,USA,,
NS_b767eb1b-9,,,,",",fhir_organization,USA,,
NS_699252f9-a,,,,",",fhir_organization,USA,,
NS_4e1d2ddb-3,,,,",",fhir_organization,USA,,
NS_18c1c7c3-a,,,,",",fhir_organization,USA,,
NS_900262b4-b,,3919 W. Jefferson Blvd.,Suite 1,"Fort Wayne,  468046811",fhir_organization,"3919 W. Jefferson Blvd., Suite 1, Fort Wayne, 468046811, US",,
NS_a6b01085-9,,6402 McCrimmon Parkway,Suite 200,"Morrisville,  275608139",fhir_organization,"6402 McCrimmon Parkway, Suite 200, Morrisville, 275608139, US",,
NS_32179208-3,,6402 McCrimmon Parkway,Suite 200,"Morrisville,  27560",fhir_organization,"6402 McCrimmon Parkway, Suite 200, Morrisville, 27560, US",,
NS_d23a3c95-5,,799 Troublesome Creek Rd,,"Buckingham,  239213314",fhir_organization,"799 Troublesome Creek Rd, Buckingham, 239213314, US",,
NS_c5ba743a-5,,PO Box 302,,"Buckingham,  23921",fhir_organization,"PO Box 302, Buckingham, 23921, US",,
NS_d350f9ac-2,,,,",",fhir_organization,US,,
NS_cef8c074-c,,401 Keisler Dr,Suite 200,"Cary,  275187084",fhir_organization,"401 Keisler Dr, Suite 200, Cary, 275187084, US",,
NS_174f7453-d,,546 W. Ridgeway St.,,"Warrenton,  275891716",fhir_organization,"546 W. Ridgeway St., Warrenton, 275891716, US",,
NS_9efaed27-0,,1140 N Breazeale Ave,,"Mount Olive,  283651121",fhir_organization,"1140 N Breazeale Ave, Mount Olive, 283651121, US",,
NS_f9e3f741-e,,251 Keisler Dr,Ste 300,"Cary,  275187091",fhir_organization,"251 Keisler Dr, Ste 300, Cary, 275187091, US",,
NS_77d14c89-0,,5425 E Bell Rd,Suite 131,"Scottsdale,  852546010",fhir_organization,"5425 E Bell Rd, Suite 131, Scottsdale, 852546010, US",,
NS_ae40e34b-e,,401 Keisler Drive,Suite 200,"Cary,  27518",fhir_organization,"401 Keisler Drive, Suite 200, Cary, 27518, US",,
NS_bcd26d6c-0,,7780 Briercreek Parkway,Suite 230,"Raleigh,  276177850",fhir_organization,"7780 Briercreek Parkway, Suite 230, Raleigh, 276177850, US",,
NS_7bca41e6-3,,100 Medical Practice Dr,,"Cary,  27518",fhir_organization,"100 Medical Practice Dr, Cary, 27518, US",,
NS_7124d959-3,,2500 Nash Street N,STE B,"Wilson,  278961394",fhir_organization,"2500 Nash Street N, STE B, Wilson, 278961394, US",,
NS_4b1e42d0-0,,PO Box 302,,"Buckingham,  23921",fhir_organization,"PO Box 302, Buckingham, 23921, US",,
NS_025f350d-e,,15911 N James Madison Hwy,,"Dillwyn,  239363507",fhir_organization,"15911 N James Madison Hwy, Dillwyn, 239363507, US",,
NS_39eb4526-4,,10 Desta Drive,Suite 110E,"Midland,  797054565",fhir_organization,"10 Desta Drive, Suite 110E, Midland, 797054565, US",,
NS_b4bebb2d-9,,PO Box 52061,,"Midland,  797102061",fhir_organization,"PO Box 52061, Midland, 797102061, US",,
NS_8ae69ee7-f,,,,",",fhir_organization,US,,
NS_a44593af-c,,,,",",fhir_organization,US,,
NS_bdd14773-5,,7802 West Jefferson Blvd,Ste B,"Fort Wayne,  468044138",fhir_organization,"7802 West Jefferson Blvd, Ste B, Fort Wayne, 468044138, US",,
NS_f77070b2-a,,,,",",fhir_organization,US,,
NS_1475aa26-b,,3350 Six Forks Road,,"Raleigh,  276097233",fhir_organization,"3350 Six Forks Road, Raleigh, 276097233, US",,
NS_29476b48-d,,2851 S Avenue B,Bldg 9,"Yuma,  853647726",fhir_organization,"2851 S Avenue B, Bldg 9, Yuma, 853647726, US",,
NS_9eafae4c-2,,670 W Academy St,,"Randleman,  273179748",fhir_organization,"670 W Academy St, Randleman, 273179748, US",,
NS_ea1c619a-8,,1133 Saxon Boulevard,,"Orange City,  327638425",fhir_organization,"1133 Saxon Boulevard, Orange City, 327638425, US",,
NS_8835560b-9,,155 Parkway Office Ct,Suite 201,"Cary,  275187427",fhir_organization,"155 Parkway Office Ct, Suite 201, Cary, 275187427, US",,
NS_a2a4c890-9,,546 W. Ridgeway St,,"Warrenton,  275891716",fhir_organization,"546 W. Ridgeway St, Warrenton, 275891716, US",,
NS_87c9cf06-e,,11700 Commonwealth Drive,Suite 601,"Louisville,  402996303",fhir_organization,"11700 Commonwealth Drive, Suite 601, Louisville, 402996303, US",,
NS_e6caea88-8,,4450 Fayetteville Rd,,"Raleigh,  276033612",fhir_organization,"4450 Fayetteville Rd, Raleigh, 276033612, US",,
NS_7eaf33e7-f,,1403 E. Greenville St. A,,"Anderson,  29621",fhir_organization,"1403 E. Greenville St. A, Anderson, 29621, US",,
NS_afd3e8a0-e,,519 Keisler Dr,Suite 104,"Cary,  275187098",fhir_organization,"519 Keisler Dr, Suite 104, Cary, 275187098, US",,
NS_171d42b4-d,,3200 Blue Ridge Rd,Suite 216,"Raleigh,  276128087",fhir_organization,"3200 Blue Ridge Rd, Suite 216, Raleigh, 276128087, US",,
NS_436f6ea7-3,,6104 Fayetteville Road,Suite 101,"Durham,  277136283",fhir_organization,"6104 Fayetteville Road, Suite 101, Durham, 277136283, US",,
NS_a31a2ee7-7,,670 W. Academy St,,"Randleman,  273179748",fhir_organization,"670 W. Academy St, Randleman, 273179748, US",,
NS_fb5779e3-3,,702 S. Main Street,,"Randleman,  273172102",fhir_organization,"702 S. Main Street, Randleman, 273172102, US",,
NS_252b4f08-8,,1551 E Booker Dairy Rd,,"Smithfield,  275779472",fhir_organization,"1551 E Booker Dairy Rd, Smithfield, 275779472, US",,
NS_f3aa69ad-0,,350 N Cox Street,# 12,"Asheboro,  272035514",fhir_organization,"350 N Cox Street, # 12, Asheboro, 272035514, US",,
NS_4a18d579-f,,410 South Rampart,Suite 390,"Las Vegas,  891455719",fhir_organization,"410 South Rampart, Suite 390, Las Vegas, 891455719, US",,
NS_b3d4dd75-c,,1133 Saxon Boulevard,,"Orange City,  327638425",fhir_organization,"1133 Saxon Boulevard, Orange City, 327638425, US",,
NS_9355a2a2-0,,800 South Nova Road,SUITE I,"Ormond Beach,  321747362",fhir_organization,"800 South Nova Road, SUITE I, Ormond Beach, 321747362, US",,
NS_590cd568-5,,207 E Lewis and Clark Pkwy,Ste C,"Clarksville,  471291711",fhir_organization,"207 E Lewis and Clark Pkwy, Ste C, Clarksville, 471291711, US",,
NS_6b5081b9-0,,PO Box 311,,"Hollis,  73550",fhir_organization,"PO Box 311, Hollis, 73550, US",,
NS_2942a0fa-f,,400 E SYCAMORE ST,,"HOLLIS,  735501436",fhir_organization,"400 E SYCAMORE ST, HOLLIS, 735501436, US",,
NS_982b04a1-b,,155 Parkway Office Ct,Suite 201,"Cary,  275187427",fhir_organization,"155 Parkway Office Ct, Suite 201, Cary, 275187427, US",,
NS_4c98f39f-a,,550 New Waverly Place,Suite 105,"Cary,  275187412",fhir_organization,"550 New Waverly Place, Suite 105, Cary, 275187412, US",,
NS_c593e3fc-6,,530 Waverly Place,Suite 314,"Cary,  275187414",fhir_organization,"530 Waverly Place, Suite 314, Cary, 275187414, US",,
NS_ac7e657f-b,,1860 Mellwood Ave,#197,"Louisville,  402061033",fhir_organization,"1860 Mellwood Ave, #197, Louisville, 402061033, US",,
NS_2ed3d267-e,,7212 GB Alford Hwy,,"Holly Springs,  275407661",fhir_organization,"7212 GB Alford Hwy, Holly Springs, 275407661, US",,
NS_770accfb-5,,1133 Saxon Boulevard,,"Orange City,  327638425",fhir_organization,"1133 Saxon Boulevard, Orange City, 327638425, US",,
NS_e543091c-e,,50936 RICHARD DR,,"Plymouth,  481701192",fhir_organization,"50936 RICHARD DR, Plymouth, 481701192, US",,
NS_dac51ec9-0,,8552 North Canton Center Road,,"Canton,  481871310",fhir_organization,"8552 North Canton Center Road, Canton, 481871310, US",,
NS_805ab7a4-a,,105-A Kilmayne Drive,,"Cary,  27511",fhir_organization,"105-A Kilmayne Drive, Cary, 27511, US",,
NS_329b1e43-0,,5750 W Thunderbird Rd,Suite F620,"Glendale,  853064690",fhir_organization,"5750 W Thunderbird Rd, Suite F620, Glendale, 853064690, US",,
NS_0ca21024-0,,5425 E Bell Rd,Suite 131,"Scottsdale,  852546010",fhir_organization,"5425 E Bell Rd, Suite 131, Scottsdale, 852546010, US",,
NS_c5053d62-6,,2500 Nash Street Suite B,,"Wilson,  27896",fhir_organization,"2500 Nash Street Suite B, Wilson, 27896, US",,
NS_298fa4e6-a,,1704 S Glendale Dr,Suite A,"Wilson,  278934679",fhir_organization,"1704 S Glendale Dr, Suite A, Wilson, 278934679, US",,
NS_987d83e1-c,,1001 Navaho Dr.,Suite 204,"Raleigh,  276097366",fhir_organization,"1001 Navaho Dr., Suite 204, Raleigh, 276097366, US",,
NS_054c517d-a,,19409 Plantations Rd,Suite 3,"Rehoboth Beach,  199714413",fhir_organization,"19409 Plantations Rd, Suite 3, Rehoboth Beach, 199714413, US",,
NS_e61842f2-8,,18308 Murdock Circle,Unit 103,"Port Charlotte,  33948",fhir_organization,"18308 Murdock Circle, Unit 103, Port Charlotte, 33948, US",,
NS_71cfa07f-5,,PO Box 311,,"Hollis,  73550",fhir_organization,"PO Box 311, Hollis, 73550, US",,
NS_d46f41e9-4,,101 S. Hudson,,"Altus,  73521",fhir_organization,"101 S. Hudson, Altus, 73521, US",,
NS_1ea067e6-0,,102-05 Northern Boulevard,,"Corona,  113685392",fhir_organization,"102-05 Northern Boulevard, Corona, 113685392, US",,
NS_15a46285-d,,PO Box 4083,,"Midland,  797044083",fhir_organization,"PO Box 4083, Midland, 797044083, US",,
NS_5931b8d2-3,,3401 Greenbriar Drive,Suite 100,"Midland,  797074653",fhir_organization,"3401 Greenbriar Drive, Suite 100, Midland, 797074653, US",,
NS_620953d6-8,,155 Parkway Office Ct,Ste 100,"Cary,  275187427",fhir_organization,"155 Parkway Office Ct, Ste 100, Cary, 275187427, US",,
NS_796c7411-4,,603 Fleming Lane,,"Minden,  710553073",fhir_organization,"603 Fleming Lane, Minden, 710553073, US",,
NS_91ee4d5e-7,,2044 Ocean Ave,Ste A-1,"Brooklyn,  112307328",fhir_organization,"2044 Ocean Ave, Ste A-1, Brooklyn, 112307328, US",,
NS_a6b766a0-7,,41-40 Junction Blvd,,"Corona,  11368",fhir_organization,"41-40 Junction Blvd, Corona, 11368, US",,
NS_19ec1596-5,,6402 McCrimmon Parkway,,"Morrisville,  275608139",fhir_organization,"6402 McCrimmon Parkway, Morrisville, 275608139, US",,
NS_b0dda0b6-f,,PO Box 22,,"Jackson,  27845",fhir_organization,"PO Box 22, Jackson, 27845, US",,
NS_940f63ff-d,,1040 Vinehaven Drive N.E.,,"Concord,  280252438",fhir_organization,"1040 Vinehaven Drive N.E., Concord, 280252438, US",,
NS_7e29ca8f-a,,1860 Mellwood Ave,#197,"Louisville,  402061033",fhir_organization,"1860 Mellwood Ave, #197, Louisville, 402061033, US",,
NS_547b719d-8,,712 W 25th Street,,"Sanford,  327714232",fhir_organization,"712 W 25th Street, Sanford, 327714232, US",,
NS_28f2c4d8-2,,10785 W. Twain Ave,Suite 221,"Las Vegas,  891353028",fhir_organization,"10785 W. Twain Ave, Suite 221, Las Vegas, 891353028, US",,
NS_ab21939d-8,,100 S 10TH Street,,"Lillington,  275466690",fhir_organization,"100 S 10TH Street, Lillington, 275466690, US",,
NS_2986d7cf-b,,105 Kilmayne Dr,Suite A,"Cary,  275114433",fhir_organization,"105 Kilmayne Dr, Suite A, Cary, 275114433, US",,
NS_2dc7ba21-4,,3350 Six Forks Road,,"Raleigh,  276097233",fhir_organization,"3350 Six Forks Road, Raleigh, 276097233, US",,
NS_4f5607c4-a,,1520 Glenwood Ave,,"Raleigh,  276082264",fhir_organization,"1520 Glenwood Ave, Raleigh, 276082264, US",,
NS_c355c7ef-8,,,,",",fhir_organization,US,,
NS_bc54370d-d,,3396 Six Forks Rd,,"Raleigh,  276097233",fhir_organization,"3396 Six Forks Rd, Raleigh, 276097233, US",,
NS_a2526d71-9,,155 Parkway Office Court,Suite 205,"Cary,  275187427",fhir_organization,"155 Parkway Office Court, Suite 205, Cary, 275187427, US",,
NS_eb48836e-2,,3841 Ruckriegal Parkway,Suite 104,"Louisville,  40299",fhir_organization,"3841 Ruckriegal Parkway, Suite 104, Louisville, 40299, US",,
NS_30a3f73f-a,,610 North Fayetteville Street,Suite 103,"Asheboro,  272034671",fhir_organization,"610 North Fayetteville Street, Suite 103, Asheboro, 272034671, US",,
NS_2dc4d61b-f,,2500 Nash street N,,"Wilson,  27896",fhir_organization,"2500 Nash street N, Wilson, 27896, US",,
NS_8b7b0b79-1,,2405 N Main Street,,"Anderson,  296213276",fhir_organization,"2405 N Main Street, Anderson, 296213276, US",,
NS_6c8d0d97-3,,785 Ohio Ave STE 3E,,"Clarksdale,  386146215",fhir_organization,"785 Ohio Ave STE 3E, Clarksdale, 386146215, US",,
NS_00b78044-6,,1017 Dupont Road,Suite B,"Louisville,  402074610",fhir_organization,"1017 Dupont Road, Suite B, Louisville, 402074610, US",,
NS_82f3a8f1-2,,100 South 10th Street,,"Lillington,  275466690",fhir_organization,"100 South 10th Street, Lillington, 275466690, US",,
NS_dfbf514e-3,,707 Lassiter Street,,"Smithfield,  275774613",fhir_organization,"707 Lassiter Street, Smithfield, 275774613, US",,
NS_f0c6ec17-e,,612 N Broad St. East,,"Angier,  275018954",fhir_organization,"612 N Broad St. East, Angier, 275018954, US",,
NS_ad4c2876-1,,3350 Six Forks Road,,"Raleigh,  276097233",fhir_organization,"3350 Six Forks Road, Raleigh, 276097233, US",,
NS_da11bed1-9,,1180 Mall Dr,Suite B,"Las Cruces,  880118192",fhir_organization,"1180 Mall Dr, Suite B, Las Cruces, 880118192, US",,
NS_98b5138a-2,,10210 Orr and Day Rd.,Suite A,"Santa Fe Springs,  906703581",fhir_organization,"10210 Orr and Day Rd., Suite A, Santa Fe Springs, 906703581, US",,
NS_d559dd0d-3,,HOSPITAL ADDRESS,,"HOSP ZIP,  0",fhir_organization,"HOSPITAL ADDRESS, HOSP ZIP, 0, US",,
NS_5f413927-f,,,,",  03103",fhir_organization,"03103, US",,
NS_d17c2405-8,,,,",",fhir_organization,US,,
NS_50335f70-f,,,,",",fhir_organization,US,,
NS_0b5bfa28-b,,,,",  03103",fhir_organization,"03103, US",,
NS_a1dea262-8,,,,",",fhir_organization,US,,
NS_67c4f8da-a,,,,",",fhir_organization,US,,
NS_63205739-a,,,,",",fhir_organization,US,,
NS_dbe3fda0-a,,,,",",fhir_organization,US,,
NS_2f5c00d1-7,,,,",",fhir_organization,US,,
NS_b7ea427c-f,,,,",",fhir_organization,US,,
NS_d039ec9c-1,,,,",",fhir_organization,US,,
NS_53757f5b-5,,,,",",fhir_organization,US,,
NS_717178e2-7,,,,",",fhir_organization,US,,
NS_f919b610-b,,,,",",fhir_organization,US,,
NS_2140d5dc-f,,,,",",fhir_organization,US,,
NS_24f9b2bf-d,,,,",",fhir_organization,US,,
NS_53334b3a-3,,,,",",fhir_organization,US,,
NS_8a9a8f24-1,,,,",  03103",fhir_organization,"03103, US",,
NS_6bfefd79-c,,,,",",fhir_organization,US,,
NS_d0163213-9,,,,",",fhir_organization,US,,
NS_76b91418-8,,,,",",fhir_organization,US,,
NS_64e09e65-3,,,,",",fhir_organization,US,,
NS_872f3f04-1,,,,",",fhir_organization,US,,
NS_208a6865-c,,,,",",fhir_organization,,,
NS_16c6510d-f,,,,",",fhir_organization,,,
NS_7e89d132-2,,,,",",fhir_organization,,,
NS_a8eb1902-d,,,,",",fhir_organization,,,
